0657 0820 ?KEY 20
A=0000000000000000 B=0000000000030000 C=0000000000000000 D=0000000000001000 E=0000000000000000
FA=0000 [0000000000000000] KR=0100 [0000000100000000] EXT=00 COND=1 IDLE=1 IO=0000000000000000
FB=0840 [0000100001000000] SR=0000 R5=0 ROM=0000.0 PREG=0 RAMOP=- RAMREG=090 ROMOP=- ROMREG=13

0658 1839 BRC 063C -01C
A=0000000000000000 B=0000000000030000 C=0000000000000000 D=0000000000001000 E=0000000000000000
FA=0000 [0000000000000000] KR=0100 [0000000100000000] EXT=00 COND=1 IDLE=1 IO=0000000000000000
FB=0840 [0000100001000000] SR=0000 R5=0 ROM=0000.0 PREG=0 RAMOP=- RAMREG=090 ROMOP=- ROMREG=13

063C 00C8 ?TFB 12
A=0000000000000000 B=0000000000030000 C=0000000000000000 D=0000000000001000 E=0000000000000000
FA=0000 [0000000000000000] KR=0100 [0000000100000000] EXT=00 COND=1 IDLE=1 IO=0000000000000000
FB=0840 [0000100001000000] SR=0000 R5=0 ROM=0000.0 PREG=0 RAMOP=- RAMREG=090 ROMOP=- ROMREG=13

063D 00A8 ?TFB 10
A=0000000000000000 B=0000000000030000 C=0000000000000000 D=0000000000001000 E=0000000000000000
FA=0000 [0000000000000000] KR=0100 [0000000100000000] EXT=00 COND=1 IDLE=1 IO=0000000000000000
FB=0840 [0000100001000000] SR=0000 R5=0 ROM=0000.0 PREG=0 RAMOP=- RAMREG=090 ROMOP=- ROMREG=13

063E 0AB0 WAIT D11
A=0000000000000000 B=0000000000030000 C=0000000000000000 D=0000000000001000 E=0000000000000000
FA=0000 [0000000000000000] KR=0100 [0000000100000000] EXT=00 COND=1 IDLE=1 IO=0000000000000000
FB=0840 [0000100001000000] SR=0000 R5=0 ROM=0000.0 PREG=0 RAMOP=- RAMREG=090 ROMOP=- ROMREG=13

063F 0A0B ?BUSY
A=0000000000000000 B=0000000000030000 C=0000000000000000 D=0000000000001000 E=0000000000000000
FA=0000 [0000000000000000] KR=0100 [0000000100000000] EXT=00 COND=1 IDLE=1 IO=0000000000000000
FB=0840 [0000100001000000] SR=0000 R5=0 ROM=0000.0 PREG=0 RAMOP=- RAMREG=090 ROMOP=- ROMREG=13

0640 1BCF BRC 0459 -1E7
A=0000000000000000 B=0000000000030000 C=0000000000000000 D=0000000000001000 E=0000000000000000
FA=0000 [0000000000000000] KR=0100 [0000000100000000] EXT=00 COND=1 IDLE=1 IO=0000000000000000
FB=0840 [0000100001000000] SR=0000 R5=0 ROM=0000.0 PREG=0 RAMOP=- RAMREG=090 ROMOP=- ROMREG=13

0459 0A80 WAIT D8
A=0000000000000000 B=0000000000030000 C=0000000000000000 D=0000000000001000 E=0000000000000000
FA=0000 [0000000000000000] KR=0100 [0000000100000000] EXT=00 COND=1 IDLE=1 IO=0000000000000000
FB=0840 [0000100001000000] SR=0000 R5=0 ROM=0000.0 PREG=0 RAMOP=- RAMREG=090 ROMOP=- ROMREG=13

045A 0A0B ?BUSY
A=0000000000000000 B=0000000000030000 C=0000000000000000 D=0000000000001000 E=0000000000000000
FA=0000 [0000000000000000] KR=0100 [0000000100000000] EXT=00 COND=1 IDLE=1 IO=0000000000000000
FB=0840 [0000100001000000] SR=0000 R5=0 ROM=0000.0 PREG=0 RAMOP=- RAMREG=090 ROMOP=- ROMREG=13

045B 13CC BRNC 0641 +1E6
A=0000000000000000 B=0000000000030000 C=0000000000000000 D=0000000000001000 E=0000000000000000
FA=0000 [0000000000000000] KR=0100 [0000000100000000] EXT=00 COND=0 IDLE=1 IO=0000000000000000
FB=0840 [0000100001000000] SR=0000 R5=0 ROM=0000.0 PREG=0 RAMOP=- RAMREG=090 ROMOP=- ROMREG=13

0641 0098 ?TFB 9
A=0000000000000000 B=0000000000030000 C=0000000000000000 D=0000000000001000 E=0000000000000000
FA=0000 [0000000000000000] KR=0100 [0000000100000000] EXT=00 COND=1 IDLE=1 IO=0000000000000000
FB=0840 [0000100001000000] SR=0000 R5=0 ROM=0000.0 PREG=0 RAMOP=- RAMREG=090 ROMOP=- ROMREG=13

0642 1828 BRC 0656 +014
A=0000000000000000 B=0000000000030000 C=0000000000000000 D=0000000000001000 E=0000000000000000
FA=0000 [0000000000000000] KR=0100 [0000000100000000] EXT=00 COND=1 IDLE=1 IO=0000000000000000
FB=0840 [0000100001000000] SR=0000 R5=0 ROM=0000.0 PREG=0 RAMOP=- RAMREG=090 ROMOP=- ROMREG=13

0656 0AE0 WAIT D14
A=0000000000000000 B=0000000000030000 C=0000000000000000 D=0000000000001000 E=0000000000000000
FA=0000 [0000000000000000] KR=0100 [0000000100000000] EXT=00 COND=1 IDLE=1 IO=0000000000000000
FB=0840 [0000100001000000] SR=0000 R5=0 ROM=0000.0 PREG=0 RAMOP=- RAMREG=090 ROMOP=- ROMREG=13

0657 0820 ?KEY 20
A=0000000000000000 B=0000000000030000 C=0000000000000000 D=0000000000001000 E=0000000000000000
FA=0000 [0000000000000000] KR=0100 [0000000100000000] EXT=00 COND=1 IDLE=1 IO=0000000000000000
FB=0840 [0000100001000000] SR=0000 R5=0 ROM=0000.0 PREG=0 RAMOP=- RAMREG=090 ROMOP=- ROMREG=13

0658 1839 BRC 063C -01C
A=0000000000000000 B=0000000000030000 C=0000000000000000 D=0000000000001000 E=0000000000000000
FA=0000 [0000000000000000] KR=0100 [0000000100000000] EXT=00 COND=1 IDLE=1 IO=0000000000000000
FB=0840 [0000100001000000] SR=0000 R5=0 ROM=0000.0 PREG=0 RAMOP=- RAMREG=090 ROMOP=- ROMREG=13

063C 00C8 ?TFB 12
A=0000000000000000 B=0000000000030000 C=0000000000000000 D=0000000000001000 E=0000000000000000
FA=0000 [0000000000000000] KR=0100 [0000000100000000] EXT=00 COND=1 IDLE=1 IO=0000000000000000
FB=0840 [0000100001000000] SR=0000 R5=0 ROM=0000.0 PREG=0 RAMOP=- RAMREG=090 ROMOP=- ROMREG=13

063D 00A8 ?TFB 10
A=0000000000000000 B=0000000000030000 C=0000000000000000 D=0000000000001000 E=0000000000000000
FA=0000 [0000000000000000] KR=0100 [0000000100000000] EXT=00 COND=1 IDLE=1 IO=0000000000000000
FB=0840 [0000100001000000] SR=0000 R5=0 ROM=0000.0 PREG=0 RAMOP=- RAMREG=090 ROMOP=- ROMREG=13

063E 0AB0 WAIT D11
A=0000000000000000 B=0000000000030000 C=0000000000000000 D=0000000000001000 E=0000000000000000
FA=0000 [0000000000000000] KR=0100 [0000000100000000] EXT=00 COND=1 IDLE=1 IO=0000000000000000
FB=0840 [0000100001000000] SR=0000 R5=0 ROM=0000.0 PREG=0 RAMOP=- RAMREG=090 ROMOP=- ROMREG=13

063F 0A0B ?BUSY
A=0000000000000000 B=0000000000030000 C=0000000000000000 D=0000000000001000 E=0000000000000000
FA=0000 [0000000000000000] KR=0100 [0000000100000000] EXT=00 COND=1 IDLE=1 IO=0000000000000000
FB=0840 [0000100001000000] SR=0000 R5=0 ROM=0000.0 PREG=0 RAMOP=- RAMREG=090 ROMOP=- ROMREG=13

0640 1BCF BRC 0459 -1E7
A=0000000000000000 B=0000000000030000 C=0000000000000000 D=0000000000001000 E=0000000000000000
FA=0000 [0000000000000000] KR=0100 [0000000100000000] EXT=00 COND=1 IDLE=1 IO=0000000000000000
FB=0840 [0000100001000000] SR=0000 R5=0 ROM=0000.0 PREG=0 RAMOP=- RAMREG=090 ROMOP=- ROMREG=13

0459 0A80 WAIT D8
A=0000000000000000 B=0000000000030000 C=0000000000000000 D=0000000000001000 E=0000000000000000
FA=0000 [0000000000000000] KR=0100 [0000000100000000] EXT=00 COND=1 IDLE=1 IO=0000000000000000
FB=0840 [0000100001000000] SR=0000 R5=0 ROM=0000.0 PREG=0 RAMOP=- RAMREG=090 ROMOP=- ROMREG=13

045A 0A0B ?BUSY
A=0000000000000000 B=0000000000030000 C=0000000000000000 D=0000000000001000 E=0000000000000000
FA=0000 [0000000000000000] KR=0100 [0000000100000000] EXT=00 COND=1 IDLE=1 IO=0000000000000000
FB=0840 [0000100001000000] SR=0000 R5=0 ROM=0000.0 PREG=0 RAMOP=- RAMREG=090 ROMOP=- ROMREG=13

045B 13CC BRNC 0641 +1E6
A=0000000000000000 B=0000000000030000 C=0000000000000000 D=0000000000001000 E=0000000000000000
FA=0000 [0000000000000000] KR=0100 [0000000100000000] EXT=00 COND=0 IDLE=1 IO=0000000000000000
FB=0840 [0000100001000000] SR=0000 R5=0 ROM=0000.0 PREG=0 RAMOP=- RAMREG=090 ROMOP=- ROMREG=13

0641 0098 ?TFB 9
A=0000000000000000 B=0000000000030000 C=0000000000000000 D=0000000000001000 E=0000000000000000
FA=0000 [0000000000000000] KR=0100 [0000000100000000] EXT=00 COND=1 IDLE=1 IO=0000000000000000
FB=0840 [0000100001000000] SR=0000 R5=0 ROM=0000.0 PREG=0 RAMOP=- RAMREG=090 ROMOP=- ROMREG=13

0642 1828 BRC 0656 +014
A=0000000000000000 B=0000000000030000 C=0000000000000000 D=0000000000001000 E=0000000000000000
FA=0000 [0000000000000000] KR=0100 [0000000100000000] EXT=00 COND=1 IDLE=1 IO=0000000000000000
FB=0840 [0000100001000000] SR=0000 R5=0 ROM=0000.0 PREG=0 RAMOP=- RAMREG=090 ROMOP=- ROMREG=13

0656 0AE0 WAIT D14
A=0000000000000000 B=0000000000030000 C=0000000000000000 D=0000000000001000 E=0000000000000000
FA=0000 [0000000000000000] KR=0100 [0000000100000000] EXT=00 COND=1 IDLE=1 IO=0000000000000000
FB=0840 [0000100001000000] SR=0000 R5=0 ROM=0000.0 PREG=0 RAMOP=- RAMREG=090 ROMOP=- ROMREG=13

0657 0820 ?KEY 20
A=0000000000000000 B=0000000000030000 C=0000000000000000 D=0000000000001000 E=0000000000000000
FA=0000 [0000000000000000] KR=0100 [0000000100000000] EXT=00 COND=1 IDLE=1 IO=0000000000000000
FB=0840 [0000100001000000] SR=0000 R5=0 ROM=0000.0 PREG=0 RAMOP=- RAMREG=090 ROMOP=- ROMREG=13

0658 1839 BRC 063C -01C
A=0000000000000000 B=0000000000030000 C=0000000000000000 D=0000000000001000 E=0000000000000000
FA=0000 [0000000000000000] KR=0100 [0000000100000000] EXT=00 COND=1 IDLE=1 IO=0000000000000000
FB=0840 [0000100001000000] SR=0000 R5=0 ROM=0000.0 PREG=0 RAMOP=- RAMREG=090 ROMOP=- ROMREG=13

063C 00C8 ?TFB 12
A=0000000000000000 B=0000000000030000 C=0000000000000000 D=0000000000001000 E=0000000000000000
FA=0000 [0000000000000000] KR=0100 [0000000100000000] EXT=00 COND=1 IDLE=1 IO=0000000000000000
FB=0840 [0000100001000000] SR=0000 R5=0 ROM=0000.0 PREG=0 RAMOP=- RAMREG=090 ROMOP=- ROMREG=13

063D 00A8 ?TFB 10
A=0000000000000000 B=0000000000030000 C=0000000000000000 D=0000000000001000 E=0000000000000000
FA=0000 [0000000000000000] KR=0100 [0000000100000000] EXT=00 COND=1 IDLE=1 IO=0000000000000000
FB=0840 [0000100001000000] SR=0000 R5=0 ROM=0000.0 PREG=0 RAMOP=- RAMREG=090 ROMOP=- ROMREG=13

063E 0AB0 WAIT D11
A=0000000000000000 B=0000000000030000 C=0000000000000000 D=0000000000001000 E=0000000000000000
FA=0000 [0000000000000000] KR=0100 [0000000100000000] EXT=00 COND=1 IDLE=1 IO=0000000000000000
FB=0840 [0000100001000000] SR=0000 R5=0 ROM=0000.0 PREG=0 RAMOP=- RAMREG=090 ROMOP=- ROMREG=13

063F 0A0B ?BUSY
A=0000000000000000 B=0000000000030000 C=0000000000000000 D=0000000000001000 E=0000000000000000
FA=0000 [0000000000000000] KR=0100 [0000000100000000] EXT=00 COND=1 IDLE=1 IO=0000000000000000
FB=0840 [0000100001000000] SR=0000 R5=0 ROM=0000.0 PREG=0 RAMOP=- RAMREG=090 ROMOP=- ROMREG=13

0640 1BCF BRC 0459 -1E7
A=0000000000000000 B=0000000000030000 C=0000000000000000 D=0000000000001000 E=0000000000000000
FA=0000 [0000000000000000] KR=0100 [0000000100000000] EXT=00 COND=1 IDLE=1 IO=0000000000000000
FB=0840 [0000100001000000] SR=0000 R5=0 ROM=0000.0 PREG=0 RAMOP=- RAMREG=090 ROMOP=- ROMREG=13

0459 0A80 WAIT D8
A=0000000000000000 B=0000000000030000 C=0000000000000000 D=0000000000001000 E=0000000000000000
FA=0000 [0000000000000000] KR=0100 [0000000100000000] EXT=00 COND=1 IDLE=1 IO=0000000000000000
FB=0840 [0000100001000000] SR=0000 R5=0 ROM=0000.0 PREG=0 RAMOP=- RAMREG=090 ROMOP=- ROMREG=13

045A 0A0B ?BUSY
A=0000000000000000 B=0000000000030000 C=0000000000000000 D=0000000000001000 E=0000000000000000
FA=0000 [0000000000000000] KR=0100 [0000000100000000] EXT=00 COND=1 IDLE=1 IO=0000000000000000
FB=0840 [0000100001000000] SR=0000 R5=0 ROM=0000.0 PREG=0 RAMOP=- RAMREG=090 ROMOP=- ROMREG=13

045B 13CC BRNC 0641 +1E6
A=0000000000000000 B=0000000000030000 C=0000000000000000 D=0000000000001000 E=0000000000000000
FA=0000 [0000000000000000] KR=0100 [0000000100000000] EXT=00 COND=0 IDLE=1 IO=0000000000000000
FB=0840 [0000100001000000] SR=0000 R5=0 ROM=0000.0 PREG=0 RAMOP=- RAMREG=090 ROMOP=- ROMREG=13

0641 0098 ?TFB 9
A=0000000000000000 B=0000000000030000 C=0000000000000000 D=0000000000001000 E=0000000000000000
FA=0000 [0000000000000000] KR=0100 [0000000100000000] EXT=00 COND=1 IDLE=1 IO=0000000000000000
FB=0840 [0000100001000000] SR=0000 R5=0 ROM=0000.0 PREG=0 RAMOP=- RAMREG=090 ROMOP=- ROMREG=13

0642 1828 BRC 0656 +014
A=0000000000000000 B=0000000000030000 C=0000000000000000 D=0000000000001000 E=0000000000000000
FA=0000 [0000000000000000] KR=0100 [0000000100000000] EXT=00 COND=1 IDLE=1 IO=0000000000000000
FB=0840 [0000100001000000] SR=0000 R5=0 ROM=0000.0 PREG=0 RAMOP=- RAMREG=090 ROMOP=- ROMREG=13

0656 0AE0 WAIT D14
A=0000000000000000 B=0000000000030000 C=0000000000000000 D=0000000000001000 E=0000000000000000
FA=0000 [0000000000000000] KR=0100 [0000000100000000] EXT=00 COND=1 IDLE=1 IO=0000000000000000
FB=0840 [0000100001000000] SR=0000 R5=0 ROM=0000.0 PREG=0 RAMOP=- RAMREG=090 ROMOP=- ROMREG=13

0657 0820 ?KEY 20
A=0000000000000000 B=0000000000030000 C=0000000000000000 D=0000000000001000 E=0000000000000000
FA=0000 [0000000000000000] KR=0100 [0000000100000000] EXT=00 COND=1 IDLE=1 IO=0000000000000000
FB=0840 [0000100001000000] SR=0000 R5=0 ROM=0000.0 PREG=0 RAMOP=- RAMREG=090 ROMOP=- ROMREG=13

0658 1839 BRC 063C -01C
A=0000000000000000 B=0000000000030000 C=0000000000000000 D=0000000000001000 E=0000000000000000
FA=0000 [0000000000000000] KR=0100 [0000000100000000] EXT=00 COND=1 IDLE=1 IO=0000000000000000
FB=0840 [0000100001000000] SR=0000 R5=0 ROM=0000.0 PREG=0 RAMOP=- RAMREG=090 ROMOP=- ROMREG=13

063C 00C8 ?TFB 12
A=0000000000000000 B=0000000000030000 C=0000000000000000 D=0000000000001000 E=0000000000000000
FA=0000 [0000000000000000] KR=0100 [0000000100000000] EXT=00 COND=1 IDLE=1 IO=0000000000000000
FB=0840 [0000100001000000] SR=0000 R5=0 ROM=0000.0 PREG=0 RAMOP=- RAMREG=090 ROMOP=- ROMREG=13

063D 00A8 ?TFB 10
A=0000000000000000 B=0000000000030000 C=0000000000000000 D=0000000000001000 E=0000000000000000
FA=0000 [0000000000000000] KR=0100 [0000000100000000] EXT=00 COND=1 IDLE=1 IO=0000000000000000
FB=0840 [0000100001000000] SR=0000 R5=0 ROM=0000.0 PREG=0 RAMOP=- RAMREG=090 ROMOP=- ROMREG=13

063E 0AB0 WAIT D11
A=0000000000000000 B=0000000000030000 C=0000000000000000 D=0000000000001000 E=0000000000000000
FA=0000 [0000000000000000] KR=0100 [0000000100000000] EXT=00 COND=1 IDLE=1 IO=0000000000000000
FB=0840 [0000100001000000] SR=0000 R5=0 ROM=0000.0 PREG=0 RAMOP=- RAMREG=090 ROMOP=- ROMREG=13

063F 0A0B ?BUSY
A=0000000000000000 B=0000000000030000 C=0000000000000000 D=0000000000001000 E=0000000000000000
FA=0000 [0000000000000000] KR=0100 [0000000100000000] EXT=00 COND=1 IDLE=1 IO=0000000000000000
FB=0840 [0000100001000000] SR=0000 R5=0 ROM=0000.0 PREG=0 RAMOP=- RAMREG=090 ROMOP=- ROMREG=13

0640 1BCF BRC 0459 -1E7
A=0000000000000000 B=0000000000030000 C=0000000000000000 D=0000000000001000 E=0000000000000000
FA=0000 [0000000000000000] KR=0100 [0000000100000000] EXT=00 COND=1 IDLE=1 IO=0000000000000000
FB=0840 [0000100001000000] SR=0000 R5=0 ROM=0000.0 PREG=0 RAMOP=- RAMREG=090 ROMOP=- ROMREG=13

0459 0A80 WAIT D8
A=0000000000000000 B=0000000000030000 C=0000000000000000 D=0000000000001000 E=0000000000000000
FA=0000 [0000000000000000] KR=0100 [0000000100000000] EXT=00 COND=1 IDLE=1 IO=0000000000000000
FB=0840 [0000100001000000] SR=0000 R5=0 ROM=0000.0 PREG=0 RAMOP=- RAMREG=090 ROMOP=- ROMREG=13

045A 0A0B ?BUSY
A=0000000000000000 B=0000000000030000 C=0000000000000000 D=0000000000001000 E=0000000000000000
FA=0000 [0000000000000000] KR=0100 [0000000100000000] EXT=00 COND=1 IDLE=1 IO=0000000000000000
FB=0840 [0000100001000000] SR=0000 R5=0 ROM=0000.0 PREG=0 RAMOP=- RAMREG=090 ROMOP=- ROMREG=13

045B 13CC BRNC 0641 +1E6
A=0000000000000000 B=0000000000030000 C=0000000000000000 D=0000000000001000 E=0000000000000000
FA=0000 [0000000000000000] KR=0100 [0000000100000000] EXT=00 COND=0 IDLE=1 IO=0000000000000000
FB=0840 [0000100001000000] SR=0000 R5=0 ROM=0000.0 PREG=0 RAMOP=- RAMREG=090 ROMOP=- ROMREG=13

0641 0098 ?TFB 9
A=0000000000000000 B=0000000000030000 C=0000000000000000 D=0000000000001000 E=0000000000000000
FA=0000 [0000000000000000] KR=0100 [0000000100000000] EXT=00 COND=1 IDLE=1 IO=0000000000000000
FB=0840 [0000100001000000] SR=0000 R5=0 ROM=0000.0 PREG=0 RAMOP=- RAMREG=090 ROMOP=- ROMREG=13

0642 1828 BRC 0656 +014
A=0000000000000000 B=0000000000030000 C=0000000000000000 D=0000000000001000 E=0000000000000000
FA=0000 [0000000000000000] KR=0100 [0000000100000000] EXT=00 COND=1 IDLE=1 IO=0000000000000000
FB=0840 [0000100001000000] SR=0000 R5=0 ROM=0000.0 PREG=0 RAMOP=- RAMREG=090 ROMOP=- ROMREG=13

0656 0AE0 WAIT D14
A=0000000000000000 B=0000000000030000 C=0000000000000000 D=0000000000001000 E=0000000000000000
FA=0000 [0000000000000000] KR=0100 [0000000100000000] EXT=00 COND=1 IDLE=1 IO=0000000000000000
FB=0840 [0000100001000000] SR=0000 R5=0 ROM=0000.0 PREG=0 RAMOP=- RAMREG=090 ROMOP=- ROMREG=13

0657 0820 ?KEY 20
A=0000000000000000 B=0000000000030000 C=0000000000000000 D=0000000000001000 E=0000000000000000
FA=0000 [0000000000000000] KR=0100 [0000000100000000] EXT=00 COND=1 IDLE=1 IO=0000000000000000
FB=0840 [0000100001000000] SR=0000 R5=0 ROM=0000.0 PREG=0 RAMOP=- RAMREG=090 ROMOP=- ROMREG=13

0658 1839 BRC 063C -01C
A=0000000000000000 B=0000000000030000 C=0000000000000000 D=0000000000001000 E=0000000000000000
FA=0000 [0000000000000000] KR=0100 [0000000100000000] EXT=00 COND=1 IDLE=1 IO=0000000000000000
FB=0840 [0000100001000000] SR=0000 R5=0 ROM=0000.0 PREG=0 RAMOP=- RAMREG=090 ROMOP=- ROMREG=13

063C 00C8 ?TFB 12
A=0000000000000000 B=0000000000030000 C=0000000000000000 D=0000000000001000 E=0000000000000000
FA=0000 [0000000000000000] KR=0100 [0000000100000000] EXT=00 COND=1 IDLE=1 IO=0000000000000000
FB=0840 [0000100001000000] SR=0000 R5=0 ROM=0000.0 PREG=0 RAMOP=- RAMREG=090 ROMOP=- ROMREG=13

063D 00A8 ?TFB 10
A=0000000000000000 B=0000000000030000 C=0000000000000000 D=0000000000001000 E=0000000000000000
FA=0000 [0000000000000000] KR=0100 [0000000100000000] EXT=00 COND=1 IDLE=1 IO=0000000000000000
FB=0840 [0000100001000000] SR=0000 R5=0 ROM=0000.0 PREG=0 RAMOP=- RAMREG=090 ROMOP=- ROMREG=13

063E 0AB0 WAIT D11
A=0000000000000000 B=0000000000030000 C=0000000000000000 D=0000000000001000 E=0000000000000000
FA=0000 [0000000000000000] KR=0100 [0000000100000000] EXT=00 COND=1 IDLE=1 IO=0000000000000000
FB=0840 [0000100001000000] SR=0000 R5=0 ROM=0000.0 PREG=0 RAMOP=- RAMREG=090 ROMOP=- ROMREG=13

063F 0A0B ?BUSY
A=0000000000000000 B=0000000000030000 C=0000000000000000 D=0000000000001000 E=0000000000000000
FA=0000 [0000000000000000] KR=0100 [0000000100000000] EXT=00 COND=1 IDLE=1 IO=0000000000000000
FB=0840 [0000100001000000] SR=0000 R5=0 ROM=0000.0 PREG=0 RAMOP=- RAMREG=090 ROMOP=- ROMREG=13

0640 1BCF BRC 0459 -1E7
A=0000000000000000 B=0000000000030000 C=0000000000000000 D=0000000000001000 E=0000000000000000
FA=0000 [0000000000000000] KR=0100 [0000000100000000] EXT=00 COND=1 IDLE=1 IO=0000000000000000
FB=0840 [0000100001000000] SR=0000 R5=0 ROM=0000.0 PREG=0 RAMOP=- RAMREG=090 ROMOP=- ROMREG=13

0459 0A80 WAIT D8
A=0000000000000000 B=0000000000030000 C=0000000000000000 D=0000000000001000 E=0000000000000000
FA=0000 [0000000000000000] KR=0100 [0000000100000000] EXT=00 COND=1 IDLE=1 IO=0000000000000000
FB=0840 [0000100001000000] SR=0000 R5=0 ROM=0000.0 PREG=0 RAMOP=- RAMREG=090 ROMOP=- ROMREG=13

045A 0A0B ?BUSY
A=0000000000000000 B=0000000000030000 C=0000000000000000 D=0000000000001000 E=0000000000000000
FA=0000 [0000000000000000] KR=0100 [0000000100000000] EXT=00 COND=1 IDLE=1 IO=0000000000000000
FB=0840 [0000100001000000] SR=0000 R5=0 ROM=0000.0 PREG=0 RAMOP=- RAMREG=090 ROMOP=- ROMREG=13

045B 13CC BRNC 0641 +1E6
A=0000000000000000 B=0000000000030000 C=0000000000000000 D=0000000000001000 E=0000000000000000
FA=0000 [0000000000000000] KR=0100 [0000000100000000] EXT=00 COND=0 IDLE=1 IO=0000000000000000
FB=0840 [0000100001000000] SR=0000 R5=0 ROM=0000.0 PREG=0 RAMOP=- RAMREG=090 ROMOP=- ROMREG=13

0641 0098 ?TFB 9
A=0000000000000000 B=0000000000030000 C=0000000000000000 D=0000000000001000 E=0000000000000000
FA=0000 [0000000000000000] KR=0100 [0000000100000000] EXT=00 COND=1 IDLE=1 IO=0000000000000000
FB=0840 [0000100001000000] SR=0000 R5=0 ROM=0000.0 PREG=0 RAMOP=- RAMREG=090 ROMOP=- ROMREG=13

0642 1828 BRC 0656 +014
A=0000000000000000 B=0000000000030000 C=0000000000000000 D=0000000000001000 E=0000000000000000
FA=0000 [0000000000000000] KR=0100 [0000000100000000] EXT=00 COND=1 IDLE=1 IO=0000000000000000
FB=0840 [0000100001000000] SR=0000 R5=0 ROM=0000.0 PREG=0 RAMOP=- RAMREG=090 ROMOP=- ROMREG=13

0656 0AE0 WAIT D14
A=0000000000000000 B=0000000000030000 C=0000000000000000 D=0000000000001000 E=0000000000000000
FA=0000 [0000000000000000] KR=0100 [0000000100000000] EXT=00 COND=1 IDLE=1 IO=0000000000000000
FB=0840 [0000100001000000] SR=0000 R5=0 ROM=0000.0 PREG=0 RAMOP=- RAMREG=090 ROMOP=- ROMREG=13

0657 0820 ?KEY 20
A=0000000000000000 B=0000000000030000 C=0000000000000000 D=0000000000001000 E=0000000000000000
FA=0000 [0000000000000000] KR=0100 [0000000100000000] EXT=00 COND=1 IDLE=1 IO=0000000000000000
FB=0840 [0000100001000000] SR=0000 R5=0 ROM=0000.0 PREG=0 RAMOP=- RAMREG=090 ROMOP=- ROMREG=13

0658 1839 BRC 063C -01C
A=0000000000000000 B=0000000000030000 C=0000000000000000 D=0000000000001000 E=0000000000000000
FA=0000 [0000000000000000] KR=0100 [0000000100000000] EXT=00 COND=1 IDLE=1 IO=0000000000000000
FB=0840 [0000100001000000] SR=0000 R5=0 ROM=0000.0 PREG=0 RAMOP=- RAMREG=090 ROMOP=- ROMREG=13

063C 00C8 ?TFB 12
A=0000000000000000 B=0000000000030000 C=0000000000000000 D=0000000000001000 E=0000000000000000
FA=0000 [0000000000000000] KR=0100 [0000000100000000] EXT=00 COND=1 IDLE=1 IO=0000000000000000
FB=0840 [0000100001000000] SR=0000 R5=0 ROM=0000.0 PREG=0 RAMOP=- RAMREG=090 ROMOP=- ROMREG=13

063D 00A8 ?TFB 10
A=0000000000000000 B=0000000000030000 C=0000000000000000 D=0000000000001000 E=0000000000000000
FA=0000 [0000000000000000] KR=0100 [0000000100000000] EXT=00 COND=1 IDLE=1 IO=0000000000000000
FB=0840 [0000100001000000] SR=0000 R5=0 ROM=0000.0 PREG=0 RAMOP=- RAMREG=090 ROMOP=- ROMREG=13

063E 0AB0 WAIT D11
A=0000000000000000 B=0000000000030000 C=0000000000000000 D=0000000000001000 E=0000000000000000
FA=0000 [0000000000000000] KR=0100 [0000000100000000] EXT=00 COND=1 IDLE=1 IO=0000000000000000
FB=0840 [0000100001000000] SR=0000 R5=0 ROM=0000.0 PREG=0 RAMOP=- RAMREG=090 ROMOP=- ROMREG=13

063F 0A0B ?BUSY
A=0000000000000000 B=0000000000030000 C=0000000000000000 D=0000000000001000 E=0000000000000000
FA=0000 [0000000000000000] KR=0100 [0000000100000000] EXT=00 COND=1 IDLE=1 IO=0000000000000000
FB=0840 [0000100001000000] SR=0000 R5=0 ROM=0000.0 PREG=0 RAMOP=- RAMREG=090 ROMOP=- ROMREG=13

0640 1BCF BRC 0459 -1E7
A=0000000000000000 B=0000000000030000 C=0000000000000000 D=0000000000001000 E=0000000000000000
FA=0000 [0000000000000000] KR=0100 [0000000100000000] EXT=00 COND=1 IDLE=1 IO=0000000000000000
FB=0840 [0000100001000000] SR=0000 R5=0 ROM=0000.0 PREG=0 RAMOP=- RAMREG=090 ROMOP=- ROMREG=13

0459 0A80 WAIT D8
A=0000000000000000 B=0000000000030000 C=0000000000000000 D=0000000000001000 E=0000000000000000
FA=0000 [0000000000000000] KR=0100 [0000000100000000] EXT=00 COND=1 IDLE=1 IO=0000000000000000
FB=0840 [0000100001000000] SR=0000 R5=0 ROM=0000.0 PREG=0 RAMOP=- RAMREG=090 ROMOP=- ROMREG=13

045A 0A0B ?BUSY
A=0000000000000000 B=0000000000030000 C=0000000000000000 D=0000000000001000 E=0000000000000000
FA=0000 [0000000000000000] KR=0100 [0000000100000000] EXT=00 COND=1 IDLE=1 IO=0000000000000000
FB=0840 [0000100001000000] SR=0000 R5=0 ROM=0000.0 PREG=0 RAMOP=- RAMREG=090 ROMOP=- ROMREG=13

045B 13CC BRNC 0641 +1E6
A=0000000000000000 B=0000000000030000 C=0000000000000000 D=0000000000001000 E=0000000000000000
FA=0000 [0000000000000000] KR=0100 [0000000100000000] EXT=00 COND=0 IDLE=1 IO=0000000000000000
FB=0840 [0000100001000000] SR=0000 R5=0 ROM=0000.0 PREG=0 RAMOP=- RAMREG=090 ROMOP=- ROMREG=13

0641 0098 ?TFB 9
A=0000000000000000 B=0000000000030000 C=0000000000000000 D=0000000000001000 E=0000000000000000
FA=0000 [0000000000000000] KR=0100 [0000000100000000] EXT=00 COND=1 IDLE=1 IO=0000000000000000
FB=0840 [0000100001000000] SR=0000 R5=0 ROM=0000.0 PREG=0 RAMOP=- RAMREG=090 ROMOP=- ROMREG=13

0642 1828 BRC 0656 +014
A=0000000000000000 B=0000000000030000 C=0000000000000000 D=0000000000001000 E=0000000000000000
FA=0000 [0000000000000000] KR=0100 [0000000100000000] EXT=00 COND=1 IDLE=1 IO=0000000000000000
FB=0840 [0000100001000000] SR=0000 R5=0 ROM=0000.0 PREG=0 RAMOP=- RAMREG=090 ROMOP=- ROMREG=13

0656 0AE0 WAIT D14
A=0000000000000000 B=0000000000030000 C=0000000000000000 D=0000000000001000 E=0000000000000000
FA=0000 [0000000000000000] KR=0100 [0000000100000000] EXT=00 COND=1 IDLE=1 IO=0000000000000000
FB=0840 [0000100001000000] SR=0000 R5=0 ROM=0000.0 PREG=0 RAMOP=- RAMREG=090 ROMOP=- ROMREG=13

0657 0820 ?KEY 20
A=0000000000000000 B=0000000000030000 C=0000000000000000 D=0000000000001000 E=0000000000000000
FA=0000 [0000000000000000] KR=0100 [0000000100000000] EXT=00 COND=1 IDLE=1 IO=0000000000000000
FB=0840 [0000100001000000] SR=0000 R5=0 ROM=0000.0 PREG=0 RAMOP=- RAMREG=090 ROMOP=- ROMREG=13

0658 1839 BRC 063C -01C
A=0000000000000000 B=0000000000030000 C=0000000000000000 D=0000000000001000 E=0000000000000000
FA=0000 [0000000000000000] KR=0100 [0000000100000000] EXT=00 COND=1 IDLE=1 IO=0000000000000000
FB=0840 [0000100001000000] SR=0000 R5=0 ROM=0000.0 PREG=0 RAMOP=- RAMREG=090 ROMOP=- ROMREG=13

063C 00C8 ?TFB 12
A=0000000000000000 B=0000000000030000 C=0000000000000000 D=0000000000001000 E=0000000000000000
FA=0000 [0000000000000000] KR=0100 [0000000100000000] EXT=00 COND=1 IDLE=1 IO=0000000000000000
FB=0840 [0000100001000000] SR=0000 R5=0 ROM=0000.0 PREG=0 RAMOP=- RAMREG=090 ROMOP=- ROMREG=13

063D 00A8 ?TFB 10
A=0000000000000000 B=0000000000030000 C=0000000000000000 D=0000000000001000 E=0000000000000000
FA=0000 [0000000000000000] KR=0100 [0000000100000000] EXT=00 COND=1 IDLE=1 IO=0000000000000000
FB=0840 [0000100001000000] SR=0000 R5=0 ROM=0000.0 PREG=0 RAMOP=- RAMREG=090 ROMOP=- ROMREG=13

063E 0AB0 WAIT D11
A=0000000000000000 B=0000000000030000 C=0000000000000000 D=0000000000001000 E=0000000000000000
FA=0000 [0000000000000000] KR=0100 [0000000100000000] EXT=00 COND=1 IDLE=1 IO=0000000000000000
FB=0840 [0000100001000000] SR=0000 R5=0 ROM=0000.0 PREG=0 RAMOP=- RAMREG=090 ROMOP=- ROMREG=13

063F 0A0B ?BUSY
A=0000000000000000 B=0000000000030000 C=0000000000000000 D=0000000000001000 E=0000000000000000
FA=0000 [0000000000000000] KR=0100 [0000000100000000] EXT=00 COND=1 IDLE=1 IO=0000000000000000
FB=0840 [0000100001000000] SR=0000 R5=0 ROM=0000.0 PREG=0 RAMOP=- RAMREG=090 ROMOP=- ROMREG=13

0640 1BCF BRC 0459 -1E7
A=0000000000000000 B=0000000000030000 C=0000000000000000 D=0000000000001000 E=0000000000000000
FA=0000 [0000000000000000] KR=0100 [0000000100000000] EXT=00 COND=1 IDLE=1 IO=0000000000000000
FB=0840 [0000100001000000] SR=0000 R5=0 ROM=0000.0 PREG=0 RAMOP=- RAMREG=090 ROMOP=- ROMREG=13

0459 0A80 WAIT D8
A=0000000000000000 B=0000000000030000 C=0000000000000000 D=0000000000001000 E=0000000000000000
FA=0000 [0000000000000000] KR=0100 [0000000100000000] EXT=00 COND=1 IDLE=1 IO=0000000000000000
FB=0840 [0000100001000000] SR=0000 R5=0 ROM=0000.0 PREG=0 RAMOP=- RAMREG=090 ROMOP=- ROMREG=13

045A 0A0B ?BUSY
A=0000000000000000 B=0000000000030000 C=0000000000000000 D=0000000000001000 E=0000000000000000
FA=0000 [0000000000000000] KR=0100 [0000000100000000] EXT=00 COND=1 IDLE=1 IO=0000000000000000
FB=0840 [0000100001000000] SR=0000 R5=0 ROM=0000.0 PREG=0 RAMOP=- RAMREG=090 ROMOP=- ROMREG=13

045B 13CC BRNC 0641 +1E6
A=0000000000000000 B=0000000000030000 C=0000000000000000 D=0000000000001000 E=0000000000000000
FA=0000 [0000000000000000] KR=0100 [0000000100000000] EXT=00 COND=0 IDLE=1 IO=0000000000000000
FB=0840 [0000100001000000] SR=0000 R5=0 ROM=0000.0 PREG=0 RAMOP=- RAMREG=090 ROMOP=- ROMREG=13

0641 0098 ?TFB 9
A=0000000000000000 B=0000000000030000 C=0000000000000000 D=0000000000001000 E=0000000000000000
FA=0000 [0000000000000000] KR=0100 [0000000100000000] EXT=00 COND=1 IDLE=1 IO=0000000000000000
FB=0840 [0000100001000000] SR=0000 R5=0 ROM=0000.0 PREG=0 RAMOP=- RAMREG=090 ROMOP=- ROMREG=13

0642 1828 BRC 0656 +014
A=0000000000000000 B=0000000000030000 C=0000000000000000 D=0000000000001000 E=0000000000000000
FA=0000 [0000000000000000] KR=0100 [0000000100000000] EXT=00 COND=1 IDLE=1 IO=0000000000000000
FB=0840 [0000100001000000] SR=0000 R5=0 ROM=0000.0 PREG=0 RAMOP=- RAMREG=090 ROMOP=- ROMREG=13

0656 0AE0 WAIT D14
A=0000000000000000 B=0000000000030000 C=0000000000000000 D=0000000000001000 E=0000000000000000
FA=0000 [0000000000000000] KR=0100 [0000000100000000] EXT=00 COND=1 IDLE=1 IO=0000000000000000
FB=0840 [0000100001000000] SR=0000 R5=0 ROM=0000.0 PREG=0 RAMOP=- RAMREG=090 ROMOP=- ROMREG=13

0657 0820 ?KEY 20
A=0000000000000000 B=0000000000030000 C=0000000000000000 D=0000000000001000 E=0000000000000000
FA=0000 [0000000000000000] KR=0100 [0000000100000000] EXT=00 COND=1 IDLE=1 IO=0000000000000000
FB=0840 [0000100001000000] SR=0000 R5=0 ROM=0000.0 PREG=0 RAMOP=- RAMREG=090 ROMOP=- ROMREG=13

0658 1839 BRC 063C -01C
A=0000000000000000 B=0000000000030000 C=0000000000000000 D=0000000000001000 E=0000000000000000
FA=0000 [0000000000000000] KR=0100 [0000000100000000] EXT=00 COND=1 IDLE=1 IO=0000000000000000
FB=0840 [0000100001000000] SR=0000 R5=0 ROM=0000.0 PREG=0 RAMOP=- RAMREG=090 ROMOP=- ROMREG=13

063C 00C8 ?TFB 12
A=0000000000000000 B=0000000000030000 C=0000000000000000 D=0000000000001000 E=0000000000000000
FA=0000 [0000000000000000] KR=0100 [0000000100000000] EXT=00 COND=1 IDLE=1 IO=0000000000000000
FB=0840 [0000100001000000] SR=0000 R5=0 ROM=0000.0 PREG=0 RAMOP=- RAMREG=090 ROMOP=- ROMREG=13

063D 00A8 ?TFB 10
A=0000000000000000 B=0000000000030000 C=0000000000000000 D=0000000000001000 E=0000000000000000
FA=0000 [0000000000000000] KR=0100 [0000000100000000] EXT=00 COND=1 IDLE=1 IO=0000000000000000
FB=0840 [0000100001000000] SR=0000 R5=0 ROM=0000.0 PREG=0 RAMOP=- RAMREG=090 ROMOP=- ROMREG=13

063E 0AB0 WAIT D11
A=0000000000000000 B=0000000000030000 C=0000000000000000 D=0000000000001000 E=0000000000000000
FA=0000 [0000000000000000] KR=0100 [0000000100000000] EXT=00 COND=1 IDLE=1 IO=0000000000000000
FB=0840 [0000100001000000] SR=0000 R5=0 ROM=0000.0 PREG=0 RAMOP=- RAMREG=090 ROMOP=- ROMREG=13

063F 0A0B ?BUSY
A=0000000000000000 B=0000000000030000 C=0000000000000000 D=0000000000001000 E=0000000000000000
FA=0000 [0000000000000000] KR=0100 [0000000100000000] EXT=00 COND=1 IDLE=1 IO=0000000000000000
FB=0840 [0000100001000000] SR=0000 R5=0 ROM=0000.0 PREG=0 RAMOP=- RAMREG=090 ROMOP=- ROMREG=13

0640 1BCF BRC 0459 -1E7
A=0000000000000000 B=0000000000030000 C=0000000000000000 D=0000000000001000 E=0000000000000000
FA=0000 [0000000000000000] KR=0100 [0000000100000000] EXT=00 COND=1 IDLE=1 IO=0000000000000000
FB=0840 [0000100001000000] SR=0000 R5=0 ROM=0000.0 PREG=0 RAMOP=- RAMREG=090 ROMOP=- ROMREG=13

0459 0A80 WAIT D8
A=0000000000000000 B=0000000000030000 C=0000000000000000 D=0000000000001000 E=0000000000000000
FA=0000 [0000000000000000] KR=0100 [0000000100000000] EXT=00 COND=1 IDLE=1 IO=0000000000000000
FB=0840 [0000100001000000] SR=0000 R5=0 ROM=0000.0 PREG=0 RAMOP=- RAMREG=090 ROMOP=- ROMREG=13

045A 0A0B ?BUSY
A=0000000000000000 B=0000000000030000 C=0000000000000000 D=0000000000001000 E=0000000000000000
FA=0000 [0000000000000000] KR=0100 [0000000100000000] EXT=00 COND=1 IDLE=1 IO=0000000000000000
FB=0840 [0000100001000000] SR=0000 R5=0 ROM=0000.0 PREG=0 RAMOP=- RAMREG=090 ROMOP=- ROMREG=13

045B 13CC BRNC 0641 +1E6
A=0000000000000000 B=0000000000030000 C=0000000000000000 D=0000000000001000 E=0000000000000000
FA=0000 [0000000000000000] KR=0100 [0000000100000000] EXT=00 COND=0 IDLE=1 IO=0000000000000000
FB=0840 [0000100001000000] SR=0000 R5=0 ROM=0000.0 PREG=0 RAMOP=- RAMREG=090 ROMOP=- ROMREG=13

0641 0098 ?TFB 9
A=0000000000000000 B=0000000000030000 C=0000000000000000 D=0000000000001000 E=0000000000000000
FA=0000 [0000000000000000] KR=0100 [0000000100000000] EXT=00 COND=1 IDLE=1 IO=0000000000000000
FB=0840 [0000100001000000] SR=0000 R5=0 ROM=0000.0 PREG=0 RAMOP=- RAMREG=090 ROMOP=- ROMREG=13

0642 1828 BRC 0656 +014
A=0000000000000000 B=0000000000030000 C=0000000000000000 D=0000000000001000 E=0000000000000000
FA=0000 [0000000000000000] KR=0100 [0000000100000000] EXT=00 COND=1 IDLE=1 IO=0000000000000000
FB=0840 [0000100001000000] SR=0000 R5=0 ROM=0000.0 PREG=0 RAMOP=- RAMREG=090 ROMOP=- ROMREG=13

0656 0AE0 WAIT D14
A=0000000000000000 B=0000000000030000 C=0000000000000000 D=0000000000001000 E=0000000000000000
FA=0000 [0000000000000000] KR=0100 [0000000100000000] EXT=00 COND=1 IDLE=1 IO=0000000000000000
FB=0840 [0000100001000000] SR=0000 R5=0 ROM=0000.0 PREG=0 RAMOP=- RAMREG=090 ROMOP=- ROMREG=13

0657 0820 ?KEY 20
A=0000000000000000 B=0000000000030000 C=0000000000000000 D=0000000000001000 E=0000000000000000
FA=0000 [0000000000000000] KR=0100 [0000000100000000] EXT=00 COND=1 IDLE=1 IO=0000000000000000
FB=0840 [0000100001000000] SR=0000 R5=0 ROM=0000.0 PREG=0 RAMOP=- RAMREG=090 ROMOP=- ROMREG=13

0658 1839 BRC 063C -01C
A=0000000000000000 B=0000000000030000 C=0000000000000000 D=0000000000001000 E=0000000000000000
FA=0000 [0000000000000000] KR=0100 [0000000100000000] EXT=00 COND=1 IDLE=1 IO=0000000000000000
FB=0840 [0000100001000000] SR=0000 R5=0 ROM=0000.0 PREG=0 RAMOP=- RAMREG=090 ROMOP=- ROMREG=13

063C 00C8 ?TFB 12
A=0000000000000000 B=0000000000030000 C=0000000000000000 D=0000000000001000 E=0000000000000000
FA=0000 [0000000000000000] KR=0100 [0000000100000000] EXT=00 COND=1 IDLE=1 IO=0000000000000000
FB=0840 [0000100001000000] SR=0000 R5=0 ROM=0000.0 PREG=0 RAMOP=- RAMREG=090 ROMOP=- ROMREG=13

063D 00A8 ?TFB 10
A=0000000000000000 B=0000000000030000 C=0000000000000000 D=0000000000001000 E=0000000000000000
FA=0000 [0000000000000000] KR=0100 [0000000100000000] EXT=00 COND=1 IDLE=1 IO=0000000000000000
FB=0840 [0000100001000000] SR=0000 R5=0 ROM=0000.0 PREG=0 RAMOP=- RAMREG=090 ROMOP=- ROMREG=13

063E 0AB0 WAIT D11
A=0000000000000000 B=0000000000030000 C=0000000000000000 D=0000000000001000 E=0000000000000000
FA=0000 [0000000000000000] KR=0100 [0000000100000000] EXT=00 COND=1 IDLE=1 IO=0000000000000000
FB=0840 [0000100001000000] SR=0000 R5=0 ROM=0000.0 PREG=0 RAMOP=- RAMREG=090 ROMOP=- ROMREG=13

063F 0A0B ?BUSY
A=0000000000000000 B=0000000000030000 C=0000000000000000 D=0000000000001000 E=0000000000000000
FA=0000 [0000000000000000] KR=0100 [0000000100000000] EXT=00 COND=1 IDLE=1 IO=0000000000000000
FB=0840 [0000100001000000] SR=0000 R5=0 ROM=0000.0 PREG=0 RAMOP=- RAMREG=090 ROMOP=- ROMREG=13

0640 1BCF BRC 0459 -1E7
A=0000000000000000 B=0000000000030000 C=0000000000000000 D=0000000000001000 E=0000000000000000
FA=0000 [0000000000000000] KR=0100 [0000000100000000] EXT=00 COND=1 IDLE=1 IO=0000000000000000
FB=0840 [0000100001000000] SR=0000 R5=0 ROM=0000.0 PREG=0 RAMOP=- RAMREG=090 ROMOP=- ROMREG=13

0459 0A80 WAIT D8
A=0000000000000000 B=0000000000030000 C=0000000000000000 D=0000000000001000 E=0000000000000000
FA=0000 [0000000000000000] KR=0100 [0000000100000000] EXT=00 COND=1 IDLE=1 IO=0000000000000000
FB=0840 [0000100001000000] SR=0000 R5=0 ROM=0000.0 PREG=0 RAMOP=- RAMREG=090 ROMOP=- ROMREG=13

045A 0A0B ?BUSY
A=0000000000000000 B=0000000000030000 C=0000000000000000 D=0000000000001000 E=0000000000000000
FA=0000 [0000000000000000] KR=0100 [0000000100000000] EXT=00 COND=1 IDLE=1 IO=0000000000000000
FB=0840 [0000100001000000] SR=0000 R5=0 ROM=0000.0 PREG=0 RAMOP=- RAMREG=090 ROMOP=- ROMREG=13

045B 13CC BRNC 0641 +1E6
A=0000000000000000 B=0000000000030000 C=0000000000000000 D=0000000000001000 E=0000000000000000
FA=0000 [0000000000000000] KR=0100 [0000000100000000] EXT=00 COND=0 IDLE=1 IO=0000000000000000
FB=0840 [0000100001000000] SR=0000 R5=0 ROM=0000.0 PREG=0 RAMOP=- RAMREG=090 ROMOP=- ROMREG=13

0641 0098 ?TFB 9
A=0000000000000000 B=0000000000030000 C=0000000000000000 D=0000000000001000 E=0000000000000000
FA=0000 [0000000000000000] KR=0100 [0000000100000000] EXT=00 COND=1 IDLE=1 IO=0000000000000000
FB=0840 [0000100001000000] SR=0000 R5=0 ROM=0000.0 PREG=0 RAMOP=- RAMREG=090 ROMOP=- ROMREG=13

0642 1828 BRC 0656 +014
A=0000000000000000 B=0000000000030000 C=0000000000000000 D=0000000000001000 E=0000000000000000
FA=0000 [0000000000000000] KR=0100 [0000000100000000] EXT=00 COND=1 IDLE=1 IO=0000000000000000
FB=0840 [0000100001000000] SR=0000 R5=0 ROM=0000.0 PREG=0 RAMOP=- RAMREG=090 ROMOP=- ROMREG=13

0656 0AE0 WAIT D14
A=0000000000000000 B=0000000000030000 C=0000000000000000 D=0000000000001000 E=0000000000000000
FA=0000 [0000000000000000] KR=0100 [0000000100000000] EXT=00 COND=1 IDLE=1 IO=0000000000000000
FB=0840 [0000100001000000] SR=0000 R5=0 ROM=0000.0 PREG=0 RAMOP=- RAMREG=090 ROMOP=- ROMREG=13

0657 0820 ?KEY 20
A=0000000000000000 B=0000000000030000 C=0000000000000000 D=0000000000001000 E=0000000000000000
FA=0000 [0000000000000000] KR=0100 [0000000100000000] EXT=00 COND=1 IDLE=1 IO=0000000000000000
FB=0840 [0000100001000000] SR=0000 R5=0 ROM=0000.0 PREG=0 RAMOP=- RAMREG=090 ROMOP=- ROMREG=13

0658 1839 BRC 063C -01C
A=0000000000000000 B=0000000000030000 C=0000000000000000 D=0000000000001000 E=0000000000000000
FA=0000 [0000000000000000] KR=0100 [0000000100000000] EXT=00 COND=1 IDLE=1 IO=0000000000000000
FB=0840 [0000100001000000] SR=0000 R5=0 ROM=0000.0 PREG=0 RAMOP=- RAMREG=090 ROMOP=- ROMREG=13

063C 00C8 ?TFB 12
A=0000000000000000 B=0000000000030000 C=0000000000000000 D=0000000000001000 E=0000000000000000
FA=0000 [0000000000000000] KR=0100 [0000000100000000] EXT=00 COND=1 IDLE=1 IO=0000000000000000
FB=0840 [0000100001000000] SR=0000 R5=0 ROM=0000.0 PREG=0 RAMOP=- RAMREG=090 ROMOP=- ROMREG=13

063D 00A8 ?TFB 10
A=0000000000000000 B=0000000000030000 C=0000000000000000 D=0000000000001000 E=0000000000000000
FA=0000 [0000000000000000] KR=0100 [0000000100000000] EXT=00 COND=1 IDLE=1 IO=0000000000000000
FB=0840 [0000100001000000] SR=0000 R5=0 ROM=0000.0 PREG=0 RAMOP=- RAMREG=090 ROMOP=- ROMREG=13

063E 0AB0 WAIT D11
A=0000000000000000 B=0000000000030000 C=0000000000000000 D=0000000000001000 E=0000000000000000
FA=0000 [0000000000000000] KR=0100 [0000000100000000] EXT=00 COND=1 IDLE=1 IO=0000000000000000
FB=0840 [0000100001000000] SR=0000 R5=0 ROM=0000.0 PREG=0 RAMOP=- RAMREG=090 ROMOP=- ROMREG=13

063F 0A0B ?BUSY
A=0000000000000000 B=0000000000030000 C=0000000000000000 D=0000000000001000 E=0000000000000000
FA=0000 [0000000000000000] KR=0100 [0000000100000000] EXT=00 COND=1 IDLE=1 IO=0000000000000000
FB=0840 [0000100001000000] SR=0000 R5=0 ROM=0000.0 PREG=0 RAMOP=- RAMREG=090 ROMOP=- ROMREG=13

0640 1BCF BRC 0459 -1E7
A=0000000000000000 B=0000000000030000 C=0000000000000000 D=0000000000001000 E=0000000000000000
FA=0000 [0000000000000000] KR=0100 [0000000100000000] EXT=00 COND=1 IDLE=1 IO=0000000000000000
FB=0840 [0000100001000000] SR=0000 R5=0 ROM=0000.0 PREG=0 RAMOP=- RAMREG=090 ROMOP=- ROMREG=13

0459 0A80 WAIT D8
A=0000000000000000 B=0000000000030000 C=0000000000000000 D=0000000000001000 E=0000000000000000
FA=0000 [0000000000000000] KR=0100 [0000000100000000] EXT=00 COND=1 IDLE=1 IO=0000000000000000
FB=0840 [0000100001000000] SR=0000 R5=0 ROM=0000.0 PREG=0 RAMOP=- RAMREG=090 ROMOP=- ROMREG=13

045A 0A0B ?BUSY
A=0000000000000000 B=0000000000030000 C=0000000000000000 D=0000000000001000 E=0000000000000000
FA=0000 [0000000000000000] KR=0100 [0000000100000000] EXT=00 COND=1 IDLE=1 IO=0000000000000000
FB=0840 [0000100001000000] SR=0000 R5=0 ROM=0000.0 PREG=0 RAMOP=- RAMREG=090 ROMOP=- ROMREG=13

045B 13CC BRNC 0641 +1E6
A=0000000000000000 B=0000000000030000 C=0000000000000000 D=0000000000001000 E=0000000000000000
FA=0000 [0000000000000000] KR=0100 [0000000100000000] EXT=00 COND=0 IDLE=1 IO=0000000000000000
FB=0840 [0000100001000000] SR=0000 R5=0 ROM=0000.0 PREG=0 RAMOP=- RAMREG=090 ROMOP=- ROMREG=13

0641 0098 ?TFB 9
A=0000000000000000 B=0000000000030000 C=0000000000000000 D=0000000000001000 E=0000000000000000
FA=0000 [0000000000000000] KR=0100 [0000000100000000] EXT=00 COND=1 IDLE=1 IO=0000000000000000
FB=0840 [0000100001000000] SR=0000 R5=0 ROM=0000.0 PREG=0 RAMOP=- RAMREG=090 ROMOP=- ROMREG=13

0642 1828 BRC 0656 +014
A=0000000000000000 B=0000000000030000 C=0000000000000000 D=0000000000001000 E=0000000000000000
FA=0000 [0000000000000000] KR=0100 [0000000100000000] EXT=00 COND=1 IDLE=1 IO=0000000000000000
FB=0840 [0000100001000000] SR=0000 R5=0 ROM=0000.0 PREG=0 RAMOP=- RAMREG=090 ROMOP=- ROMREG=13

0656 0AE0 WAIT D14
A=0000000000000000 B=0000000000030000 C=0000000000000000 D=0000000000001000 E=0000000000000000
FA=0000 [0000000000000000] KR=0100 [0000000100000000] EXT=00 COND=1 IDLE=1 IO=0000000000000000
FB=0840 [0000100001000000] SR=0000 R5=0 ROM=0000.0 PREG=0 RAMOP=- RAMREG=090 ROMOP=- ROMREG=13

0657 0820 ?KEY 20
A=0000000000000000 B=0000000000030000 C=0000000000000000 D=0000000000001000 E=0000000000000000
FA=0000 [0000000000000000] KR=0100 [0000000100000000] EXT=00 COND=1 IDLE=1 IO=0000000000000000
FB=0840 [0000100001000000] SR=0000 R5=0 ROM=0000.0 PREG=0 RAMOP=- RAMREG=090 ROMOP=- ROMREG=13

0658 1839 BRC 063C -01C
A=0000000000000000 B=0000000000030000 C=0000000000000000 D=0000000000001000 E=0000000000000000
FA=0000 [0000000000000000] KR=0100 [0000000100000000] EXT=00 COND=1 IDLE=1 IO=0000000000000000
FB=0840 [0000100001000000] SR=0000 R5=0 ROM=0000.0 PREG=0 RAMOP=- RAMREG=090 ROMOP=- ROMREG=13

063C 00C8 ?TFB 12
A=0000000000000000 B=0000000000030000 C=0000000000000000 D=0000000000001000 E=0000000000000000
FA=0000 [0000000000000000] KR=0100 [0000000100000000] EXT=00 COND=1 IDLE=1 IO=0000000000000000
FB=0840 [0000100001000000] SR=0000 R5=0 ROM=0000.0 PREG=0 RAMOP=- RAMREG=090 ROMOP=- ROMREG=13

063D 00A8 ?TFB 10
A=0000000000000000 B=0000000000030000 C=0000000000000000 D=0000000000001000 E=0000000000000000
FA=0000 [0000000000000000] KR=0100 [0000000100000000] EXT=00 COND=1 IDLE=1 IO=0000000000000000
FB=0840 [0000100001000000] SR=0000 R5=0 ROM=0000.0 PREG=0 RAMOP=- RAMREG=090 ROMOP=- ROMREG=13

063E 0AB0 WAIT D11
A=0000000000000000 B=0000000000030000 C=0000000000000000 D=0000000000001000 E=0000000000000000
FA=0000 [0000000000000000] KR=0100 [0000000100000000] EXT=00 COND=1 IDLE=1 IO=0000000000000000
FB=0840 [0000100001000000] SR=0000 R5=0 ROM=0000.0 PREG=0 RAMOP=- RAMREG=090 ROMOP=- ROMREG=13

063F 0A0B ?BUSY
A=0000000000000000 B=0000000000030000 C=0000000000000000 D=0000000000001000 E=0000000000000000
FA=0000 [0000000000000000] KR=0100 [0000000100000000] EXT=00 COND=1 IDLE=1 IO=0000000000000000
FB=0840 [0000100001000000] SR=0000 R5=0 ROM=0000.0 PREG=0 RAMOP=- RAMREG=090 ROMOP=- ROMREG=13

0640 1BCF BRC 0459 -1E7
A=0000000000000000 B=0000000000030000 C=0000000000000000 D=0000000000001000 E=0000000000000000
FA=0000 [0000000000000000] KR=0100 [0000000100000000] EXT=00 COND=1 IDLE=1 IO=0000000000000000
FB=0840 [0000100001000000] SR=0000 R5=0 ROM=0000.0 PREG=0 RAMOP=- RAMREG=090 ROMOP=- ROMREG=13

0459 0A80 WAIT D8
A=0000000000000000 B=0000000000030000 C=0000000000000000 D=0000000000001000 E=0000000000000000
FA=0000 [0000000000000000] KR=0100 [0000000100000000] EXT=00 COND=1 IDLE=1 IO=0000000000000000
FB=0840 [0000100001000000] SR=0000 R5=0 ROM=0000.0 PREG=0 RAMOP=- RAMREG=090 ROMOP=- ROMREG=13

045A 0A0B ?BUSY
A=0000000000000000 B=0000000000030000 C=0000000000000000 D=0000000000001000 E=0000000000000000
FA=0000 [0000000000000000] KR=0100 [0000000100000000] EXT=00 COND=1 IDLE=1 IO=0000000000000000
FB=0840 [0000100001000000] SR=0000 R5=0 ROM=0000.0 PREG=0 RAMOP=- RAMREG=090 ROMOP=- ROMREG=13

045B 13CC BRNC 0641 +1E6
A=0000000000000000 B=0000000000030000 C=0000000000000000 D=0000000000001000 E=0000000000000000
FA=0000 [0000000000000000] KR=0100 [0000000100000000] EXT=00 COND=0 IDLE=1 IO=0000000000000000
FB=0840 [0000100001000000] SR=0000 R5=0 ROM=0000.0 PREG=0 RAMOP=- RAMREG=090 ROMOP=- ROMREG=13

0641 0098 ?TFB 9
A=0000000000000000 B=0000000000030000 C=0000000000000000 D=0000000000001000 E=0000000000000000
FA=0000 [0000000000000000] KR=0100 [0000000100000000] EXT=00 COND=1 IDLE=1 IO=0000000000000000
FB=0840 [0000100001000000] SR=0000 R5=0 ROM=0000.0 PREG=0 RAMOP=- RAMREG=090 ROMOP=- ROMREG=13

0642 1828 BRC 0656 +014
A=0000000000000000 B=0000000000030000 C=0000000000000000 D=0000000000001000 E=0000000000000000
FA=0000 [0000000000000000] KR=0100 [0000000100000000] EXT=00 COND=1 IDLE=1 IO=0000000000000000
FB=0840 [0000100001000000] SR=0000 R5=0 ROM=0000.0 PREG=0 RAMOP=- RAMREG=090 ROMOP=- ROMREG=13

0656 0AE0 WAIT D14
A=0000000000000000 B=0000000000030000 C=0000000000000000 D=0000000000001000 E=0000000000000000
FA=0000 [0000000000000000] KR=0100 [0000000100000000] EXT=00 COND=1 IDLE=1 IO=0000000000000000
FB=0840 [0000100001000000] SR=0000 R5=0 ROM=0000.0 PREG=0 RAMOP=- RAMREG=090 ROMOP=- ROMREG=13

0657 0820 ?KEY 20
A=0000000000000000 B=0000000000030000 C=0000000000000000 D=0000000000001000 E=0000000000000000
FA=0000 [0000000000000000] KR=0100 [0000000100000000] EXT=00 COND=1 IDLE=1 IO=0000000000000000
FB=0840 [0000100001000000] SR=0000 R5=0 ROM=0000.0 PREG=0 RAMOP=- RAMREG=090 ROMOP=- ROMREG=13

0658 1839 BRC 063C -01C
A=0000000000000000 B=0000000000030000 C=0000000000000000 D=0000000000001000 E=0000000000000000
FA=0000 [0000000000000000] KR=0100 [0000000100000000] EXT=00 COND=1 IDLE=1 IO=0000000000000000
FB=0840 [0000100001000000] SR=0000 R5=0 ROM=0000.0 PREG=0 RAMOP=- RAMREG=090 ROMOP=- ROMREG=13

063C 00C8 ?TFB 12
A=0000000000000000 B=0000000000030000 C=0000000000000000 D=0000000000001000 E=0000000000000000
FA=0000 [0000000000000000] KR=0100 [0000000100000000] EXT=00 COND=1 IDLE=1 IO=0000000000000000
FB=0840 [0000100001000000] SR=0000 R5=0 ROM=0000.0 PREG=0 RAMOP=- RAMREG=090 ROMOP=- ROMREG=13

063D 00A8 ?TFB 10
A=0000000000000000 B=0000000000030000 C=0000000000000000 D=0000000000001000 E=0000000000000000
FA=0000 [0000000000000000] KR=0100 [0000000100000000] EXT=00 COND=1 IDLE=1 IO=0000000000000000
FB=0840 [0000100001000000] SR=0000 R5=0 ROM=0000.0 PREG=0 RAMOP=- RAMREG=090 ROMOP=- ROMREG=13

063E 0AB0 WAIT D11
A=0000000000000000 B=0000000000030000 C=0000000000000000 D=0000000000001000 E=0000000000000000
FA=0000 [0000000000000000] KR=0100 [0000000100000000] EXT=00 COND=1 IDLE=1 IO=0000000000000000
FB=0840 [0000100001000000] SR=0000 R5=0 ROM=0000.0 PREG=0 RAMOP=- RAMREG=090 ROMOP=- ROMREG=13

063F 0A0B ?BUSY
A=0000000000000000 B=0000000000030000 C=0000000000000000 D=0000000000001000 E=0000000000000000
FA=0000 [0000000000000000] KR=0100 [0000000100000000] EXT=00 COND=1 IDLE=1 IO=0000000000000000
FB=0840 [0000100001000000] SR=0000 R5=0 ROM=0000.0 PREG=0 RAMOP=- RAMREG=090 ROMOP=- ROMREG=13

0640 1BCF BRC 0459 -1E7
A=0000000000000000 B=0000000000030000 C=0000000000000000 D=0000000000001000 E=0000000000000000
FA=0000 [0000000000000000] KR=0100 [0000000100000000] EXT=00 COND=1 IDLE=1 IO=0000000000000000
FB=0840 [0000100001000000] SR=0000 R5=0 ROM=0000.0 PREG=0 RAMOP=- RAMREG=090 ROMOP=- ROMREG=13

0459 0A80 WAIT D8
A=0000000000000000 B=0000000000030000 C=0000000000000000 D=0000000000001000 E=0000000000000000
FA=0000 [0000000000000000] KR=0100 [0000000100000000] EXT=00 COND=1 IDLE=1 IO=0000000000000000
FB=0840 [0000100001000000] SR=0000 R5=0 ROM=0000.0 PREG=0 RAMOP=- RAMREG=090 ROMOP=- ROMREG=13

045A 0A0B ?BUSY
A=0000000000000000 B=0000000000030000 C=0000000000000000 D=0000000000001000 E=0000000000000000
FA=0000 [0000000000000000] KR=0100 [0000000100000000] EXT=00 COND=1 IDLE=1 IO=0000000000000000
FB=0840 [0000100001000000] SR=0000 R5=0 ROM=0000.0 PREG=0 RAMOP=- RAMREG=090 ROMOP=- ROMREG=13

045B 13CC BRNC 0641 +1E6
A=0000000000000000 B=0000000000030000 C=0000000000000000 D=0000000000001000 E=0000000000000000
FA=0000 [0000000000000000] KR=0100 [0000000100000000] EXT=00 COND=0 IDLE=1 IO=0000000000000000
FB=0840 [0000100001000000] SR=0000 R5=0 ROM=0000.0 PREG=0 RAMOP=- RAMREG=090 ROMOP=- ROMREG=13

0641 0098 ?TFB 9
A=0000000000000000 B=0000000000030000 C=0000000000000000 D=0000000000001000 E=0000000000000000
FA=0000 [0000000000000000] KR=0100 [0000000100000000] EXT=00 COND=1 IDLE=1 IO=0000000000000000
FB=0840 [0000100001000000] SR=0000 R5=0 ROM=0000.0 PREG=0 RAMOP=- RAMREG=090 ROMOP=- ROMREG=13

0642 1828 BRC 0656 +014
A=0000000000000000 B=0000000000030000 C=0000000000000000 D=0000000000001000 E=0000000000000000
FA=0000 [0000000000000000] KR=0100 [0000000100000000] EXT=00 COND=1 IDLE=1 IO=0000000000000000
FB=0840 [0000100001000000] SR=0000 R5=0 ROM=0000.0 PREG=0 RAMOP=- RAMREG=090 ROMOP=- ROMREG=13

0656 0AE0 WAIT D14
A=0000000000000000 B=0000000000030000 C=0000000000000000 D=0000000000001000 E=0000000000000000
FA=0000 [0000000000000000] KR=0100 [0000000100000000] EXT=00 COND=1 IDLE=1 IO=0000000000000000
FB=0840 [0000100001000000] SR=0000 R5=0 ROM=0000.0 PREG=0 RAMOP=- RAMREG=090 ROMOP=- ROMREG=13

0657 0820 ?KEY 20
A=0000000000000000 B=0000000000030000 C=0000000000000000 D=0000000000001000 E=0000000000000000
FA=0000 [0000000000000000] KR=0100 [0000000100000000] EXT=00 COND=1 IDLE=1 IO=0000000000000000
FB=0840 [0000100001000000] SR=0000 R5=0 ROM=0000.0 PREG=0 RAMOP=- RAMREG=090 ROMOP=- ROMREG=13

0658 1839 BRC 063C -01C
A=0000000000000000 B=0000000000030000 C=0000000000000000 D=0000000000001000 E=0000000000000000
FA=0000 [0000000000000000] KR=0100 [0000000100000000] EXT=00 COND=1 IDLE=1 IO=0000000000000000
FB=0840 [0000100001000000] SR=0000 R5=0 ROM=0000.0 PREG=0 RAMOP=- RAMREG=090 ROMOP=- ROMREG=13

063C 00C8 ?TFB 12
A=0000000000000000 B=0000000000030000 C=0000000000000000 D=0000000000001000 E=0000000000000000
FA=0000 [0000000000000000] KR=0100 [0000000100000000] EXT=00 COND=1 IDLE=1 IO=0000000000000000
FB=0840 [0000100001000000] SR=0000 R5=0 ROM=0000.0 PREG=0 RAMOP=- RAMREG=090 ROMOP=- ROMREG=13

063D 00A8 ?TFB 10
A=0000000000000000 B=0000000000030000 C=0000000000000000 D=0000000000001000 E=0000000000000000
FA=0000 [0000000000000000] KR=0100 [0000000100000000] EXT=00 COND=1 IDLE=1 IO=0000000000000000
FB=0840 [0000100001000000] SR=0000 R5=0 ROM=0000.0 PREG=0 RAMOP=- RAMREG=090 ROMOP=- ROMREG=13

063E 0AB0 WAIT D11
A=0000000000000000 B=0000000000030000 C=0000000000000000 D=0000000000001000 E=0000000000000000
FA=0000 [0000000000000000] KR=0100 [0000000100000000] EXT=00 COND=1 IDLE=1 IO=0000000000000000
FB=0840 [0000100001000000] SR=0000 R5=0 ROM=0000.0 PREG=0 RAMOP=- RAMREG=090 ROMOP=- ROMREG=13

063F 0A0B ?BUSY
A=0000000000000000 B=0000000000030000 C=0000000000000000 D=0000000000001000 E=0000000000000000
FA=0000 [0000000000000000] KR=0100 [0000000100000000] EXT=00 COND=1 IDLE=1 IO=0000000000000000
FB=0840 [0000100001000000] SR=0000 R5=0 ROM=0000.0 PREG=0 RAMOP=- RAMREG=090 ROMOP=- ROMREG=13

0640 1BCF BRC 0459 -1E7
A=0000000000000000 B=0000000000030000 C=0000000000000000 D=0000000000001000 E=0000000000000000
FA=0000 [0000000000000000] KR=0100 [0000000100000000] EXT=00 COND=1 IDLE=1 IO=0000000000000000
FB=0840 [0000100001000000] SR=0000 R5=0 ROM=0000.0 PREG=0 RAMOP=- RAMREG=090 ROMOP=- ROMREG=13

0459 0A80 WAIT D8
A=0000000000000000 B=0000000000030000 C=0000000000000000 D=0000000000001000 E=0000000000000000
FA=0000 [0000000000000000] KR=0100 [0000000100000000] EXT=00 COND=1 IDLE=1 IO=0000000000000000
FB=0840 [0000100001000000] SR=0000 R5=0 ROM=0000.0 PREG=0 RAMOP=- RAMREG=090 ROMOP=- ROMREG=13

045A 0A0B ?BUSY
A=0000000000000000 B=0000000000030000 C=0000000000000000 D=0000000000001000 E=0000000000000000
FA=0000 [0000000000000000] KR=0100 [0000000100000000] EXT=00 COND=1 IDLE=1 IO=0000000000000000
FB=0840 [0000100001000000] SR=0000 R5=0 ROM=0000.0 PREG=0 RAMOP=- RAMREG=090 ROMOP=- ROMREG=13

045B 13CC BRNC 0641 +1E6
A=0000000000000000 B=0000000000030000 C=0000000000000000 D=0000000000001000 E=0000000000000000
FA=0000 [0000000000000000] KR=0100 [0000000100000000] EXT=00 COND=0 IDLE=1 IO=0000000000000000
FB=0840 [0000100001000000] SR=0000 R5=0 ROM=0000.0 PREG=0 RAMOP=- RAMREG=090 ROMOP=- ROMREG=13

0641 0098 ?TFB 9
A=0000000000000000 B=0000000000030000 C=0000000000000000 D=0000000000001000 E=0000000000000000
FA=0000 [0000000000000000] KR=0100 [0000000100000000] EXT=00 COND=1 IDLE=1 IO=0000000000000000
FB=0840 [0000100001000000] SR=0000 R5=0 ROM=0000.0 PREG=0 RAMOP=- RAMREG=090 ROMOP=- ROMREG=13

0642 1828 BRC 0656 +014
A=0000000000000000 B=0000000000030000 C=0000000000000000 D=0000000000001000 E=0000000000000000
FA=0000 [0000000000000000] KR=0100 [0000000100000000] EXT=00 COND=1 IDLE=1 IO=0000000000000000
FB=0840 [0000100001000000] SR=0000 R5=0 ROM=0000.0 PREG=0 RAMOP=- RAMREG=090 ROMOP=- ROMREG=13

0656 0AE0 WAIT D14
A=0000000000000000 B=0000000000030000 C=0000000000000000 D=0000000000001000 E=0000000000000000
FA=0000 [0000000000000000] KR=0100 [0000000100000000] EXT=00 COND=1 IDLE=1 IO=0000000000000000
FB=0840 [0000100001000000] SR=0000 R5=0 ROM=0000.0 PREG=0 RAMOP=- RAMREG=090 ROMOP=- ROMREG=13

0657 0820 ?KEY 20
A=0000000000000000 B=0000000000030000 C=0000000000000000 D=0000000000001000 E=0000000000000000
FA=0000 [0000000000000000] KR=0100 [0000000100000000] EXT=00 COND=1 IDLE=1 IO=0000000000000000
FB=0840 [0000100001000000] SR=0000 R5=0 ROM=0000.0 PREG=0 RAMOP=- RAMREG=090 ROMOP=- ROMREG=13

0658 1839 BRC 063C -01C
A=0000000000000000 B=0000000000030000 C=0000000000000000 D=0000000000001000 E=0000000000000000
FA=0000 [0000000000000000] KR=0100 [0000000100000000] EXT=00 COND=1 IDLE=1 IO=0000000000000000
FB=0840 [0000100001000000] SR=0000 R5=0 ROM=0000.0 PREG=0 RAMOP=- RAMREG=090 ROMOP=- ROMREG=13

063C 00C8 ?TFB 12
A=0000000000000000 B=0000000000030000 C=0000000000000000 D=0000000000001000 E=0000000000000000
FA=0000 [0000000000000000] KR=0100 [0000000100000000] EXT=00 COND=1 IDLE=1 IO=0000000000000000
FB=0840 [0000100001000000] SR=0000 R5=0 ROM=0000.0 PREG=0 RAMOP=- RAMREG=090 ROMOP=- ROMREG=13

063D 00A8 ?TFB 10
A=0000000000000000 B=0000000000030000 C=0000000000000000 D=0000000000001000 E=0000000000000000
FA=0000 [0000000000000000] KR=0100 [0000000100000000] EXT=00 COND=1 IDLE=1 IO=0000000000000000
FB=0840 [0000100001000000] SR=0000 R5=0 ROM=0000.0 PREG=0 RAMOP=- RAMREG=090 ROMOP=- ROMREG=13

063E 0AB0 WAIT D11
A=0000000000000000 B=0000000000030000 C=0000000000000000 D=0000000000001000 E=0000000000000000
FA=0000 [0000000000000000] KR=0100 [0000000100000000] EXT=00 COND=1 IDLE=1 IO=0000000000000000
FB=0840 [0000100001000000] SR=0000 R5=0 ROM=0000.0 PREG=0 RAMOP=- RAMREG=090 ROMOP=- ROMREG=13

063F 0A0B ?BUSY
A=0000000000000000 B=0000000000030000 C=0000000000000000 D=0000000000001000 E=0000000000000000
FA=0000 [0000000000000000] KR=0100 [0000000100000000] EXT=00 COND=1 IDLE=1 IO=0000000000000000
FB=0840 [0000100001000000] SR=0000 R5=0 ROM=0000.0 PREG=0 RAMOP=- RAMREG=090 ROMOP=- ROMREG=13

0640 1BCF BRC 0459 -1E7
A=0000000000000000 B=0000000000030000 C=0000000000000000 D=0000000000001000 E=0000000000000000
FA=0000 [0000000000000000] KR=0100 [0000000100000000] EXT=00 COND=1 IDLE=1 IO=0000000000000000
FB=0840 [0000100001000000] SR=0000 R5=0 ROM=0000.0 PREG=0 RAMOP=- RAMREG=090 ROMOP=- ROMREG=13

0459 0A80 WAIT D8
A=0000000000000000 B=0000000000030000 C=0000000000000000 D=0000000000001000 E=0000000000000000
FA=0000 [0000000000000000] KR=0100 [0000000100000000] EXT=00 COND=1 IDLE=1 IO=0000000000000000
FB=0840 [0000100001000000] SR=0000 R5=0 ROM=0000.0 PREG=0 RAMOP=- RAMREG=090 ROMOP=- ROMREG=13

045A 0A0B ?BUSY
A=0000000000000000 B=0000000000030000 C=0000000000000000 D=0000000000001000 E=0000000000000000
FA=0000 [0000000000000000] KR=0100 [0000000100000000] EXT=00 COND=1 IDLE=1 IO=0000000000000000
FB=0840 [0000100001000000] SR=0000 R5=0 ROM=0000.0 PREG=0 RAMOP=- RAMREG=090 ROMOP=- ROMREG=13

045B 13CC BRNC 0641 +1E6
A=0000000000000000 B=0000000000030000 C=0000000000000000 D=0000000000001000 E=0000000000000000
FA=0000 [0000000000000000] KR=0100 [0000000100000000] EXT=00 COND=0 IDLE=1 IO=0000000000000000
FB=0840 [0000100001000000] SR=0000 R5=0 ROM=0000.0 PREG=0 RAMOP=- RAMREG=090 ROMOP=- ROMREG=13

0641 0098 ?TFB 9
A=0000000000000000 B=0000000000030000 C=0000000000000000 D=0000000000001000 E=0000000000000000
FA=0000 [0000000000000000] KR=0100 [0000000100000000] EXT=00 COND=1 IDLE=1 IO=0000000000000000
FB=0840 [0000100001000000] SR=0000 R5=0 ROM=0000.0 PREG=0 RAMOP=- RAMREG=090 ROMOP=- ROMREG=13

0642 1828 BRC 0656 +014
A=0000000000000000 B=0000000000030000 C=0000000000000000 D=0000000000001000 E=0000000000000000
FA=0000 [0000000000000000] KR=0100 [0000000100000000] EXT=00 COND=1 IDLE=1 IO=0000000000000000
FB=0840 [0000100001000000] SR=0000 R5=0 ROM=0000.0 PREG=0 RAMOP=- RAMREG=090 ROMOP=- ROMREG=13

0656 0AE0 WAIT D14
A=0000000000000000 B=0000000000030000 C=0000000000000000 D=0000000000001000 E=0000000000000000
FA=0000 [0000000000000000] KR=0100 [0000000100000000] EXT=00 COND=1 IDLE=1 IO=0000000000000000
FB=0840 [0000100001000000] SR=0000 R5=0 ROM=0000.0 PREG=0 RAMOP=- RAMREG=090 ROMOP=- ROMREG=13

0657 0820 ?KEY 20
A=0000000000000000 B=0000000000030000 C=0000000000000000 D=0000000000001000 E=0000000000000000
FA=0000 [0000000000000000] KR=0100 [0000000100000000] EXT=00 COND=1 IDLE=1 IO=0000000000000000
FB=0840 [0000100001000000] SR=0000 R5=0 ROM=0000.0 PREG=0 RAMOP=- RAMREG=090 ROMOP=- ROMREG=13

0658 1839 BRC 063C -01C
A=0000000000000000 B=0000000000030000 C=0000000000000000 D=0000000000001000 E=0000000000000000
FA=0000 [0000000000000000] KR=0100 [0000000100000000] EXT=00 COND=1 IDLE=1 IO=0000000000000000
FB=0840 [0000100001000000] SR=0000 R5=0 ROM=0000.0 PREG=0 RAMOP=- RAMREG=090 ROMOP=- ROMREG=13

063C 00C8 ?TFB 12
A=0000000000000000 B=0000000000030000 C=0000000000000000 D=0000000000001000 E=0000000000000000
FA=0000 [0000000000000000] KR=0100 [0000000100000000] EXT=00 COND=1 IDLE=1 IO=0000000000000000
FB=0840 [0000100001000000] SR=0000 R5=0 ROM=0000.0 PREG=0 RAMOP=- RAMREG=090 ROMOP=- ROMREG=13

063D 00A8 ?TFB 10
A=0000000000000000 B=0000000000030000 C=0000000000000000 D=0000000000001000 E=0000000000000000
FA=0000 [0000000000000000] KR=0100 [0000000100000000] EXT=00 COND=1 IDLE=1 IO=0000000000000000
FB=0840 [0000100001000000] SR=0000 R5=0 ROM=0000.0 PREG=0 RAMOP=- RAMREG=090 ROMOP=- ROMREG=13

063E 0AB0 WAIT D11
A=0000000000000000 B=0000000000030000 C=0000000000000000 D=0000000000001000 E=0000000000000000
FA=0000 [0000000000000000] KR=0100 [0000000100000000] EXT=00 COND=1 IDLE=1 IO=0000000000000000
FB=0840 [0000100001000000] SR=0000 R5=0 ROM=0000.0 PREG=0 RAMOP=- RAMREG=090 ROMOP=- ROMREG=13

063F 0A0B ?BUSY
A=0000000000000000 B=0000000000030000 C=0000000000000000 D=0000000000001000 E=0000000000000000
FA=0000 [0000000000000000] KR=0100 [0000000100000000] EXT=00 COND=1 IDLE=1 IO=0000000000000000
FB=0840 [0000100001000000] SR=0000 R5=0 ROM=0000.0 PREG=0 RAMOP=- RAMREG=090 ROMOP=- ROMREG=13

0640 1BCF BRC 0459 -1E7
A=0000000000000000 B=0000000000030000 C=0000000000000000 D=0000000000001000 E=0000000000000000
FA=0000 [0000000000000000] KR=0100 [0000000100000000] EXT=00 COND=1 IDLE=1 IO=0000000000000000
FB=0840 [0000100001000000] SR=0000 R5=0 ROM=0000.0 PREG=0 RAMOP=- RAMREG=090 ROMOP=- ROMREG=13

0459 0A80 WAIT D8
A=0000000000000000 B=0000000000030000 C=0000000000000000 D=0000000000001000 E=0000000000000000
FA=0000 [0000000000000000] KR=0100 [0000000100000000] EXT=00 COND=1 IDLE=1 IO=0000000000000000
FB=0840 [0000100001000000] SR=0000 R5=0 ROM=0000.0 PREG=0 RAMOP=- RAMREG=090 ROMOP=- ROMREG=13

045A 0A0B ?BUSY
A=0000000000000000 B=0000000000030000 C=0000000000000000 D=0000000000001000 E=0000000000000000
FA=0000 [0000000000000000] KR=0100 [0000000100000000] EXT=00 COND=1 IDLE=1 IO=0000000000000000
FB=0840 [0000100001000000] SR=0000 R5=0 ROM=0000.0 PREG=0 RAMOP=- RAMREG=090 ROMOP=- ROMREG=13

045B 13CC BRNC 0641 +1E6
A=0000000000000000 B=0000000000030000 C=0000000000000000 D=0000000000001000 E=0000000000000000
FA=0000 [0000000000000000] KR=0100 [0000000100000000] EXT=00 COND=0 IDLE=1 IO=0000000000000000
FB=0840 [0000100001000000] SR=0000 R5=0 ROM=0000.0 PREG=0 RAMOP=- RAMREG=090 ROMOP=- ROMREG=13

0641 0098 ?TFB 9
A=0000000000000000 B=0000000000030000 C=0000000000000000 D=0000000000001000 E=0000000000000000
FA=0000 [0000000000000000] KR=0100 [0000000100000000] EXT=00 COND=1 IDLE=1 IO=0000000000000000
FB=0840 [0000100001000000] SR=0000 R5=0 ROM=0000.0 PREG=0 RAMOP=- RAMREG=090 ROMOP=- ROMREG=13

0642 1828 BRC 0656 +014
A=0000000000000000 B=0000000000030000 C=0000000000000000 D=0000000000001000 E=0000000000000000
FA=0000 [0000000000000000] KR=0100 [0000000100000000] EXT=00 COND=1 IDLE=1 IO=0000000000000000
FB=0840 [0000100001000000] SR=0000 R5=0 ROM=0000.0 PREG=0 RAMOP=- RAMREG=090 ROMOP=- ROMREG=13

0656 0AE0 WAIT D14
A=0000000000000000 B=0000000000030000 C=0000000000000000 D=0000000000001000 E=0000000000000000
FA=0000 [0000000000000000] KR=0100 [0000000100000000] EXT=00 COND=1 IDLE=1 IO=0000000000000000
FB=0840 [0000100001000000] SR=0000 R5=0 ROM=0000.0 PREG=0 RAMOP=- RAMREG=090 ROMOP=- ROMREG=13

0657 0820 ?KEY 20
A=0000000000000000 B=0000000000030000 C=0000000000000000 D=0000000000001000 E=0000000000000000
FA=0000 [0000000000000000] KR=0100 [0000000100000000] EXT=00 COND=1 IDLE=1 IO=0000000000000000
FB=0840 [0000100001000000] SR=0000 R5=0 ROM=0000.0 PREG=0 RAMOP=- RAMREG=090 ROMOP=- ROMREG=13

0658 1839 BRC 063C -01C
A=0000000000000000 B=0000000000030000 C=0000000000000000 D=0000000000001000 E=0000000000000000
FA=0000 [0000000000000000] KR=0100 [0000000100000000] EXT=00 COND=1 IDLE=1 IO=0000000000000000
FB=0840 [0000100001000000] SR=0000 R5=0 ROM=0000.0 PREG=0 RAMOP=- RAMREG=090 ROMOP=- ROMREG=13

063C 00C8 ?TFB 12
A=0000000000000000 B=0000000000030000 C=0000000000000000 D=0000000000001000 E=0000000000000000
FA=0000 [0000000000000000] KR=0100 [0000000100000000] EXT=00 COND=1 IDLE=1 IO=0000000000000000
FB=0840 [0000100001000000] SR=0000 R5=0 ROM=0000.0 PREG=0 RAMOP=- RAMREG=090 ROMOP=- ROMREG=13

063D 00A8 ?TFB 10
A=0000000000000000 B=0000000000030000 C=0000000000000000 D=0000000000001000 E=0000000000000000
FA=0000 [0000000000000000] KR=0100 [0000000100000000] EXT=00 COND=1 IDLE=1 IO=0000000000000000
FB=0840 [0000100001000000] SR=0000 R5=0 ROM=0000.0 PREG=0 RAMOP=- RAMREG=090 ROMOP=- ROMREG=13

063E 0AB0 WAIT D11
A=0000000000000000 B=0000000000030000 C=0000000000000000 D=0000000000001000 E=0000000000000000
FA=0000 [0000000000000000] KR=0100 [0000000100000000] EXT=00 COND=1 IDLE=1 IO=0000000000000000
FB=0840 [0000100001000000] SR=0000 R5=0 ROM=0000.0 PREG=0 RAMOP=- RAMREG=090 ROMOP=- ROMREG=13

063F 0A0B ?BUSY
A=0000000000000000 B=0000000000030000 C=0000000000000000 D=0000000000001000 E=0000000000000000
FA=0000 [0000000000000000] KR=0100 [0000000100000000] EXT=00 COND=1 IDLE=1 IO=0000000000000000
FB=0840 [0000100001000000] SR=0000 R5=0 ROM=0000.0 PREG=0 RAMOP=- RAMREG=090 ROMOP=- ROMREG=13

0640 1BCF BRC 0459 -1E7
A=0000000000000000 B=0000000000030000 C=0000000000000000 D=0000000000001000 E=0000000000000000
FA=0000 [0000000000000000] KR=0100 [0000000100000000] EXT=00 COND=1 IDLE=1 IO=0000000000000000
FB=0840 [0000100001000000] SR=0000 R5=0 ROM=0000.0 PREG=0 RAMOP=- RAMREG=090 ROMOP=- ROMREG=13

0459 0A80 WAIT D8
A=0000000000000000 B=0000000000030000 C=0000000000000000 D=0000000000001000 E=0000000000000000
FA=0000 [0000000000000000] KR=0100 [0000000100000000] EXT=00 COND=1 IDLE=1 IO=0000000000000000
FB=0840 [0000100001000000] SR=0000 R5=0 ROM=0000.0 PREG=0 RAMOP=- RAMREG=090 ROMOP=- ROMREG=13

045A 0A0B ?BUSY
A=0000000000000000 B=0000000000030000 C=0000000000000000 D=0000000000001000 E=0000000000000000
FA=0000 [0000000000000000] KR=0100 [0000000100000000] EXT=00 COND=1 IDLE=1 IO=0000000000000000
FB=0840 [0000100001000000] SR=0000 R5=0 ROM=0000.0 PREG=0 RAMOP=- RAMREG=090 ROMOP=- ROMREG=13

045B 13CC BRNC 0641 +1E6
A=0000000000000000 B=0000000000030000 C=0000000000000000 D=0000000000001000 E=0000000000000000
FA=0000 [0000000000000000] KR=0100 [0000000100000000] EXT=00 COND=0 IDLE=1 IO=0000000000000000
FB=0840 [0000100001000000] SR=0000 R5=0 ROM=0000.0 PREG=0 RAMOP=- RAMREG=090 ROMOP=- ROMREG=13

0641 0098 ?TFB 9
A=0000000000000000 B=0000000000030000 C=0000000000000000 D=0000000000001000 E=0000000000000000
FA=0000 [0000000000000000] KR=0100 [0000000100000000] EXT=00 COND=1 IDLE=1 IO=0000000000000000
FB=0840 [0000100001000000] SR=0000 R5=0 ROM=0000.0 PREG=0 RAMOP=- RAMREG=090 ROMOP=- ROMREG=13

0642 1828 BRC 0656 +014
A=0000000000000000 B=0000000000030000 C=0000000000000000 D=0000000000001000 E=0000000000000000
FA=0000 [0000000000000000] KR=0100 [0000000100000000] EXT=00 COND=1 IDLE=1 IO=0000000000000000
FB=0840 [0000100001000000] SR=0000 R5=0 ROM=0000.0 PREG=0 RAMOP=- RAMREG=090 ROMOP=- ROMREG=13

0656 0AE0 WAIT D14
A=0000000000000000 B=0000000000030000 C=0000000000000000 D=0000000000001000 E=0000000000000000
FA=0000 [0000000000000000] KR=0100 [0000000100000000] EXT=00 COND=1 IDLE=1 IO=0000000000000000
FB=0840 [0000100001000000] SR=0000 R5=0 ROM=0000.0 PREG=0 RAMOP=- RAMREG=090 ROMOP=- ROMREG=13

0657 0820 ?KEY 20
A=0000000000000000 B=0000000000030000 C=0000000000000000 D=0000000000001000 E=0000000000000000
FA=0000 [0000000000000000] KR=0100 [0000000100000000] EXT=00 COND=1 IDLE=1 IO=0000000000000000
FB=0840 [0000100001000000] SR=0000 R5=0 ROM=0000.0 PREG=0 RAMOP=- RAMREG=090 ROMOP=- ROMREG=13

0658 1839 BRC 063C -01C
A=0000000000000000 B=0000000000030000 C=0000000000000000 D=0000000000001000 E=0000000000000000
FA=0000 [0000000000000000] KR=0100 [0000000100000000] EXT=00 COND=1 IDLE=1 IO=0000000000000000
FB=0840 [0000100001000000] SR=0000 R5=0 ROM=0000.0 PREG=0 RAMOP=- RAMREG=090 ROMOP=- ROMREG=13

063C 00C8 ?TFB 12
A=0000000000000000 B=0000000000030000 C=0000000000000000 D=0000000000001000 E=0000000000000000
FA=0000 [0000000000000000] KR=0100 [0000000100000000] EXT=00 COND=1 IDLE=1 IO=0000000000000000
FB=0840 [0000100001000000] SR=0000 R5=0 ROM=0000.0 PREG=0 RAMOP=- RAMREG=090 ROMOP=- ROMREG=13

063D 00A8 ?TFB 10
A=0000000000000000 B=0000000000030000 C=0000000000000000 D=0000000000001000 E=0000000000000000
FA=0000 [0000000000000000] KR=0100 [0000000100000000] EXT=00 COND=1 IDLE=1 IO=0000000000000000
FB=0840 [0000100001000000] SR=0000 R5=0 ROM=0000.0 PREG=0 RAMOP=- RAMREG=090 ROMOP=- ROMREG=13

063E 0AB0 WAIT D11
A=0000000000000000 B=0000000000030000 C=0000000000000000 D=0000000000001000 E=0000000000000000
FA=0000 [0000000000000000] KR=0100 [0000000100000000] EXT=00 COND=1 IDLE=1 IO=0000000000000000
FB=0840 [0000100001000000] SR=0000 R5=0 ROM=0000.0 PREG=0 RAMOP=- RAMREG=090 ROMOP=- ROMREG=13

063F 0A0B ?BUSY
A=0000000000000000 B=0000000000030000 C=0000000000000000 D=0000000000001000 E=0000000000000000
FA=0000 [0000000000000000] KR=0100 [0000000100000000] EXT=00 COND=1 IDLE=1 IO=0000000000000000
FB=0840 [0000100001000000] SR=0000 R5=0 ROM=0000.0 PREG=0 RAMOP=- RAMREG=090 ROMOP=- ROMREG=13

0640 1BCF BRC 0459 -1E7
A=0000000000000000 B=0000000000030000 C=0000000000000000 D=0000000000001000 E=0000000000000000
FA=0000 [0000000000000000] KR=0100 [0000000100000000] EXT=00 COND=1 IDLE=1 IO=0000000000000000
FB=0840 [0000100001000000] SR=0000 R5=0 ROM=0000.0 PREG=0 RAMOP=- RAMREG=090 ROMOP=- ROMREG=13

0459 0A80 WAIT D8
A=0000000000000000 B=0000000000030000 C=0000000000000000 D=0000000000001000 E=0000000000000000
FA=0000 [0000000000000000] KR=0100 [0000000100000000] EXT=00 COND=1 IDLE=1 IO=0000000000000000
FB=0840 [0000100001000000] SR=0000 R5=0 ROM=0000.0 PREG=0 RAMOP=- RAMREG=090 ROMOP=- ROMREG=13

045A 0A0B ?BUSY
A=0000000000000000 B=0000000000030000 C=0000000000000000 D=0000000000001000 E=0000000000000000
FA=0000 [0000000000000000] KR=0100 [0000000100000000] EXT=00 COND=1 IDLE=1 IO=0000000000000000
FB=0840 [0000100001000000] SR=0000 R5=0 ROM=0000.0 PREG=0 RAMOP=- RAMREG=090 ROMOP=- ROMREG=13

045B 13CC BRNC 0641 +1E6
A=0000000000000000 B=0000000000030000 C=0000000000000000 D=0000000000001000 E=0000000000000000
FA=0000 [0000000000000000] KR=0100 [0000000100000000] EXT=00 COND=0 IDLE=1 IO=0000000000000000
FB=0840 [0000100001000000] SR=0000 R5=0 ROM=0000.0 PREG=0 RAMOP=- RAMREG=090 ROMOP=- ROMREG=13

0641 0098 ?TFB 9
A=0000000000000000 B=0000000000030000 C=0000000000000000 D=0000000000001000 E=0000000000000000
FA=0000 [0000000000000000] KR=0100 [0000000100000000] EXT=00 COND=1 IDLE=1 IO=0000000000000000
FB=0840 [0000100001000000] SR=0000 R5=0 ROM=0000.0 PREG=0 RAMOP=- RAMREG=090 ROMOP=- ROMREG=13

0642 1828 BRC 0656 +014
A=0000000000000000 B=0000000000030000 C=0000000000000000 D=0000000000001000 E=0000000000000000
FA=0000 [0000000000000000] KR=0100 [0000000100000000] EXT=00 COND=1 IDLE=1 IO=0000000000000000
FB=0840 [0000100001000000] SR=0000 R5=0 ROM=0000.0 PREG=0 RAMOP=- RAMREG=090 ROMOP=- ROMREG=13

0656 0AE0 WAIT D14
A=0000000000000000 B=0000000000030000 C=0000000000000000 D=0000000000001000 E=0000000000000000
FA=0000 [0000000000000000] KR=0100 [0000000100000000] EXT=00 COND=1 IDLE=1 IO=0000000000000000
FB=0840 [0000100001000000] SR=0000 R5=0 ROM=0000.0 PREG=0 RAMOP=- RAMREG=090 ROMOP=- ROMREG=13

0657 0820 ?KEY 20
A=0000000000000000 B=0000000000030000 C=0000000000000000 D=0000000000001000 E=0000000000000000
FA=0000 [0000000000000000] KR=0100 [0000000100000000] EXT=00 COND=1 IDLE=1 IO=0000000000000000
FB=0840 [0000100001000000] SR=0000 R5=0 ROM=0000.0 PREG=0 RAMOP=- RAMREG=090 ROMOP=- ROMREG=13

0658 1839 BRC 063C -01C
A=0000000000000000 B=0000000000030000 C=0000000000000000 D=0000000000001000 E=0000000000000000
FA=0000 [0000000000000000] KR=0100 [0000000100000000] EXT=00 COND=1 IDLE=1 IO=0000000000000000
FB=0840 [0000100001000000] SR=0000 R5=0 ROM=0000.0 PREG=0 RAMOP=- RAMREG=090 ROMOP=- ROMREG=13

063C 00C8 ?TFB 12
A=0000000000000000 B=0000000000030000 C=0000000000000000 D=0000000000001000 E=0000000000000000
FA=0000 [0000000000000000] KR=0100 [0000000100000000] EXT=00 COND=1 IDLE=1 IO=0000000000000000
FB=0840 [0000100001000000] SR=0000 R5=0 ROM=0000.0 PREG=0 RAMOP=- RAMREG=090 ROMOP=- ROMREG=13

063D 00A8 ?TFB 10
A=0000000000000000 B=0000000000030000 C=0000000000000000 D=0000000000001000 E=0000000000000000
FA=0000 [0000000000000000] KR=0100 [0000000100000000] EXT=00 COND=1 IDLE=1 IO=0000000000000000
FB=0840 [0000100001000000] SR=0000 R5=0 ROM=0000.0 PREG=0 RAMOP=- RAMREG=090 ROMOP=- ROMREG=13

063E 0AB0 WAIT D11
A=0000000000000000 B=0000000000030000 C=0000000000000000 D=0000000000001000 E=0000000000000000
FA=0000 [0000000000000000] KR=0100 [0000000100000000] EXT=00 COND=1 IDLE=1 IO=0000000000000000
FB=0840 [0000100001000000] SR=0000 R5=0 ROM=0000.0 PREG=0 RAMOP=- RAMREG=090 ROMOP=- ROMREG=13

063F 0A0B ?BUSY
A=0000000000000000 B=0000000000030000 C=0000000000000000 D=0000000000001000 E=0000000000000000
FA=0000 [0000000000000000] KR=0100 [0000000100000000] EXT=00 COND=1 IDLE=1 IO=0000000000000000
FB=0840 [0000100001000000] SR=0000 R5=0 ROM=0000.0 PREG=0 RAMOP=- RAMREG=090 ROMOP=- ROMREG=13

0640 1BCF BRC 0459 -1E7
A=0000000000000000 B=0000000000030000 C=0000000000000000 D=0000000000001000 E=0000000000000000
FA=0000 [0000000000000000] KR=0100 [0000000100000000] EXT=00 COND=1 IDLE=1 IO=0000000000000000
FB=0840 [0000100001000000] SR=0000 R5=0 ROM=0000.0 PREG=0 RAMOP=- RAMREG=090 ROMOP=- ROMREG=13

0459 0A80 WAIT D8
A=0000000000000000 B=0000000000030000 C=0000000000000000 D=0000000000001000 E=0000000000000000
FA=0000 [0000000000000000] KR=0100 [0000000100000000] EXT=00 COND=1 IDLE=1 IO=0000000000000000
FB=0840 [0000100001000000] SR=0000 R5=0 ROM=0000.0 PREG=0 RAMOP=- RAMREG=090 ROMOP=- ROMREG=13

045A 0A0B ?BUSY
A=0000000000000000 B=0000000000030000 C=0000000000000000 D=0000000000001000 E=0000000000000000
FA=0000 [0000000000000000] KR=0100 [0000000100000000] EXT=00 COND=1 IDLE=1 IO=0000000000000000
FB=0840 [0000100001000000] SR=0000 R5=0 ROM=0000.0 PREG=0 RAMOP=- RAMREG=090 ROMOP=- ROMREG=13

045B 13CC BRNC 0641 +1E6
A=0000000000000000 B=0000000000030000 C=0000000000000000 D=0000000000001000 E=0000000000000000
FA=0000 [0000000000000000] KR=0100 [0000000100000000] EXT=00 COND=0 IDLE=1 IO=0000000000000000
FB=0840 [0000100001000000] SR=0000 R5=0 ROM=0000.0 PREG=0 RAMOP=- RAMREG=090 ROMOP=- ROMREG=13

0641 0098 ?TFB 9
A=0000000000000000 B=0000000000030000 C=0000000000000000 D=0000000000001000 E=0000000000000000
FA=0000 [0000000000000000] KR=0100 [0000000100000000] EXT=00 COND=1 IDLE=1 IO=0000000000000000
FB=0840 [0000100001000000] SR=0000 R5=0 ROM=0000.0 PREG=0 RAMOP=- RAMREG=090 ROMOP=- ROMREG=13

0642 1828 BRC 0656 +014
A=0000000000000000 B=0000000000030000 C=0000000000000000 D=0000000000001000 E=0000000000000000
FA=0000 [0000000000000000] KR=0100 [0000000100000000] EXT=00 COND=1 IDLE=1 IO=0000000000000000
FB=0840 [0000100001000000] SR=0000 R5=0 ROM=0000.0 PREG=0 RAMOP=- RAMREG=090 ROMOP=- ROMREG=13

0656 0AE0 WAIT D14
A=0000000000000000 B=0000000000030000 C=0000000000000000 D=0000000000001000 E=0000000000000000
FA=0000 [0000000000000000] KR=0100 [0000000100000000] EXT=00 COND=1 IDLE=1 IO=0000000000000000
FB=0840 [0000100001000000] SR=0000 R5=0 ROM=0000.0 PREG=0 RAMOP=- RAMREG=090 ROMOP=- ROMREG=13

0657 0820 ?KEY 20
A=0000000000000000 B=0000000000030000 C=0000000000000000 D=0000000000001000 E=0000000000000000
FA=0000 [0000000000000000] KR=0100 [0000000100000000] EXT=00 COND=1 IDLE=1 IO=0000000000000000
FB=0840 [0000100001000000] SR=0000 R5=0 ROM=0000.0 PREG=0 RAMOP=- RAMREG=090 ROMOP=- ROMREG=13

0658 1839 BRC 063C -01C
A=0000000000000000 B=0000000000030000 C=0000000000000000 D=0000000000001000 E=0000000000000000
FA=0000 [0000000000000000] KR=0100 [0000000100000000] EXT=00 COND=1 IDLE=1 IO=0000000000000000
FB=0840 [0000100001000000] SR=0000 R5=0 ROM=0000.0 PREG=0 RAMOP=- RAMREG=090 ROMOP=- ROMREG=13

063C 00C8 ?TFB 12
A=0000000000000000 B=0000000000030000 C=0000000000000000 D=0000000000001000 E=0000000000000000
FA=0000 [0000000000000000] KR=0100 [0000000100000000] EXT=00 COND=1 IDLE=1 IO=0000000000000000
FB=0840 [0000100001000000] SR=0000 R5=0 ROM=0000.0 PREG=0 RAMOP=- RAMREG=090 ROMOP=- ROMREG=13

063D 00A8 ?TFB 10
A=0000000000000000 B=0000000000030000 C=0000000000000000 D=0000000000001000 E=0000000000000000
FA=0000 [0000000000000000] KR=0100 [0000000100000000] EXT=00 COND=1 IDLE=1 IO=0000000000000000
FB=0840 [0000100001000000] SR=0000 R5=0 ROM=0000.0 PREG=0 RAMOP=- RAMREG=090 ROMOP=- ROMREG=13

063E 0AB0 WAIT D11
A=0000000000000000 B=0000000000030000 C=0000000000000000 D=0000000000001000 E=0000000000000000
FA=0000 [0000000000000000] KR=0100 [0000000100000000] EXT=00 COND=1 IDLE=1 IO=0000000000000000
FB=0840 [0000100001000000] SR=0000 R5=0 ROM=0000.0 PREG=0 RAMOP=- RAMREG=090 ROMOP=- ROMREG=13

063F 0A0B ?BUSY
A=0000000000000000 B=0000000000030000 C=0000000000000000 D=0000000000001000 E=0000000000000000
FA=0000 [0000000000000000] KR=0100 [0000000100000000] EXT=00 COND=1 IDLE=1 IO=0000000000000000
FB=0840 [0000100001000000] SR=0000 R5=0 ROM=0000.0 PREG=0 RAMOP=- RAMREG=090 ROMOP=- ROMREG=13

0640 1BCF BRC 0459 -1E7
A=0000000000000000 B=0000000000030000 C=0000000000000000 D=0000000000001000 E=0000000000000000
FA=0000 [0000000000000000] KR=0100 [0000000100000000] EXT=00 COND=1 IDLE=1 IO=0000000000000000
FB=0840 [0000100001000000] SR=0000 R5=0 ROM=0000.0 PREG=0 RAMOP=- RAMREG=090 ROMOP=- ROMREG=13

0459 0A80 WAIT D8
A=0000000000000000 B=0000000000030000 C=0000000000000000 D=0000000000001000 E=0000000000000000
FA=0000 [0000000000000000] KR=0100 [0000000100000000] EXT=00 COND=1 IDLE=1 IO=0000000000000000
FB=0840 [0000100001000000] SR=0000 R5=0 ROM=0000.0 PREG=0 RAMOP=- RAMREG=090 ROMOP=- ROMREG=13

045A 0A0B ?BUSY
A=0000000000000000 B=0000000000030000 C=0000000000000000 D=0000000000001000 E=0000000000000000
FA=0000 [0000000000000000] KR=0100 [0000000100000000] EXT=00 COND=1 IDLE=1 IO=0000000000000000
FB=0840 [0000100001000000] SR=0000 R5=0 ROM=0000.0 PREG=0 RAMOP=- RAMREG=090 ROMOP=- ROMREG=13

045B 13CC BRNC 0641 +1E6
A=0000000000000000 B=0000000000030000 C=0000000000000000 D=0000000000001000 E=0000000000000000
FA=0000 [0000000000000000] KR=0100 [0000000100000000] EXT=00 COND=0 IDLE=1 IO=0000000000000000
FB=0840 [0000100001000000] SR=0000 R5=0 ROM=0000.0 PREG=0 RAMOP=- RAMREG=090 ROMOP=- ROMREG=13

0641 0098 ?TFB 9
A=0000000000000000 B=0000000000030000 C=0000000000000000 D=0000000000001000 E=0000000000000000
FA=0000 [0000000000000000] KR=0100 [0000000100000000] EXT=00 COND=1 IDLE=1 IO=0000000000000000
FB=0840 [0000100001000000] SR=0000 R5=0 ROM=0000.0 PREG=0 RAMOP=- RAMREG=090 ROMOP=- ROMREG=13

0642 1828 BRC 0656 +014
A=0000000000000000 B=0000000000030000 C=0000000000000000 D=0000000000001000 E=0000000000000000
FA=0000 [0000000000000000] KR=0100 [0000000100000000] EXT=00 COND=1 IDLE=1 IO=0000000000000000
FB=0840 [0000100001000000] SR=0000 R5=0 ROM=0000.0 PREG=0 RAMOP=- RAMREG=090 ROMOP=- ROMREG=13

0656 0AE0 WAIT D14
A=0000000000000000 B=0000000000030000 C=0000000000000000 D=0000000000001000 E=0000000000000000
FA=0000 [0000000000000000] KR=0100 [0000000100000000] EXT=00 COND=1 IDLE=1 IO=0000000000000000
FB=0840 [0000100001000000] SR=0000 R5=0 ROM=0000.0 PREG=0 RAMOP=- RAMREG=090 ROMOP=- ROMREG=13

0657 0820 ?KEY 20
A=0000000000000000 B=0000000000030000 C=0000000000000000 D=0000000000001000 E=0000000000000000
FA=0000 [0000000000000000] KR=0100 [0000000100000000] EXT=00 COND=1 IDLE=1 IO=0000000000000000
FB=0840 [0000100001000000] SR=0000 R5=0 ROM=0000.0 PREG=0 RAMOP=- RAMREG=090 ROMOP=- ROMREG=13

0658 1839 BRC 063C -01C
A=0000000000000000 B=0000000000030000 C=0000000000000000 D=0000000000001000 E=0000000000000000
FA=0000 [0000000000000000] KR=0100 [0000000100000000] EXT=00 COND=1 IDLE=1 IO=0000000000000000
FB=0840 [0000100001000000] SR=0000 R5=0 ROM=0000.0 PREG=0 RAMOP=- RAMREG=090 ROMOP=- ROMREG=13

063C 00C8 ?TFB 12
A=0000000000000000 B=0000000000030000 C=0000000000000000 D=0000000000001000 E=0000000000000000
FA=0000 [0000000000000000] KR=0100 [0000000100000000] EXT=00 COND=1 IDLE=1 IO=0000000000000000
FB=0840 [0000100001000000] SR=0000 R5=0 ROM=0000.0 PREG=0 RAMOP=- RAMREG=090 ROMOP=- ROMREG=13

063D 00A8 ?TFB 10
A=0000000000000000 B=0000000000030000 C=0000000000000000 D=0000000000001000 E=0000000000000000
FA=0000 [0000000000000000] KR=0100 [0000000100000000] EXT=00 COND=1 IDLE=1 IO=0000000000000000
FB=0840 [0000100001000000] SR=0000 R5=0 ROM=0000.0 PREG=0 RAMOP=- RAMREG=090 ROMOP=- ROMREG=13

063E 0AB0 WAIT D11
A=0000000000000000 B=0000000000030000 C=0000000000000000 D=0000000000001000 E=0000000000000000
FA=0000 [0000000000000000] KR=0100 [0000000100000000] EXT=00 COND=1 IDLE=1 IO=0000000000000000
FB=0840 [0000100001000000] SR=0000 R5=0 ROM=0000.0 PREG=0 RAMOP=- RAMREG=090 ROMOP=- ROMREG=13

063F 0A0B ?BUSY
A=0000000000000000 B=0000000000030000 C=0000000000000000 D=0000000000001000 E=0000000000000000
FA=0000 [0000000000000000] KR=0100 [0000000100000000] EXT=00 COND=1 IDLE=1 IO=0000000000000000
FB=0840 [0000100001000000] SR=0000 R5=0 ROM=0000.0 PREG=0 RAMOP=- RAMREG=090 ROMOP=- ROMREG=13

0640 1BCF BRC 0459 -1E7
A=0000000000000000 B=0000000000030000 C=0000000000000000 D=0000000000001000 E=0000000000000000
FA=0000 [0000000000000000] KR=0100 [0000000100000000] EXT=00 COND=1 IDLE=1 IO=0000000000000000
FB=0840 [0000100001000000] SR=0000 R5=0 ROM=0000.0 PREG=0 RAMOP=- RAMREG=090 ROMOP=- ROMREG=13

0459 0A80 WAIT D8
A=0000000000000000 B=0000000000030000 C=0000000000000000 D=0000000000001000 E=0000000000000000
FA=0000 [0000000000000000] KR=0100 [0000000100000000] EXT=00 COND=1 IDLE=1 IO=0000000000000000
FB=0840 [0000100001000000] SR=0000 R5=0 ROM=0000.0 PREG=0 RAMOP=- RAMREG=090 ROMOP=- ROMREG=13

045A 0A0B ?BUSY
A=0000000000000000 B=0000000000030000 C=0000000000000000 D=0000000000001000 E=0000000000000000
FA=0000 [0000000000000000] KR=0100 [0000000100000000] EXT=00 COND=1 IDLE=1 IO=0000000000000000
FB=0840 [0000100001000000] SR=0000 R5=0 ROM=0000.0 PREG=0 RAMOP=- RAMREG=090 ROMOP=- ROMREG=13

045B 13CC BRNC 0641 +1E6
A=0000000000000000 B=0000000000030000 C=0000000000000000 D=0000000000001000 E=0000000000000000
FA=0000 [0000000000000000] KR=0100 [0000000100000000] EXT=00 COND=0 IDLE=1 IO=0000000000000000
FB=0840 [0000100001000000] SR=0000 R5=0 ROM=0000.0 PREG=0 RAMOP=- RAMREG=090 ROMOP=- ROMREG=13

0641 0098 ?TFB 9
A=0000000000000000 B=0000000000030000 C=0000000000000000 D=0000000000001000 E=0000000000000000
FA=0000 [0000000000000000] KR=0100 [0000000100000000] EXT=00 COND=1 IDLE=1 IO=0000000000000000
FB=0840 [0000100001000000] SR=0000 R5=0 ROM=0000.0 PREG=0 RAMOP=- RAMREG=090 ROMOP=- ROMREG=13

0642 1828 BRC 0656 +014
A=0000000000000000 B=0000000000030000 C=0000000000000000 D=0000000000001000 E=0000000000000000
FA=0000 [0000000000000000] KR=0100 [0000000100000000] EXT=00 COND=1 IDLE=1 IO=0000000000000000
FB=0840 [0000100001000000] SR=0000 R5=0 ROM=0000.0 PREG=0 RAMOP=- RAMREG=090 ROMOP=- ROMREG=13

0656 0AE0 WAIT D14
A=0000000000000000 B=0000000000030000 C=0000000000000000 D=0000000000001000 E=0000000000000000
FA=0000 [0000000000000000] KR=0100 [0000000100000000] EXT=00 COND=1 IDLE=1 IO=0000000000000000
FB=0840 [0000100001000000] SR=0000 R5=0 ROM=0000.0 PREG=0 RAMOP=- RAMREG=090 ROMOP=- ROMREG=13

0657 0820 ?KEY 20
A=0000000000000000 B=0000000000030000 C=0000000000000000 D=0000000000001000 E=0000000000000000
FA=0000 [0000000000000000] KR=0100 [0000000100000000] EXT=00 COND=1 IDLE=1 IO=0000000000000000
FB=0840 [0000100001000000] SR=0000 R5=0 ROM=0000.0 PREG=0 RAMOP=- RAMREG=090 ROMOP=- ROMREG=13

0658 1839 BRC 063C -01C
A=0000000000000000 B=0000000000030000 C=0000000000000000 D=0000000000001000 E=0000000000000000
FA=0000 [0000000000000000] KR=0100 [0000000100000000] EXT=00 COND=1 IDLE=1 IO=0000000000000000
FB=0840 [0000100001000000] SR=0000 R5=0 ROM=0000.0 PREG=0 RAMOP=- RAMREG=090 ROMOP=- ROMREG=13

063C 00C8 ?TFB 12
A=0000000000000000 B=0000000000030000 C=0000000000000000 D=0000000000001000 E=0000000000000000
FA=0000 [0000000000000000] KR=0100 [0000000100000000] EXT=00 COND=1 IDLE=1 IO=0000000000000000
FB=0840 [0000100001000000] SR=0000 R5=0 ROM=0000.0 PREG=0 RAMOP=- RAMREG=090 ROMOP=- ROMREG=13

063D 00A8 ?TFB 10
A=0000000000000000 B=0000000000030000 C=0000000000000000 D=0000000000001000 E=0000000000000000
FA=0000 [0000000000000000] KR=0100 [0000000100000000] EXT=00 COND=1 IDLE=1 IO=0000000000000000
FB=0840 [0000100001000000] SR=0000 R5=0 ROM=0000.0 PREG=0 RAMOP=- RAMREG=090 ROMOP=- ROMREG=13

063E 0AB0 WAIT D11
A=0000000000000000 B=0000000000030000 C=0000000000000000 D=0000000000001000 E=0000000000000000
FA=0000 [0000000000000000] KR=0100 [0000000100000000] EXT=00 COND=1 IDLE=1 IO=0000000000000000
FB=0840 [0000100001000000] SR=0000 R5=0 ROM=0000.0 PREG=0 RAMOP=- RAMREG=090 ROMOP=- ROMREG=13

063F 0A0B ?BUSY
A=0000000000000000 B=0000000000030000 C=0000000000000000 D=0000000000001000 E=0000000000000000
FA=0000 [0000000000000000] KR=0100 [0000000100000000] EXT=00 COND=1 IDLE=1 IO=0000000000000000
FB=0840 [0000100001000000] SR=0000 R5=0 ROM=0000.0 PREG=0 RAMOP=- RAMREG=090 ROMOP=- ROMREG=13

0640 1BCF BRC 0459 -1E7
A=0000000000000000 B=0000000000030000 C=0000000000000000 D=0000000000001000 E=0000000000000000
FA=0000 [0000000000000000] KR=0100 [0000000100000000] EXT=00 COND=1 IDLE=1 IO=0000000000000000
FB=0840 [0000100001000000] SR=0000 R5=0 ROM=0000.0 PREG=0 RAMOP=- RAMREG=090 ROMOP=- ROMREG=13

0459 0A80 WAIT D8
A=0000000000000000 B=0000000000030000 C=0000000000000000 D=0000000000001000 E=0000000000000000
FA=0000 [0000000000000000] KR=0100 [0000000100000000] EXT=00 COND=1 IDLE=1 IO=0000000000000000
FB=0840 [0000100001000000] SR=0000 R5=0 ROM=0000.0 PREG=0 RAMOP=- RAMREG=090 ROMOP=- ROMREG=13

045A 0A0B ?BUSY
A=0000000000000000 B=0000000000030000 C=0000000000000000 D=0000000000001000 E=0000000000000000
FA=0000 [0000000000000000] KR=0100 [0000000100000000] EXT=00 COND=1 IDLE=1 IO=0000000000000000
FB=0840 [0000100001000000] SR=0000 R5=0 ROM=0000.0 PREG=0 RAMOP=- RAMREG=090 ROMOP=- ROMREG=13

045B 13CC BRNC 0641 +1E6
A=0000000000000000 B=0000000000030000 C=0000000000000000 D=0000000000001000 E=0000000000000000
FA=0000 [0000000000000000] KR=0100 [0000000100000000] EXT=00 COND=0 IDLE=1 IO=0000000000000000
FB=0840 [0000100001000000] SR=0000 R5=0 ROM=0000.0 PREG=0 RAMOP=- RAMREG=090 ROMOP=- ROMREG=13

0641 0098 ?TFB 9
A=0000000000000000 B=0000000000030000 C=0000000000000000 D=0000000000001000 E=0000000000000000
FA=0000 [0000000000000000] KR=0100 [0000000100000000] EXT=00 COND=1 IDLE=1 IO=0000000000000000
FB=0840 [0000100001000000] SR=0000 R5=0 ROM=0000.0 PREG=0 RAMOP=- RAMREG=090 ROMOP=- ROMREG=13

0642 1828 BRC 0656 +014
A=0000000000000000 B=0000000000030000 C=0000000000000000 D=0000000000001000 E=0000000000000000
FA=0000 [0000000000000000] KR=0100 [0000000100000000] EXT=00 COND=1 IDLE=1 IO=0000000000000000
FB=0840 [0000100001000000] SR=0000 R5=0 ROM=0000.0 PREG=0 RAMOP=- RAMREG=090 ROMOP=- ROMREG=13

0656 0AE0 WAIT D14
A=0000000000000000 B=0000000000030000 C=0000000000000000 D=0000000000001000 E=0000000000000000
FA=0000 [0000000000000000] KR=0100 [0000000100000000] EXT=00 COND=1 IDLE=1 IO=0000000000000000
FB=0840 [0000100001000000] SR=0000 R5=0 ROM=0000.0 PREG=0 RAMOP=- RAMREG=090 ROMOP=- ROMREG=13

0657 0820 ?KEY 20
A=0000000000000000 B=0000000000030000 C=0000000000000000 D=0000000000001000 E=0000000000000000
FA=0000 [0000000000000000] KR=0100 [0000000100000000] EXT=00 COND=1 IDLE=1 IO=0000000000000000
FB=0840 [0000100001000000] SR=0000 R5=0 ROM=0000.0 PREG=0 RAMOP=- RAMREG=090 ROMOP=- ROMREG=13

0658 1839 BRC 063C -01C
A=0000000000000000 B=0000000000030000 C=0000000000000000 D=0000000000001000 E=0000000000000000
FA=0000 [0000000000000000] KR=0100 [0000000100000000] EXT=00 COND=1 IDLE=1 IO=0000000000000000
FB=0840 [0000100001000000] SR=0000 R5=0 ROM=0000.0 PREG=0 RAMOP=- RAMREG=090 ROMOP=- ROMREG=13

063C 00C8 ?TFB 12
A=0000000000000000 B=0000000000030000 C=0000000000000000 D=0000000000001000 E=0000000000000000
FA=0000 [0000000000000000] KR=0100 [0000000100000000] EXT=00 COND=1 IDLE=1 IO=0000000000000000
FB=0840 [0000100001000000] SR=0000 R5=0 ROM=0000.0 PREG=0 RAMOP=- RAMREG=090 ROMOP=- ROMREG=13

063D 00A8 ?TFB 10
A=0000000000000000 B=0000000000030000 C=0000000000000000 D=0000000000001000 E=0000000000000000
FA=0000 [0000000000000000] KR=0100 [0000000100000000] EXT=00 COND=1 IDLE=1 IO=0000000000000000
FB=0840 [0000100001000000] SR=0000 R5=0 ROM=0000.0 PREG=0 RAMOP=- RAMREG=090 ROMOP=- ROMREG=13

063E 0AB0 WAIT D11
A=0000000000000000 B=0000000000030000 C=0000000000000000 D=0000000000001000 E=0000000000000000
FA=0000 [0000000000000000] KR=0100 [0000000100000000] EXT=00 COND=1 IDLE=1 IO=0000000000000000
FB=0840 [0000100001000000] SR=0000 R5=0 ROM=0000.0 PREG=0 RAMOP=- RAMREG=090 ROMOP=- ROMREG=13

063F 0A0B ?BUSY
A=0000000000000000 B=0000000000030000 C=0000000000000000 D=0000000000001000 E=0000000000000000
FA=0000 [0000000000000000] KR=0100 [0000000100000000] EXT=00 COND=1 IDLE=1 IO=0000000000000000
FB=0840 [0000100001000000] SR=0000 R5=0 ROM=0000.0 PREG=0 RAMOP=- RAMREG=090 ROMOP=- ROMREG=13

0640 1BCF BRC 0459 -1E7
A=0000000000000000 B=0000000000030000 C=0000000000000000 D=0000000000001000 E=0000000000000000
FA=0000 [0000000000000000] KR=0100 [0000000100000000] EXT=00 COND=1 IDLE=1 IO=0000000000000000
FB=0840 [0000100001000000] SR=0000 R5=0 ROM=0000.0 PREG=0 RAMOP=- RAMREG=090 ROMOP=- ROMREG=13

0459 0A80 WAIT D8
A=0000000000000000 B=0000000000030000 C=0000000000000000 D=0000000000001000 E=0000000000000000
FA=0000 [0000000000000000] KR=0100 [0000000100000000] EXT=00 COND=1 IDLE=1 IO=0000000000000000
FB=0840 [0000100001000000] SR=0000 R5=0 ROM=0000.0 PREG=0 RAMOP=- RAMREG=090 ROMOP=- ROMREG=13

045A 0A0B ?BUSY
A=0000000000000000 B=0000000000030000 C=0000000000000000 D=0000000000001000 E=0000000000000000
FA=0000 [0000000000000000] KR=0100 [0000000100000000] EXT=00 COND=1 IDLE=1 IO=0000000000000000
FB=0840 [0000100001000000] SR=0000 R5=0 ROM=0000.0 PREG=0 RAMOP=- RAMREG=090 ROMOP=- ROMREG=13

045B 13CC BRNC 0641 +1E6
A=0000000000000000 B=0000000000030000 C=0000000000000000 D=0000000000001000 E=0000000000000000
FA=0000 [0000000000000000] KR=0100 [0000000100000000] EXT=00 COND=0 IDLE=1 IO=0000000000000000
FB=0840 [0000100001000000] SR=0000 R5=0 ROM=0000.0 PREG=0 RAMOP=- RAMREG=090 ROMOP=- ROMREG=13

0641 0098 ?TFB 9
A=0000000000000000 B=0000000000030000 C=0000000000000000 D=0000000000001000 E=0000000000000000
FA=0000 [0000000000000000] KR=0100 [0000000100000000] EXT=00 COND=1 IDLE=1 IO=0000000000000000
FB=0840 [0000100001000000] SR=0000 R5=0 ROM=0000.0 PREG=0 RAMOP=- RAMREG=090 ROMOP=- ROMREG=13

0642 1828 BRC 0656 +014
A=0000000000000000 B=0000000000030000 C=0000000000000000 D=0000000000001000 E=0000000000000000
FA=0000 [0000000000000000] KR=0100 [0000000100000000] EXT=00 COND=1 IDLE=1 IO=0000000000000000
FB=0840 [0000100001000000] SR=0000 R5=0 ROM=0000.0 PREG=0 RAMOP=- RAMREG=090 ROMOP=- ROMREG=13

0656 0AE0 WAIT D14
A=0000000000000000 B=0000000000030000 C=0000000000000000 D=0000000000001000 E=0000000000000000
FA=0000 [0000000000000000] KR=0100 [0000000100000000] EXT=00 COND=1 IDLE=1 IO=0000000000000000
FB=0840 [0000100001000000] SR=0000 R5=0 ROM=0000.0 PREG=0 RAMOP=- RAMREG=090 ROMOP=- ROMREG=13

0657 0820 ?KEY 20
A=0000000000000000 B=0000000000030000 C=0000000000000000 D=0000000000001000 E=0000000000000000
FA=0000 [0000000000000000] KR=0100 [0000000100000000] EXT=00 COND=1 IDLE=1 IO=0000000000000000
FB=0840 [0000100001000000] SR=0000 R5=0 ROM=0000.0 PREG=0 RAMOP=- RAMREG=090 ROMOP=- ROMREG=13

0658 1839 BRC 063C -01C
A=0000000000000000 B=0000000000030000 C=0000000000000000 D=0000000000001000 E=0000000000000000
FA=0000 [0000000000000000] KR=0100 [0000000100000000] EXT=00 COND=1 IDLE=1 IO=0000000000000000
FB=0840 [0000100001000000] SR=0000 R5=0 ROM=0000.0 PREG=0 RAMOP=- RAMREG=090 ROMOP=- ROMREG=13

063C 00C8 ?TFB 12
A=0000000000000000 B=0000000000030000 C=0000000000000000 D=0000000000001000 E=0000000000000000
FA=0000 [0000000000000000] KR=0100 [0000000100000000] EXT=00 COND=1 IDLE=1 IO=0000000000000000
FB=0840 [0000100001000000] SR=0000 R5=0 ROM=0000.0 PREG=0 RAMOP=- RAMREG=090 ROMOP=- ROMREG=13

063D 00A8 ?TFB 10
A=0000000000000000 B=0000000000030000 C=0000000000000000 D=0000000000001000 E=0000000000000000
FA=0000 [0000000000000000] KR=0100 [0000000100000000] EXT=00 COND=1 IDLE=1 IO=0000000000000000
FB=0840 [0000100001000000] SR=0000 R5=0 ROM=0000.0 PREG=0 RAMOP=- RAMREG=090 ROMOP=- ROMREG=13

063E 0AB0 WAIT D11
A=0000000000000000 B=0000000000030000 C=0000000000000000 D=0000000000001000 E=0000000000000000
FA=0000 [0000000000000000] KR=0100 [0000000100000000] EXT=00 COND=1 IDLE=1 IO=0000000000000000
FB=0840 [0000100001000000] SR=0000 R5=0 ROM=0000.0 PREG=0 RAMOP=- RAMREG=090 ROMOP=- ROMREG=13

063F 0A0B ?BUSY
A=0000000000000000 B=0000000000030000 C=0000000000000000 D=0000000000001000 E=0000000000000000
FA=0000 [0000000000000000] KR=0100 [0000000100000000] EXT=00 COND=1 IDLE=1 IO=0000000000000000
FB=0840 [0000100001000000] SR=0000 R5=0 ROM=0000.0 PREG=0 RAMOP=- RAMREG=090 ROMOP=- ROMREG=13

0640 1BCF BRC 0459 -1E7
A=0000000000000000 B=0000000000030000 C=0000000000000000 D=0000000000001000 E=0000000000000000
FA=0000 [0000000000000000] KR=0100 [0000000100000000] EXT=00 COND=1 IDLE=1 IO=0000000000000000
FB=0840 [0000100001000000] SR=0000 R5=0 ROM=0000.0 PREG=0 RAMOP=- RAMREG=090 ROMOP=- ROMREG=13

0459 0A80 WAIT D8
A=0000000000000000 B=0000000000030000 C=0000000000000000 D=0000000000001000 E=0000000000000000
FA=0000 [0000000000000000] KR=0100 [0000000100000000] EXT=00 COND=1 IDLE=1 IO=0000000000000000
FB=0840 [0000100001000000] SR=0000 R5=0 ROM=0000.0 PREG=0 RAMOP=- RAMREG=090 ROMOP=- ROMREG=13

045A 0A0B ?BUSY
A=0000000000000000 B=0000000000030000 C=0000000000000000 D=0000000000001000 E=0000000000000000
FA=0000 [0000000000000000] KR=0100 [0000000100000000] EXT=00 COND=1 IDLE=1 IO=0000000000000000
FB=0840 [0000100001000000] SR=0000 R5=0 ROM=0000.0 PREG=0 RAMOP=- RAMREG=090 ROMOP=- ROMREG=13

045B 13CC BRNC 0641 +1E6
A=0000000000000000 B=0000000000030000 C=0000000000000000 D=0000000000001000 E=0000000000000000
FA=0000 [0000000000000000] KR=0100 [0000000100000000] EXT=00 COND=0 IDLE=1 IO=0000000000000000
FB=0840 [0000100001000000] SR=0000 R5=0 ROM=0000.0 PREG=0 RAMOP=- RAMREG=090 ROMOP=- ROMREG=13

0641 0098 ?TFB 9
A=0000000000000000 B=0000000000030000 C=0000000000000000 D=0000000000001000 E=0000000000000000
FA=0000 [0000000000000000] KR=0100 [0000000100000000] EXT=00 COND=1 IDLE=1 IO=0000000000000000
FB=0840 [0000100001000000] SR=0000 R5=0 ROM=0000.0 PREG=0 RAMOP=- RAMREG=090 ROMOP=- ROMREG=13

0642 1828 BRC 0656 +014
A=0000000000000000 B=0000000000030000 C=0000000000000000 D=0000000000001000 E=0000000000000000
FA=0000 [0000000000000000] KR=0100 [0000000100000000] EXT=00 COND=1 IDLE=1 IO=0000000000000000
FB=0840 [0000100001000000] SR=0000 R5=0 ROM=0000.0 PREG=0 RAMOP=- RAMREG=090 ROMOP=- ROMREG=13

0656 0AE0 WAIT D14
A=0000000000000000 B=0000000000030000 C=0000000000000000 D=0000000000001000 E=0000000000000000
FA=0000 [0000000000000000] KR=0100 [0000000100000000] EXT=00 COND=1 IDLE=1 IO=0000000000000000
FB=0840 [0000100001000000] SR=0000 R5=0 ROM=0000.0 PREG=0 RAMOP=- RAMREG=090 ROMOP=- ROMREG=13

0657 0820 ?KEY 20
A=0000000000000000 B=0000000000030000 C=0000000000000000 D=0000000000001000 E=0000000000000000
FA=0000 [0000000000000000] KR=0100 [0000000100000000] EXT=00 COND=1 IDLE=1 IO=0000000000000000
FB=0840 [0000100001000000] SR=0000 R5=0 ROM=0000.0 PREG=0 RAMOP=- RAMREG=090 ROMOP=- ROMREG=13

0658 1839 BRC 063C -01C
A=0000000000000000 B=0000000000030000 C=0000000000000000 D=0000000000001000 E=0000000000000000
FA=0000 [0000000000000000] KR=0100 [0000000100000000] EXT=00 COND=1 IDLE=1 IO=0000000000000000
FB=0840 [0000100001000000] SR=0000 R5=0 ROM=0000.0 PREG=0 RAMOP=- RAMREG=090 ROMOP=- ROMREG=13

063C 00C8 ?TFB 12
A=0000000000000000 B=0000000000030000 C=0000000000000000 D=0000000000001000 E=0000000000000000
FA=0000 [0000000000000000] KR=0100 [0000000100000000] EXT=00 COND=1 IDLE=1 IO=0000000000000000
FB=0840 [0000100001000000] SR=0000 R5=0 ROM=0000.0 PREG=0 RAMOP=- RAMREG=090 ROMOP=- ROMREG=13

063D 00A8 ?TFB 10
A=0000000000000000 B=0000000000030000 C=0000000000000000 D=0000000000001000 E=0000000000000000
FA=0000 [0000000000000000] KR=0100 [0000000100000000] EXT=00 COND=1 IDLE=1 IO=0000000000000000
FB=0840 [0000100001000000] SR=0000 R5=0 ROM=0000.0 PREG=0 RAMOP=- RAMREG=090 ROMOP=- ROMREG=13

063E 0AB0 WAIT D11
A=0000000000000000 B=0000000000030000 C=0000000000000000 D=0000000000001000 E=0000000000000000
FA=0000 [0000000000000000] KR=0100 [0000000100000000] EXT=00 COND=1 IDLE=1 IO=0000000000000000
FB=0840 [0000100001000000] SR=0000 R5=0 ROM=0000.0 PREG=0 RAMOP=- RAMREG=090 ROMOP=- ROMREG=13

063F 0A0B ?BUSY
A=0000000000000000 B=0000000000030000 C=0000000000000000 D=0000000000001000 E=0000000000000000
FA=0000 [0000000000000000] KR=0100 [0000000100000000] EXT=00 COND=1 IDLE=1 IO=0000000000000000
FB=0840 [0000100001000000] SR=0000 R5=0 ROM=0000.0 PREG=0 RAMOP=- RAMREG=090 ROMOP=- ROMREG=13

0640 1BCF BRC 0459 -1E7
A=0000000000000000 B=0000000000030000 C=0000000000000000 D=0000000000001000 E=0000000000000000
FA=0000 [0000000000000000] KR=0100 [0000000100000000] EXT=00 COND=1 IDLE=1 IO=0000000000000000
FB=0840 [0000100001000000] SR=0000 R5=0 ROM=0000.0 PREG=0 RAMOP=- RAMREG=090 ROMOP=- ROMREG=13

0459 0A80 WAIT D8
A=0000000000000000 B=0000000000030000 C=0000000000000000 D=0000000000001000 E=0000000000000000
FA=0000 [0000000000000000] KR=0100 [0000000100000000] EXT=00 COND=1 IDLE=1 IO=0000000000000000
FB=0840 [0000100001000000] SR=0000 R5=0 ROM=0000.0 PREG=0 RAMOP=- RAMREG=090 ROMOP=- ROMREG=13

045A 0A0B ?BUSY
A=0000000000000000 B=0000000000030000 C=0000000000000000 D=0000000000001000 E=0000000000000000
FA=0000 [0000000000000000] KR=0100 [0000000100000000] EXT=00 COND=1 IDLE=1 IO=0000000000000000
FB=0840 [0000100001000000] SR=0000 R5=0 ROM=0000.0 PREG=0 RAMOP=- RAMREG=090 ROMOP=- ROMREG=13

045B 13CC BRNC 0641 +1E6
A=0000000000000000 B=0000000000030000 C=0000000000000000 D=0000000000001000 E=0000000000000000
FA=0000 [0000000000000000] KR=0100 [0000000100000000] EXT=00 COND=0 IDLE=1 IO=0000000000000000
FB=0840 [0000100001000000] SR=0000 R5=0 ROM=0000.0 PREG=0 RAMOP=- RAMREG=090 ROMOP=- ROMREG=13

0641 0098 ?TFB 9
A=0000000000000000 B=0000000000030000 C=0000000000000000 D=0000000000001000 E=0000000000000000
FA=0000 [0000000000000000] KR=0100 [0000000100000000] EXT=00 COND=1 IDLE=1 IO=0000000000000000
FB=0840 [0000100001000000] SR=0000 R5=0 ROM=0000.0 PREG=0 RAMOP=- RAMREG=090 ROMOP=- ROMREG=13

0642 1828 BRC 0656 +014
A=0000000000000000 B=0000000000030000 C=0000000000000000 D=0000000000001000 E=0000000000000000
FA=0000 [0000000000000000] KR=0100 [0000000100000000] EXT=00 COND=1 IDLE=1 IO=0000000000000000
FB=0840 [0000100001000000] SR=0000 R5=0 ROM=0000.0 PREG=0 RAMOP=- RAMREG=090 ROMOP=- ROMREG=13

0656 0AE0 WAIT D14
A=0000000000000000 B=0000000000030000 C=0000000000000000 D=0000000000001000 E=0000000000000000
FA=0000 [0000000000000000] KR=0100 [0000000100000000] EXT=00 COND=1 IDLE=1 IO=0000000000000000
FB=0840 [0000100001000000] SR=0000 R5=0 ROM=0000.0 PREG=0 RAMOP=- RAMREG=090 ROMOP=- ROMREG=13

0657 0820 ?KEY 20
A=0000000000000000 B=0000000000030000 C=0000000000000000 D=0000000000001000 E=0000000000000000
FA=0000 [0000000000000000] KR=0100 [0000000100000000] EXT=00 COND=1 IDLE=1 IO=0000000000000000
FB=0840 [0000100001000000] SR=0000 R5=0 ROM=0000.0 PREG=0 RAMOP=- RAMREG=090 ROMOP=- ROMREG=13

0658 1839 BRC 063C -01C
A=0000000000000000 B=0000000000030000 C=0000000000000000 D=0000000000001000 E=0000000000000000
FA=0000 [0000000000000000] KR=0100 [0000000100000000] EXT=00 COND=1 IDLE=1 IO=0000000000000000
FB=0840 [0000100001000000] SR=0000 R5=0 ROM=0000.0 PREG=0 RAMOP=- RAMREG=090 ROMOP=- ROMREG=13

063C 00C8 ?TFB 12
A=0000000000000000 B=0000000000030000 C=0000000000000000 D=0000000000001000 E=0000000000000000
FA=0000 [0000000000000000] KR=0100 [0000000100000000] EXT=00 COND=1 IDLE=1 IO=0000000000000000
FB=0840 [0000100001000000] SR=0000 R5=0 ROM=0000.0 PREG=0 RAMOP=- RAMREG=090 ROMOP=- ROMREG=13

063D 00A8 ?TFB 10
A=0000000000000000 B=0000000000030000 C=0000000000000000 D=0000000000001000 E=0000000000000000
FA=0000 [0000000000000000] KR=0100 [0000000100000000] EXT=00 COND=1 IDLE=1 IO=0000000000000000
FB=0840 [0000100001000000] SR=0000 R5=0 ROM=0000.0 PREG=0 RAMOP=- RAMREG=090 ROMOP=- ROMREG=13

063E 0AB0 WAIT D11
A=0000000000000000 B=0000000000030000 C=0000000000000000 D=0000000000001000 E=0000000000000000
FA=0000 [0000000000000000] KR=0100 [0000000100000000] EXT=00 COND=1 IDLE=1 IO=0000000000000000
FB=0840 [0000100001000000] SR=0000 R5=0 ROM=0000.0 PREG=0 RAMOP=- RAMREG=090 ROMOP=- ROMREG=13

063F 0A0B ?BUSY
A=0000000000000000 B=0000000000030000 C=0000000000000000 D=0000000000001000 E=0000000000000000
FA=0000 [0000000000000000] KR=0100 [0000000100000000] EXT=00 COND=1 IDLE=1 IO=0000000000000000
FB=0840 [0000100001000000] SR=0000 R5=0 ROM=0000.0 PREG=0 RAMOP=- RAMREG=090 ROMOP=- ROMREG=13

0640 1BCF BRC 0459 -1E7
A=0000000000000000 B=0000000000030000 C=0000000000000000 D=0000000000001000 E=0000000000000000
FA=0000 [0000000000000000] KR=0100 [0000000100000000] EXT=00 COND=1 IDLE=1 IO=0000000000000000
FB=0840 [0000100001000000] SR=0000 R5=0 ROM=0000.0 PREG=0 RAMOP=- RAMREG=090 ROMOP=- ROMREG=13

0459 0A80 WAIT D8
A=0000000000000000 B=0000000000030000 C=0000000000000000 D=0000000000001000 E=0000000000000000
FA=0000 [0000000000000000] KR=0100 [0000000100000000] EXT=00 COND=1 IDLE=1 IO=0000000000000000
FB=0840 [0000100001000000] SR=0000 R5=0 ROM=0000.0 PREG=0 RAMOP=- RAMREG=090 ROMOP=- ROMREG=13

045A 0A0B ?BUSY
A=0000000000000000 B=0000000000030000 C=0000000000000000 D=0000000000001000 E=0000000000000000
FA=0000 [0000000000000000] KR=0100 [0000000100000000] EXT=00 COND=1 IDLE=1 IO=0000000000000000
FB=0840 [0000100001000000] SR=0000 R5=0 ROM=0000.0 PREG=0 RAMOP=- RAMREG=090 ROMOP=- ROMREG=13

045B 13CC BRNC 0641 +1E6
A=0000000000000000 B=0000000000030000 C=0000000000000000 D=0000000000001000 E=0000000000000000
FA=0000 [0000000000000000] KR=0100 [0000000100000000] EXT=00 COND=0 IDLE=1 IO=0000000000000000
FB=0840 [0000100001000000] SR=0000 R5=0 ROM=0000.0 PREG=0 RAMOP=- RAMREG=090 ROMOP=- ROMREG=13

0641 0098 ?TFB 9
A=0000000000000000 B=0000000000030000 C=0000000000000000 D=0000000000001000 E=0000000000000000
FA=0000 [0000000000000000] KR=0100 [0000000100000000] EXT=00 COND=1 IDLE=1 IO=0000000000000000
FB=0840 [0000100001000000] SR=0000 R5=0 ROM=0000.0 PREG=0 RAMOP=- RAMREG=090 ROMOP=- ROMREG=13

0642 1828 BRC 0656 +014
A=0000000000000000 B=0000000000030000 C=0000000000000000 D=0000000000001000 E=0000000000000000
FA=0000 [0000000000000000] KR=0100 [0000000100000000] EXT=00 COND=1 IDLE=1 IO=0000000000000000
FB=0840 [0000100001000000] SR=0000 R5=0 ROM=0000.0 PREG=0 RAMOP=- RAMREG=090 ROMOP=- ROMREG=13

0656 0AE0 WAIT D14
A=0000000000000000 B=0000000000030000 C=0000000000000000 D=0000000000001000 E=0000000000000000
FA=0000 [0000000000000000] KR=0100 [0000000100000000] EXT=00 COND=1 IDLE=1 IO=0000000000000000
FB=0840 [0000100001000000] SR=0000 R5=0 ROM=0000.0 PREG=0 RAMOP=- RAMREG=090 ROMOP=- ROMREG=13

0657 0820 ?KEY 20
A=0000000000000000 B=0000000000030000 C=0000000000000000 D=0000000000001000 E=0000000000000000
FA=0000 [0000000000000000] KR=0100 [0000000100000000] EXT=00 COND=1 IDLE=1 IO=0000000000000000
FB=0840 [0000100001000000] SR=0000 R5=0 ROM=0000.0 PREG=0 RAMOP=- RAMREG=090 ROMOP=- ROMREG=13

0658 1839 BRC 063C -01C
A=0000000000000000 B=0000000000030000 C=0000000000000000 D=0000000000001000 E=0000000000000000
FA=0000 [0000000000000000] KR=0100 [0000000100000000] EXT=00 COND=1 IDLE=1 IO=0000000000000000
FB=0840 [0000100001000000] SR=0000 R5=0 ROM=0000.0 PREG=0 RAMOP=- RAMREG=090 ROMOP=- ROMREG=13

063C 00C8 ?TFB 12
A=0000000000000000 B=0000000000030000 C=0000000000000000 D=0000000000001000 E=0000000000000000
FA=0000 [0000000000000000] KR=0100 [0000000100000000] EXT=00 COND=1 IDLE=1 IO=0000000000000000
FB=0840 [0000100001000000] SR=0000 R5=0 ROM=0000.0 PREG=0 RAMOP=- RAMREG=090 ROMOP=- ROMREG=13

063D 00A8 ?TFB 10
A=0000000000000000 B=0000000000030000 C=0000000000000000 D=0000000000001000 E=0000000000000000
FA=0000 [0000000000000000] KR=0100 [0000000100000000] EXT=00 COND=1 IDLE=1 IO=0000000000000000
FB=0840 [0000100001000000] SR=0000 R5=0 ROM=0000.0 PREG=0 RAMOP=- RAMREG=090 ROMOP=- ROMREG=13

063E 0AB0 WAIT D11
A=0000000000000000 B=0000000000030000 C=0000000000000000 D=0000000000001000 E=0000000000000000
FA=0000 [0000000000000000] KR=0100 [0000000100000000] EXT=00 COND=1 IDLE=1 IO=0000000000000000
FB=0840 [0000100001000000] SR=0000 R5=0 ROM=0000.0 PREG=0 RAMOP=- RAMREG=090 ROMOP=- ROMREG=13

063F 0A0B ?BUSY
A=0000000000000000 B=0000000000030000 C=0000000000000000 D=0000000000001000 E=0000000000000000
FA=0000 [0000000000000000] KR=0100 [0000000100000000] EXT=00 COND=1 IDLE=1 IO=0000000000000000
FB=0840 [0000100001000000] SR=0000 R5=0 ROM=0000.0 PREG=0 RAMOP=- RAMREG=090 ROMOP=- ROMREG=13

0640 1BCF BRC 0459 -1E7
A=0000000000000000 B=0000000000030000 C=0000000000000000 D=0000000000001000 E=0000000000000000
FA=0000 [0000000000000000] KR=0100 [0000000100000000] EXT=00 COND=1 IDLE=1 IO=0000000000000000
FB=0840 [0000100001000000] SR=0000 R5=0 ROM=0000.0 PREG=0 RAMOP=- RAMREG=090 ROMOP=- ROMREG=13

0459 0A80 WAIT D8
A=0000000000000000 B=0000000000030000 C=0000000000000000 D=0000000000001000 E=0000000000000000
FA=0000 [0000000000000000] KR=0100 [0000000100000000] EXT=00 COND=1 IDLE=1 IO=0000000000000000
FB=0840 [0000100001000000] SR=0000 R5=0 ROM=0000.0 PREG=0 RAMOP=- RAMREG=090 ROMOP=- ROMREG=13

045A 0A0B ?BUSY
A=0000000000000000 B=0000000000030000 C=0000000000000000 D=0000000000001000 E=0000000000000000
FA=0000 [0000000000000000] KR=0100 [0000000100000000] EXT=00 COND=1 IDLE=1 IO=0000000000000000
FB=0840 [0000100001000000] SR=0000 R5=0 ROM=0000.0 PREG=0 RAMOP=- RAMREG=090 ROMOP=- ROMREG=13

045B 13CC BRNC 0641 +1E6
A=0000000000000000 B=0000000000030000 C=0000000000000000 D=0000000000001000 E=0000000000000000
FA=0000 [0000000000000000] KR=0100 [0000000100000000] EXT=00 COND=0 IDLE=1 IO=0000000000000000
FB=0840 [0000100001000000] SR=0000 R5=0 ROM=0000.0 PREG=0 RAMOP=- RAMREG=090 ROMOP=- ROMREG=13

0641 0098 ?TFB 9
A=0000000000000000 B=0000000000030000 C=0000000000000000 D=0000000000001000 E=0000000000000000
FA=0000 [0000000000000000] KR=0100 [0000000100000000] EXT=00 COND=1 IDLE=1 IO=0000000000000000
FB=0840 [0000100001000000] SR=0000 R5=0 ROM=0000.0 PREG=0 RAMOP=- RAMREG=090 ROMOP=- ROMREG=13

0642 1828 BRC 0656 +014
A=0000000000000000 B=0000000000030000 C=0000000000000000 D=0000000000001000 E=0000000000000000
FA=0000 [0000000000000000] KR=0100 [0000000100000000] EXT=00 COND=1 IDLE=1 IO=0000000000000000
FB=0840 [0000100001000000] SR=0000 R5=0 ROM=0000.0 PREG=0 RAMOP=- RAMREG=090 ROMOP=- ROMREG=13

0656 0AE0 WAIT D14
A=0000000000000000 B=0000000000030000 C=0000000000000000 D=0000000000001000 E=0000000000000000
FA=0000 [0000000000000000] KR=0100 [0000000100000000] EXT=00 COND=1 IDLE=1 IO=0000000000000000
FB=0840 [0000100001000000] SR=0000 R5=0 ROM=0000.0 PREG=0 RAMOP=- RAMREG=090 ROMOP=- ROMREG=13

0657 0820 ?KEY 20
A=0000000000000000 B=0000000000030000 C=0000000000000000 D=0000000000001000 E=0000000000000000
FA=0000 [0000000000000000] KR=0100 [0000000100000000] EXT=00 COND=1 IDLE=1 IO=0000000000000000
FB=0840 [0000100001000000] SR=0000 R5=0 ROM=0000.0 PREG=0 RAMOP=- RAMREG=090 ROMOP=- ROMREG=13

0658 1839 BRC 063C -01C
A=0000000000000000 B=0000000000030000 C=0000000000000000 D=0000000000001000 E=0000000000000000
FA=0000 [0000000000000000] KR=0100 [0000000100000000] EXT=00 COND=1 IDLE=1 IO=0000000000000000
FB=0840 [0000100001000000] SR=0000 R5=0 ROM=0000.0 PREG=0 RAMOP=- RAMREG=090 ROMOP=- ROMREG=13

063C 00C8 ?TFB 12
A=0000000000000000 B=0000000000030000 C=0000000000000000 D=0000000000001000 E=0000000000000000
FA=0000 [0000000000000000] KR=0100 [0000000100000000] EXT=00 COND=1 IDLE=1 IO=0000000000000000
FB=0840 [0000100001000000] SR=0000 R5=0 ROM=0000.0 PREG=0 RAMOP=- RAMREG=090 ROMOP=- ROMREG=13

063D 00A8 ?TFB 10
A=0000000000000000 B=0000000000030000 C=0000000000000000 D=0000000000001000 E=0000000000000000
FA=0000 [0000000000000000] KR=0100 [0000000100000000] EXT=00 COND=1 IDLE=1 IO=0000000000000000
FB=0840 [0000100001000000] SR=0000 R5=0 ROM=0000.0 PREG=0 RAMOP=- RAMREG=090 ROMOP=- ROMREG=13

063E 0AB0 WAIT D11
A=0000000000000000 B=0000000000030000 C=0000000000000000 D=0000000000001000 E=0000000000000000
FA=0000 [0000000000000000] KR=0100 [0000000100000000] EXT=00 COND=1 IDLE=1 IO=0000000000000000
FB=0840 [0000100001000000] SR=0000 R5=0 ROM=0000.0 PREG=0 RAMOP=- RAMREG=090 ROMOP=- ROMREG=13

063F 0A0B ?BUSY
A=0000000000000000 B=0000000000030000 C=0000000000000000 D=0000000000001000 E=0000000000000000
FA=0000 [0000000000000000] KR=0100 [0000000100000000] EXT=00 COND=1 IDLE=1 IO=0000000000000000
FB=0840 [0000100001000000] SR=0000 R5=0 ROM=0000.0 PREG=0 RAMOP=- RAMREG=090 ROMOP=- ROMREG=13

0640 1BCF BRC 0459 -1E7
A=0000000000000000 B=0000000000030000 C=0000000000000000 D=0000000000001000 E=0000000000000000
FA=0000 [0000000000000000] KR=0100 [0000000100000000] EXT=00 COND=1 IDLE=1 IO=0000000000000000
FB=0840 [0000100001000000] SR=0000 R5=0 ROM=0000.0 PREG=0 RAMOP=- RAMREG=090 ROMOP=- ROMREG=13

0459 0A80 WAIT D8
A=0000000000000000 B=0000000000030000 C=0000000000000000 D=0000000000001000 E=0000000000000000
FA=0000 [0000000000000000] KR=0100 [0000000100000000] EXT=00 COND=1 IDLE=1 IO=0000000000000000
FB=0840 [0000100001000000] SR=0000 R5=0 ROM=0000.0 PREG=0 RAMOP=- RAMREG=090 ROMOP=- ROMREG=13

045A 0A0B ?BUSY
A=0000000000000000 B=0000000000030000 C=0000000000000000 D=0000000000001000 E=0000000000000000
FA=0000 [0000000000000000] KR=0100 [0000000100000000] EXT=00 COND=1 IDLE=1 IO=0000000000000000
FB=0840 [0000100001000000] SR=0000 R5=0 ROM=0000.0 PREG=0 RAMOP=- RAMREG=090 ROMOP=- ROMREG=13

045B 13CC BRNC 0641 +1E6
A=0000000000000000 B=0000000000030000 C=0000000000000000 D=0000000000001000 E=0000000000000000
FA=0000 [0000000000000000] KR=0100 [0000000100000000] EXT=00 COND=0 IDLE=1 IO=0000000000000000
FB=0840 [0000100001000000] SR=0000 R5=0 ROM=0000.0 PREG=0 RAMOP=- RAMREG=090 ROMOP=- ROMREG=13

0641 0098 ?TFB 9
A=0000000000000000 B=0000000000030000 C=0000000000000000 D=0000000000001000 E=0000000000000000
FA=0000 [0000000000000000] KR=0100 [0000000100000000] EXT=00 COND=1 IDLE=1 IO=0000000000000000
FB=0840 [0000100001000000] SR=0000 R5=0 ROM=0000.0 PREG=0 RAMOP=- RAMREG=090 ROMOP=- ROMREG=13

0642 1828 BRC 0656 +014
A=0000000000000000 B=0000000000030000 C=0000000000000000 D=0000000000001000 E=0000000000000000
FA=0000 [0000000000000000] KR=0100 [0000000100000000] EXT=00 COND=1 IDLE=1 IO=0000000000000000
FB=0840 [0000100001000000] SR=0000 R5=0 ROM=0000.0 PREG=0 RAMOP=- RAMREG=090 ROMOP=- ROMREG=13

0656 0AE0 WAIT D14
A=0000000000000000 B=0000000000030000 C=0000000000000000 D=0000000000001000 E=0000000000000000
FA=0000 [0000000000000000] KR=0100 [0000000100000000] EXT=00 COND=1 IDLE=1 IO=0000000000000000
FB=0840 [0000100001000000] SR=0000 R5=0 ROM=0000.0 PREG=0 RAMOP=- RAMREG=090 ROMOP=- ROMREG=13

0657 0820 ?KEY 20
A=0000000000000000 B=0000000000030000 C=0000000000000000 D=0000000000001000 E=0000000000000000
FA=0000 [0000000000000000] KR=0100 [0000000100000000] EXT=00 COND=1 IDLE=1 IO=0000000000000000
FB=0840 [0000100001000000] SR=0000 R5=0 ROM=0000.0 PREG=0 RAMOP=- RAMREG=090 ROMOP=- ROMREG=13

0658 1839 BRC 063C -01C
A=0000000000000000 B=0000000000030000 C=0000000000000000 D=0000000000001000 E=0000000000000000
FA=0000 [0000000000000000] KR=0100 [0000000100000000] EXT=00 COND=1 IDLE=1 IO=0000000000000000
FB=0840 [0000100001000000] SR=0000 R5=0 ROM=0000.0 PREG=0 RAMOP=- RAMREG=090 ROMOP=- ROMREG=13

063C 00C8 ?TFB 12
A=0000000000000000 B=0000000000030000 C=0000000000000000 D=0000000000001000 E=0000000000000000
FA=0000 [0000000000000000] KR=0100 [0000000100000000] EXT=00 COND=1 IDLE=1 IO=0000000000000000
FB=0840 [0000100001000000] SR=0000 R5=0 ROM=0000.0 PREG=0 RAMOP=- RAMREG=090 ROMOP=- ROMREG=13

063D 00A8 ?TFB 10
A=0000000000000000 B=0000000000030000 C=0000000000000000 D=0000000000001000 E=0000000000000000
FA=0000 [0000000000000000] KR=0100 [0000000100000000] EXT=00 COND=1 IDLE=1 IO=0000000000000000
FB=0840 [0000100001000000] SR=0000 R5=0 ROM=0000.0 PREG=0 RAMOP=- RAMREG=090 ROMOP=- ROMREG=13

063E 0AB0 WAIT D11
A=0000000000000000 B=0000000000030000 C=0000000000000000 D=0000000000001000 E=0000000000000000
FA=0000 [0000000000000000] KR=0100 [0000000100000000] EXT=00 COND=1 IDLE=1 IO=0000000000000000
FB=0840 [0000100001000000] SR=0000 R5=0 ROM=0000.0 PREG=0 RAMOP=- RAMREG=090 ROMOP=- ROMREG=13

063F 0A0B ?BUSY
A=0000000000000000 B=0000000000030000 C=0000000000000000 D=0000000000001000 E=0000000000000000
FA=0000 [0000000000000000] KR=0100 [0000000100000000] EXT=00 COND=1 IDLE=1 IO=0000000000000000
FB=0840 [0000100001000000] SR=0000 R5=0 ROM=0000.0 PREG=0 RAMOP=- RAMREG=090 ROMOP=- ROMREG=13

0640 1BCF BRC 0459 -1E7
A=0000000000000000 B=0000000000030000 C=0000000000000000 D=0000000000001000 E=0000000000000000
FA=0000 [0000000000000000] KR=0100 [0000000100000000] EXT=00 COND=1 IDLE=1 IO=0000000000000000
FB=0840 [0000100001000000] SR=0000 R5=0 ROM=0000.0 PREG=0 RAMOP=- RAMREG=090 ROMOP=- ROMREG=13

0459 0A80 WAIT D8
A=0000000000000000 B=0000000000030000 C=0000000000000000 D=0000000000001000 E=0000000000000000
FA=0000 [0000000000000000] KR=0100 [0000000100000000] EXT=00 COND=1 IDLE=1 IO=0000000000000000
FB=0840 [0000100001000000] SR=0000 R5=0 ROM=0000.0 PREG=0 RAMOP=- RAMREG=090 ROMOP=- ROMREG=13

045A 0A0B ?BUSY
A=0000000000000000 B=0000000000030000 C=0000000000000000 D=0000000000001000 E=0000000000000000
FA=0000 [0000000000000000] KR=0100 [0000000100000000] EXT=00 COND=1 IDLE=1 IO=0000000000000000
FB=0840 [0000100001000000] SR=0000 R5=0 ROM=0000.0 PREG=0 RAMOP=- RAMREG=090 ROMOP=- ROMREG=13

045B 13CC BRNC 0641 +1E6
A=0000000000000000 B=0000000000030000 C=0000000000000000 D=0000000000001000 E=0000000000000000
FA=0000 [0000000000000000] KR=0100 [0000000100000000] EXT=00 COND=0 IDLE=1 IO=0000000000000000
FB=0840 [0000100001000000] SR=0000 R5=0 ROM=0000.0 PREG=0 RAMOP=- RAMREG=090 ROMOP=- ROMREG=13

0641 0098 ?TFB 9
A=0000000000000000 B=0000000000030000 C=0000000000000000 D=0000000000001000 E=0000000000000000
FA=0000 [0000000000000000] KR=0100 [0000000100000000] EXT=00 COND=1 IDLE=1 IO=0000000000000000
FB=0840 [0000100001000000] SR=0000 R5=0 ROM=0000.0 PREG=0 RAMOP=- RAMREG=090 ROMOP=- ROMREG=13

0642 1828 BRC 0656 +014
A=0000000000000000 B=0000000000030000 C=0000000000000000 D=0000000000001000 E=0000000000000000
FA=0000 [0000000000000000] KR=0100 [0000000100000000] EXT=00 COND=1 IDLE=1 IO=0000000000000000
FB=0840 [0000100001000000] SR=0000 R5=0 ROM=0000.0 PREG=0 RAMOP=- RAMREG=090 ROMOP=- ROMREG=13

0656 0AE0 WAIT D14
A=0000000000000000 B=0000000000030000 C=0000000000000000 D=0000000000001000 E=0000000000000000
FA=0000 [0000000000000000] KR=0100 [0000000100000000] EXT=00 COND=1 IDLE=1 IO=0000000000000000
FB=0840 [0000100001000000] SR=0000 R5=0 ROM=0000.0 PREG=0 RAMOP=- RAMREG=090 ROMOP=- ROMREG=13

0657 0820 ?KEY 20
A=0000000000000000 B=0000000000030000 C=0000000000000000 D=0000000000001000 E=0000000000000000
FA=0000 [0000000000000000] KR=0100 [0000000100000000] EXT=00 COND=1 IDLE=1 IO=0000000000000000
FB=0840 [0000100001000000] SR=0000 R5=0 ROM=0000.0 PREG=0 RAMOP=- RAMREG=090 ROMOP=- ROMREG=13

0658 1839 BRC 063C -01C
A=0000000000000000 B=0000000000030000 C=0000000000000000 D=0000000000001000 E=0000000000000000
FA=0000 [0000000000000000] KR=0100 [0000000100000000] EXT=00 COND=1 IDLE=1 IO=0000000000000000
FB=0840 [0000100001000000] SR=0000 R5=0 ROM=0000.0 PREG=0 RAMOP=- RAMREG=090 ROMOP=- ROMREG=13

063C 00C8 ?TFB 12
A=0000000000000000 B=0000000000030000 C=0000000000000000 D=0000000000001000 E=0000000000000000
FA=0000 [0000000000000000] KR=0100 [0000000100000000] EXT=00 COND=1 IDLE=1 IO=0000000000000000
FB=0840 [0000100001000000] SR=0000 R5=0 ROM=0000.0 PREG=0 RAMOP=- RAMREG=090 ROMOP=- ROMREG=13

063D 00A8 ?TFB 10
A=0000000000000000 B=0000000000030000 C=0000000000000000 D=0000000000001000 E=0000000000000000
FA=0000 [0000000000000000] KR=0100 [0000000100000000] EXT=00 COND=1 IDLE=1 IO=0000000000000000
FB=0840 [0000100001000000] SR=0000 R5=0 ROM=0000.0 PREG=0 RAMOP=- RAMREG=090 ROMOP=- ROMREG=13

063E 0AB0 WAIT D11
A=0000000000000000 B=0000000000030000 C=0000000000000000 D=0000000000001000 E=0000000000000000
FA=0000 [0000000000000000] KR=0100 [0000000100000000] EXT=00 COND=1 IDLE=1 IO=0000000000000000
FB=0840 [0000100001000000] SR=0000 R5=0 ROM=0000.0 PREG=0 RAMOP=- RAMREG=090 ROMOP=- ROMREG=13

063F 0A0B ?BUSY
A=0000000000000000 B=0000000000030000 C=0000000000000000 D=0000000000001000 E=0000000000000000
FA=0000 [0000000000000000] KR=0100 [0000000100000000] EXT=00 COND=1 IDLE=1 IO=0000000000000000
FB=0840 [0000100001000000] SR=0000 R5=0 ROM=0000.0 PREG=0 RAMOP=- RAMREG=090 ROMOP=- ROMREG=13

0640 1BCF BRC 0459 -1E7
A=0000000000000000 B=0000000000030000 C=0000000000000000 D=0000000000001000 E=0000000000000000
FA=0000 [0000000000000000] KR=0100 [0000000100000000] EXT=00 COND=1 IDLE=1 IO=0000000000000000
FB=0840 [0000100001000000] SR=0000 R5=0 ROM=0000.0 PREG=0 RAMOP=- RAMREG=090 ROMOP=- ROMREG=13

0459 0A80 WAIT D8
A=0000000000000000 B=0000000000030000 C=0000000000000000 D=0000000000001000 E=0000000000000000
FA=0000 [0000000000000000] KR=0100 [0000000100000000] EXT=00 COND=1 IDLE=1 IO=0000000000000000
FB=0840 [0000100001000000] SR=0000 R5=0 ROM=0000.0 PREG=0 RAMOP=- RAMREG=090 ROMOP=- ROMREG=13

045A 0A0B ?BUSY
A=0000000000000000 B=0000000000030000 C=0000000000000000 D=0000000000001000 E=0000000000000000
FA=0000 [0000000000000000] KR=0100 [0000000100000000] EXT=00 COND=1 IDLE=1 IO=0000000000000000
FB=0840 [0000100001000000] SR=0000 R5=0 ROM=0000.0 PREG=0 RAMOP=- RAMREG=090 ROMOP=- ROMREG=13

045B 13CC BRNC 0641 +1E6
A=0000000000000000 B=0000000000030000 C=0000000000000000 D=0000000000001000 E=0000000000000000
FA=0000 [0000000000000000] KR=0100 [0000000100000000] EXT=00 COND=0 IDLE=1 IO=0000000000000000
FB=0840 [0000100001000000] SR=0000 R5=0 ROM=0000.0 PREG=0 RAMOP=- RAMREG=090 ROMOP=- ROMREG=13

0641 0098 ?TFB 9
A=0000000000000000 B=0000000000030000 C=0000000000000000 D=0000000000001000 E=0000000000000000
FA=0000 [0000000000000000] KR=0100 [0000000100000000] EXT=00 COND=1 IDLE=1 IO=0000000000000000
FB=0840 [0000100001000000] SR=0000 R5=0 ROM=0000.0 PREG=0 RAMOP=- RAMREG=090 ROMOP=- ROMREG=13

0642 1828 BRC 0656 +014
A=0000000000000000 B=0000000000030000 C=0000000000000000 D=0000000000001000 E=0000000000000000
FA=0000 [0000000000000000] KR=0100 [0000000100000000] EXT=00 COND=1 IDLE=1 IO=0000000000000000
FB=0840 [0000100001000000] SR=0000 R5=0 ROM=0000.0 PREG=0 RAMOP=- RAMREG=090 ROMOP=- ROMREG=13

0656 0AE0 WAIT D14
A=0000000000000000 B=0000000000030000 C=0000000000000000 D=0000000000001000 E=0000000000000000
FA=0000 [0000000000000000] KR=0100 [0000000100000000] EXT=00 COND=1 IDLE=1 IO=0000000000000000
FB=0840 [0000100001000000] SR=0000 R5=0 ROM=0000.0 PREG=0 RAMOP=- RAMREG=090 ROMOP=- ROMREG=13

0657 0820 ?KEY 20
A=0000000000000000 B=0000000000030000 C=0000000000000000 D=0000000000001000 E=0000000000000000
FA=0000 [0000000000000000] KR=0100 [0000000100000000] EXT=00 COND=1 IDLE=1 IO=0000000000000000
FB=0840 [0000100001000000] SR=0000 R5=0 ROM=0000.0 PREG=0 RAMOP=- RAMREG=090 ROMOP=- ROMREG=13

0658 1839 BRC 063C -01C
A=0000000000000000 B=0000000000030000 C=0000000000000000 D=0000000000001000 E=0000000000000000
FA=0000 [0000000000000000] KR=0100 [0000000100000000] EXT=00 COND=1 IDLE=1 IO=0000000000000000
FB=0840 [0000100001000000] SR=0000 R5=0 ROM=0000.0 PREG=0 RAMOP=- RAMREG=090 ROMOP=- ROMREG=13

063C 00C8 ?TFB 12
A=0000000000000000 B=0000000000030000 C=0000000000000000 D=0000000000001000 E=0000000000000000
FA=0000 [0000000000000000] KR=0100 [0000000100000000] EXT=00 COND=1 IDLE=1 IO=0000000000000000
FB=0840 [0000100001000000] SR=0000 R5=0 ROM=0000.0 PREG=0 RAMOP=- RAMREG=090 ROMOP=- ROMREG=13

063D 00A8 ?TFB 10
A=0000000000000000 B=0000000000030000 C=0000000000000000 D=0000000000001000 E=0000000000000000
FA=0000 [0000000000000000] KR=0100 [0000000100000000] EXT=00 COND=1 IDLE=1 IO=0000000000000000
FB=0840 [0000100001000000] SR=0000 R5=0 ROM=0000.0 PREG=0 RAMOP=- RAMREG=090 ROMOP=- ROMREG=13

063E 0AB0 WAIT D11
A=0000000000000000 B=0000000000030000 C=0000000000000000 D=0000000000001000 E=0000000000000000
FA=0000 [0000000000000000] KR=0100 [0000000100000000] EXT=00 COND=1 IDLE=1 IO=0000000000000000
FB=0840 [0000100001000000] SR=0000 R5=0 ROM=0000.0 PREG=0 RAMOP=- RAMREG=090 ROMOP=- ROMREG=13

063F 0A0B ?BUSY
A=0000000000000000 B=0000000000030000 C=0000000000000000 D=0000000000001000 E=0000000000000000
FA=0000 [0000000000000000] KR=0100 [0000000100000000] EXT=00 COND=1 IDLE=1 IO=0000000000000000
FB=0840 [0000100001000000] SR=0000 R5=0 ROM=0000.0 PREG=0 RAMOP=- RAMREG=090 ROMOP=- ROMREG=13

0640 1BCF BRC 0459 -1E7
A=0000000000000000 B=0000000000030000 C=0000000000000000 D=0000000000001000 E=0000000000000000
FA=0000 [0000000000000000] KR=0100 [0000000100000000] EXT=00 COND=1 IDLE=1 IO=0000000000000000
FB=0840 [0000100001000000] SR=0000 R5=0 ROM=0000.0 PREG=0 RAMOP=- RAMREG=090 ROMOP=- ROMREG=13

0459 0A80 WAIT D8
A=0000000000000000 B=0000000000030000 C=0000000000000000 D=0000000000001000 E=0000000000000000
FA=0000 [0000000000000000] KR=0100 [0000000100000000] EXT=00 COND=1 IDLE=1 IO=0000000000000000
FB=0840 [0000100001000000] SR=0000 R5=0 ROM=0000.0 PREG=0 RAMOP=- RAMREG=090 ROMOP=- ROMREG=13

045A 0A0B ?BUSY
A=0000000000000000 B=0000000000030000 C=0000000000000000 D=0000000000001000 E=0000000000000000
FA=0000 [0000000000000000] KR=0100 [0000000100000000] EXT=00 COND=1 IDLE=1 IO=0000000000000000
FB=0840 [0000100001000000] SR=0000 R5=0 ROM=0000.0 PREG=0 RAMOP=- RAMREG=090 ROMOP=- ROMREG=13

045B 13CC BRNC 0641 +1E6
A=0000000000000000 B=0000000000030000 C=0000000000000000 D=0000000000001000 E=0000000000000000
FA=0000 [0000000000000000] KR=0100 [0000000100000000] EXT=00 COND=0 IDLE=1 IO=0000000000000000
FB=0840 [0000100001000000] SR=0000 R5=0 ROM=0000.0 PREG=0 RAMOP=- RAMREG=090 ROMOP=- ROMREG=13

0641 0098 ?TFB 9
A=0000000000000000 B=0000000000030000 C=0000000000000000 D=0000000000001000 E=0000000000000000
FA=0000 [0000000000000000] KR=0100 [0000000100000000] EXT=00 COND=1 IDLE=1 IO=0000000000000000
FB=0840 [0000100001000000] SR=0000 R5=0 ROM=0000.0 PREG=0 RAMOP=- RAMREG=090 ROMOP=- ROMREG=13

0642 1828 BRC 0656 +014
A=0000000000000000 B=0000000000030000 C=0000000000000000 D=0000000000001000 E=0000000000000000
FA=0000 [0000000000000000] KR=0100 [0000000100000000] EXT=00 COND=1 IDLE=1 IO=0000000000000000
FB=0840 [0000100001000000] SR=0000 R5=0 ROM=0000.0 PREG=0 RAMOP=- RAMREG=090 ROMOP=- ROMREG=13

0656 0AE0 WAIT D14
A=0000000000000000 B=0000000000030000 C=0000000000000000 D=0000000000001000 E=0000000000000000
FA=0000 [0000000000000000] KR=0100 [0000000100000000] EXT=00 COND=1 IDLE=1 IO=0000000000000000
FB=0840 [0000100001000000] SR=0000 R5=0 ROM=0000.0 PREG=0 RAMOP=- RAMREG=090 ROMOP=- ROMREG=13

0657 0820 ?KEY 20
A=0000000000000000 B=0000000000030000 C=0000000000000000 D=0000000000001000 E=0000000000000000
FA=0000 [0000000000000000] KR=0100 [0000000100000000] EXT=00 COND=1 IDLE=1 IO=0000000000000000
FB=0840 [0000100001000000] SR=0000 R5=0 ROM=0000.0 PREG=0 RAMOP=- RAMREG=090 ROMOP=- ROMREG=13

0658 1839 BRC 063C -01C
A=0000000000000000 B=0000000000030000 C=0000000000000000 D=0000000000001000 E=0000000000000000
FA=0000 [0000000000000000] KR=0100 [0000000100000000] EXT=00 COND=1 IDLE=1 IO=0000000000000000
FB=0840 [0000100001000000] SR=0000 R5=0 ROM=0000.0 PREG=0 RAMOP=- RAMREG=090 ROMOP=- ROMREG=13

063C 00C8 ?TFB 12
A=0000000000000000 B=0000000000030000 C=0000000000000000 D=0000000000001000 E=0000000000000000
FA=0000 [0000000000000000] KR=0100 [0000000100000000] EXT=00 COND=1 IDLE=1 IO=0000000000000000
FB=0840 [0000100001000000] SR=0000 R5=0 ROM=0000.0 PREG=0 RAMOP=- RAMREG=090 ROMOP=- ROMREG=13

063D 00A8 ?TFB 10
A=0000000000000000 B=0000000000030000 C=0000000000000000 D=0000000000001000 E=0000000000000000
FA=0000 [0000000000000000] KR=0100 [0000000100000000] EXT=00 COND=1 IDLE=1 IO=0000000000000000
FB=0840 [0000100001000000] SR=0000 R5=0 ROM=0000.0 PREG=0 RAMOP=- RAMREG=090 ROMOP=- ROMREG=13

063E 0AB0 WAIT D11
A=0000000000000000 B=0000000000030000 C=0000000000000000 D=0000000000001000 E=0000000000000000
FA=0000 [0000000000000000] KR=0100 [0000000100000000] EXT=00 COND=1 IDLE=1 IO=0000000000000000
FB=0840 [0000100001000000] SR=0000 R5=0 ROM=0000.0 PREG=0 RAMOP=- RAMREG=090 ROMOP=- ROMREG=13

063F 0A0B ?BUSY
A=0000000000000000 B=0000000000030000 C=0000000000000000 D=0000000000001000 E=0000000000000000
FA=0000 [0000000000000000] KR=0100 [0000000100000000] EXT=00 COND=1 IDLE=1 IO=0000000000000000
FB=0840 [0000100001000000] SR=0000 R5=0 ROM=0000.0 PREG=0 RAMOP=- RAMREG=090 ROMOP=- ROMREG=13

0640 1BCF BRC 0459 -1E7
A=0000000000000000 B=0000000000030000 C=0000000000000000 D=0000000000001000 E=0000000000000000
FA=0000 [0000000000000000] KR=0100 [0000000100000000] EXT=00 COND=1 IDLE=1 IO=0000000000000000
FB=0840 [0000100001000000] SR=0000 R5=0 ROM=0000.0 PREG=0 RAMOP=- RAMREG=090 ROMOP=- ROMREG=13

0459 0A80 WAIT D8
A=0000000000000000 B=0000000000030000 C=0000000000000000 D=0000000000001000 E=0000000000000000
FA=0000 [0000000000000000] KR=0100 [0000000100000000] EXT=00 COND=1 IDLE=1 IO=0000000000000000
FB=0840 [0000100001000000] SR=0000 R5=0 ROM=0000.0 PREG=0 RAMOP=- RAMREG=090 ROMOP=- ROMREG=13

045A 0A0B ?BUSY
A=0000000000000000 B=0000000000030000 C=0000000000000000 D=0000000000001000 E=0000000000000000
FA=0000 [0000000000000000] KR=0100 [0000000100000000] EXT=00 COND=1 IDLE=1 IO=0000000000000000
FB=0840 [0000100001000000] SR=0000 R5=0 ROM=0000.0 PREG=0 RAMOP=- RAMREG=090 ROMOP=- ROMREG=13

045B 13CC BRNC 0641 +1E6
A=0000000000000000 B=0000000000030000 C=0000000000000000 D=0000000000001000 E=0000000000000000
FA=0000 [0000000000000000] KR=0100 [0000000100000000] EXT=00 COND=0 IDLE=1 IO=0000000000000000
FB=0840 [0000100001000000] SR=0000 R5=0 ROM=0000.0 PREG=0 RAMOP=- RAMREG=090 ROMOP=- ROMREG=13

0641 0098 ?TFB 9
A=0000000000000000 B=0000000000030000 C=0000000000000000 D=0000000000001000 E=0000000000000000
FA=0000 [0000000000000000] KR=0100 [0000000100000000] EXT=00 COND=1 IDLE=1 IO=0000000000000000
FB=0840 [0000100001000000] SR=0000 R5=0 ROM=0000.0 PREG=0 RAMOP=- RAMREG=090 ROMOP=- ROMREG=13

0642 1828 BRC 0656 +014
A=0000000000000000 B=0000000000030000 C=0000000000000000 D=0000000000001000 E=0000000000000000
FA=0000 [0000000000000000] KR=0100 [0000000100000000] EXT=00 COND=1 IDLE=1 IO=0000000000000000
FB=0840 [0000100001000000] SR=0000 R5=0 ROM=0000.0 PREG=0 RAMOP=- RAMREG=090 ROMOP=- ROMREG=13

0656 0AE0 WAIT D14
A=0000000000000000 B=0000000000030000 C=0000000000000000 D=0000000000001000 E=0000000000000000
FA=0000 [0000000000000000] KR=0100 [0000000100000000] EXT=00 COND=1 IDLE=1 IO=0000000000000000
FB=0840 [0000100001000000] SR=0000 R5=0 ROM=0000.0 PREG=0 RAMOP=- RAMREG=090 ROMOP=- ROMREG=13

0657 0820 ?KEY 20
A=0000000000000000 B=0000000000030000 C=0000000000000000 D=0000000000001000 E=0000000000000000
FA=0000 [0000000000000000] KR=0100 [0000000100000000] EXT=00 COND=1 IDLE=1 IO=0000000000000000
FB=0840 [0000100001000000] SR=0000 R5=0 ROM=0000.0 PREG=0 RAMOP=- RAMREG=090 ROMOP=- ROMREG=13

0658 1839 BRC 063C -01C
A=0000000000000000 B=0000000000030000 C=0000000000000000 D=0000000000001000 E=0000000000000000
FA=0000 [0000000000000000] KR=0100 [0000000100000000] EXT=00 COND=1 IDLE=1 IO=0000000000000000
FB=0840 [0000100001000000] SR=0000 R5=0 ROM=0000.0 PREG=0 RAMOP=- RAMREG=090 ROMOP=- ROMREG=13

063C 00C8 ?TFB 12
A=0000000000000000 B=0000000000030000 C=0000000000000000 D=0000000000001000 E=0000000000000000
FA=0000 [0000000000000000] KR=0100 [0000000100000000] EXT=00 COND=1 IDLE=1 IO=0000000000000000
FB=0840 [0000100001000000] SR=0000 R5=0 ROM=0000.0 PREG=0 RAMOP=- RAMREG=090 ROMOP=- ROMREG=13

063D 00A8 ?TFB 10
A=0000000000000000 B=0000000000030000 C=0000000000000000 D=0000000000001000 E=0000000000000000
FA=0000 [0000000000000000] KR=0100 [0000000100000000] EXT=00 COND=1 IDLE=1 IO=0000000000000000
FB=0840 [0000100001000000] SR=0000 R5=0 ROM=0000.0 PREG=0 RAMOP=- RAMREG=090 ROMOP=- ROMREG=13

063E 0AB0 WAIT D11
A=0000000000000000 B=0000000000030000 C=0000000000000000 D=0000000000001000 E=0000000000000000
FA=0000 [0000000000000000] KR=0100 [0000000100000000] EXT=00 COND=1 IDLE=1 IO=0000000000000000
FB=0840 [0000100001000000] SR=0000 R5=0 ROM=0000.0 PREG=0 RAMOP=- RAMREG=090 ROMOP=- ROMREG=13

063F 0A0B ?BUSY
A=0000000000000000 B=0000000000030000 C=0000000000000000 D=0000000000001000 E=0000000000000000
FA=0000 [0000000000000000] KR=0100 [0000000100000000] EXT=00 COND=1 IDLE=1 IO=0000000000000000
FB=0840 [0000100001000000] SR=0000 R5=0 ROM=0000.0 PREG=0 RAMOP=- RAMREG=090 ROMOP=- ROMREG=13

0640 1BCF BRC 0459 -1E7
A=0000000000000000 B=0000000000030000 C=0000000000000000 D=0000000000001000 E=0000000000000000
FA=0000 [0000000000000000] KR=0100 [0000000100000000] EXT=00 COND=1 IDLE=1 IO=0000000000000000
FB=0840 [0000100001000000] SR=0000 R5=0 ROM=0000.0 PREG=0 RAMOP=- RAMREG=090 ROMOP=- ROMREG=13

0459 0A80 WAIT D8
A=0000000000000000 B=0000000000030000 C=0000000000000000 D=0000000000001000 E=0000000000000000
FA=0000 [0000000000000000] KR=0100 [0000000100000000] EXT=00 COND=1 IDLE=1 IO=0000000000000000
FB=0840 [0000100001000000] SR=0000 R5=0 ROM=0000.0 PREG=0 RAMOP=- RAMREG=090 ROMOP=- ROMREG=13

045A 0A0B ?BUSY
A=0000000000000000 B=0000000000030000 C=0000000000000000 D=0000000000001000 E=0000000000000000
FA=0000 [0000000000000000] KR=0100 [0000000100000000] EXT=00 COND=1 IDLE=1 IO=0000000000000000
FB=0840 [0000100001000000] SR=0000 R5=0 ROM=0000.0 PREG=0 RAMOP=- RAMREG=090 ROMOP=- ROMREG=13

045B 13CC BRNC 0641 +1E6
A=0000000000000000 B=0000000000030000 C=0000000000000000 D=0000000000001000 E=0000000000000000
FA=0000 [0000000000000000] KR=0100 [0000000100000000] EXT=00 COND=0 IDLE=1 IO=0000000000000000
FB=0840 [0000100001000000] SR=0000 R5=0 ROM=0000.0 PREG=0 RAMOP=- RAMREG=090 ROMOP=- ROMREG=13

0641 0098 ?TFB 9
A=0000000000000000 B=0000000000030000 C=0000000000000000 D=0000000000001000 E=0000000000000000
FA=0000 [0000000000000000] KR=0100 [0000000100000000] EXT=00 COND=1 IDLE=1 IO=0000000000000000
FB=0840 [0000100001000000] SR=0000 R5=0 ROM=0000.0 PREG=0 RAMOP=- RAMREG=090 ROMOP=- ROMREG=13

0642 1828 BRC 0656 +014
A=0000000000000000 B=0000000000030000 C=0000000000000000 D=0000000000001000 E=0000000000000000
FA=0000 [0000000000000000] KR=0100 [0000000100000000] EXT=00 COND=1 IDLE=1 IO=0000000000000000
FB=0840 [0000100001000000] SR=0000 R5=0 ROM=0000.0 PREG=0 RAMOP=- RAMREG=090 ROMOP=- ROMREG=13

0656 0AE0 WAIT D14
A=0000000000000000 B=0000000000030000 C=0000000000000000 D=0000000000001000 E=0000000000000000
FA=0000 [0000000000000000] KR=0100 [0000000100000000] EXT=00 COND=1 IDLE=1 IO=0000000000000000
FB=0840 [0000100001000000] SR=0000 R5=0 ROM=0000.0 PREG=0 RAMOP=- RAMREG=090 ROMOP=- ROMREG=13

0657 0820 ?KEY 20
A=0000000000000000 B=0000000000030000 C=0000000000000000 D=0000000000001000 E=0000000000000000
FA=0000 [0000000000000000] KR=0100 [0000000100000000] EXT=00 COND=1 IDLE=1 IO=0000000000000000
FB=0840 [0000100001000000] SR=0000 R5=0 ROM=0000.0 PREG=0 RAMOP=- RAMREG=090 ROMOP=- ROMREG=13

0658 1839 BRC 063C -01C
A=0000000000000000 B=0000000000030000 C=0000000000000000 D=0000000000001000 E=0000000000000000
FA=0000 [0000000000000000] KR=0100 [0000000100000000] EXT=00 COND=1 IDLE=1 IO=0000000000000000
FB=0840 [0000100001000000] SR=0000 R5=0 ROM=0000.0 PREG=0 RAMOP=- RAMREG=090 ROMOP=- ROMREG=13

063C 00C8 ?TFB 12
A=0000000000000000 B=0000000000030000 C=0000000000000000 D=0000000000001000 E=0000000000000000
FA=0000 [0000000000000000] KR=0100 [0000000100000000] EXT=00 COND=1 IDLE=1 IO=0000000000000000
FB=0840 [0000100001000000] SR=0000 R5=0 ROM=0000.0 PREG=0 RAMOP=- RAMREG=090 ROMOP=- ROMREG=13

063D 00A8 ?TFB 10
A=0000000000000000 B=0000000000030000 C=0000000000000000 D=0000000000001000 E=0000000000000000
FA=0000 [0000000000000000] KR=0100 [0000000100000000] EXT=00 COND=1 IDLE=1 IO=0000000000000000
FB=0840 [0000100001000000] SR=0000 R5=0 ROM=0000.0 PREG=0 RAMOP=- RAMREG=090 ROMOP=- ROMREG=13

063E 0AB0 WAIT D11
A=0000000000000000 B=0000000000030000 C=0000000000000000 D=0000000000001000 E=0000000000000000
FA=0000 [0000000000000000] KR=0100 [0000000100000000] EXT=00 COND=1 IDLE=1 IO=0000000000000000
FB=0840 [0000100001000000] SR=0000 R5=0 ROM=0000.0 PREG=0 RAMOP=- RAMREG=090 ROMOP=- ROMREG=13

063F 0A0B ?BUSY
A=0000000000000000 B=0000000000030000 C=0000000000000000 D=0000000000001000 E=0000000000000000
FA=0000 [0000000000000000] KR=0100 [0000000100000000] EXT=00 COND=1 IDLE=1 IO=0000000000000000
FB=0840 [0000100001000000] SR=0000 R5=0 ROM=0000.0 PREG=0 RAMOP=- RAMREG=090 ROMOP=- ROMREG=13

0640 1BCF BRC 0459 -1E7
A=0000000000000000 B=0000000000030000 C=0000000000000000 D=0000000000001000 E=0000000000000000
FA=0000 [0000000000000000] KR=0100 [0000000100000000] EXT=00 COND=1 IDLE=1 IO=0000000000000000
FB=0840 [0000100001000000] SR=0000 R5=0 ROM=0000.0 PREG=0 RAMOP=- RAMREG=090 ROMOP=- ROMREG=13

0459 0A80 WAIT D8
A=0000000000000000 B=0000000000030000 C=0000000000000000 D=0000000000001000 E=0000000000000000
FA=0000 [0000000000000000] KR=0100 [0000000100000000] EXT=00 COND=1 IDLE=1 IO=0000000000000000
FB=0840 [0000100001000000] SR=0000 R5=0 ROM=0000.0 PREG=0 RAMOP=- RAMREG=090 ROMOP=- ROMREG=13

045A 0A0B ?BUSY
A=0000000000000000 B=0000000000030000 C=0000000000000000 D=0000000000001000 E=0000000000000000
FA=0000 [0000000000000000] KR=0100 [0000000100000000] EXT=00 COND=1 IDLE=1 IO=0000000000000000
FB=0840 [0000100001000000] SR=0000 R5=0 ROM=0000.0 PREG=0 RAMOP=- RAMREG=090 ROMOP=- ROMREG=13

045B 13CC BRNC 0641 +1E6
A=0000000000000000 B=0000000000030000 C=0000000000000000 D=0000000000001000 E=0000000000000000
FA=0000 [0000000000000000] KR=0100 [0000000100000000] EXT=00 COND=0 IDLE=1 IO=0000000000000000
FB=0840 [0000100001000000] SR=0000 R5=0 ROM=0000.0 PREG=0 RAMOP=- RAMREG=090 ROMOP=- ROMREG=13

0641 0098 ?TFB 9
A=0000000000000000 B=0000000000030000 C=0000000000000000 D=0000000000001000 E=0000000000000000
FA=0000 [0000000000000000] KR=0100 [0000000100000000] EXT=00 COND=1 IDLE=1 IO=0000000000000000
FB=0840 [0000100001000000] SR=0000 R5=0 ROM=0000.0 PREG=0 RAMOP=- RAMREG=090 ROMOP=- ROMREG=13

0642 1828 BRC 0656 +014
A=0000000000000000 B=0000000000030000 C=0000000000000000 D=0000000000001000 E=0000000000000000
FA=0000 [0000000000000000] KR=0100 [0000000100000000] EXT=00 COND=1 IDLE=1 IO=0000000000000000
FB=0840 [0000100001000000] SR=0000 R5=0 ROM=0000.0 PREG=0 RAMOP=- RAMREG=090 ROMOP=- ROMREG=13

0656 0AE0 WAIT D14
A=0000000000000000 B=0000000000030000 C=0000000000000000 D=0000000000001000 E=0000000000000000
FA=0000 [0000000000000000] KR=0100 [0000000100000000] EXT=00 COND=1 IDLE=1 IO=0000000000000000
FB=0840 [0000100001000000] SR=0000 R5=0 ROM=0000.0 PREG=0 RAMOP=- RAMREG=090 ROMOP=- ROMREG=13

0657 0820 ?KEY 20
A=0000000000000000 B=0000000000030000 C=0000000000000000 D=0000000000001000 E=0000000000000000
FA=0000 [0000000000000000] KR=0100 [0000000100000000] EXT=00 COND=1 IDLE=1 IO=0000000000000000
FB=0840 [0000100001000000] SR=0000 R5=0 ROM=0000.0 PREG=0 RAMOP=- RAMREG=090 ROMOP=- ROMREG=13

0658 1839 BRC 063C -01C
A=0000000000000000 B=0000000000030000 C=0000000000000000 D=0000000000001000 E=0000000000000000
FA=0000 [0000000000000000] KR=0280 [0000001010000000] EXT=00 COND=0 IDLE=1 IO=0000000000000000
FB=0840 [0000100001000000] SR=0000 R5=0 ROM=0000.0 PREG=0 RAMOP=- RAMREG=090 ROMOP=- ROMREG=13

0659 0AE0 WAIT D14
A=0000000000000000 B=0000000000030000 C=0000000000000000 D=0000000000001000 E=0000000000000000
FA=0000 [0000000000000000] KR=0280 [0000001010000000] EXT=00 COND=1 IDLE=1 IO=0000000000000000
FB=0840 [0000100001000000] SR=0000 R5=0 ROM=0000.0 PREG=0 RAMOP=- RAMREG=090 ROMOP=- ROMREG=13

065A 0820 ?KEY 20
A=0000000000000000 B=0000000000030000 C=0000000000000000 D=0000000000001000 E=0000000000000000
FA=0000 [0000000000000000] KR=0280 [0000001010000000] EXT=00 COND=1 IDLE=1 IO=0000000000000000
FB=0840 [0000100001000000] SR=0000 R5=0 ROM=0000.0 PREG=0 RAMOP=- RAMREG=090 ROMOP=- ROMREG=13

065B 183F BRC 063C -01F
A=0000000000000000 B=0000000000030000 C=0000000000000000 D=0000000000001000 E=0000000000000000
FA=0000 [0000000000000000] KR=0280 [0000001010000000] EXT=00 COND=0 IDLE=1 IO=0000000000000000
FB=0840 [0000100001000000] SR=0000 R5=0 ROM=0000.0 PREG=0 RAMOP=- RAMREG=090 ROMOP=- ROMREG=13

065C 0A45 ?TFKR 4
A=0000000000000000 B=0000000000030000 C=0000000000000000 D=0000000000001000 E=0000000000000000
FA=0000 [0000000000000000] KR=0280 [0000001010000000] EXT=00 COND=1 IDLE=1 IO=0000000000000000
FB=0840 [0000100001000000] SR=0000 R5=0 ROM=0000.0 PREG=0 RAMOP=- RAMREG=090 ROMOP=- ROMREG=13

065D 0A55 ?TFKR 5
A=0000000000000000 B=0000000000030000 C=0000000000000000 D=0000000000001000 E=0000000000000000
FA=0000 [0000000000000000] KR=0280 [0000001010000000] EXT=00 COND=1 IDLE=1 IO=0000000000000000
FB=0840 [0000100001000000] SR=0000 R5=0 ROM=0000.0 PREG=0 RAMOP=- RAMREG=090 ROMOP=- ROMREG=13

065E 0A65 ?TFKR 6
A=0000000000000000 B=0000000000030000 C=0000000000000000 D=0000000000001000 E=0000000000000000
FA=0000 [0000000000000000] KR=0280 [0000001010000000] EXT=00 COND=1 IDLE=1 IO=0000000000000000
FB=0840 [0000100001000000] SR=0000 R5=0 ROM=0000.0 PREG=0 RAMOP=- RAMREG=090 ROMOP=- ROMREG=13

065F 0A75 ?TFKR 7
A=0000000000000000 B=0000000000030000 C=0000000000000000 D=0000000000001000 E=0000000000000000
FA=0000 [0000000000000000] KR=0280 [0000001010000000] EXT=00 COND=1 IDLE=1 IO=0000000000000000
FB=0840 [0000100001000000] SR=0000 R5=0 ROM=0000.0 PREG=0 RAMOP=- RAMREG=090 ROMOP=- ROMREG=13

0660 1849 BRC 063C -024
A=0000000000000000 B=0000000000030000 C=0000000000000000 D=0000000000001000 E=0000000000000000
FA=0000 [0000000000000000] KR=0280 [0000001010000000] EXT=00 COND=0 IDLE=1 IO=0000000000000000
FB=0840 [0000100001000000] SR=0000 R5=0 ROM=0000.0 PREG=0 RAMOP=- RAMREG=090 ROMOP=- ROMREG=13

0661 0A01 ZERO IDLE
A=0000000000000000 B=0000000000030000 C=0000000000000000 D=0000000000001000 E=0000000000000000
FA=0000 [0000000000000000] KR=0280 [0000001010000000] EXT=00 COND=1 IDLE=1 IO=0000000000000000
FB=0840 [0000100001000000] SR=0000 R5=0 ROM=0000.0 PREG=0 RAMOP=- RAMREG=090 ROMOP=- ROMREG=13

0662 0619 IO=0-B EXP
A=0000000000000000 B=0000000000030000 C=0000000000000000 D=0000000000001000 E=0000000000000000
FA=0000 [0000000000000000] KR=0280 [0000001010000000] EXT=00 COND=1 IDLE=0 IO=0000000000000000
FB=0840 [0000100001000000] SR=0000 R5=0 ROM=0000.0 PREG=0 RAMOP=- RAMREG=090 ROMOP=- ROMREG=13

0663 1806 BRC 0666 +003
A=0000000000000000 B=0000000000030000 C=0000000000000000 D=0000000000001000 E=0000000000000000
FA=0000 [0000000000000000] KR=0280 [0000001010000000] EXT=00 COND=1 IDLE=0 IO=0000000000000000
FB=0840 [0000100001000000] SR=0000 R5=0 ROM=0000.0 PREG=0 RAMOP=- RAMREG=090 ROMOP=- ROMREG=13

0666 0A75 ?TFKR 7
A=0000000000000000 B=0000000000030000 C=0000000000000000 D=0000000000001000 E=0000000000000000
FA=0000 [0000000000000000] KR=0280 [0000001010000000] EXT=00 COND=1 IDLE=0 IO=0000000000000000
FB=0840 [0000100001000000] SR=0000 R5=0 ROM=0000.0 PREG=0 RAMOP=- RAMREG=090 ROMOP=- ROMREG=13

0667 1816 BRC 0672 +00B
A=0000000000000000 B=0000000000030000 C=0000000000000000 D=0000000000001000 E=0000000000000000
FA=0000 [0000000000000000] KR=0280 [0000001010000000] EXT=00 COND=0 IDLE=0 IO=0000000000000000
FB=0840 [0000100001000000] SR=0000 R5=0 ROM=0000.0 PREG=0 RAMOP=- RAMREG=090 ROMOP=- ROMREG=13

0668 0A65 ?TFKR 6
A=0000000000000000 B=0000000000030000 C=0000000000000000 D=0000000000001000 E=0000000000000000
FA=0000 [0000000000000000] KR=0280 [0000001010000000] EXT=00 COND=1 IDLE=0 IO=0000000000000000
FB=0840 [0000100001000000] SR=0000 R5=0 ROM=0000.0 PREG=0 RAMOP=- RAMREG=090 ROMOP=- ROMREG=13

0669 1812 BRC 0672 +009
A=0000000000000000 B=0000000000030000 C=0000000000000000 D=0000000000001000 E=0000000000000000
FA=0000 [0000000000000000] KR=0280 [0000001010000000] EXT=00 COND=1 IDLE=0 IO=0000000000000000
FB=0840 [0000100001000000] SR=0000 R5=0 ROM=0000.0 PREG=0 RAMOP=- RAMREG=090 ROMOP=- ROMREG=13

0672 0AA5 ?TFKR 10
A=0000000000000000 B=0000000000030000 C=0000000000000000 D=0000000000001000 E=0000000000000000
FA=0000 [0000000000000000] KR=0280 [0000001010000000] EXT=00 COND=1 IDLE=0 IO=0000000000000000
FB=0840 [0000100001000000] SR=0000 R5=0 ROM=0000.0 PREG=0 RAMOP=- RAMREG=090 ROMOP=- ROMREG=13

0673 180C BRC 0679 +006
A=0000000000000000 B=0000000000030000 C=0000000000000000 D=0000000000001000 E=0000000000000000
FA=0000 [0000000000000000] KR=0280 [0000001010000000] EXT=00 COND=1 IDLE=0 IO=0000000000000000
FB=0840 [0000100001000000] SR=0000 R5=0 ROM=0000.0 PREG=0 RAMOP=- RAMREG=090 ROMOP=- ROMREG=13

0679 0090 ?TFA 9
A=0000000000000000 B=0000000000030000 C=0000000000000000 D=0000000000001000 E=0000000000000000
FA=0000 [0000000000000000] KR=0280 [0000001010000000] EXT=00 COND=1 IDLE=0 IO=0000000000000000
FB=0840 [0000100001000000] SR=0000 R5=0 ROM=0000.0 PREG=0 RAMOP=- RAMREG=090 ROMOP=- ROMREG=13

067A 181E BRC 0689 +00F
A=0000000000000000 B=0000000000030000 C=0000000000000000 D=0000000000001000 E=0000000000000000
FA=0000 [0000000000000000] KR=0280 [0000001010000000] EXT=00 COND=1 IDLE=0 IO=0000000000000000
FB=0840 [0000100001000000] SR=0000 R5=0 ROM=0000.0 PREG=0 RAMOP=- RAMREG=090 ROMOP=- ROMREG=13

0689 00A8 ?TFB 10
A=0000000000000000 B=0000000000030000 C=0000000000000000 D=0000000000001000 E=0000000000000000
FA=0000 [0000000000000000] KR=0280 [0000001010000000] EXT=00 COND=1 IDLE=0 IO=0000000000000000
FB=0840 [0000100001000000] SR=0000 R5=0 ROM=0000.0 PREG=0 RAMOP=- RAMREG=090 ROMOP=- ROMREG=13

068A 1628 BRNC 099E +314
A=0000000000000000 B=0000000000030000 C=0000000000000000 D=0000000000001000 E=0000000000000000
FA=0000 [0000000000000000] KR=0280 [0000001010000000] EXT=00 COND=1 IDLE=0 IO=0000000000000000
FB=0840 [0000100001000000] SR=0000 R5=0 ROM=0000.0 PREG=0 RAMOP=- RAMREG=090 ROMOP=- ROMREG=13

068B 0A10 WAIT D1
A=0000000000000000 B=0000000000030000 C=0000000000000000 D=0000000000001000 E=0000000000000000
FA=0000 [0000000000000000] KR=0280 [0000001010000000] EXT=00 COND=1 IDLE=0 IO=0000000000000000
FB=0840 [0000100001000000] SR=0000 R5=0 ROM=0000.0 PREG=0 RAMOP=- RAMREG=090 ROMOP=- ROMREG=13

068C 08FB ?KEY FB
A=0000000000000000 B=0000000000030000 C=0000000000000000 D=0000000000001000 E=0000000000000000
FA=0000 [0000000000000000] KR=0280 [0000001010000000] EXT=00 COND=1 IDLE=0 IO=0000000000000000
FB=0840 [0000100001000000] SR=0000 R5=0 ROM=0000.0 PREG=0 RAMOP=- RAMREG=090 ROMOP=- ROMREG=13

068D 182A BRC 06A2 +015
A=0000000000000000 B=0000000000030000 C=0000000000000000 D=0000000000001000 E=0000000000000000
FA=0000 [0000000000000000] KR=0280 [0000001010000000] EXT=00 COND=0 IDLE=0 IO=0000000000000000
FB=0840 [0000100001000000] SR=0000 R5=0 ROM=0000.0 PREG=0 RAMOP=- RAMREG=090 ROMOP=- ROMREG=13

068E 0A97 R5= 9
A=0000000000000000 B=0000000000030000 C=0000000000000000 D=0000000000001000 E=0000000000000000
FA=0000 [0000000000000000] KR=0280 [0000001010000000] EXT=00 COND=1 IDLE=0 IO=0000000000000000
FB=0840 [0000100001000000] SR=0000 R5=0 ROM=0000.0 PREG=0 RAMOP=- RAMREG=090 ROMOP=- ROMREG=13

068F 02F6 D=R5 DPT
A=0000000000000000 B=0000000000030000 C=0000000000000000 D=0000000000001000 E=0000000000000000
FA=0000 [0000000000000000] KR=0280 [0000001010000000] EXT=00 COND=1 IDLE=0 IO=0000000000000000
FB=0840 [0000100001000000] SR=0000 R5=9 ROM=0000.0 PREG=0 RAMOP=- RAMREG=090 ROMOP=- ROMREG=13

0690 0131 IO=D+0 ALL
A=0000000000000000 B=0000000000030000 C=0000000000000000 D=0000000000001009 E=0000000000000000
FA=0000 [0000000000000000] KR=0280 [0000001010000000] EXT=00 COND=1 IDLE=0 IO=0000000000000000
FB=0840 [0000100001000000] SR=0000 R5=9 ROM=0000.0 PREG=0 RAMOP=- RAMREG=090 ROMOP=- ROMREG=13

0691 0A1F RCLF
A=0000000000000000 B=0000000000030000 C=0000000000000000 D=0000000000001009 E=0000000000000000
FA=0000 [0000000000000000] KR=0280 [0000001010000000] EXT=00 COND=1 IDLE=0 IO=0000000000001009
FB=0840 [0000100001000000] SR=0000 R5=9 ROM=0000.0 PREG=0 RAMOP=- RAMREG=090 ROMOP=- ROMREG=13

0692 06D6 D=LOAD EXP
A=0000000000000000 B=0000000000030000 C=0000000000000000 D=0000000000001009 E=0000000000000000
FA=0000 [0000000000000000] KR=0280 [0000001010000000] EXT=00 COND=1 IDLE=0 IO=0000000000000000
FB=0840 [0000100001000000] SR=0000 R5=9 ROM=0000.0 PREG=0 RAMOP=- RAMREG=090 ROMOP=0 ROMREG=09

0693 067E D=SRD EXP
A=0000000000000000 B=0000000000030000 C=0000000000000000 D=0000000000001049 E=0000000000000000
FA=0000 [0000000000000000] KR=0280 [0000001010000000] EXT=00 COND=1 IDLE=0 IO=0000000000000000
FB=0840 [0000100001000000] SR=0000 R5=4 ROM=0000.0 PREG=0 RAMOP=- RAMREG=090 ROMOP=- ROMREG=09

0694 0A1F RCLF
A=0000000000000000 B=0000000000030000 C=0000000000000000 D=0000000000001009 E=0000000000000000
FA=0000 [0000000000000000] KR=0280 [0000001010000000] EXT=00 COND=1 IDLE=0 IO=0000000000000000
FB=0840 [0000100001000000] SR=0000 R5=4 ROM=0000.0 PREG=0 RAMOP=- RAMREG=090 ROMOP=- ROMREG=09

0695 09D6 D=LOAD MANT
A=0000000000000000 B=0000000000030000 C=0000000000000000 D=0000000000001009 E=0000000000000000
FA=0000 [0000000000000000] KR=0280 [0000001010000000] EXT=00 COND=1 IDLE=0 IO=0000000000000000
FB=0840 [0000100001000000] SR=0000 R5=4 ROM=0000.0 PREG=0 RAMOP=- RAMREG=090 ROMOP=0 ROMREG=00

0696 02F6 D=R5 DPT
A=0000000000000000 B=0000000000030000 C=0000000000000000 D=0000000000000009 E=0000000000000000
FA=0000 [0000000000000000] KR=0280 [0000001010000000] EXT=00 COND=1 IDLE=0 IO=0000000000000000
FB=0840 [0000100001000000] SR=0000 R5=0 ROM=0000.0 PREG=0 RAMOP=- RAMREG=090 ROMOP=- ROMREG=00

0697 0239 IO=0-D DPT
A=0000000000000000 B=0000000000030000 C=0000000000000000 D=0000000000000000 E=0000000000000000
FA=0000 [0000000000000000] KR=0280 [0000001010000000] EXT=00 COND=1 IDLE=0 IO=0000000000000000
FB=0840 [0000100001000000] SR=0000 R5=0 ROM=0000.0 PREG=0 RAMOP=- RAMREG=090 ROMOP=- ROMREG=00

0698 0639 IO=0-D EXP
A=0000000000000000 B=0000000000030000 C=0000000000000000 D=0000000000000000 E=0000000000000000
FA=0000 [0000000000000000] KR=0280 [0000001010000000] EXT=00 COND=1 IDLE=0 IO=0000000000000000
FB=0840 [0000100001000000] SR=0000 R5=0 ROM=0000.0 PREG=0 RAMOP=- RAMREG=090 ROMOP=- ROMREG=00

0699 1012 BRNC 06A2 +009
A=0000000000000000 B=0000000000030000 C=0000000000000000 D=0000000000000000 E=0000000000000000
FA=0000 [0000000000000000] KR=0280 [0000001010000000] EXT=00 COND=1 IDLE=0 IO=0000000000000000
FB=0840 [0000100001000000] SR=0000 R5=0 ROM=0000.0 PREG=0 RAMOP=- RAMREG=090 ROMOP=- ROMREG=00

069A 0A00 WAIT D0
A=0000000000000000 B=0000000000030000 C=0000000000000000 D=0000000000000000 E=0000000000000000
FA=0000 [0000000000000000] KR=0280 [0000001010000000] EXT=00 COND=1 IDLE=0 IO=0000000000000000
FB=0840 [0000100001000000] SR=0000 R5=0 ROM=0000.0 PREG=0 RAMOP=- RAMREG=090 ROMOP=- ROMREG=00

069B 08FB ?KEY FB
A=0000000000000000 B=0000000000030000 C=0000000000000000 D=0000000000000000 E=0000000000000000
FA=0000 [0000000000000000] KR=0280 [0000001010000000] EXT=00 COND=1 IDLE=0 IO=0000000000000000
FB=0840 [0000100001000000] SR=0000 R5=0 ROM=0000.0 PREG=0 RAMOP=- RAMREG=090 ROMOP=- ROMREG=00

069C 1798 BRNC 0A68 +3CC
A=0000000000000000 B=0000000000030000 C=0000000000000000 D=0000000000000000 E=0000000000000000
FA=0000 [0000000000000000] KR=0280 [0000001010000000] EXT=00 COND=1 IDLE=0 IO=0000000000000000
FB=0840 [0000100001000000] SR=0000 R5=0 ROM=0000.0 PREG=0 RAMOP=- RAMREG=090 ROMOP=- ROMREG=00

069D 09D5 EXCD MANT
A=0000000000000000 B=0000000000030000 C=0000000000000000 D=0000000000000000 E=0000000000000000
FA=0000 [0000000000000000] KR=0280 [0000001010000000] EXT=00 COND=1 IDLE=0 IO=0000000000000000
FB=0840 [0000100001000000] SR=0000 R5=0 ROM=0000.0 PREG=0 RAMOP=- RAMREG=090 ROMOP=- ROMREG=00

069E 0E2C C=C-1 MMSD1
A=0000000000000000 B=0000000000030000 C=0000000000000000 D=0000000000000000 E=0000000000000000
FA=0000 [0000000000000000] KR=0280 [0000001010000000] EXT=00 COND=1 IDLE=0 IO=0000000000000000
FB=0840 [0000100001000000] SR=0000 R5=0 ROM=0000.0 PREG=0 RAMOP=- RAMREG=090 ROMOP=- ROMREG=00

069F 0E2C C=C-1 MMSD1
A=0000000000000000 B=0000000000030000 C=9000000000000000 D=0000000000000000 E=0000000000000000
FA=0000 [0000000000000000] KR=0280 [0000001010000000] EXT=00 COND=0 IDLE=0 IO=0000000000000000
FB=0840 [0000100001000000] SR=0000 R5=9 ROM=0000.0 PREG=0 RAMOP=- RAMREG=090 ROMOP=- ROMREG=00

06A0 09D5 EXCD MANT
A=0000000000000000 B=0000000000030000 C=8000000000000000 D=0000000000000000 E=0000000000000000
FA=0000 [0000000000000000] KR=0280 [0000001010000000] EXT=00 COND=0 IDLE=0 IO=0000000000000000
FB=0840 [0000100001000000] SR=0000 R5=8 ROM=0000.0 PREG=0 RAMOP=- RAMREG=090 ROMOP=- ROMREG=00

06A1 1F8E BRC 0A68 +3C7
A=0000000000000000 B=0000000000030000 C=0000000000000000 D=8000000000000000 E=0000000000000000
FA=0000 [0000000000000000] KR=0280 [0000001010000000] EXT=00 COND=0 IDLE=0 IO=0000000000000000
FB=0840 [0000100001000000] SR=0000 R5=0 ROM=0000.0 PREG=0 RAMOP=- RAMREG=090 ROMOP=- ROMREG=00

06A2 0066 FA=FB 6
A=0000000000000000 B=0000000000030000 C=0000000000000000 D=8000000000000000 E=0000000000000000
FA=0000 [0000000000000000] KR=0280 [0000001010000000] EXT=00 COND=1 IDLE=0 IO=0000000000000000
FB=0840 [0000100001000000] SR=0000 R5=0 ROM=0000.0 PREG=0 RAMOP=- RAMREG=090 ROMOP=- ROMREG=00

06A3 0069 SFB 6
A=0000000000000000 B=0000000000030000 C=0000000000000000 D=8000000000000000 E=0000000000000000
FA=0040 [0000000001000000] KR=0280 [0000001010000000] EXT=00 COND=1 IDLE=0 IO=0000000000000000
FB=0840 [0000100001000000] SR=0000 R5=0 ROM=0000.0 PREG=0 RAMOP=- RAMREG=090 ROMOP=- ROMREG=00

06A4 0050 ?TFA 5
A=0000000000000000 B=0000000000030000 C=0000000000000000 D=8000000000000000 E=0000000000000000
FA=0040 [0000000001000000] KR=0280 [0000001010000000] EXT=00 COND=1 IDLE=0 IO=0000000000000000
FB=0840 [0000100001000000] SR=0000 R5=0 ROM=0000.0 PREG=0 RAMOP=- RAMREG=090 ROMOP=- ROMREG=00

06A5 0052 ZFA 5
A=0000000000000000 B=0000000000030000 C=0000000000000000 D=8000000000000000 E=0000000000000000
FA=0040 [0000000001000000] KR=0280 [0000001010000000] EXT=00 COND=1 IDLE=0 IO=0000000000000000
FB=0840 [0000100001000000] SR=0000 R5=0 ROM=0000.0 PREG=0 RAMOP=- RAMREG=090 ROMOP=- ROMREG=00

06A6 1717 BRNC 031B -38B
A=0000000000000000 B=0000000000030000 C=0000000000000000 D=8000000000000000 E=0000000000000000
FA=0040 [0000000001000000] KR=0280 [0000001010000000] EXT=00 COND=1 IDLE=0 IO=0000000000000000
FB=0840 [0000100001000000] SR=0000 R5=0 ROM=0000.0 PREG=0 RAMOP=- RAMREG=090 ROMOP=- ROMREG=00

06A7 00C8 ?TFB 12
A=0000000000000000 B=0000000000030000 C=0000000000000000 D=8000000000000000 E=0000000000000000
FA=0040 [0000000001000000] KR=0280 [0000001010000000] EXT=00 COND=1 IDLE=0 IO=0000000000000000
FB=0840 [0000100001000000] SR=0000 R5=0 ROM=0000.0 PREG=0 RAMOP=- RAMREG=090 ROMOP=- ROMREG=00

06A8 1066 BRNC 06DB +033
A=0000000000000000 B=0000000000030000 C=0000000000000000 D=8000000000000000 E=0000000000000000
FA=0040 [0000000001000000] KR=0280 [0000001010000000] EXT=00 COND=1 IDLE=0 IO=0000000000000000
FB=0840 [0000100001000000] SR=0000 R5=0 ROM=0000.0 PREG=0 RAMOP=- RAMREG=090 ROMOP=- ROMREG=00

06A9 0A0D XKRSR
A=0000000000000000 B=0000000000030000 C=0000000000000000 D=8000000000000000 E=0000000000000000
FA=0040 [0000000001000000] KR=0280 [0000001010000000] EXT=00 COND=1 IDLE=0 IO=0000000000000000
FB=0840 [0000100001000000] SR=0000 R5=0 ROM=0000.0 PREG=0 RAMOP=- RAMREG=090 ROMOP=- ROMREG=00

06AA 0A0C EXTKR
A=0000000000000000 B=0000000000030000 C=0000000000000000 D=8000000000000000 E=0000000000000000
FA=0040 [0000000001000000] KR=0000 [0000000000000000] EXT=00 COND=1 IDLE=0 IO=0000000000000000
FB=0840 [0000100001000000] SR=0280 R5=0 ROM=0000.0 PREG=0 RAMOP=- RAMREG=090 ROMOP=- ROMREG=00

06AB 0085 SFKR 8
A=0000000000000000 B=0000000000030000 C=0000000000000000 D=8000000000000000 E=0000000000000000
FA=0040 [0000000001000000] KR=0000 [0000000000000000] EXT=00 COND=1 IDLE=0 IO=0000000000000000
FB=0840 [0000100001000000] SR=0280 R5=0 ROM=0000.0 PREG=0 RAMOP=- RAMREG=090 ROMOP=- ROMREG=00

06AC 0A0D XKRSR
A=0000000000000000 B=0000000000030000 C=0000000000000000 D=8000000000000000 E=0000000000000000
FA=0040 [0000000001000000] KR=0100 [0000000100000000] EXT=00 COND=1 IDLE=0 IO=0000000000000000
FB=0840 [0000100001000000] SR=0280 R5=0 ROM=0000.0 PREG=0 RAMOP=- RAMREG=090 ROMOP=- ROMREG=00

06AD 0A75 ?TFKR 7
A=0000000000000000 B=0000000000030000 C=0000000000000000 D=8000000000000000 E=0000000000000000
FA=0040 [0000000001000000] KR=0280 [0000001010000000] EXT=00 COND=1 IDLE=0 IO=0000000000000000
FB=0840 [0000100001000000] SR=0100 R5=0 ROM=0000.0 PREG=0 RAMOP=- RAMREG=090 ROMOP=- ROMREG=00

06AE 0A65 ?TFKR 6
A=0000000000000000 B=0000000000030000 C=0000000000000000 D=8000000000000000 E=0000000000000000
FA=0040 [0000000001000000] KR=0280 [0000001010000000] EXT=00 COND=0 IDLE=0 IO=0000000000000000
FB=0840 [0000100001000000] SR=0100 R5=0 ROM=0000.0 PREG=0 RAMOP=- RAMREG=090 ROMOP=- ROMREG=00

06AF 0A55 ?TFKR 5
A=0000000000000000 B=0000000000030000 C=0000000000000000 D=8000000000000000 E=0000000000000000
FA=0040 [0000000001000000] KR=0280 [0000001010000000] EXT=00 COND=0 IDLE=0 IO=0000000000000000
FB=0840 [0000100001000000] SR=0100 R5=0 ROM=0000.0 PREG=0 RAMOP=- RAMREG=090 ROMOP=- ROMREG=00

06B0 1FBD BRC 02D2 -3DE
A=0000000000000000 B=0000000000030000 C=0000000000000000 D=8000000000000000 E=0000000000000000
FA=0040 [0000000001000000] KR=0280 [0000001010000000] EXT=00 COND=0 IDLE=0 IO=0000000000000000
FB=0840 [0000100001000000] SR=0100 R5=0 ROM=0000.0 PREG=0 RAMOP=- RAMREG=090 ROMOP=- ROMREG=00

06B1 0015 PREG
A=0000000000000000 B=0000000000030000 C=0000000000000000 D=8000000000000000 E=0000000000000000
FA=0040 [0000000001000000] KR=0280 [0000001010000000] EXT=00 COND=1 IDLE=0 IO=0000000000000000
FB=0840 [0000100001000000] SR=0100 R5=0 ROM=0000.0 PREG=0 RAMOP=- RAMREG=090 ROMOP=- ROMREG=00

06B2 0A0C EXTKR
A=0000000000000000 B=0000000000030000 C=0000000000000000 D=8000000000000000 E=0000000000000000
FA=0040 [0000000001000000] KR=0280 [0000001010000000] EXT=00 COND=1 IDLE=0 IO=0000000000000000
FB=0840 [0000100001000000] SR=0100 R5=0 ROM=0000.0 PREG=1 RAMOP=- RAMREG=090 ROMOP=- ROMREG=00

0028 1A86 BRC 016B +143
A=0000000000000000 B=0000000000030000 C=0000000000000000 D=8000000000000000 E=0000000000000000
FA=0040 [0000000001000000] KR=0000 [0000000000000000] EXT=00 COND=1 IDLE=0 IO=0000000000000000
FB=0840 [0000100001000000] SR=0100 R5=0 ROM=0000.0 PREG=0 RAMOP=- RAMREG=090 ROMOP=- ROMREG=00

016B 0A04 INCKR
A=0000000000000000 B=0000000000030000 C=0000000000000000 D=8000000000000000 E=0000000000000000
FA=0040 [0000000001000000] KR=0000 [0000000000000000] EXT=00 COND=1 IDLE=0 IO=0000000000000000
FB=0840 [0000100001000000] SR=0100 R5=0 ROM=0000.0 PREG=0 RAMOP=- RAMREG=090 ROMOP=- ROMREG=00

016C 0008 ?TFB 0
A=0000000000000000 B=0000000000030000 C=0000000000000000 D=8000000000000000 E=0000000000000000
FA=0040 [0000000001000000] KR=0010 [0000000000010000] EXT=00 COND=1 IDLE=0 IO=0000000000000000
FB=0840 [0000100001000000] SR=0100 R5=0 ROM=0000.0 PREG=0 RAMOP=- RAMREG=090 ROMOP=- ROMREG=00

016D 00D8 ?TFB 13
A=0000000000000000 B=0000000000030000 C=0000000000000000 D=8000000000000000 E=0000000000000000
FA=0040 [0000000001000000] KR=0010 [0000000000010000] EXT=00 COND=1 IDLE=0 IO=0000000000000000
FB=0840 [0000100001000000] SR=0100 R5=0 ROM=0000.0 PREG=0 RAMOP=- RAMREG=090 ROMOP=- ROMREG=00

016E 1B5A BRC 031B +1AD
A=0000000000000000 B=0000000000030000 C=0000000000000000 D=8000000000000000 E=0000000000000000
FA=0040 [0000000001000000] KR=0010 [0000000000010000] EXT=00 COND=1 IDLE=0 IO=0000000000000000
FB=0840 [0000100001000000] SR=0100 R5=0 ROM=0000.0 PREG=0 RAMOP=- RAMREG=090 ROMOP=- ROMREG=00

031B 00C8 ?TFB 12
A=0000000000000000 B=0000000000030000 C=0000000000000000 D=8000000000000000 E=0000000000000000
FA=0040 [0000000001000000] KR=0010 [0000000000010000] EXT=00 COND=1 IDLE=0 IO=0000000000000000
FB=0840 [0000100001000000] SR=0100 R5=0 ROM=0000.0 PREG=0 RAMOP=- RAMREG=090 ROMOP=- ROMREG=00

031C 1754 BRNC 06C6 +3AA
A=0000000000000000 B=0000000000030000 C=0000000000000000 D=8000000000000000 E=0000000000000000
FA=0040 [0000000001000000] KR=0010 [0000000000010000] EXT=00 COND=1 IDLE=0 IO=0000000000000000
FB=0840 [0000100001000000] SR=0100 R5=0 ROM=0000.0 PREG=0 RAMOP=- RAMREG=090 ROMOP=- ROMREG=00

031D 00A8 ?TFB 10
A=0000000000000000 B=0000000000030000 C=0000000000000000 D=8000000000000000 E=0000000000000000
FA=0040 [0000000001000000] KR=0010 [0000000000010000] EXT=00 COND=1 IDLE=0 IO=0000000000000000
FB=0840 [0000100001000000] SR=0100 R5=0 ROM=0000.0 PREG=0 RAMOP=- RAMREG=090 ROMOP=- ROMREG=00

031E 15B2 BRNC 05F7 +2D9
A=0000000000000000 B=0000000000030000 C=0000000000000000 D=8000000000000000 E=0000000000000000
FA=0040 [0000000001000000] KR=0010 [0000000000010000] EXT=00 COND=1 IDLE=0 IO=0000000000000000
FB=0840 [0000100001000000] SR=0100 R5=0 ROM=0000.0 PREG=0 RAMOP=- RAMREG=090 ROMOP=- ROMREG=00

031F 0058 ?TFB 5
A=0000000000000000 B=0000000000030000 C=0000000000000000 D=8000000000000000 E=0000000000000000
FA=0040 [0000000001000000] KR=0010 [0000000000010000] EXT=00 COND=1 IDLE=0 IO=0000000000000000
FB=0840 [0000100001000000] SR=0100 R5=0 ROM=0000.0 PREG=0 RAMOP=- RAMREG=090 ROMOP=- ROMREG=00

0320 1808 BRC 0324 +004
A=0000000000000000 B=0000000000030000 C=0000000000000000 D=8000000000000000 E=0000000000000000
FA=0040 [0000000001000000] KR=0010 [0000000000010000] EXT=00 COND=1 IDLE=0 IO=0000000000000000
FB=0840 [0000100001000000] SR=0100 R5=0 ROM=0000.0 PREG=0 RAMOP=- RAMREG=090 ROMOP=- ROMREG=00

0324 0A85 ?TFKR 8
A=0000000000000000 B=0000000000030000 C=0000000000000000 D=8000000000000000 E=0000000000000000
FA=0040 [0000000001000000] KR=0010 [0000000000010000] EXT=00 COND=1 IDLE=0 IO=0000000000000000
FB=0840 [0000100001000000] SR=0100 R5=0 ROM=0000.0 PREG=0 RAMOP=- RAMREG=090 ROMOP=- ROMREG=00

0325 103C BRNC 0343 +01E
A=0000000000000000 B=0000000000030000 C=0000000000000000 D=8000000000000000 E=0000000000000000
FA=0040 [0000000001000000] KR=0010 [0000000000010000] EXT=00 COND=1 IDLE=0 IO=0000000000000000
FB=0840 [0000100001000000] SR=0100 R5=0 ROM=0000.0 PREG=0 RAMOP=- RAMREG=090 ROMOP=- ROMREG=00

0326 0A08 R5=KR
A=0000000000000000 B=0000000000030000 C=0000000000000000 D=8000000000000000 E=0000000000000000
FA=0040 [0000000001000000] KR=0010 [0000000000010000] EXT=00 COND=1 IDLE=0 IO=0000000000000000
FB=0840 [0000100001000000] SR=0100 R5=0 ROM=0000.0 PREG=0 RAMOP=- RAMREG=090 ROMOP=- ROMREG=00

0327 0EF3 B=R5 MMSD1
A=0000000000000000 B=0000000000030000 C=0000000000000000 D=8000000000000000 E=0000000000000000
FA=0040 [0000000001000000] KR=0010 [0000000000010000] EXT=00 COND=1 IDLE=0 IO=0000000000000000
FB=0840 [0000100001000000] SR=0100 R5=1 ROM=0000.0 PREG=0 RAMOP=- RAMREG=090 ROMOP=- ROMREG=00

0328 0653 B=SLB EXP
A=0000000000000000 B=1000000000000010 C=0000000000000000 D=8000000000000000 E=0000000000000000
FA=0040 [0000000001000000] KR=0010 [0000000000010000] EXT=00 COND=1 IDLE=0 IO=0000000000000000
FB=0840 [0000100001000000] SR=0100 R5=1 ROM=0000.0 PREG=0 RAMOP=- RAMREG=090 ROMOP=- ROMREG=00

0329 00F0 ?TFA 15
A=0000000000000000 B=1000000000000100 C=0000000000000000 D=8000000000000000 E=0000000000000000
FA=0040 [0000000001000000] KR=0010 [0000000000010000] EXT=00 COND=1 IDLE=0 IO=0000000000000000
FB=0840 [0000100001000000] SR=0100 R5=1 ROM=0000.0 PREG=0 RAMOP=- RAMREG=090 ROMOP=- ROMREG=00

032A 109F BRNC 02DB -04F
A=0000000000000000 B=1000000000000100 C=0000000000000000 D=8000000000000000 E=0000000000000000
FA=0040 [0000000001000000] KR=0010 [0000000000010000] EXT=00 COND=1 IDLE=0 IO=0000000000000000
FB=0840 [0000100001000000] SR=0100 R5=1 ROM=0000.0 PREG=0 RAMOP=- RAMREG=090 ROMOP=- ROMREG=00

032B 095B B=SRB MANT
A=0000000000000000 B=1000000000000100 C=0000000000000000 D=8000000000000000 E=0000000000000000
FA=0040 [0000000001000000] KR=0010 [0000000000010000] EXT=00 COND=1 IDLE=0 IO=0000000000000000
FB=0840 [0000100001000000] SR=0100 R5=1 ROM=0000.0 PREG=0 RAMOP=- RAMREG=090 ROMOP=- ROMREG=00

032C 095B B=SRB MANT
A=0000000000000000 B=0100000000000100 C=0000000000000000 D=8000000000000000 E=0000000000000000
FA=0040 [0000000001000000] KR=0010 [0000000000010000] EXT=00 COND=1 IDLE=0 IO=0000000000000000
FB=0840 [0000100001000000] SR=0100 R5=0 ROM=0000.0 PREG=0 RAMOP=- RAMREG=090 ROMOP=- ROMREG=00

032D 095B B=SRB MANT
A=0000000000000000 B=0010000000000100 C=0000000000000000 D=8000000000000000 E=0000000000000000
FA=0040 [0000000001000000] KR=0010 [0000000000010000] EXT=00 COND=1 IDLE=0 IO=0000000000000000
FB=0840 [0000100001000000] SR=0100 R5=0 ROM=0000.0 PREG=0 RAMOP=- RAMREG=090 ROMOP=- ROMREG=00

032E 0AA7 R5= 10
A=0000000000000000 B=0001000000000100 C=0000000000000000 D=8000000000000000 E=0000000000000000
FA=0040 [0000000001000000] KR=0010 [0000000000010000] EXT=00 COND=1 IDLE=0 IO=0000000000000000
FB=0840 [0000100001000000] SR=0100 R5=0 ROM=0000.0 PREG=0 RAMOP=- RAMREG=090 ROMOP=- ROMREG=00

032F 02F3 B=R5 DPT
A=0000000000000000 B=0001000000000100 C=0000000000000000 D=8000000000000000 E=0000000000000000
FA=0040 [0000000001000000] KR=0010 [0000000000010000] EXT=00 COND=1 IDLE=0 IO=0000000000000000
FB=0840 [0000100001000000] SR=0100 R5=A ROM=0000.0 PREG=0 RAMOP=- RAMREG=090 ROMOP=- ROMREG=00

0330 0030 ?TFA 3
A=0000000000000000 B=000100000000010A C=0000000000000000 D=8000000000000000 E=0000000000000000
FA=0040 [0000000001000000] KR=0010 [0000000000010000] EXT=00 COND=1 IDLE=0 IO=0000000000000000
FB=0840 [0000100001000000] SR=0100 R5=A ROM=0000.0 PREG=0 RAMOP=- RAMREG=090 ROMOP=- ROMREG=00

0331 1006 BRNC 0334 +003
A=0000000000000000 B=000100000000010A C=0000000000000000 D=8000000000000000 E=0000000000000000
FA=0040 [0000000001000000] KR=0010 [0000000000010000] EXT=00 COND=1 IDLE=0 IO=0000000000000000
FB=0840 [0000100001000000] SR=0100 R5=A ROM=0000.0 PREG=0 RAMOP=- RAMREG=090 ROMOP=- ROMREG=00

0332 0709 IO=A-1 EXP1
A=0000000000000000 B=000100000000010A C=0000000000000000 D=8000000000000000 E=0000000000000000
FA=0040 [0000000001000000] KR=0010 [0000000000010000] EXT=00 COND=1 IDLE=0 IO=0000000000000000
FB=0840 [0000100001000000] SR=0100 R5=A ROM=0000.0 PREG=0 RAMOP=- RAMREG=090 ROMOP=- ROMREG=00

0333 100A BRNC 0338 +005
A=0000000000000000 B=000100000000010A C=0000000000000000 D=8000000000000000 E=0000000000000000
FA=0040 [0000000001000000] KR=0010 [0000000000010000] EXT=00 COND=0 IDLE=0 IO=0000000000000990
FB=0840 [0000100001000000] SR=0100 R5=9 ROM=0000.0 PREG=0 RAMOP=- RAMREG=090 ROMOP=- ROMREG=00

0338 0989 IO=A-B MANT
A=0000000000000000 B=000100000000010A C=0000000000000000 D=8000000000000000 E=0000000000000000
FA=0040 [0000000001000000] KR=0010 [0000000000010000] EXT=00 COND=1 IDLE=0 IO=0000000000000000
FB=0840 [0000100001000000] SR=0100 R5=9 ROM=0000.0 PREG=0 RAMOP=- RAMREG=090 ROMOP=- ROMREG=00

0339 1814 BRC 0343 +00A
A=0000000000000000 B=000100000000010A C=0000000000000000 D=8000000000000000 E=0000000000000000
FA=0040 [0000000001000000] KR=0010 [0000000000010000] EXT=00 COND=0 IDLE=0 IO=9999000000000000
FB=0840 [0000100001000000] SR=0100 R5=0 ROM=0000.0 PREG=0 RAMOP=- RAMREG=090 ROMOP=- ROMREG=00

033A 0289 IO=A-B DPT
A=0000000000000000 B=000100000000010A C=0000000000000000 D=8000000000000000 E=0000000000000000
FA=0040 [0000000001000000] KR=0010 [0000000000010000] EXT=00 COND=1 IDLE=0 IO=0000000000000000
FB=0840 [0000100001000000] SR=0100 R5=0 ROM=0000.0 PREG=0 RAMOP=- RAMREG=090 ROMOP=- ROMREG=00

033B 1810 BRC 0343 +008
A=0000000000000000 B=000100000000010A C=0000000000000000 D=8000000000000000 E=0000000000000000
FA=0040 [0000000001000000] KR=0010 [0000000000010000] EXT=00 COND=0 IDLE=0 IO=0000000000000006
FB=0840 [0000100001000000] SR=0100 R5=6 ROM=0000.0 PREG=0 RAMOP=- RAMREG=090 ROMOP=- ROMREG=00

033C 0048 ?TFB 4
A=0000000000000000 B=000100000000010A C=0000000000000000 D=8000000000000000 E=0000000000000000
FA=0040 [0000000001000000] KR=0010 [0000000000010000] EXT=00 COND=1 IDLE=0 IO=0000000000000000
FB=0840 [0000100001000000] SR=0100 R5=6 ROM=0000.0 PREG=0 RAMOP=- RAMREG=090 ROMOP=- ROMREG=00

033D 1804 BRC 033F +002
A=0000000000000000 B=000100000000010A C=0000000000000000 D=8000000000000000 E=0000000000000000
FA=0040 [0000000001000000] KR=0010 [0000000000010000] EXT=00 COND=1 IDLE=0 IO=0000000000000000
FB=0840 [0000100001000000] SR=0100 R5=6 ROM=0000.0 PREG=0 RAMOP=- RAMREG=090 ROMOP=- ROMREG=00

033F 0940 A=SLA MANT
A=0000000000000000 B=000100000000010A C=0000000000000000 D=8000000000000000 E=0000000000000000
FA=0040 [0000000001000000] KR=0010 [0000000000010000] EXT=00 COND=1 IDLE=0 IO=0000000000000000
FB=0840 [0000100001000000] SR=0100 R5=6 ROM=0000.0 PREG=0 RAMOP=- RAMREG=090 ROMOP=- ROMREG=00

0340 09DB B=0 MANT
A=0000000000000000 B=000100000000010A C=0000000000000000 D=8000000000000000 E=0000000000000000
FA=0040 [0000000001000000] KR=0010 [0000000000010000] EXT=00 COND=1 IDLE=0 IO=0000000000000000
FB=0840 [0000100001000000] SR=0100 R5=0 ROM=0000.0 PREG=0 RAMOP=- RAMREG=090 ROMOP=- ROMREG=00

0341 0C53 B=SLB MAEX
A=0000000000000000 B=000000000000010A C=0000000000000000 D=8000000000000000 E=0000000000000000
FA=0040 [0000000001000000] KR=0010 [0000000000010000] EXT=00 COND=1 IDLE=0 IO=0000000000000000
FB=0840 [0000100001000000] SR=0100 R5=0 ROM=0000.0 PREG=0 RAMOP=- RAMREG=090 ROMOP=- ROMREG=00

0342 0980 A=A+B MANT
A=0000000000000000 B=000000000000100A C=0000000000000000 D=8000000000000000 E=0000000000000000
FA=0040 [0000000001000000] KR=0010 [0000000000010000] EXT=00 COND=1 IDLE=0 IO=0000000000000000
FB=0840 [0000100001000000] SR=0100 R5=0 ROM=0000.0 PREG=0 RAMOP=- RAMREG=090 ROMOP=- ROMREG=00

0343 0008 ?TFB 0
A=0000000000001000 B=000000000000100A C=0000000000000000 D=8000000000000000 E=0000000000000000
FA=0040 [0000000001000000] KR=0010 [0000000000010000] EXT=00 COND=1 IDLE=0 IO=0000000000000000
FB=0840 [0000100001000000] SR=0100 R5=1 ROM=0000.0 PREG=0 RAMOP=- RAMREG=090 ROMOP=- ROMREG=00

0344 1532 BRNC 05DD +299
A=0000000000001000 B=000000000000100A C=0000000000000000 D=8000000000000000 E=0000000000000000
FA=0040 [0000000001000000] KR=0010 [0000000000010000] EXT=00 COND=1 IDLE=0 IO=0000000000000000
FB=0840 [0000100001000000] SR=0100 R5=1 ROM=0000.0 PREG=0 RAMOP=- RAMREG=090 ROMOP=- ROMREG=00

0345 18C7 BRC 02E2 -063
A=0000000000001000 B=000000000000100A C=0000000000000000 D=8000000000000000 E=0000000000000000
FA=0040 [0000000001000000] KR=0010 [0000000000010000] EXT=00 COND=1 IDLE=0 IO=0000000000000000
FB=0840 [0000100001000000] SR=0100 R5=1 ROM=0000.0 PREG=0 RAMOP=- RAMREG=090 ROMOP=- ROMREG=00

02E2 0030 ?TFA 3
A=0000000000001000 B=000000000000100A C=0000000000000000 D=8000000000000000 E=0000000000000000
FA=0040 [0000000001000000] KR=0010 [0000000000010000] EXT=00 COND=1 IDLE=0 IO=0000000000000000
FB=0840 [0000100001000000] SR=0100 R5=1 ROM=0000.0 PREG=0 RAMOP=- RAMREG=090 ROMOP=- ROMREG=00

02E3 00A2 ZFA 10
A=0000000000001000 B=000000000000100A C=0000000000000000 D=8000000000000000 E=0000000000000000
FA=0040 [0000000001000000] KR=0010 [0000000000010000] EXT=00 COND=1 IDLE=0 IO=0000000000000000
FB=0840 [0000100001000000] SR=0100 R5=1 ROM=0000.0 PREG=0 RAMOP=- RAMREG=090 ROMOP=- ROMREG=00

02E4 01DB B=0 ALL
A=0000000000001000 B=000000000000100A C=0000000000000000 D=8000000000000000 E=0000000000000000
FA=0040 [0000000001000000] KR=0010 [0000000000010000] EXT=00 COND=1 IDLE=0 IO=0000000000000000
FB=0840 [0000100001000000] SR=0100 R5=1 ROM=0000.0 PREG=0 RAMOP=- RAMREG=090 ROMOP=- ROMREG=00

02E5 0DD6 D=1 MLSD1
A=0000000000001000 B=0000000000000000 C=0000000000000000 D=8000000000000000 E=0000000000000000
FA=0040 [0000000001000000] KR=0010 [0000000000010000] EXT=00 COND=1 IDLE=0 IO=0000000000000000
FB=0840 [0000100001000000] SR=0100 R5=0 ROM=0000.0 PREG=0 RAMOP=- RAMREG=090 ROMOP=- ROMREG=00

02E6 001A ZFB 1
A=0000000000001000 B=0000000000000000 C=0000000000000000 D=0000000000001000 E=0000000000000000
FA=0040 [0000000001000000] KR=0010 [0000000000010000] EXT=00 COND=1 IDLE=0 IO=0000000000000000
FB=0840 [0000100001000000] SR=0100 R5=1 ROM=0000.0 PREG=0 RAMOP=- RAMREG=090 ROMOP=- ROMREG=00

02E7 1008 BRNC 02EB +004
A=0000000000001000 B=0000000000000000 C=0000000000000000 D=0000000000001000 E=0000000000000000
FA=0040 [0000000001000000] KR=0010 [0000000000010000] EXT=00 COND=1 IDLE=0 IO=0000000000000000
FB=0840 [0000100001000000] SR=0100 R5=1 ROM=0000.0 PREG=0 RAMOP=- RAMREG=090 ROMOP=- ROMREG=00

02E8 0709 IO=A-1 EXP1
A=0000000000001000 B=0000000000000000 C=0000000000000000 D=0000000000001000 E=0000000000000000
FA=0040 [0000000001000000] KR=0010 [0000000000010000] EXT=00 COND=1 IDLE=0 IO=0000000000000000
FB=0840 [0000100001000000] SR=0100 R5=1 ROM=0000.0 PREG=0 RAMOP=- RAMREG=090 ROMOP=- ROMREG=00

02E9 0A37 R5= 3
A=0000000000001000 B=0000000000000000 C=0000000000000000 D=0000000000001000 E=0000000000000000
FA=0040 [0000000001000000] KR=0010 [0000000000010000] EXT=00 COND=0 IDLE=0 IO=0000000000001990
FB=0840 [0000100001000000] SR=0100 R5=9 ROM=0000.0 PREG=0 RAMOP=- RAMREG=090 ROMOP=- ROMREG=00

02EA 1014 BRNC 02F4 +00A
A=0000000000001000 B=0000000000000000 C=0000000000000000 D=0000000000001000 E=0000000000000000
FA=0040 [0000000001000000] KR=0010 [0000000000010000] EXT=00 COND=0 IDLE=0 IO=0000000000000000
FB=0840 [0000100001000000] SR=0100 R5=3 ROM=0000.0 PREG=0 RAMOP=- RAMREG=090 ROMOP=- ROMREG=00

02F4 02F3 B=R5 DPT
A=0000000000001000 B=0000000000000000 C=0000000000000000 D=0000000000001000 E=0000000000000000
FA=0040 [0000000001000000] KR=0010 [0000000000010000] EXT=00 COND=1 IDLE=0 IO=0000000000000000
FB=0840 [0000100001000000] SR=0100 R5=3 ROM=0000.0 PREG=0 RAMOP=- RAMREG=090 ROMOP=- ROMREG=00

02F5 0283 B=A+B DPT
A=0000000000001000 B=0000000000000003 C=0000000000000000 D=0000000000001000 E=0000000000000000
FA=0040 [0000000001000000] KR=0010 [0000000000010000] EXT=00 COND=1 IDLE=0 IO=0000000000000000
FB=0840 [0000100001000000] SR=0100 R5=3 ROM=0000.0 PREG=0 RAMOP=- RAMREG=090 ROMOP=- ROMREG=00

02F6 0020 ?TFA 2
A=0000000000001000 B=0000000000000003 C=0000000000000000 D=0000000000001000 E=0000000000000000
FA=0040 [0000000001000000] KR=0010 [0000000000010000] EXT=00 COND=1 IDLE=0 IO=0000000000000000
FB=0840 [0000100001000000] SR=0100 R5=3 ROM=0000.0 PREG=0 RAMOP=- RAMREG=090 ROMOP=- ROMREG=00

02F7 0A37 R5= 3
A=0000000000001000 B=0000000000000003 C=0000000000000000 D=0000000000001000 E=0000000000000000
FA=0040 [0000000001000000] KR=0010 [0000000000010000] EXT=00 COND=1 IDLE=0 IO=0000000000000000
FB=0840 [0000100001000000] SR=0100 R5=3 ROM=0000.0 PREG=0 RAMOP=- RAMREG=090 ROMOP=- ROMREG=00

02F8 1804 BRC 02FA +002
A=0000000000001000 B=0000000000000003 C=0000000000000000 D=0000000000001000 E=0000000000000000
FA=0040 [0000000001000000] KR=0010 [0000000000010000] EXT=00 COND=1 IDLE=0 IO=0000000000000000
FB=0840 [0000100001000000] SR=0100 R5=3 ROM=0000.0 PREG=0 RAMOP=- RAMREG=090 ROMOP=- ROMREG=00

02FA 09F3 B=R5 MANT
A=0000000000001000 B=0000000000000003 C=0000000000000000 D=0000000000001000 E=0000000000000000
FA=0040 [0000000001000000] KR=0010 [0000000000010000] EXT=00 COND=1 IDLE=0 IO=0000000000000000
FB=0840 [0000100001000000] SR=0100 R5=3 ROM=0000.0 PREG=0 RAMOP=- RAMREG=090 ROMOP=- ROMREG=00

02FB 0206 D=A+0 DPT
A=0000000000001000 B=0000000000003003 C=0000000000000000 D=0000000000001000 E=0000000000000000
FA=0040 [0000000001000000] KR=0010 [0000000000010000] EXT=00 COND=1 IDLE=0 IO=0000000000000000
FB=0840 [0000100001000000] SR=0100 R5=3 ROM=0000.0 PREG=0 RAMOP=- RAMREG=090 ROMOP=- ROMREG=00

02FC 0A27 R5= 2
A=0000000000001000 B=0000000000003003 C=0000000000000000 D=0000000000001000 E=0000000000000000
FA=0040 [0000000001000000] KR=0010 [0000000000010000] EXT=00 COND=1 IDLE=0 IO=0000000000000000
FB=0840 [0000100001000000] SR=0100 R5=0 ROM=0000.0 PREG=0 RAMOP=- RAMREG=090 ROMOP=- ROMREG=00

02FD 02F0 A=R5 DPT
A=0000000000001000 B=0000000000003003 C=0000000000000000 D=0000000000001000 E=0000000000000000
FA=0040 [0000000001000000] KR=0010 [0000000000010000] EXT=00 COND=1 IDLE=0 IO=0000000000000000
FB=0840 [0000100001000000] SR=0100 R5=2 ROM=0000.0 PREG=0 RAMOP=- RAMREG=090 ROMOP=- ROMREG=00

02FE 0C76 D=SLD MAEX
A=0000000000001002 B=0000000000003003 C=0000000000000000 D=0000000000001000 E=0000000000000000
FA=0040 [0000000001000000] KR=0010 [0000000000010000] EXT=00 COND=1 IDLE=0 IO=0000000000000000
FB=0840 [0000100001000000] SR=0100 R5=2 ROM=0000.0 PREG=0 RAMOP=- RAMREG=090 ROMOP=- ROMREG=00

02FF 0953 B=SLB MANT
A=0000000000001002 B=0000000000003003 C=0000000000000000 D=0000000000010000 E=0000000000000000
FA=0040 [0000000001000000] KR=0010 [0000000000010000] EXT=00 COND=1 IDLE=0 IO=0000000000000000
FB=0840 [0000100001000000] SR=0100 R5=0 ROM=0000.0 PREG=0 RAMOP=- RAMREG=090 ROMOP=- ROMREG=00

0300 0300 A=A+1 DPT1
A=0000000000001002 B=0000000000030003 C=0000000000000000 D=0000000000010000 E=0000000000000000
FA=0040 [0000000001000000] KR=0010 [0000000000010000] EXT=00 COND=1 IDLE=0 IO=0000000000000000
FB=0840 [0000100001000000] SR=0100 R5=3 ROM=0000.0 PREG=0 RAMOP=- RAMREG=090 ROMOP=- ROMREG=00

0301 0409 IO=A-12 DPTC
A=0000000000001003 B=0000000000030003 C=0000000000000000 D=0000000000010000 E=0000000000000000
FA=0040 [0000000001000000] KR=0010 [0000000000010000] EXT=00 COND=1 IDLE=0 IO=0000000000000000
FB=0840 [0000100001000000] SR=0100 R5=3 ROM=0000.0 PREG=0 RAMOP=- RAMREG=090 ROMOP=- ROMREG=00

0302 1806 BRC 0305 +003
A=0000000000001003 B=0000000000030003 C=0000000000000000 D=0000000000010000 E=0000000000000000
FA=0040 [0000000001000000] KR=0010 [0000000000010000] EXT=00 COND=0 IDLE=0 IO=0000000000001007
FB=0840 [0000100001000000] SR=0100 R5=7 ROM=0000.0 PREG=0 RAMOP=- RAMREG=090 ROMOP=- ROMREG=00

0303 0289 IO=A-B DPT
A=0000000000001003 B=0000000000030003 C=0000000000000000 D=0000000000010000 E=0000000000000000
FA=0040 [0000000001000000] KR=0010 [0000000000010000] EXT=00 COND=1 IDLE=0 IO=0000000000000000
FB=0840 [0000100001000000] SR=0100 R5=7 ROM=0000.0 PREG=0 RAMOP=- RAMREG=090 ROMOP=- ROMREG=00

0304 100D BRNC 02FE -006
A=0000000000001003 B=0000000000030003 C=0000000000000000 D=0000000000010000 E=0000000000000000
FA=0040 [0000000001000000] KR=0010 [0000000000010000] EXT=00 COND=1 IDLE=0 IO=0000000000001000
FB=0840 [0000100001000000] SR=0100 R5=0 ROM=0000.0 PREG=0 RAMOP=- RAMREG=090 ROMOP=- ROMREG=00

0305 0230 A=D+0 DPT
A=0000000000001003 B=0000000000030003 C=0000000000000000 D=0000000000010000 E=0000000000000000
FA=0040 [0000000001000000] KR=0010 [0000000000010000] EXT=00 COND=1 IDLE=0 IO=0000000000000000
FB=0840 [0000100001000000] SR=0100 R5=0 ROM=0000.0 PREG=0 RAMOP=- RAMREG=090 ROMOP=- ROMREG=00

0306 00A8 ?TFB 10
A=0000000000001000 B=0000000000030003 C=0000000000000000 D=0000000000010000 E=0000000000000000
FA=0040 [0000000001000000] KR=0010 [0000000000010000] EXT=00 COND=1 IDLE=0 IO=0000000000000000
FB=0840 [0000100001000000] SR=0100 R5=0 ROM=0000.0 PREG=0 RAMOP=- RAMREG=090 ROMOP=- ROMREG=00

0307 00AA ZFB 10
A=0000000000001000 B=0000000000030003 C=0000000000000000 D=0000000000010000 E=0000000000000000
FA=0040 [0000000001000000] KR=0010 [0000000000010000] EXT=00 COND=1 IDLE=0 IO=0000000000000000
FB=0840 [0000100001000000] SR=0100 R5=0 ROM=0000.0 PREG=0 RAMOP=- RAMREG=090 ROMOP=- ROMREG=00

0308 1004 BRNC 030A +002
A=0000000000001000 B=0000000000030003 C=0000000000000000 D=0000000000010000 E=0000000000000000
FA=0040 [0000000001000000] KR=0010 [0000000000010000] EXT=00 COND=1 IDLE=0 IO=0000000000000000
FB=0840 [0000100001000000] SR=0100 R5=0 ROM=0000.0 PREG=0 RAMOP=- RAMREG=090 ROMOP=- ROMREG=00

0309 0082 ZFA 8
A=0000000000001000 B=0000000000030003 C=0000000000000000 D=0000000000010000 E=0000000000000000
FA=0040 [0000000001000000] KR=0010 [0000000000010000] EXT=00 COND=1 IDLE=0 IO=0000000000000000
FB=0840 [0000100001000000] SR=0100 R5=0 ROM=0000.0 PREG=0 RAMOP=- RAMREG=090 ROMOP=- ROMREG=00

030A 09B9 IO=A-D MANT
A=0000000000001000 B=0000000000030003 C=0000000000000000 D=0000000000010000 E=0000000000000000
FA=0040 [0000000001000000] KR=0010 [0000000000010000] EXT=00 COND=1 IDLE=0 IO=0000000000000000
FB=0840 [0000100001000000] SR=0100 R5=0 ROM=0000.0 PREG=0 RAMOP=- RAMREG=090 ROMOP=- ROMREG=00

030B 15FE BRNC 060A +2FF
A=0000000000001000 B=0000000000030003 C=0000000000000000 D=0000000000010000 E=0000000000000000
FA=0040 [0000000001000000] KR=0010 [0000000000010000] EXT=00 COND=0 IDLE=0 IO=9999999999991000
FB=0840 [0000100001000000] SR=0100 R5=1 ROM=0000.0 PREG=0 RAMOP=- RAMREG=090 ROMOP=- ROMREG=00

060A 0619 IO=0-B EXP
A=0000000000001000 B=0000000000030003 C=0000000000000000 D=0000000000010000 E=0000000000000000
FA=0040 [0000000001000000] KR=0010 [0000000000010000] EXT=00 COND=1 IDLE=0 IO=0000000000000000
FB=0840 [0000100001000000] SR=0100 R5=1 ROM=0000.0 PREG=0 RAMOP=- RAMREG=090 ROMOP=- ROMREG=00

060B 1818 BRC 0617 +00C
A=0000000000001000 B=0000000000030003 C=0000000000000000 D=0000000000010000 E=0000000000000000
FA=0040 [0000000001000000] KR=0010 [0000000000010000] EXT=00 COND=1 IDLE=0 IO=0000000000000000
FB=0840 [0000100001000000] SR=0100 R5=0 ROM=0000.0 PREG=0 RAMOP=- RAMREG=090 ROMOP=- ROMREG=00

0617 0309 IO=A-1 DPT1
A=0000000000001000 B=0000000000030003 C=0000000000000000 D=0000000000010000 E=0000000000000000
FA=0040 [0000000001000000] KR=0010 [0000000000010000] EXT=00 COND=1 IDLE=0 IO=0000000000000000
FB=0840 [0000100001000000] SR=0100 R5=0 ROM=0000.0 PREG=0 RAMOP=- RAMREG=090 ROMOP=- ROMREG=00

0618 180A BRC 061D +005
A=0000000000001000 B=0000000000030003 C=0000000000000000 D=0000000000010000 E=0000000000000000
FA=0040 [0000000001000000] KR=0010 [0000000000010000] EXT=00 COND=0 IDLE=0 IO=000000000000100F
FB=0840 [0000100001000000] SR=0100 R5=F ROM=0000.0 PREG=0 RAMOP=- RAMREG=090 ROMOP=- ROMREG=00

0619 0058 ?TFB 5
A=0000000000001000 B=0000000000030003 C=0000000000000000 D=0000000000010000 E=0000000000000000
FA=0040 [0000000001000000] KR=0010 [0000000000010000] EXT=00 COND=1 IDLE=0 IO=0000000000000000
FB=0840 [0000100001000000] SR=0100 R5=F ROM=0000.0 PREG=0 RAMOP=- RAMREG=090 ROMOP=- ROMREG=00

061A 0048 ?TFB 4
A=0000000000001000 B=0000000000030003 C=0000000000000000 D=0000000000010000 E=0000000000000000
FA=0040 [0000000001000000] KR=0010 [0000000000010000] EXT=00 COND=1 IDLE=0 IO=0000000000000000
FB=0840 [0000100001000000] SR=0100 R5=F ROM=0000.0 PREG=0 RAMOP=- RAMREG=090 ROMOP=- ROMREG=00

061B 1004 BRNC 061D +002
A=0000000000001000 B=0000000000030003 C=0000000000000000 D=0000000000010000 E=0000000000000000
FA=0040 [0000000001000000] KR=0010 [0000000000010000] EXT=00 COND=1 IDLE=0 IO=0000000000000000
FB=0840 [0000100001000000] SR=0100 R5=F ROM=0000.0 PREG=0 RAMOP=- RAMREG=090 ROMOP=- ROMREG=00

061C 02DB B=0 DPT
A=0000000000001000 B=0000000000030003 C=0000000000000000 D=0000000000010000 E=0000000000000000
FA=0040 [0000000001000000] KR=0010 [0000000000010000] EXT=00 COND=1 IDLE=0 IO=0000000000000000
FB=0840 [0000100001000000] SR=0100 R5=F ROM=0000.0 PREG=0 RAMOP=- RAMREG=090 ROMOP=- ROMREG=00

061D 0050 ?TFA 5
A=0000000000001000 B=0000000000030000 C=0000000000000000 D=0000000000010000 E=0000000000000000
FA=0040 [0000000001000000] KR=0010 [0000000000010000] EXT=00 COND=1 IDLE=0 IO=0000000000000000
FB=0840 [0000100001000000] SR=0100 R5=0 ROM=0000.0 PREG=0 RAMOP=- RAMREG=090 ROMOP=- ROMREG=00

061E 0052 ZFA 5
A=0000000000001000 B=0000000000030000 C=0000000000000000 D=0000000000010000 E=0000000000000000
FA=0040 [0000000001000000] KR=0010 [0000000000010000] EXT=00 COND=1 IDLE=0 IO=0000000000000000
FB=0840 [0000100001000000] SR=0100 R5=0 ROM=0000.0 PREG=0 RAMOP=- RAMREG=090 ROMOP=- ROMREG=00

061F 1267 BRNC 04EC -133
A=0000000000001000 B=0000000000030000 C=0000000000000000 D=0000000000010000 E=0000000000000000
FA=0040 [0000000001000000] KR=0010 [0000000000010000] EXT=00 COND=1 IDLE=0 IO=0000000000000000
FB=0840 [0000100001000000] SR=0100 R5=0 ROM=0000.0 PREG=0 RAMOP=- RAMREG=090 ROMOP=- ROMREG=00

0620 00E8 ?TFB 14
A=0000000000001000 B=0000000000030000 C=0000000000000000 D=0000000000010000 E=0000000000000000
FA=0040 [0000000001000000] KR=0010 [0000000000010000] EXT=00 COND=1 IDLE=0 IO=0000000000000000
FB=0840 [0000100001000000] SR=0100 R5=0 ROM=0000.0 PREG=0 RAMOP=- RAMREG=090 ROMOP=- ROMREG=00

0621 1257 BRNC 04F6 -12B
A=0000000000001000 B=0000000000030000 C=0000000000000000 D=0000000000010000 E=0000000000000000
FA=0040 [0000000001000000] KR=0010 [0000000000010000] EXT=00 COND=1 IDLE=0 IO=0000000000000000
FB=0840 [0000100001000000] SR=0100 R5=0 ROM=0000.0 PREG=0 RAMOP=- RAMREG=090 ROMOP=- ROMREG=00

0622 0008 ?TFB 0
A=0000000000001000 B=0000000000030000 C=0000000000000000 D=0000000000010000 E=0000000000000000
FA=0040 [0000000001000000] KR=0010 [0000000000010000] EXT=00 COND=1 IDLE=0 IO=0000000000000000
FB=0840 [0000100001000000] SR=0100 R5=0 ROM=0000.0 PREG=0 RAMOP=- RAMREG=090 ROMOP=- ROMREG=00

0623 133C BRNC 07C1 +19E
A=0000000000001000 B=0000000000030000 C=0000000000000000 D=0000000000010000 E=0000000000000000
FA=0040 [0000000001000000] KR=0010 [0000000000010000] EXT=00 COND=1 IDLE=0 IO=0000000000000000
FB=0840 [0000100001000000] SR=0100 R5=0 ROM=0000.0 PREG=0 RAMOP=- RAMREG=090 ROMOP=- ROMREG=00

0624 0DD6 D=1 MLSD1
A=0000000000001000 B=0000000000030000 C=0000000000000000 D=0000000000010000 E=0000000000000000
FA=0040 [0000000001000000] KR=0010 [0000000000010000] EXT=00 COND=1 IDLE=0 IO=0000000000000000
FB=0840 [0000100001000000] SR=0100 R5=0 ROM=0000.0 PREG=0 RAMOP=- RAMREG=090 ROMOP=- ROMREG=00

0625 00DA ZFB 13
A=0000000000001000 B=0000000000030000 C=0000000000000000 D=0000000000001000 E=0000000000000000
FA=0040 [0000000001000000] KR=0010 [0000000000010000] EXT=00 COND=1 IDLE=0 IO=0000000000000000
FB=0840 [0000100001000000] SR=0100 R5=1 ROM=0000.0 PREG=0 RAMOP=- RAMREG=090 ROMOP=- ROMREG=00

0626 0213 B=B+0 DPT
A=0000000000001000 B=0000000000030000 C=0000000000000000 D=0000000000001000 E=0000000000000000
FA=0040 [0000000001000000] KR=0010 [0000000000010000] EXT=00 COND=1 IDLE=0 IO=0000000000000000
FB=0840 [0000100001000000] SR=0100 R5=1 ROM=0000.0 PREG=0 RAMOP=- RAMREG=090 ROMOP=- ROMREG=00

0627 0A98 PRTSTEP
A=0000000000001000 B=0000000000030000 C=0000000000000000 D=0000000000001000 E=0000000000000000
FA=0040 [0000000001000000] KR=0010 [0000000000010000] EXT=00 COND=1 IDLE=0 IO=0000000000000000
FB=0840 [0000100001000000] SR=0100 R5=0 ROM=0000.0 PREG=0 RAMOP=- RAMREG=090 ROMOP=- ROMREG=00

0628 0A0B ?BUSY
A=0000000000001000 B=0000000000030000 C=0000000000000000 D=0000000000001000 E=0000000000000000
FA=0040 [0000000001000000] KR=0010 [0000000000010000] EXT=00 COND=1 IDLE=0 IO=0000000000000000
FB=0840 [0000100001000000] SR=0100 R5=0 ROM=0000.0 PREG=0 RAMOP=- RAMREG=090 ROMOP=- ROMREG=00

0629 1005 BRNC 0627 -002
A=0000000000001000 B=0000000000030000 C=0000000000000000 D=0000000000001000 E=0000000000000000
FA=0040 [0000000001000000] KR=0010 [0000000000010000] EXT=00 COND=1 IDLE=0 IO=0000000000000000
FB=0840 [0000100001000000] SR=0100 R5=0 ROM=0000.0 PREG=0 RAMOP=- RAMREG=090 ROMOP=- ROMREG=00

062A 0A10 WAIT D1
A=0000000000001000 B=0000000000030000 C=0000000000000000 D=0000000000001000 E=0000000000000000
FA=0040 [0000000001000000] KR=0010 [0000000000010000] EXT=00 COND=1 IDLE=0 IO=0000000000000000
FB=0840 [0000100001000000] SR=0100 R5=0 ROM=0000.0 PREG=0 RAMOP=- RAMREG=090 ROMOP=- ROMREG=00

062B 0A09 SET IDLE
A=0000000000001000 B=0000000000030000 C=0000000000000000 D=0000000000001000 E=0000000000000000
FA=0040 [0000000001000000] KR=0010 [0000000000010000] EXT=00 COND=1 IDLE=0 IO=0000000000000000
FB=0840 [0000100001000000] SR=0100 R5=0 ROM=0000.0 PREG=0 RAMOP=- RAMREG=090 ROMOP=- ROMREG=00

062C 0AE0 WAIT D14
A=0000000000001000 B=0000000000030000 C=0000000000000000 D=0000000000001000 E=0000000000000000
FA=0040 [0000000001000000] KR=0010 [0000000000010000] EXT=00 COND=1 IDLE=1 IO=0000000000000000
FB=0840 [0000100001000000] SR=0100 R5=0 ROM=0000.0 PREG=0 RAMOP=- RAMREG=090 ROMOP=- ROMREG=00

062D 0820 ?KEY 20
A=0000000000001000 B=0000000000030000 C=0000000000000000 D=0000000000001000 E=0000000000000000
FA=0040 [0000000001000000] KR=0010 [0000000000010000] EXT=00 COND=1 IDLE=1 IO=0000000000000000
FB=0840 [0000100001000000] SR=0100 R5=0 ROM=0000.0 PREG=0 RAMOP=- RAMREG=090 ROMOP=- ROMREG=00

062E 180C BRC 0634 +006
A=0000000000001000 B=0000000000030000 C=0000000000000000 D=0000000000001000 E=0000000000000000
FA=0040 [0000000001000000] KR=0280 [0000001010000000] EXT=00 COND=0 IDLE=1 IO=0000000000000000
FB=0840 [0000100001000000] SR=0100 R5=0 ROM=0000.0 PREG=0 RAMOP=- RAMREG=090 ROMOP=- ROMREG=00

062F 0A45 ?TFKR 4
A=0000000000001000 B=0000000000030000 C=0000000000000000 D=0000000000001000 E=0000000000000000
FA=0040 [0000000001000000] KR=0280 [0000001010000000] EXT=00 COND=1 IDLE=1 IO=0000000000000000
FB=0840 [0000100001000000] SR=0100 R5=0 ROM=0000.0 PREG=0 RAMOP=- RAMREG=090 ROMOP=- ROMREG=00

0630 0A55 ?TFKR 5
A=0000000000001000 B=0000000000030000 C=0000000000000000 D=0000000000001000 E=0000000000000000
FA=0040 [0000000001000000] KR=0280 [0000001010000000] EXT=00 COND=1 IDLE=1 IO=0000000000000000
FB=0840 [0000100001000000] SR=0100 R5=0 ROM=0000.0 PREG=0 RAMOP=- RAMREG=090 ROMOP=- ROMREG=00

0631 0A65 ?TFKR 6
A=0000000000001000 B=0000000000030000 C=0000000000000000 D=0000000000001000 E=0000000000000000
FA=0040 [0000000001000000] KR=0280 [0000001010000000] EXT=00 COND=1 IDLE=1 IO=0000000000000000
FB=0840 [0000100001000000] SR=0100 R5=0 ROM=0000.0 PREG=0 RAMOP=- RAMREG=090 ROMOP=- ROMREG=00

0632 0A75 ?TFKR 7
A=0000000000001000 B=0000000000030000 C=0000000000000000 D=0000000000001000 E=0000000000000000
FA=0040 [0000000001000000] KR=0280 [0000001010000000] EXT=00 COND=1 IDLE=1 IO=0000000000000000
FB=0840 [0000100001000000] SR=0100 R5=0 ROM=0000.0 PREG=0 RAMOP=- RAMREG=090 ROMOP=- ROMREG=00

0633 1019 BRNC 0627 -00C
A=0000000000001000 B=0000000000030000 C=0000000000000000 D=0000000000001000 E=0000000000000000
FA=0040 [0000000001000000] KR=0280 [0000001010000000] EXT=00 COND=0 IDLE=1 IO=0000000000000000
FB=0840 [0000100001000000] SR=0100 R5=0 ROM=0000.0 PREG=0 RAMOP=- RAMREG=090 ROMOP=- ROMREG=00

0627 0A98 PRTSTEP
A=0000000000001000 B=0000000000030000 C=0000000000000000 D=0000000000001000 E=0000000000000000
FA=0040 [0000000001000000] KR=0280 [0000001010000000] EXT=00 COND=1 IDLE=1 IO=0000000000000000
FB=0840 [0000100001000000] SR=0100 R5=0 ROM=0000.0 PREG=0 RAMOP=- RAMREG=090 ROMOP=- ROMREG=00

0628 0A0B ?BUSY
A=0000000000001000 B=0000000000030000 C=0000000000000000 D=0000000000001000 E=0000000000000000
FA=0040 [0000000001000000] KR=0280 [0000001010000000] EXT=00 COND=1 IDLE=1 IO=0000000000000000
FB=0840 [0000100001000000] SR=0100 R5=0 ROM=0000.0 PREG=0 RAMOP=- RAMREG=090 ROMOP=- ROMREG=00

0629 1005 BRNC 0627 -002
A=0000000000001000 B=0000000000030000 C=0000000000000000 D=0000000000001000 E=0000000000000000
FA=0040 [0000000001000000] KR=0280 [0000001010000000] EXT=00 COND=1 IDLE=1 IO=0000000000000000
FB=0840 [0000100001000000] SR=0100 R5=0 ROM=0000.0 PREG=0 RAMOP=- RAMREG=090 ROMOP=- ROMREG=00

062A 0A10 WAIT D1
A=0000000000001000 B=0000000000030000 C=0000000000000000 D=0000000000001000 E=0000000000000000
FA=0040 [0000000001000000] KR=0280 [0000001010000000] EXT=00 COND=1 IDLE=1 IO=0000000000000000
FB=0840 [0000100001000000] SR=0100 R5=0 ROM=0000.0 PREG=0 RAMOP=- RAMREG=090 ROMOP=- ROMREG=00

062B 0A09 SET IDLE
A=0000000000001000 B=0000000000030000 C=0000000000000000 D=0000000000001000 E=0000000000000000
FA=0040 [0000000001000000] KR=0280 [0000001010000000] EXT=00 COND=1 IDLE=1 IO=0000000000000000
FB=0840 [0000100001000000] SR=0100 R5=0 ROM=0000.0 PREG=0 RAMOP=- RAMREG=090 ROMOP=- ROMREG=00

062C 0AE0 WAIT D14
A=0000000000001000 B=0000000000030000 C=0000000000000000 D=0000000000001000 E=0000000000000000
FA=0040 [0000000001000000] KR=0280 [0000001010000000] EXT=00 COND=1 IDLE=1 IO=0000000000000000
FB=0840 [0000100001000000] SR=0100 R5=0 ROM=0000.0 PREG=0 RAMOP=- RAMREG=090 ROMOP=- ROMREG=00

062D 0820 ?KEY 20
A=0000000000001000 B=0000000000030000 C=0000000000000000 D=0000000000001000 E=0000000000000000
FA=0040 [0000000001000000] KR=0280 [0000001010000000] EXT=00 COND=1 IDLE=1 IO=0000000000000000
FB=0840 [0000100001000000] SR=0100 R5=0 ROM=0000.0 PREG=0 RAMOP=- RAMREG=090 ROMOP=- ROMREG=00

062E 180C BRC 0634 +006
A=0000000000001000 B=0000000000030000 C=0000000000000000 D=0000000000001000 E=0000000000000000
FA=0040 [0000000001000000] KR=0280 [0000001010000000] EXT=00 COND=0 IDLE=1 IO=0000000000000000
FB=0840 [0000100001000000] SR=0100 R5=0 ROM=0000.0 PREG=0 RAMOP=- RAMREG=090 ROMOP=- ROMREG=00

062F 0A45 ?TFKR 4
A=0000000000001000 B=0000000000030000 C=0000000000000000 D=0000000000001000 E=0000000000000000
FA=0040 [0000000001000000] KR=0280 [0000001010000000] EXT=00 COND=1 IDLE=1 IO=0000000000000000
FB=0840 [0000100001000000] SR=0100 R5=0 ROM=0000.0 PREG=0 RAMOP=- RAMREG=090 ROMOP=- ROMREG=00

0630 0A55 ?TFKR 5
A=0000000000001000 B=0000000000030000 C=0000000000000000 D=0000000000001000 E=0000000000000000
FA=0040 [0000000001000000] KR=0280 [0000001010000000] EXT=00 COND=1 IDLE=1 IO=0000000000000000
FB=0840 [0000100001000000] SR=0100 R5=0 ROM=0000.0 PREG=0 RAMOP=- RAMREG=090 ROMOP=- ROMREG=00

0631 0A65 ?TFKR 6
A=0000000000001000 B=0000000000030000 C=0000000000000000 D=0000000000001000 E=0000000000000000
FA=0040 [0000000001000000] KR=0280 [0000001010000000] EXT=00 COND=1 IDLE=1 IO=0000000000000000
FB=0840 [0000100001000000] SR=0100 R5=0 ROM=0000.0 PREG=0 RAMOP=- RAMREG=090 ROMOP=- ROMREG=00

0632 0A75 ?TFKR 7
A=0000000000001000 B=0000000000030000 C=0000000000000000 D=0000000000001000 E=0000000000000000
FA=0040 [0000000001000000] KR=0280 [0000001010000000] EXT=00 COND=1 IDLE=1 IO=0000000000000000
FB=0840 [0000100001000000] SR=0100 R5=0 ROM=0000.0 PREG=0 RAMOP=- RAMREG=090 ROMOP=- ROMREG=00

0633 1019 BRNC 0627 -00C
A=0000000000001000 B=0000000000030000 C=0000000000000000 D=0000000000001000 E=0000000000000000
FA=0040 [0000000001000000] KR=0280 [0000001010000000] EXT=00 COND=0 IDLE=1 IO=0000000000000000
FB=0840 [0000100001000000] SR=0100 R5=0 ROM=0000.0 PREG=0 RAMOP=- RAMREG=090 ROMOP=- ROMREG=00

0627 0A98 PRTSTEP
A=0000000000001000 B=0000000000030000 C=0000000000000000 D=0000000000001000 E=0000000000000000
FA=0040 [0000000001000000] KR=0280 [0000001010000000] EXT=00 COND=1 IDLE=1 IO=0000000000000000
FB=0840 [0000100001000000] SR=0100 R5=0 ROM=0000.0 PREG=0 RAMOP=- RAMREG=090 ROMOP=- ROMREG=00

0628 0A0B ?BUSY
A=0000000000001000 B=0000000000030000 C=0000000000000000 D=0000000000001000 E=0000000000000000
FA=0040 [0000000001000000] KR=0280 [0000001010000000] EXT=00 COND=1 IDLE=1 IO=0000000000000000
FB=0840 [0000100001000000] SR=0100 R5=0 ROM=0000.0 PREG=0 RAMOP=- RAMREG=090 ROMOP=- ROMREG=00

0629 1005 BRNC 0627 -002
A=0000000000001000 B=0000000000030000 C=0000000000000000 D=0000000000001000 E=0000000000000000
FA=0040 [0000000001000000] KR=0280 [0000001010000000] EXT=00 COND=1 IDLE=1 IO=0000000000000000
FB=0840 [0000100001000000] SR=0100 R5=0 ROM=0000.0 PREG=0 RAMOP=- RAMREG=090 ROMOP=- ROMREG=00

062A 0A10 WAIT D1
A=0000000000001000 B=0000000000030000 C=0000000000000000 D=0000000000001000 E=0000000000000000
FA=0040 [0000000001000000] KR=0280 [0000001010000000] EXT=00 COND=1 IDLE=1 IO=0000000000000000
FB=0840 [0000100001000000] SR=0100 R5=0 ROM=0000.0 PREG=0 RAMOP=- RAMREG=090 ROMOP=- ROMREG=00

062B 0A09 SET IDLE
A=0000000000001000 B=0000000000030000 C=0000000000000000 D=0000000000001000 E=0000000000000000
FA=0040 [0000000001000000] KR=0280 [0000001010000000] EXT=00 COND=1 IDLE=1 IO=0000000000000000
FB=0840 [0000100001000000] SR=0100 R5=0 ROM=0000.0 PREG=0 RAMOP=- RAMREG=090 ROMOP=- ROMREG=00

062C 0AE0 WAIT D14
A=0000000000001000 B=0000000000030000 C=0000000000000000 D=0000000000001000 E=0000000000000000
FA=0040 [0000000001000000] KR=0280 [0000001010000000] EXT=00 COND=1 IDLE=1 IO=0000000000000000
FB=0840 [0000100001000000] SR=0100 R5=0 ROM=0000.0 PREG=0 RAMOP=- RAMREG=090 ROMOP=- ROMREG=00

062D 0820 ?KEY 20
A=0000000000001000 B=0000000000030000 C=0000000000000000 D=0000000000001000 E=0000000000000000
FA=0040 [0000000001000000] KR=0280 [0000001010000000] EXT=00 COND=1 IDLE=1 IO=0000000000000000
FB=0840 [0000100001000000] SR=0100 R5=0 ROM=0000.0 PREG=0 RAMOP=- RAMREG=090 ROMOP=- ROMREG=00

062E 180C BRC 0634 +006
A=0000000000001000 B=0000000000030000 C=0000000000000000 D=0000000000001000 E=0000000000000000
FA=0040 [0000000001000000] KR=0280 [0000001010000000] EXT=00 COND=0 IDLE=1 IO=0000000000000000
FB=0840 [0000100001000000] SR=0100 R5=0 ROM=0000.0 PREG=0 RAMOP=- RAMREG=090 ROMOP=- ROMREG=00

062F 0A45 ?TFKR 4
A=0000000000001000 B=0000000000030000 C=0000000000000000 D=0000000000001000 E=0000000000000000
FA=0040 [0000000001000000] KR=0280 [0000001010000000] EXT=00 COND=1 IDLE=1 IO=0000000000000000
FB=0840 [0000100001000000] SR=0100 R5=0 ROM=0000.0 PREG=0 RAMOP=- RAMREG=090 ROMOP=- ROMREG=00

0630 0A55 ?TFKR 5
A=0000000000001000 B=0000000000030000 C=0000000000000000 D=0000000000001000 E=0000000000000000
FA=0040 [0000000001000000] KR=0280 [0000001010000000] EXT=00 COND=1 IDLE=1 IO=0000000000000000
FB=0840 [0000100001000000] SR=0100 R5=0 ROM=0000.0 PREG=0 RAMOP=- RAMREG=090 ROMOP=- ROMREG=00

0631 0A65 ?TFKR 6
A=0000000000001000 B=0000000000030000 C=0000000000000000 D=0000000000001000 E=0000000000000000
FA=0040 [0000000001000000] KR=0280 [0000001010000000] EXT=00 COND=1 IDLE=1 IO=0000000000000000
FB=0840 [0000100001000000] SR=0100 R5=0 ROM=0000.0 PREG=0 RAMOP=- RAMREG=090 ROMOP=- ROMREG=00

0632 0A75 ?TFKR 7
A=0000000000001000 B=0000000000030000 C=0000000000000000 D=0000000000001000 E=0000000000000000
FA=0040 [0000000001000000] KR=0280 [0000001010000000] EXT=00 COND=1 IDLE=1 IO=0000000000000000
FB=0840 [0000100001000000] SR=0100 R5=0 ROM=0000.0 PREG=0 RAMOP=- RAMREG=090 ROMOP=- ROMREG=00

0633 1019 BRNC 0627 -00C
A=0000000000001000 B=0000000000030000 C=0000000000000000 D=0000000000001000 E=0000000000000000
FA=0040 [0000000001000000] KR=0280 [0000001010000000] EXT=00 COND=0 IDLE=1 IO=0000000000000000
FB=0840 [0000100001000000] SR=0100 R5=0 ROM=0000.0 PREG=0 RAMOP=- RAMREG=090 ROMOP=- ROMREG=00

0627 0A98 PRTSTEP
A=0000000000001000 B=0000000000030000 C=0000000000000000 D=0000000000001000 E=0000000000000000
FA=0040 [0000000001000000] KR=0280 [0000001010000000] EXT=00 COND=1 IDLE=1 IO=0000000000000000
FB=0840 [0000100001000000] SR=0100 R5=0 ROM=0000.0 PREG=0 RAMOP=- RAMREG=090 ROMOP=- ROMREG=00

0628 0A0B ?BUSY
A=0000000000001000 B=0000000000030000 C=0000000000000000 D=0000000000001000 E=0000000000000000
FA=0040 [0000000001000000] KR=0280 [0000001010000000] EXT=00 COND=1 IDLE=1 IO=0000000000000000
FB=0840 [0000100001000000] SR=0100 R5=0 ROM=0000.0 PREG=0 RAMOP=- RAMREG=090 ROMOP=- ROMREG=00

0629 1005 BRNC 0627 -002
A=0000000000001000 B=0000000000030000 C=0000000000000000 D=0000000000001000 E=0000000000000000
FA=0040 [0000000001000000] KR=0280 [0000001010000000] EXT=00 COND=1 IDLE=1 IO=0000000000000000
FB=0840 [0000100001000000] SR=0100 R5=0 ROM=0000.0 PREG=0 RAMOP=- RAMREG=090 ROMOP=- ROMREG=00

062A 0A10 WAIT D1
A=0000000000001000 B=0000000000030000 C=0000000000000000 D=0000000000001000 E=0000000000000000
FA=0040 [0000000001000000] KR=0280 [0000001010000000] EXT=00 COND=1 IDLE=1 IO=0000000000000000
FB=0840 [0000100001000000] SR=0100 R5=0 ROM=0000.0 PREG=0 RAMOP=- RAMREG=090 ROMOP=- ROMREG=00

062B 0A09 SET IDLE
A=0000000000001000 B=0000000000030000 C=0000000000000000 D=0000000000001000 E=0000000000000000
FA=0040 [0000000001000000] KR=0280 [0000001010000000] EXT=00 COND=1 IDLE=1 IO=0000000000000000
FB=0840 [0000100001000000] SR=0100 R5=0 ROM=0000.0 PREG=0 RAMOP=- RAMREG=090 ROMOP=- ROMREG=00

062C 0AE0 WAIT D14
A=0000000000001000 B=0000000000030000 C=0000000000000000 D=0000000000001000 E=0000000000000000
FA=0040 [0000000001000000] KR=0280 [0000001010000000] EXT=00 COND=1 IDLE=1 IO=0000000000000000
FB=0840 [0000100001000000] SR=0100 R5=0 ROM=0000.0 PREG=0 RAMOP=- RAMREG=090 ROMOP=- ROMREG=00

062D 0820 ?KEY 20
A=0000000000001000 B=0000000000030000 C=0000000000000000 D=0000000000001000 E=0000000000000000
FA=0040 [0000000001000000] KR=0280 [0000001010000000] EXT=00 COND=1 IDLE=1 IO=0000000000000000
FB=0840 [0000100001000000] SR=0100 R5=0 ROM=0000.0 PREG=0 RAMOP=- RAMREG=090 ROMOP=- ROMREG=00

062E 180C BRC 0634 +006
A=0000000000001000 B=0000000000030000 C=0000000000000000 D=0000000000001000 E=0000000000000000
FA=0040 [0000000001000000] KR=0280 [0000001010000000] EXT=00 COND=0 IDLE=1 IO=0000000000000000
FB=0840 [0000100001000000] SR=0100 R5=0 ROM=0000.0 PREG=0 RAMOP=- RAMREG=090 ROMOP=- ROMREG=00

062F 0A45 ?TFKR 4
A=0000000000001000 B=0000000000030000 C=0000000000000000 D=0000000000001000 E=0000000000000000
FA=0040 [0000000001000000] KR=0280 [0000001010000000] EXT=00 COND=1 IDLE=1 IO=0000000000000000
FB=0840 [0000100001000000] SR=0100 R5=0 ROM=0000.0 PREG=0 RAMOP=- RAMREG=090 ROMOP=- ROMREG=00

0630 0A55 ?TFKR 5
A=0000000000001000 B=0000000000030000 C=0000000000000000 D=0000000000001000 E=0000000000000000
FA=0040 [0000000001000000] KR=0280 [0000001010000000] EXT=00 COND=1 IDLE=1 IO=0000000000000000
FB=0840 [0000100001000000] SR=0100 R5=0 ROM=0000.0 PREG=0 RAMOP=- RAMREG=090 ROMOP=- ROMREG=00

0631 0A65 ?TFKR 6
A=0000000000001000 B=0000000000030000 C=0000000000000000 D=0000000000001000 E=0000000000000000
FA=0040 [0000000001000000] KR=0280 [0000001010000000] EXT=00 COND=1 IDLE=1 IO=0000000000000000
FB=0840 [0000100001000000] SR=0100 R5=0 ROM=0000.0 PREG=0 RAMOP=- RAMREG=090 ROMOP=- ROMREG=00

0632 0A75 ?TFKR 7
A=0000000000001000 B=0000000000030000 C=0000000000000000 D=0000000000001000 E=0000000000000000
FA=0040 [0000000001000000] KR=0280 [0000001010000000] EXT=00 COND=1 IDLE=1 IO=0000000000000000
FB=0840 [0000100001000000] SR=0100 R5=0 ROM=0000.0 PREG=0 RAMOP=- RAMREG=090 ROMOP=- ROMREG=00

0633 1019 BRNC 0627 -00C
A=0000000000001000 B=0000000000030000 C=0000000000000000 D=0000000000001000 E=0000000000000000
FA=0040 [0000000001000000] KR=0280 [0000001010000000] EXT=00 COND=0 IDLE=1 IO=0000000000000000
FB=0840 [0000100001000000] SR=0100 R5=0 ROM=0000.0 PREG=0 RAMOP=- RAMREG=090 ROMOP=- ROMREG=00

0627 0A98 PRTSTEP
A=0000000000001000 B=0000000000030000 C=0000000000000000 D=0000000000001000 E=0000000000000000
FA=0040 [0000000001000000] KR=0280 [0000001010000000] EXT=00 COND=1 IDLE=1 IO=0000000000000000
FB=0840 [0000100001000000] SR=0100 R5=0 ROM=0000.0 PREG=0 RAMOP=- RAMREG=090 ROMOP=- ROMREG=00

0628 0A0B ?BUSY
A=0000000000001000 B=0000000000030000 C=0000000000000000 D=0000000000001000 E=0000000000000000
FA=0040 [0000000001000000] KR=0280 [0000001010000000] EXT=00 COND=1 IDLE=1 IO=0000000000000000
FB=0840 [0000100001000000] SR=0100 R5=0 ROM=0000.0 PREG=0 RAMOP=- RAMREG=090 ROMOP=- ROMREG=00

0629 1005 BRNC 0627 -002
A=0000000000001000 B=0000000000030000 C=0000000000000000 D=0000000000001000 E=0000000000000000
FA=0040 [0000000001000000] KR=0280 [0000001010000000] EXT=00 COND=1 IDLE=1 IO=0000000000000000
FB=0840 [0000100001000000] SR=0100 R5=0 ROM=0000.0 PREG=0 RAMOP=- RAMREG=090 ROMOP=- ROMREG=00

062A 0A10 WAIT D1
A=0000000000001000 B=0000000000030000 C=0000000000000000 D=0000000000001000 E=0000000000000000
FA=0040 [0000000001000000] KR=0280 [0000001010000000] EXT=00 COND=1 IDLE=1 IO=0000000000000000
FB=0840 [0000100001000000] SR=0100 R5=0 ROM=0000.0 PREG=0 RAMOP=- RAMREG=090 ROMOP=- ROMREG=00

062B 0A09 SET IDLE
A=0000000000001000 B=0000000000030000 C=0000000000000000 D=0000000000001000 E=0000000000000000
FA=0040 [0000000001000000] KR=0280 [0000001010000000] EXT=00 COND=1 IDLE=1 IO=0000000000000000
FB=0840 [0000100001000000] SR=0100 R5=0 ROM=0000.0 PREG=0 RAMOP=- RAMREG=090 ROMOP=- ROMREG=00

062C 0AE0 WAIT D14
A=0000000000001000 B=0000000000030000 C=0000000000000000 D=0000000000001000 E=0000000000000000
FA=0040 [0000000001000000] KR=0280 [0000001010000000] EXT=00 COND=1 IDLE=1 IO=0000000000000000
FB=0840 [0000100001000000] SR=0100 R5=0 ROM=0000.0 PREG=0 RAMOP=- RAMREG=090 ROMOP=- ROMREG=00

062D 0820 ?KEY 20
A=0000000000001000 B=0000000000030000 C=0000000000000000 D=0000000000001000 E=0000000000000000
FA=0040 [0000000001000000] KR=0280 [0000001010000000] EXT=00 COND=1 IDLE=1 IO=0000000000000000
FB=0840 [0000100001000000] SR=0100 R5=0 ROM=0000.0 PREG=0 RAMOP=- RAMREG=090 ROMOP=- ROMREG=00

062E 180C BRC 0634 +006
A=0000000000001000 B=0000000000030000 C=0000000000000000 D=0000000000001000 E=0000000000000000
FA=0040 [0000000001000000] KR=0280 [0000001010000000] EXT=00 COND=0 IDLE=1 IO=0000000000000000
FB=0840 [0000100001000000] SR=0100 R5=0 ROM=0000.0 PREG=0 RAMOP=- RAMREG=090 ROMOP=- ROMREG=00

062F 0A45 ?TFKR 4
A=0000000000001000 B=0000000000030000 C=0000000000000000 D=0000000000001000 E=0000000000000000
FA=0040 [0000000001000000] KR=0280 [0000001010000000] EXT=00 COND=1 IDLE=1 IO=0000000000000000
FB=0840 [0000100001000000] SR=0100 R5=0 ROM=0000.0 PREG=0 RAMOP=- RAMREG=090 ROMOP=- ROMREG=00

0630 0A55 ?TFKR 5
A=0000000000001000 B=0000000000030000 C=0000000000000000 D=0000000000001000 E=0000000000000000
FA=0040 [0000000001000000] KR=0280 [0000001010000000] EXT=00 COND=1 IDLE=1 IO=0000000000000000
FB=0840 [0000100001000000] SR=0100 R5=0 ROM=0000.0 PREG=0 RAMOP=- RAMREG=090 ROMOP=- ROMREG=00

0631 0A65 ?TFKR 6
A=0000000000001000 B=0000000000030000 C=0000000000000000 D=0000000000001000 E=0000000000000000
FA=0040 [0000000001000000] KR=0280 [0000001010000000] EXT=00 COND=1 IDLE=1 IO=0000000000000000
FB=0840 [0000100001000000] SR=0100 R5=0 ROM=0000.0 PREG=0 RAMOP=- RAMREG=090 ROMOP=- ROMREG=00

0632 0A75 ?TFKR 7
A=0000000000001000 B=0000000000030000 C=0000000000000000 D=0000000000001000 E=0000000000000000
FA=0040 [0000000001000000] KR=0280 [0000001010000000] EXT=00 COND=1 IDLE=1 IO=0000000000000000
FB=0840 [0000100001000000] SR=0100 R5=0 ROM=0000.0 PREG=0 RAMOP=- RAMREG=090 ROMOP=- ROMREG=00

0633 1019 BRNC 0627 -00C
A=0000000000001000 B=0000000000030000 C=0000000000000000 D=0000000000001000 E=0000000000000000
FA=0040 [0000000001000000] KR=0280 [0000001010000000] EXT=00 COND=0 IDLE=1 IO=0000000000000000
FB=0840 [0000100001000000] SR=0100 R5=0 ROM=0000.0 PREG=0 RAMOP=- RAMREG=090 ROMOP=- ROMREG=00

0627 0A98 PRTSTEP
A=0000000000001000 B=0000000000030000 C=0000000000000000 D=0000000000001000 E=0000000000000000
FA=0040 [0000000001000000] KR=0280 [0000001010000000] EXT=00 COND=1 IDLE=1 IO=0000000000000000
FB=0840 [0000100001000000] SR=0100 R5=0 ROM=0000.0 PREG=0 RAMOP=- RAMREG=090 ROMOP=- ROMREG=00

0628 0A0B ?BUSY
A=0000000000001000 B=0000000000030000 C=0000000000000000 D=0000000000001000 E=0000000000000000
FA=0040 [0000000001000000] KR=0280 [0000001010000000] EXT=00 COND=1 IDLE=1 IO=0000000000000000
FB=0840 [0000100001000000] SR=0100 R5=0 ROM=0000.0 PREG=0 RAMOP=- RAMREG=090 ROMOP=- ROMREG=00

0629 1005 BRNC 0627 -002
A=0000000000001000 B=0000000000030000 C=0000000000000000 D=0000000000001000 E=0000000000000000
FA=0040 [0000000001000000] KR=0280 [0000001010000000] EXT=00 COND=1 IDLE=1 IO=0000000000000000
FB=0840 [0000100001000000] SR=0100 R5=0 ROM=0000.0 PREG=0 RAMOP=- RAMREG=090 ROMOP=- ROMREG=00

062A 0A10 WAIT D1
A=0000000000001000 B=0000000000030000 C=0000000000000000 D=0000000000001000 E=0000000000000000
FA=0040 [0000000001000000] KR=0280 [0000001010000000] EXT=00 COND=1 IDLE=1 IO=0000000000000000
FB=0840 [0000100001000000] SR=0100 R5=0 ROM=0000.0 PREG=0 RAMOP=- RAMREG=090 ROMOP=- ROMREG=00

062B 0A09 SET IDLE
A=0000000000001000 B=0000000000030000 C=0000000000000000 D=0000000000001000 E=0000000000000000
FA=0040 [0000000001000000] KR=0280 [0000001010000000] EXT=00 COND=1 IDLE=1 IO=0000000000000000
FB=0840 [0000100001000000] SR=0100 R5=0 ROM=0000.0 PREG=0 RAMOP=- RAMREG=090 ROMOP=- ROMREG=00

062C 0AE0 WAIT D14
A=0000000000001000 B=0000000000030000 C=0000000000000000 D=0000000000001000 E=0000000000000000
FA=0040 [0000000001000000] KR=0280 [0000001010000000] EXT=00 COND=1 IDLE=1 IO=0000000000000000
FB=0840 [0000100001000000] SR=0100 R5=0 ROM=0000.0 PREG=0 RAMOP=- RAMREG=090 ROMOP=- ROMREG=00

062D 0820 ?KEY 20
A=0000000000001000 B=0000000000030000 C=0000000000000000 D=0000000000001000 E=0000000000000000
FA=0040 [0000000001000000] KR=0280 [0000001010000000] EXT=00 COND=1 IDLE=1 IO=0000000000000000
FB=0840 [0000100001000000] SR=0100 R5=0 ROM=0000.0 PREG=0 RAMOP=- RAMREG=090 ROMOP=- ROMREG=00

062E 180C BRC 0634 +006
A=0000000000001000 B=0000000000030000 C=0000000000000000 D=0000000000001000 E=0000000000000000
FA=0040 [0000000001000000] KR=0280 [0000001010000000] EXT=00 COND=0 IDLE=1 IO=0000000000000000
FB=0840 [0000100001000000] SR=0100 R5=0 ROM=0000.0 PREG=0 RAMOP=- RAMREG=090 ROMOP=- ROMREG=00

062F 0A45 ?TFKR 4
A=0000000000001000 B=0000000000030000 C=0000000000000000 D=0000000000001000 E=0000000000000000
FA=0040 [0000000001000000] KR=0280 [0000001010000000] EXT=00 COND=1 IDLE=1 IO=0000000000000000
FB=0840 [0000100001000000] SR=0100 R5=0 ROM=0000.0 PREG=0 RAMOP=- RAMREG=090 ROMOP=- ROMREG=00

0630 0A55 ?TFKR 5
A=0000000000001000 B=0000000000030000 C=0000000000000000 D=0000000000001000 E=0000000000000000
FA=0040 [0000000001000000] KR=0280 [0000001010000000] EXT=00 COND=1 IDLE=1 IO=0000000000000000
FB=0840 [0000100001000000] SR=0100 R5=0 ROM=0000.0 PREG=0 RAMOP=- RAMREG=090 ROMOP=- ROMREG=00

0631 0A65 ?TFKR 6
A=0000000000001000 B=0000000000030000 C=0000000000000000 D=0000000000001000 E=0000000000000000
FA=0040 [0000000001000000] KR=0280 [0000001010000000] EXT=00 COND=1 IDLE=1 IO=0000000000000000
FB=0840 [0000100001000000] SR=0100 R5=0 ROM=0000.0 PREG=0 RAMOP=- RAMREG=090 ROMOP=- ROMREG=00

0632 0A75 ?TFKR 7
A=0000000000001000 B=0000000000030000 C=0000000000000000 D=0000000000001000 E=0000000000000000
FA=0040 [0000000001000000] KR=0280 [0000001010000000] EXT=00 COND=1 IDLE=1 IO=0000000000000000
FB=0840 [0000100001000000] SR=0100 R5=0 ROM=0000.0 PREG=0 RAMOP=- RAMREG=090 ROMOP=- ROMREG=00

0633 1019 BRNC 0627 -00C
A=0000000000001000 B=0000000000030000 C=0000000000000000 D=0000000000001000 E=0000000000000000
FA=0040 [0000000001000000] KR=0280 [0000001010000000] EXT=00 COND=0 IDLE=1 IO=0000000000000000
FB=0840 [0000100001000000] SR=0100 R5=0 ROM=0000.0 PREG=0 RAMOP=- RAMREG=090 ROMOP=- ROMREG=00

0627 0A98 PRTSTEP
A=0000000000001000 B=0000000000030000 C=0000000000000000 D=0000000000001000 E=0000000000000000
FA=0040 [0000000001000000] KR=0280 [0000001010000000] EXT=00 COND=1 IDLE=1 IO=0000000000000000
FB=0840 [0000100001000000] SR=0100 R5=0 ROM=0000.0 PREG=0 RAMOP=- RAMREG=090 ROMOP=- ROMREG=00

0628 0A0B ?BUSY
A=0000000000001000 B=0000000000030000 C=0000000000000000 D=0000000000001000 E=0000000000000000
FA=0040 [0000000001000000] KR=0280 [0000001010000000] EXT=00 COND=1 IDLE=1 IO=0000000000000000
FB=0840 [0000100001000000] SR=0100 R5=0 ROM=0000.0 PREG=0 RAMOP=- RAMREG=090 ROMOP=- ROMREG=00

0629 1005 BRNC 0627 -002
A=0000000000001000 B=0000000000030000 C=0000000000000000 D=0000000000001000 E=0000000000000000
FA=0040 [0000000001000000] KR=0280 [0000001010000000] EXT=00 COND=1 IDLE=1 IO=0000000000000000
FB=0840 [0000100001000000] SR=0100 R5=0 ROM=0000.0 PREG=0 RAMOP=- RAMREG=090 ROMOP=- ROMREG=00

062A 0A10 WAIT D1
A=0000000000001000 B=0000000000030000 C=0000000000000000 D=0000000000001000 E=0000000000000000
FA=0040 [0000000001000000] KR=0280 [0000001010000000] EXT=00 COND=1 IDLE=1 IO=0000000000000000
FB=0840 [0000100001000000] SR=0100 R5=0 ROM=0000.0 PREG=0 RAMOP=- RAMREG=090 ROMOP=- ROMREG=00

062B 0A09 SET IDLE
A=0000000000001000 B=0000000000030000 C=0000000000000000 D=0000000000001000 E=0000000000000000
FA=0040 [0000000001000000] KR=0280 [0000001010000000] EXT=00 COND=1 IDLE=1 IO=0000000000000000
FB=0840 [0000100001000000] SR=0100 R5=0 ROM=0000.0 PREG=0 RAMOP=- RAMREG=090 ROMOP=- ROMREG=00

062C 0AE0 WAIT D14
A=0000000000001000 B=0000000000030000 C=0000000000000000 D=0000000000001000 E=0000000000000000
FA=0040 [0000000001000000] KR=0280 [0000001010000000] EXT=00 COND=1 IDLE=1 IO=0000000000000000
FB=0840 [0000100001000000] SR=0100 R5=0 ROM=0000.0 PREG=0 RAMOP=- RAMREG=090 ROMOP=- ROMREG=00

062D 0820 ?KEY 20
A=0000000000001000 B=0000000000030000 C=0000000000000000 D=0000000000001000 E=0000000000000000
FA=0040 [0000000001000000] KR=0280 [0000001010000000] EXT=00 COND=1 IDLE=1 IO=0000000000000000
FB=0840 [0000100001000000] SR=0100 R5=0 ROM=0000.0 PREG=0 RAMOP=- RAMREG=090 ROMOP=- ROMREG=00

062E 180C BRC 0634 +006
A=0000000000001000 B=0000000000030000 C=0000000000000000 D=0000000000001000 E=0000000000000000
FA=0040 [0000000001000000] KR=0280 [0000001010000000] EXT=00 COND=0 IDLE=1 IO=0000000000000000
FB=0840 [0000100001000000] SR=0100 R5=0 ROM=0000.0 PREG=0 RAMOP=- RAMREG=090 ROMOP=- ROMREG=00

062F 0A45 ?TFKR 4
A=0000000000001000 B=0000000000030000 C=0000000000000000 D=0000000000001000 E=0000000000000000
FA=0040 [0000000001000000] KR=0280 [0000001010000000] EXT=00 COND=1 IDLE=1 IO=0000000000000000
FB=0840 [0000100001000000] SR=0100 R5=0 ROM=0000.0 PREG=0 RAMOP=- RAMREG=090 ROMOP=- ROMREG=00

0630 0A55 ?TFKR 5
A=0000000000001000 B=0000000000030000 C=0000000000000000 D=0000000000001000 E=0000000000000000
FA=0040 [0000000001000000] KR=0280 [0000001010000000] EXT=00 COND=1 IDLE=1 IO=0000000000000000
FB=0840 [0000100001000000] SR=0100 R5=0 ROM=0000.0 PREG=0 RAMOP=- RAMREG=090 ROMOP=- ROMREG=00

0631 0A65 ?TFKR 6
A=0000000000001000 B=0000000000030000 C=0000000000000000 D=0000000000001000 E=0000000000000000
FA=0040 [0000000001000000] KR=0280 [0000001010000000] EXT=00 COND=1 IDLE=1 IO=0000000000000000
FB=0840 [0000100001000000] SR=0100 R5=0 ROM=0000.0 PREG=0 RAMOP=- RAMREG=090 ROMOP=- ROMREG=00

0632 0A75 ?TFKR 7
A=0000000000001000 B=0000000000030000 C=0000000000000000 D=0000000000001000 E=0000000000000000
FA=0040 [0000000001000000] KR=0280 [0000001010000000] EXT=00 COND=1 IDLE=1 IO=0000000000000000
FB=0840 [0000100001000000] SR=0100 R5=0 ROM=0000.0 PREG=0 RAMOP=- RAMREG=090 ROMOP=- ROMREG=00

0633 1019 BRNC 0627 -00C
A=0000000000001000 B=0000000000030000 C=0000000000000000 D=0000000000001000 E=0000000000000000
FA=0040 [0000000001000000] KR=0280 [0000001010000000] EXT=00 COND=0 IDLE=1 IO=0000000000000000
FB=0840 [0000100001000000] SR=0100 R5=0 ROM=0000.0 PREG=0 RAMOP=- RAMREG=090 ROMOP=- ROMREG=00

0627 0A98 PRTSTEP
A=0000000000001000 B=0000000000030000 C=0000000000000000 D=0000000000001000 E=0000000000000000
FA=0040 [0000000001000000] KR=0280 [0000001010000000] EXT=00 COND=1 IDLE=1 IO=0000000000000000
FB=0840 [0000100001000000] SR=0100 R5=0 ROM=0000.0 PREG=0 RAMOP=- RAMREG=090 ROMOP=- ROMREG=00

0628 0A0B ?BUSY
A=0000000000001000 B=0000000000030000 C=0000000000000000 D=0000000000001000 E=0000000000000000
FA=0040 [0000000001000000] KR=0280 [0000001010000000] EXT=00 COND=1 IDLE=1 IO=0000000000000000
FB=0840 [0000100001000000] SR=0100 R5=0 ROM=0000.0 PREG=0 RAMOP=- RAMREG=090 ROMOP=- ROMREG=00

0629 1005 BRNC 0627 -002
A=0000000000001000 B=0000000000030000 C=0000000000000000 D=0000000000001000 E=0000000000000000
FA=0040 [0000000001000000] KR=0280 [0000001010000000] EXT=00 COND=1 IDLE=1 IO=0000000000000000
FB=0840 [0000100001000000] SR=0100 R5=0 ROM=0000.0 PREG=0 RAMOP=- RAMREG=090 ROMOP=- ROMREG=00

062A 0A10 WAIT D1
A=0000000000001000 B=0000000000030000 C=0000000000000000 D=0000000000001000 E=0000000000000000
FA=0040 [0000000001000000] KR=0280 [0000001010000000] EXT=00 COND=1 IDLE=1 IO=0000000000000000
FB=0840 [0000100001000000] SR=0100 R5=0 ROM=0000.0 PREG=0 RAMOP=- RAMREG=090 ROMOP=- ROMREG=00

062B 0A09 SET IDLE
A=0000000000001000 B=0000000000030000 C=0000000000000000 D=0000000000001000 E=0000000000000000
FA=0040 [0000000001000000] KR=0280 [0000001010000000] EXT=00 COND=1 IDLE=1 IO=0000000000000000
FB=0840 [0000100001000000] SR=0100 R5=0 ROM=0000.0 PREG=0 RAMOP=- RAMREG=090 ROMOP=- ROMREG=00

062C 0AE0 WAIT D14
A=0000000000001000 B=0000000000030000 C=0000000000000000 D=0000000000001000 E=0000000000000000
FA=0040 [0000000001000000] KR=0280 [0000001010000000] EXT=00 COND=1 IDLE=1 IO=0000000000000000
FB=0840 [0000100001000000] SR=0100 R5=0 ROM=0000.0 PREG=0 RAMOP=- RAMREG=090 ROMOP=- ROMREG=00

062D 0820 ?KEY 20
A=0000000000001000 B=0000000000030000 C=0000000000000000 D=0000000000001000 E=0000000000000000
FA=0040 [0000000001000000] KR=0280 [0000001010000000] EXT=00 COND=1 IDLE=1 IO=0000000000000000
FB=0840 [0000100001000000] SR=0100 R5=0 ROM=0000.0 PREG=0 RAMOP=- RAMREG=090 ROMOP=- ROMREG=00

062E 180C BRC 0634 +006
A=0000000000001000 B=0000000000030000 C=0000000000000000 D=0000000000001000 E=0000000000000000
FA=0040 [0000000001000000] KR=0280 [0000001010000000] EXT=00 COND=0 IDLE=1 IO=0000000000000000
FB=0840 [0000100001000000] SR=0100 R5=0 ROM=0000.0 PREG=0 RAMOP=- RAMREG=090 ROMOP=- ROMREG=00

062F 0A45 ?TFKR 4
A=0000000000001000 B=0000000000030000 C=0000000000000000 D=0000000000001000 E=0000000000000000
FA=0040 [0000000001000000] KR=0280 [0000001010000000] EXT=00 COND=1 IDLE=1 IO=0000000000000000
FB=0840 [0000100001000000] SR=0100 R5=0 ROM=0000.0 PREG=0 RAMOP=- RAMREG=090 ROMOP=- ROMREG=00

0630 0A55 ?TFKR 5
A=0000000000001000 B=0000000000030000 C=0000000000000000 D=0000000000001000 E=0000000000000000
FA=0040 [0000000001000000] KR=0280 [0000001010000000] EXT=00 COND=1 IDLE=1 IO=0000000000000000
FB=0840 [0000100001000000] SR=0100 R5=0 ROM=0000.0 PREG=0 RAMOP=- RAMREG=090 ROMOP=- ROMREG=00

0631 0A65 ?TFKR 6
A=0000000000001000 B=0000000000030000 C=0000000000000000 D=0000000000001000 E=0000000000000000
FA=0040 [0000000001000000] KR=0280 [0000001010000000] EXT=00 COND=1 IDLE=1 IO=0000000000000000
FB=0840 [0000100001000000] SR=0100 R5=0 ROM=0000.0 PREG=0 RAMOP=- RAMREG=090 ROMOP=- ROMREG=00

0632 0A75 ?TFKR 7
A=0000000000001000 B=0000000000030000 C=0000000000000000 D=0000000000001000 E=0000000000000000
FA=0040 [0000000001000000] KR=0280 [0000001010000000] EXT=00 COND=1 IDLE=1 IO=0000000000000000
FB=0840 [0000100001000000] SR=0100 R5=0 ROM=0000.0 PREG=0 RAMOP=- RAMREG=090 ROMOP=- ROMREG=00

0633 1019 BRNC 0627 -00C
A=0000000000001000 B=0000000000030000 C=0000000000000000 D=0000000000001000 E=0000000000000000
FA=0040 [0000000001000000] KR=0280 [0000001010000000] EXT=00 COND=0 IDLE=1 IO=0000000000000000
FB=0840 [0000100001000000] SR=0100 R5=0 ROM=0000.0 PREG=0 RAMOP=- RAMREG=090 ROMOP=- ROMREG=00

0627 0A98 PRTSTEP
A=0000000000001000 B=0000000000030000 C=0000000000000000 D=0000000000001000 E=0000000000000000
FA=0040 [0000000001000000] KR=0280 [0000001010000000] EXT=00 COND=1 IDLE=1 IO=0000000000000000
FB=0840 [0000100001000000] SR=0100 R5=0 ROM=0000.0 PREG=0 RAMOP=- RAMREG=090 ROMOP=- ROMREG=00

0628 0A0B ?BUSY
A=0000000000001000 B=0000000000030000 C=0000000000000000 D=0000000000001000 E=0000000000000000
FA=0040 [0000000001000000] KR=0280 [0000001010000000] EXT=00 COND=1 IDLE=1 IO=0000000000000000
FB=0840 [0000100001000000] SR=0100 R5=0 ROM=0000.0 PREG=0 RAMOP=- RAMREG=090 ROMOP=- ROMREG=00

0629 1005 BRNC 0627 -002
A=0000000000001000 B=0000000000030000 C=0000000000000000 D=0000000000001000 E=0000000000000000
FA=0040 [0000000001000000] KR=0280 [0000001010000000] EXT=00 COND=1 IDLE=1 IO=0000000000000000
FB=0840 [0000100001000000] SR=0100 R5=0 ROM=0000.0 PREG=0 RAMOP=- RAMREG=090 ROMOP=- ROMREG=00

062A 0A10 WAIT D1
A=0000000000001000 B=0000000000030000 C=0000000000000000 D=0000000000001000 E=0000000000000000
FA=0040 [0000000001000000] KR=0280 [0000001010000000] EXT=00 COND=1 IDLE=1 IO=0000000000000000
FB=0840 [0000100001000000] SR=0100 R5=0 ROM=0000.0 PREG=0 RAMOP=- RAMREG=090 ROMOP=- ROMREG=00

062B 0A09 SET IDLE
A=0000000000001000 B=0000000000030000 C=0000000000000000 D=0000000000001000 E=0000000000000000
FA=0040 [0000000001000000] KR=0280 [0000001010000000] EXT=00 COND=1 IDLE=1 IO=0000000000000000
FB=0840 [0000100001000000] SR=0100 R5=0 ROM=0000.0 PREG=0 RAMOP=- RAMREG=090 ROMOP=- ROMREG=00

062C 0AE0 WAIT D14
A=0000000000001000 B=0000000000030000 C=0000000000000000 D=0000000000001000 E=0000000000000000
FA=0040 [0000000001000000] KR=0280 [0000001010000000] EXT=00 COND=1 IDLE=1 IO=0000000000000000
FB=0840 [0000100001000000] SR=0100 R5=0 ROM=0000.0 PREG=0 RAMOP=- RAMREG=090 ROMOP=- ROMREG=00

062D 0820 ?KEY 20
A=0000000000001000 B=0000000000030000 C=0000000000000000 D=0000000000001000 E=0000000000000000
FA=0040 [0000000001000000] KR=0280 [0000001010000000] EXT=00 COND=1 IDLE=1 IO=0000000000000000
FB=0840 [0000100001000000] SR=0100 R5=0 ROM=0000.0 PREG=0 RAMOP=- RAMREG=090 ROMOP=- ROMREG=00

062E 180C BRC 0634 +006
A=0000000000001000 B=0000000000030000 C=0000000000000000 D=0000000000001000 E=0000000000000000
FA=0040 [0000000001000000] KR=0280 [0000001010000000] EXT=00 COND=0 IDLE=1 IO=0000000000000000
FB=0840 [0000100001000000] SR=0100 R5=0 ROM=0000.0 PREG=0 RAMOP=- RAMREG=090 ROMOP=- ROMREG=00

062F 0A45 ?TFKR 4
A=0000000000001000 B=0000000000030000 C=0000000000000000 D=0000000000001000 E=0000000000000000
FA=0040 [0000000001000000] KR=0280 [0000001010000000] EXT=00 COND=1 IDLE=1 IO=0000000000000000
FB=0840 [0000100001000000] SR=0100 R5=0 ROM=0000.0 PREG=0 RAMOP=- RAMREG=090 ROMOP=- ROMREG=00

0630 0A55 ?TFKR 5
A=0000000000001000 B=0000000000030000 C=0000000000000000 D=0000000000001000 E=0000000000000000
FA=0040 [0000000001000000] KR=0280 [0000001010000000] EXT=00 COND=1 IDLE=1 IO=0000000000000000
FB=0840 [0000100001000000] SR=0100 R5=0 ROM=0000.0 PREG=0 RAMOP=- RAMREG=090 ROMOP=- ROMREG=00

0631 0A65 ?TFKR 6
A=0000000000001000 B=0000000000030000 C=0000000000000000 D=0000000000001000 E=0000000000000000
FA=0040 [0000000001000000] KR=0280 [0000001010000000] EXT=00 COND=1 IDLE=1 IO=0000000000000000
FB=0840 [0000100001000000] SR=0100 R5=0 ROM=0000.0 PREG=0 RAMOP=- RAMREG=090 ROMOP=- ROMREG=00

0632 0A75 ?TFKR 7
A=0000000000001000 B=0000000000030000 C=0000000000000000 D=0000000000001000 E=0000000000000000
FA=0040 [0000000001000000] KR=0280 [0000001010000000] EXT=00 COND=1 IDLE=1 IO=0000000000000000
FB=0840 [0000100001000000] SR=0100 R5=0 ROM=0000.0 PREG=0 RAMOP=- RAMREG=090 ROMOP=- ROMREG=00

0633 1019 BRNC 0627 -00C
A=0000000000001000 B=0000000000030000 C=0000000000000000 D=0000000000001000 E=0000000000000000
FA=0040 [0000000001000000] KR=0280 [0000001010000000] EXT=00 COND=0 IDLE=1 IO=0000000000000000
FB=0840 [0000100001000000] SR=0100 R5=0 ROM=0000.0 PREG=0 RAMOP=- RAMREG=090 ROMOP=- ROMREG=00

0627 0A98 PRTSTEP
A=0000000000001000 B=0000000000030000 C=0000000000000000 D=0000000000001000 E=0000000000000000
FA=0040 [0000000001000000] KR=0280 [0000001010000000] EXT=00 COND=1 IDLE=1 IO=0000000000000000
FB=0840 [0000100001000000] SR=0100 R5=0 ROM=0000.0 PREG=0 RAMOP=- RAMREG=090 ROMOP=- ROMREG=00

0628 0A0B ?BUSY
A=0000000000001000 B=0000000000030000 C=0000000000000000 D=0000000000001000 E=0000000000000000
FA=0040 [0000000001000000] KR=0280 [0000001010000000] EXT=00 COND=1 IDLE=1 IO=0000000000000000
FB=0840 [0000100001000000] SR=0100 R5=0 ROM=0000.0 PREG=0 RAMOP=- RAMREG=090 ROMOP=- ROMREG=00

0629 1005 BRNC 0627 -002
A=0000000000001000 B=0000000000030000 C=0000000000000000 D=0000000000001000 E=0000000000000000
FA=0040 [0000000001000000] KR=0280 [0000001010000000] EXT=00 COND=1 IDLE=1 IO=0000000000000000
FB=0840 [0000100001000000] SR=0100 R5=0 ROM=0000.0 PREG=0 RAMOP=- RAMREG=090 ROMOP=- ROMREG=00

062A 0A10 WAIT D1
A=0000000000001000 B=0000000000030000 C=0000000000000000 D=0000000000001000 E=0000000000000000
FA=0040 [0000000001000000] KR=0280 [0000001010000000] EXT=00 COND=1 IDLE=1 IO=0000000000000000
FB=0840 [0000100001000000] SR=0100 R5=0 ROM=0000.0 PREG=0 RAMOP=- RAMREG=090 ROMOP=- ROMREG=00

062B 0A09 SET IDLE
A=0000000000001000 B=0000000000030000 C=0000000000000000 D=0000000000001000 E=0000000000000000
FA=0040 [0000000001000000] KR=0280 [0000001010000000] EXT=00 COND=1 IDLE=1 IO=0000000000000000
FB=0840 [0000100001000000] SR=0100 R5=0 ROM=0000.0 PREG=0 RAMOP=- RAMREG=090 ROMOP=- ROMREG=00

062C 0AE0 WAIT D14
A=0000000000001000 B=0000000000030000 C=0000000000000000 D=0000000000001000 E=0000000000000000
FA=0040 [0000000001000000] KR=0280 [0000001010000000] EXT=00 COND=1 IDLE=1 IO=0000000000000000
FB=0840 [0000100001000000] SR=0100 R5=0 ROM=0000.0 PREG=0 RAMOP=- RAMREG=090 ROMOP=- ROMREG=00

062D 0820 ?KEY 20
A=0000000000001000 B=0000000000030000 C=0000000000000000 D=0000000000001000 E=0000000000000000
FA=0040 [0000000001000000] KR=0280 [0000001010000000] EXT=00 COND=1 IDLE=1 IO=0000000000000000
FB=0840 [0000100001000000] SR=0100 R5=0 ROM=0000.0 PREG=0 RAMOP=- RAMREG=090 ROMOP=- ROMREG=00

062E 180C BRC 0634 +006
A=0000000000001000 B=0000000000030000 C=0000000000000000 D=0000000000001000 E=0000000000000000
FA=0040 [0000000001000000] KR=0280 [0000001010000000] EXT=00 COND=0 IDLE=1 IO=0000000000000000
FB=0840 [0000100001000000] SR=0100 R5=0 ROM=0000.0 PREG=0 RAMOP=- RAMREG=090 ROMOP=- ROMREG=00

062F 0A45 ?TFKR 4
A=0000000000001000 B=0000000000030000 C=0000000000000000 D=0000000000001000 E=0000000000000000
FA=0040 [0000000001000000] KR=0280 [0000001010000000] EXT=00 COND=1 IDLE=1 IO=0000000000000000
FB=0840 [0000100001000000] SR=0100 R5=0 ROM=0000.0 PREG=0 RAMOP=- RAMREG=090 ROMOP=- ROMREG=00

0630 0A55 ?TFKR 5
A=0000000000001000 B=0000000000030000 C=0000000000000000 D=0000000000001000 E=0000000000000000
FA=0040 [0000000001000000] KR=0280 [0000001010000000] EXT=00 COND=1 IDLE=1 IO=0000000000000000
FB=0840 [0000100001000000] SR=0100 R5=0 ROM=0000.0 PREG=0 RAMOP=- RAMREG=090 ROMOP=- ROMREG=00

0631 0A65 ?TFKR 6
A=0000000000001000 B=0000000000030000 C=0000000000000000 D=0000000000001000 E=0000000000000000
FA=0040 [0000000001000000] KR=0280 [0000001010000000] EXT=00 COND=1 IDLE=1 IO=0000000000000000
FB=0840 [0000100001000000] SR=0100 R5=0 ROM=0000.0 PREG=0 RAMOP=- RAMREG=090 ROMOP=- ROMREG=00

0632 0A75 ?TFKR 7
A=0000000000001000 B=0000000000030000 C=0000000000000000 D=0000000000001000 E=0000000000000000
FA=0040 [0000000001000000] KR=0280 [0000001010000000] EXT=00 COND=1 IDLE=1 IO=0000000000000000
FB=0840 [0000100001000000] SR=0100 R5=0 ROM=0000.0 PREG=0 RAMOP=- RAMREG=090 ROMOP=- ROMREG=00

0633 1019 BRNC 0627 -00C
A=0000000000001000 B=0000000000030000 C=0000000000000000 D=0000000000001000 E=0000000000000000
FA=0040 [0000000001000000] KR=0280 [0000001010000000] EXT=00 COND=0 IDLE=1 IO=0000000000000000
FB=0840 [0000100001000000] SR=0100 R5=0 ROM=0000.0 PREG=0 RAMOP=- RAMREG=090 ROMOP=- ROMREG=00

0627 0A98 PRTSTEP
A=0000000000001000 B=0000000000030000 C=0000000000000000 D=0000000000001000 E=0000000000000000
FA=0040 [0000000001000000] KR=0280 [0000001010000000] EXT=00 COND=1 IDLE=1 IO=0000000000000000
FB=0840 [0000100001000000] SR=0100 R5=0 ROM=0000.0 PREG=0 RAMOP=- RAMREG=090 ROMOP=- ROMREG=00

0628 0A0B ?BUSY
A=0000000000001000 B=0000000000030000 C=0000000000000000 D=0000000000001000 E=0000000000000000
FA=0040 [0000000001000000] KR=0280 [0000001010000000] EXT=00 COND=1 IDLE=1 IO=0000000000000000
FB=0840 [0000100001000000] SR=0100 R5=0 ROM=0000.0 PREG=0 RAMOP=- RAMREG=090 ROMOP=- ROMREG=00

0629 1005 BRNC 0627 -002
A=0000000000001000 B=0000000000030000 C=0000000000000000 D=0000000000001000 E=0000000000000000
FA=0040 [0000000001000000] KR=0280 [0000001010000000] EXT=00 COND=1 IDLE=1 IO=0000000000000000
FB=0840 [0000100001000000] SR=0100 R5=0 ROM=0000.0 PREG=0 RAMOP=- RAMREG=090 ROMOP=- ROMREG=00

062A 0A10 WAIT D1
A=0000000000001000 B=0000000000030000 C=0000000000000000 D=0000000000001000 E=0000000000000000
FA=0040 [0000000001000000] KR=0280 [0000001010000000] EXT=00 COND=1 IDLE=1 IO=0000000000000000
FB=0840 [0000100001000000] SR=0100 R5=0 ROM=0000.0 PREG=0 RAMOP=- RAMREG=090 ROMOP=- ROMREG=00

062B 0A09 SET IDLE
A=0000000000001000 B=0000000000030000 C=0000000000000000 D=0000000000001000 E=0000000000000000
FA=0040 [0000000001000000] KR=0280 [0000001010000000] EXT=00 COND=1 IDLE=1 IO=0000000000000000
FB=0840 [0000100001000000] SR=0100 R5=0 ROM=0000.0 PREG=0 RAMOP=- RAMREG=090 ROMOP=- ROMREG=00

062C 0AE0 WAIT D14
A=0000000000001000 B=0000000000030000 C=0000000000000000 D=0000000000001000 E=0000000000000000
FA=0040 [0000000001000000] KR=0280 [0000001010000000] EXT=00 COND=1 IDLE=1 IO=0000000000000000
FB=0840 [0000100001000000] SR=0100 R5=0 ROM=0000.0 PREG=0 RAMOP=- RAMREG=090 ROMOP=- ROMREG=00

062D 0820 ?KEY 20
A=0000000000001000 B=0000000000030000 C=0000000000000000 D=0000000000001000 E=0000000000000000
FA=0040 [0000000001000000] KR=0280 [0000001010000000] EXT=00 COND=1 IDLE=1 IO=0000000000000000
FB=0840 [0000100001000000] SR=0100 R5=0 ROM=0000.0 PREG=0 RAMOP=- RAMREG=090 ROMOP=- ROMREG=00

062E 180C BRC 0634 +006
A=0000000000001000 B=0000000000030000 C=0000000000000000 D=0000000000001000 E=0000000000000000
FA=0040 [0000000001000000] KR=0280 [0000001010000000] EXT=00 COND=0 IDLE=1 IO=0000000000000000
FB=0840 [0000100001000000] SR=0100 R5=0 ROM=0000.0 PREG=0 RAMOP=- RAMREG=090 ROMOP=- ROMREG=00

062F 0A45 ?TFKR 4
A=0000000000001000 B=0000000000030000 C=0000000000000000 D=0000000000001000 E=0000000000000000
FA=0040 [0000000001000000] KR=0280 [0000001010000000] EXT=00 COND=1 IDLE=1 IO=0000000000000000
FB=0840 [0000100001000000] SR=0100 R5=0 ROM=0000.0 PREG=0 RAMOP=- RAMREG=090 ROMOP=- ROMREG=00

0630 0A55 ?TFKR 5
A=0000000000001000 B=0000000000030000 C=0000000000000000 D=0000000000001000 E=0000000000000000
FA=0040 [0000000001000000] KR=0280 [0000001010000000] EXT=00 COND=1 IDLE=1 IO=0000000000000000
FB=0840 [0000100001000000] SR=0100 R5=0 ROM=0000.0 PREG=0 RAMOP=- RAMREG=090 ROMOP=- ROMREG=00

0631 0A65 ?TFKR 6
A=0000000000001000 B=0000000000030000 C=0000000000000000 D=0000000000001000 E=0000000000000000
FA=0040 [0000000001000000] KR=0280 [0000001010000000] EXT=00 COND=1 IDLE=1 IO=0000000000000000
FB=0840 [0000100001000000] SR=0100 R5=0 ROM=0000.0 PREG=0 RAMOP=- RAMREG=090 ROMOP=- ROMREG=00

0632 0A75 ?TFKR 7
A=0000000000001000 B=0000000000030000 C=0000000000000000 D=0000000000001000 E=0000000000000000
FA=0040 [0000000001000000] KR=0280 [0000001010000000] EXT=00 COND=1 IDLE=1 IO=0000000000000000
FB=0840 [0000100001000000] SR=0100 R5=0 ROM=0000.0 PREG=0 RAMOP=- RAMREG=090 ROMOP=- ROMREG=00

0633 1019 BRNC 0627 -00C
A=0000000000001000 B=0000000000030000 C=0000000000000000 D=0000000000001000 E=0000000000000000
FA=0040 [0000000001000000] KR=0280 [0000001010000000] EXT=00 COND=0 IDLE=1 IO=0000000000000000
FB=0840 [0000100001000000] SR=0100 R5=0 ROM=0000.0 PREG=0 RAMOP=- RAMREG=090 ROMOP=- ROMREG=00

0627 0A98 PRTSTEP
A=0000000000001000 B=0000000000030000 C=0000000000000000 D=0000000000001000 E=0000000000000000
FA=0040 [0000000001000000] KR=0280 [0000001010000000] EXT=00 COND=1 IDLE=1 IO=0000000000000000
FB=0840 [0000100001000000] SR=0100 R5=0 ROM=0000.0 PREG=0 RAMOP=- RAMREG=090 ROMOP=- ROMREG=00

0628 0A0B ?BUSY
A=0000000000001000 B=0000000000030000 C=0000000000000000 D=0000000000001000 E=0000000000000000
FA=0040 [0000000001000000] KR=0280 [0000001010000000] EXT=00 COND=1 IDLE=1 IO=0000000000000000
FB=0840 [0000100001000000] SR=0100 R5=0 ROM=0000.0 PREG=0 RAMOP=- RAMREG=090 ROMOP=- ROMREG=00

0629 1005 BRNC 0627 -002
A=0000000000001000 B=0000000000030000 C=0000000000000000 D=0000000000001000 E=0000000000000000
FA=0040 [0000000001000000] KR=0280 [0000001010000000] EXT=00 COND=1 IDLE=1 IO=0000000000000000
FB=0840 [0000100001000000] SR=0100 R5=0 ROM=0000.0 PREG=0 RAMOP=- RAMREG=090 ROMOP=- ROMREG=00

062A 0A10 WAIT D1
A=0000000000001000 B=0000000000030000 C=0000000000000000 D=0000000000001000 E=0000000000000000
FA=0040 [0000000001000000] KR=0280 [0000001010000000] EXT=00 COND=1 IDLE=1 IO=0000000000000000
FB=0840 [0000100001000000] SR=0100 R5=0 ROM=0000.0 PREG=0 RAMOP=- RAMREG=090 ROMOP=- ROMREG=00

062B 0A09 SET IDLE
A=0000000000001000 B=0000000000030000 C=0000000000000000 D=0000000000001000 E=0000000000000000
FA=0040 [0000000001000000] KR=0280 [0000001010000000] EXT=00 COND=1 IDLE=1 IO=0000000000000000
FB=0840 [0000100001000000] SR=0100 R5=0 ROM=0000.0 PREG=0 RAMOP=- RAMREG=090 ROMOP=- ROMREG=00

062C 0AE0 WAIT D14
A=0000000000001000 B=0000000000030000 C=0000000000000000 D=0000000000001000 E=0000000000000000
FA=0040 [0000000001000000] KR=0280 [0000001010000000] EXT=00 COND=1 IDLE=1 IO=0000000000000000
FB=0840 [0000100001000000] SR=0100 R5=0 ROM=0000.0 PREG=0 RAMOP=- RAMREG=090 ROMOP=- ROMREG=00

062D 0820 ?KEY 20
A=0000000000001000 B=0000000000030000 C=0000000000000000 D=0000000000001000 E=0000000000000000
FA=0040 [0000000001000000] KR=0280 [0000001010000000] EXT=00 COND=1 IDLE=1 IO=0000000000000000
FB=0840 [0000100001000000] SR=0100 R5=0 ROM=0000.0 PREG=0 RAMOP=- RAMREG=090 ROMOP=- ROMREG=00

062E 180C BRC 0634 +006
A=0000000000001000 B=0000000000030000 C=0000000000000000 D=0000000000001000 E=0000000000000000
FA=0040 [0000000001000000] KR=0280 [0000001010000000] EXT=00 COND=0 IDLE=1 IO=0000000000000000
FB=0840 [0000100001000000] SR=0100 R5=0 ROM=0000.0 PREG=0 RAMOP=- RAMREG=090 ROMOP=- ROMREG=00

062F 0A45 ?TFKR 4
A=0000000000001000 B=0000000000030000 C=0000000000000000 D=0000000000001000 E=0000000000000000
FA=0040 [0000000001000000] KR=0280 [0000001010000000] EXT=00 COND=1 IDLE=1 IO=0000000000000000
FB=0840 [0000100001000000] SR=0100 R5=0 ROM=0000.0 PREG=0 RAMOP=- RAMREG=090 ROMOP=- ROMREG=00

0630 0A55 ?TFKR 5
A=0000000000001000 B=0000000000030000 C=0000000000000000 D=0000000000001000 E=0000000000000000
FA=0040 [0000000001000000] KR=0280 [0000001010000000] EXT=00 COND=1 IDLE=1 IO=0000000000000000
FB=0840 [0000100001000000] SR=0100 R5=0 ROM=0000.0 PREG=0 RAMOP=- RAMREG=090 ROMOP=- ROMREG=00

0631 0A65 ?TFKR 6
A=0000000000001000 B=0000000000030000 C=0000000000000000 D=0000000000001000 E=0000000000000000
FA=0040 [0000000001000000] KR=0280 [0000001010000000] EXT=00 COND=1 IDLE=1 IO=0000000000000000
FB=0840 [0000100001000000] SR=0100 R5=0 ROM=0000.0 PREG=0 RAMOP=- RAMREG=090 ROMOP=- ROMREG=00

0632 0A75 ?TFKR 7
A=0000000000001000 B=0000000000030000 C=0000000000000000 D=0000000000001000 E=0000000000000000
FA=0040 [0000000001000000] KR=0280 [0000001010000000] EXT=00 COND=1 IDLE=1 IO=0000000000000000
FB=0840 [0000100001000000] SR=0100 R5=0 ROM=0000.0 PREG=0 RAMOP=- RAMREG=090 ROMOP=- ROMREG=00

0633 1019 BRNC 0627 -00C
A=0000000000001000 B=0000000000030000 C=0000000000000000 D=0000000000001000 E=0000000000000000
FA=0040 [0000000001000000] KR=0280 [0000001010000000] EXT=00 COND=0 IDLE=1 IO=0000000000000000
FB=0840 [0000100001000000] SR=0100 R5=0 ROM=0000.0 PREG=0 RAMOP=- RAMREG=090 ROMOP=- ROMREG=00

0627 0A98 PRTSTEP
A=0000000000001000 B=0000000000030000 C=0000000000000000 D=0000000000001000 E=0000000000000000
FA=0040 [0000000001000000] KR=0280 [0000001010000000] EXT=00 COND=1 IDLE=1 IO=0000000000000000
FB=0840 [0000100001000000] SR=0100 R5=0 ROM=0000.0 PREG=0 RAMOP=- RAMREG=090 ROMOP=- ROMREG=00

0628 0A0B ?BUSY
A=0000000000001000 B=0000000000030000 C=0000000000000000 D=0000000000001000 E=0000000000000000
FA=0040 [0000000001000000] KR=0280 [0000001010000000] EXT=00 COND=1 IDLE=1 IO=0000000000000000
FB=0840 [0000100001000000] SR=0100 R5=0 ROM=0000.0 PREG=0 RAMOP=- RAMREG=090 ROMOP=- ROMREG=00

0629 1005 BRNC 0627 -002
A=0000000000001000 B=0000000000030000 C=0000000000000000 D=0000000000001000 E=0000000000000000
FA=0040 [0000000001000000] KR=0280 [0000001010000000] EXT=00 COND=1 IDLE=1 IO=0000000000000000
FB=0840 [0000100001000000] SR=0100 R5=0 ROM=0000.0 PREG=0 RAMOP=- RAMREG=090 ROMOP=- ROMREG=00

062A 0A10 WAIT D1
A=0000000000001000 B=0000000000030000 C=0000000000000000 D=0000000000001000 E=0000000000000000
FA=0040 [0000000001000000] KR=0280 [0000001010000000] EXT=00 COND=1 IDLE=1 IO=0000000000000000
FB=0840 [0000100001000000] SR=0100 R5=0 ROM=0000.0 PREG=0 RAMOP=- RAMREG=090 ROMOP=- ROMREG=00

062B 0A09 SET IDLE
A=0000000000001000 B=0000000000030000 C=0000000000000000 D=0000000000001000 E=0000000000000000
FA=0040 [0000000001000000] KR=0280 [0000001010000000] EXT=00 COND=1 IDLE=1 IO=0000000000000000
FB=0840 [0000100001000000] SR=0100 R5=0 ROM=0000.0 PREG=0 RAMOP=- RAMREG=090 ROMOP=- ROMREG=00

062C 0AE0 WAIT D14
A=0000000000001000 B=0000000000030000 C=0000000000000000 D=0000000000001000 E=0000000000000000
FA=0040 [0000000001000000] KR=0280 [0000001010000000] EXT=00 COND=1 IDLE=1 IO=0000000000000000
FB=0840 [0000100001000000] SR=0100 R5=0 ROM=0000.0 PREG=0 RAMOP=- RAMREG=090 ROMOP=- ROMREG=00

062D 0820 ?KEY 20
A=0000000000001000 B=0000000000030000 C=0000000000000000 D=0000000000001000 E=0000000000000000
FA=0040 [0000000001000000] KR=0280 [0000001010000000] EXT=00 COND=1 IDLE=1 IO=0000000000000000
FB=0840 [0000100001000000] SR=0100 R5=0 ROM=0000.0 PREG=0 RAMOP=- RAMREG=090 ROMOP=- ROMREG=00

062E 180C BRC 0634 +006
A=0000000000001000 B=0000000000030000 C=0000000000000000 D=0000000000001000 E=0000000000000000
FA=0040 [0000000001000000] KR=0280 [0000001010000000] EXT=00 COND=0 IDLE=1 IO=0000000000000000
FB=0840 [0000100001000000] SR=0100 R5=0 ROM=0000.0 PREG=0 RAMOP=- RAMREG=090 ROMOP=- ROMREG=00

062F 0A45 ?TFKR 4
A=0000000000001000 B=0000000000030000 C=0000000000000000 D=0000000000001000 E=0000000000000000
FA=0040 [0000000001000000] KR=0280 [0000001010000000] EXT=00 COND=1 IDLE=1 IO=0000000000000000
FB=0840 [0000100001000000] SR=0100 R5=0 ROM=0000.0 PREG=0 RAMOP=- RAMREG=090 ROMOP=- ROMREG=00

0630 0A55 ?TFKR 5
A=0000000000001000 B=0000000000030000 C=0000000000000000 D=0000000000001000 E=0000000000000000
FA=0040 [0000000001000000] KR=0280 [0000001010000000] EXT=00 COND=1 IDLE=1 IO=0000000000000000
FB=0840 [0000100001000000] SR=0100 R5=0 ROM=0000.0 PREG=0 RAMOP=- RAMREG=090 ROMOP=- ROMREG=00

0631 0A65 ?TFKR 6
A=0000000000001000 B=0000000000030000 C=0000000000000000 D=0000000000001000 E=0000000000000000
FA=0040 [0000000001000000] KR=0280 [0000001010000000] EXT=00 COND=1 IDLE=1 IO=0000000000000000
FB=0840 [0000100001000000] SR=0100 R5=0 ROM=0000.0 PREG=0 RAMOP=- RAMREG=090 ROMOP=- ROMREG=00

0632 0A75 ?TFKR 7
A=0000000000001000 B=0000000000030000 C=0000000000000000 D=0000000000001000 E=0000000000000000
FA=0040 [0000000001000000] KR=0280 [0000001010000000] EXT=00 COND=1 IDLE=1 IO=0000000000000000
FB=0840 [0000100001000000] SR=0100 R5=0 ROM=0000.0 PREG=0 RAMOP=- RAMREG=090 ROMOP=- ROMREG=00

0633 1019 BRNC 0627 -00C
A=0000000000001000 B=0000000000030000 C=0000000000000000 D=0000000000001000 E=0000000000000000
FA=0040 [0000000001000000] KR=0280 [0000001010000000] EXT=00 COND=0 IDLE=1 IO=0000000000000000
FB=0840 [0000100001000000] SR=0100 R5=0 ROM=0000.0 PREG=0 RAMOP=- RAMREG=090 ROMOP=- ROMREG=00

0627 0A98 PRTSTEP
A=0000000000001000 B=0000000000030000 C=0000000000000000 D=0000000000001000 E=0000000000000000
FA=0040 [0000000001000000] KR=0280 [0000001010000000] EXT=00 COND=1 IDLE=1 IO=0000000000000000
FB=0840 [0000100001000000] SR=0100 R5=0 ROM=0000.0 PREG=0 RAMOP=- RAMREG=090 ROMOP=- ROMREG=00

0628 0A0B ?BUSY
A=0000000000001000 B=0000000000030000 C=0000000000000000 D=0000000000001000 E=0000000000000000
FA=0040 [0000000001000000] KR=0280 [0000001010000000] EXT=00 COND=1 IDLE=1 IO=0000000000000000
FB=0840 [0000100001000000] SR=0100 R5=0 ROM=0000.0 PREG=0 RAMOP=- RAMREG=090 ROMOP=- ROMREG=00

0629 1005 BRNC 0627 -002
A=0000000000001000 B=0000000000030000 C=0000000000000000 D=0000000000001000 E=0000000000000000
FA=0040 [0000000001000000] KR=0280 [0000001010000000] EXT=00 COND=1 IDLE=1 IO=0000000000000000
FB=0840 [0000100001000000] SR=0100 R5=0 ROM=0000.0 PREG=0 RAMOP=- RAMREG=090 ROMOP=- ROMREG=00

062A 0A10 WAIT D1
A=0000000000001000 B=0000000000030000 C=0000000000000000 D=0000000000001000 E=0000000000000000
FA=0040 [0000000001000000] KR=0280 [0000001010000000] EXT=00 COND=1 IDLE=1 IO=0000000000000000
FB=0840 [0000100001000000] SR=0100 R5=0 ROM=0000.0 PREG=0 RAMOP=- RAMREG=090 ROMOP=- ROMREG=00

062B 0A09 SET IDLE
A=0000000000001000 B=0000000000030000 C=0000000000000000 D=0000000000001000 E=0000000000000000
FA=0040 [0000000001000000] KR=0280 [0000001010000000] EXT=00 COND=1 IDLE=1 IO=0000000000000000
FB=0840 [0000100001000000] SR=0100 R5=0 ROM=0000.0 PREG=0 RAMOP=- RAMREG=090 ROMOP=- ROMREG=00

062C 0AE0 WAIT D14
A=0000000000001000 B=0000000000030000 C=0000000000000000 D=0000000000001000 E=0000000000000000
FA=0040 [0000000001000000] KR=0280 [0000001010000000] EXT=00 COND=1 IDLE=1 IO=0000000000000000
FB=0840 [0000100001000000] SR=0100 R5=0 ROM=0000.0 PREG=0 RAMOP=- RAMREG=090 ROMOP=- ROMREG=00

062D 0820 ?KEY 20
A=0000000000001000 B=0000000000030000 C=0000000000000000 D=0000000000001000 E=0000000000000000
FA=0040 [0000000001000000] KR=0280 [0000001010000000] EXT=00 COND=1 IDLE=1 IO=0000000000000000
FB=0840 [0000100001000000] SR=0100 R5=0 ROM=0000.0 PREG=0 RAMOP=- RAMREG=090 ROMOP=- ROMREG=00

062E 180C BRC 0634 +006
A=0000000000001000 B=0000000000030000 C=0000000000000000 D=0000000000001000 E=0000000000000000
FA=0040 [0000000001000000] KR=0280 [0000001010000000] EXT=00 COND=0 IDLE=1 IO=0000000000000000
FB=0840 [0000100001000000] SR=0100 R5=0 ROM=0000.0 PREG=0 RAMOP=- RAMREG=090 ROMOP=- ROMREG=00

062F 0A45 ?TFKR 4
A=0000000000001000 B=0000000000030000 C=0000000000000000 D=0000000000001000 E=0000000000000000
FA=0040 [0000000001000000] KR=0280 [0000001010000000] EXT=00 COND=1 IDLE=1 IO=0000000000000000
FB=0840 [0000100001000000] SR=0100 R5=0 ROM=0000.0 PREG=0 RAMOP=- RAMREG=090 ROMOP=- ROMREG=00

0630 0A55 ?TFKR 5
A=0000000000001000 B=0000000000030000 C=0000000000000000 D=0000000000001000 E=0000000000000000
FA=0040 [0000000001000000] KR=0280 [0000001010000000] EXT=00 COND=1 IDLE=1 IO=0000000000000000
FB=0840 [0000100001000000] SR=0100 R5=0 ROM=0000.0 PREG=0 RAMOP=- RAMREG=090 ROMOP=- ROMREG=00

0631 0A65 ?TFKR 6
A=0000000000001000 B=0000000000030000 C=0000000000000000 D=0000000000001000 E=0000000000000000
FA=0040 [0000000001000000] KR=0280 [0000001010000000] EXT=00 COND=1 IDLE=1 IO=0000000000000000
FB=0840 [0000100001000000] SR=0100 R5=0 ROM=0000.0 PREG=0 RAMOP=- RAMREG=090 ROMOP=- ROMREG=00

0632 0A75 ?TFKR 7
A=0000000000001000 B=0000000000030000 C=0000000000000000 D=0000000000001000 E=0000000000000000
FA=0040 [0000000001000000] KR=0280 [0000001010000000] EXT=00 COND=1 IDLE=1 IO=0000000000000000
FB=0840 [0000100001000000] SR=0100 R5=0 ROM=0000.0 PREG=0 RAMOP=- RAMREG=090 ROMOP=- ROMREG=00

0633 1019 BRNC 0627 -00C
A=0000000000001000 B=0000000000030000 C=0000000000000000 D=0000000000001000 E=0000000000000000
FA=0040 [0000000001000000] KR=0280 [0000001010000000] EXT=00 COND=0 IDLE=1 IO=0000000000000000
FB=0840 [0000100001000000] SR=0100 R5=0 ROM=0000.0 PREG=0 RAMOP=- RAMREG=090 ROMOP=- ROMREG=00

0627 0A98 PRTSTEP
A=0000000000001000 B=0000000000030000 C=0000000000000000 D=0000000000001000 E=0000000000000000
FA=0040 [0000000001000000] KR=0280 [0000001010000000] EXT=00 COND=1 IDLE=1 IO=0000000000000000
FB=0840 [0000100001000000] SR=0100 R5=0 ROM=0000.0 PREG=0 RAMOP=- RAMREG=090 ROMOP=- ROMREG=00

0628 0A0B ?BUSY
A=0000000000001000 B=0000000000030000 C=0000000000000000 D=0000000000001000 E=0000000000000000
FA=0040 [0000000001000000] KR=0280 [0000001010000000] EXT=00 COND=1 IDLE=1 IO=0000000000000000
FB=0840 [0000100001000000] SR=0100 R5=0 ROM=0000.0 PREG=0 RAMOP=- RAMREG=090 ROMOP=- ROMREG=00

0629 1005 BRNC 0627 -002
A=0000000000001000 B=0000000000030000 C=0000000000000000 D=0000000000001000 E=0000000000000000
FA=0040 [0000000001000000] KR=0280 [0000001010000000] EXT=00 COND=1 IDLE=1 IO=0000000000000000
FB=0840 [0000100001000000] SR=0100 R5=0 ROM=0000.0 PREG=0 RAMOP=- RAMREG=090 ROMOP=- ROMREG=00

062A 0A10 WAIT D1
A=0000000000001000 B=0000000000030000 C=0000000000000000 D=0000000000001000 E=0000000000000000
FA=0040 [0000000001000000] KR=0280 [0000001010000000] EXT=00 COND=1 IDLE=1 IO=0000000000000000
FB=0840 [0000100001000000] SR=0100 R5=0 ROM=0000.0 PREG=0 RAMOP=- RAMREG=090 ROMOP=- ROMREG=00

062B 0A09 SET IDLE
A=0000000000001000 B=0000000000030000 C=0000000000000000 D=0000000000001000 E=0000000000000000
FA=0040 [0000000001000000] KR=0280 [0000001010000000] EXT=00 COND=1 IDLE=1 IO=0000000000000000
FB=0840 [0000100001000000] SR=0100 R5=0 ROM=0000.0 PREG=0 RAMOP=- RAMREG=090 ROMOP=- ROMREG=00

062C 0AE0 WAIT D14
A=0000000000001000 B=0000000000030000 C=0000000000000000 D=0000000000001000 E=0000000000000000
FA=0040 [0000000001000000] KR=0280 [0000001010000000] EXT=00 COND=1 IDLE=1 IO=0000000000000000
FB=0840 [0000100001000000] SR=0100 R5=0 ROM=0000.0 PREG=0 RAMOP=- RAMREG=090 ROMOP=- ROMREG=00

062D 0820 ?KEY 20
A=0000000000001000 B=0000000000030000 C=0000000000000000 D=0000000000001000 E=0000000000000000
FA=0040 [0000000001000000] KR=0280 [0000001010000000] EXT=00 COND=1 IDLE=1 IO=0000000000000000
FB=0840 [0000100001000000] SR=0100 R5=0 ROM=0000.0 PREG=0 RAMOP=- RAMREG=090 ROMOP=- ROMREG=00

062E 180C BRC 0634 +006
A=0000000000001000 B=0000000000030000 C=0000000000000000 D=0000000000001000 E=0000000000000000
FA=0040 [0000000001000000] KR=0280 [0000001010000000] EXT=00 COND=0 IDLE=1 IO=0000000000000000
FB=0840 [0000100001000000] SR=0100 R5=0 ROM=0000.0 PREG=0 RAMOP=- RAMREG=090 ROMOP=- ROMREG=00

062F 0A45 ?TFKR 4
A=0000000000001000 B=0000000000030000 C=0000000000000000 D=0000000000001000 E=0000000000000000
FA=0040 [0000000001000000] KR=0280 [0000001010000000] EXT=00 COND=1 IDLE=1 IO=0000000000000000
FB=0840 [0000100001000000] SR=0100 R5=0 ROM=0000.0 PREG=0 RAMOP=- RAMREG=090 ROMOP=- ROMREG=00

0630 0A55 ?TFKR 5
A=0000000000001000 B=0000000000030000 C=0000000000000000 D=0000000000001000 E=0000000000000000
FA=0040 [0000000001000000] KR=0280 [0000001010000000] EXT=00 COND=1 IDLE=1 IO=0000000000000000
FB=0840 [0000100001000000] SR=0100 R5=0 ROM=0000.0 PREG=0 RAMOP=- RAMREG=090 ROMOP=- ROMREG=00

0631 0A65 ?TFKR 6
A=0000000000001000 B=0000000000030000 C=0000000000000000 D=0000000000001000 E=0000000000000000
FA=0040 [0000000001000000] KR=0280 [0000001010000000] EXT=00 COND=1 IDLE=1 IO=0000000000000000
FB=0840 [0000100001000000] SR=0100 R5=0 ROM=0000.0 PREG=0 RAMOP=- RAMREG=090 ROMOP=- ROMREG=00

0632 0A75 ?TFKR 7
A=0000000000001000 B=0000000000030000 C=0000000000000000 D=0000000000001000 E=0000000000000000
FA=0040 [0000000001000000] KR=0280 [0000001010000000] EXT=00 COND=1 IDLE=1 IO=0000000000000000
FB=0840 [0000100001000000] SR=0100 R5=0 ROM=0000.0 PREG=0 RAMOP=- RAMREG=090 ROMOP=- ROMREG=00

0633 1019 BRNC 0627 -00C
A=0000000000001000 B=0000000000030000 C=0000000000000000 D=0000000000001000 E=0000000000000000
FA=0040 [0000000001000000] KR=0280 [0000001010000000] EXT=00 COND=0 IDLE=1 IO=0000000000000000
FB=0840 [0000100001000000] SR=0100 R5=0 ROM=0000.0 PREG=0 RAMOP=- RAMREG=090 ROMOP=- ROMREG=00

0627 0A98 PRTSTEP
A=0000000000001000 B=0000000000030000 C=0000000000000000 D=0000000000001000 E=0000000000000000
FA=0040 [0000000001000000] KR=0280 [0000001010000000] EXT=00 COND=1 IDLE=1 IO=0000000000000000
FB=0840 [0000100001000000] SR=0100 R5=0 ROM=0000.0 PREG=0 RAMOP=- RAMREG=090 ROMOP=- ROMREG=00

0628 0A0B ?BUSY
A=0000000000001000 B=0000000000030000 C=0000000000000000 D=0000000000001000 E=0000000000000000
FA=0040 [0000000001000000] KR=0280 [0000001010000000] EXT=00 COND=1 IDLE=1 IO=0000000000000000
FB=0840 [0000100001000000] SR=0100 R5=0 ROM=0000.0 PREG=0 RAMOP=- RAMREG=090 ROMOP=- ROMREG=00

0629 1005 BRNC 0627 -002
A=0000000000001000 B=0000000000030000 C=0000000000000000 D=0000000000001000 E=0000000000000000
FA=0040 [0000000001000000] KR=0280 [0000001010000000] EXT=00 COND=1 IDLE=1 IO=0000000000000000
FB=0840 [0000100001000000] SR=0100 R5=0 ROM=0000.0 PREG=0 RAMOP=- RAMREG=090 ROMOP=- ROMREG=00

062A 0A10 WAIT D1
A=0000000000001000 B=0000000000030000 C=0000000000000000 D=0000000000001000 E=0000000000000000
FA=0040 [0000000001000000] KR=0280 [0000001010000000] EXT=00 COND=1 IDLE=1 IO=0000000000000000
FB=0840 [0000100001000000] SR=0100 R5=0 ROM=0000.0 PREG=0 RAMOP=- RAMREG=090 ROMOP=- ROMREG=00

062B 0A09 SET IDLE
A=0000000000001000 B=0000000000030000 C=0000000000000000 D=0000000000001000 E=0000000000000000
FA=0040 [0000000001000000] KR=0280 [0000001010000000] EXT=00 COND=1 IDLE=1 IO=0000000000000000
FB=0840 [0000100001000000] SR=0100 R5=0 ROM=0000.0 PREG=0 RAMOP=- RAMREG=090 ROMOP=- ROMREG=00

062C 0AE0 WAIT D14
A=0000000000001000 B=0000000000030000 C=0000000000000000 D=0000000000001000 E=0000000000000000
FA=0040 [0000000001000000] KR=0280 [0000001010000000] EXT=00 COND=1 IDLE=1 IO=0000000000000000
FB=0840 [0000100001000000] SR=0100 R5=0 ROM=0000.0 PREG=0 RAMOP=- RAMREG=090 ROMOP=- ROMREG=00

062D 0820 ?KEY 20
A=0000000000001000 B=0000000000030000 C=0000000000000000 D=0000000000001000 E=0000000000000000
FA=0040 [0000000001000000] KR=0280 [0000001010000000] EXT=00 COND=1 IDLE=1 IO=0000000000000000
FB=0840 [0000100001000000] SR=0100 R5=0 ROM=0000.0 PREG=0 RAMOP=- RAMREG=090 ROMOP=- ROMREG=00

062E 180C BRC 0634 +006
A=0000000000001000 B=0000000000030000 C=0000000000000000 D=0000000000001000 E=0000000000000000
FA=0040 [0000000001000000] KR=0280 [0000001010000000] EXT=00 COND=0 IDLE=1 IO=0000000000000000
FB=0840 [0000100001000000] SR=0100 R5=0 ROM=0000.0 PREG=0 RAMOP=- RAMREG=090 ROMOP=- ROMREG=00

062F 0A45 ?TFKR 4
A=0000000000001000 B=0000000000030000 C=0000000000000000 D=0000000000001000 E=0000000000000000
FA=0040 [0000000001000000] KR=0280 [0000001010000000] EXT=00 COND=1 IDLE=1 IO=0000000000000000
FB=0840 [0000100001000000] SR=0100 R5=0 ROM=0000.0 PREG=0 RAMOP=- RAMREG=090 ROMOP=- ROMREG=00

0630 0A55 ?TFKR 5
A=0000000000001000 B=0000000000030000 C=0000000000000000 D=0000000000001000 E=0000000000000000
FA=0040 [0000000001000000] KR=0280 [0000001010000000] EXT=00 COND=1 IDLE=1 IO=0000000000000000
FB=0840 [0000100001000000] SR=0100 R5=0 ROM=0000.0 PREG=0 RAMOP=- RAMREG=090 ROMOP=- ROMREG=00

0631 0A65 ?TFKR 6
A=0000000000001000 B=0000000000030000 C=0000000000000000 D=0000000000001000 E=0000000000000000
FA=0040 [0000000001000000] KR=0280 [0000001010000000] EXT=00 COND=1 IDLE=1 IO=0000000000000000
FB=0840 [0000100001000000] SR=0100 R5=0 ROM=0000.0 PREG=0 RAMOP=- RAMREG=090 ROMOP=- ROMREG=00

0632 0A75 ?TFKR 7
A=0000000000001000 B=0000000000030000 C=0000000000000000 D=0000000000001000 E=0000000000000000
FA=0040 [0000000001000000] KR=0280 [0000001010000000] EXT=00 COND=1 IDLE=1 IO=0000000000000000
FB=0840 [0000100001000000] SR=0100 R5=0 ROM=0000.0 PREG=0 RAMOP=- RAMREG=090 ROMOP=- ROMREG=00

0633 1019 BRNC 0627 -00C
A=0000000000001000 B=0000000000030000 C=0000000000000000 D=0000000000001000 E=0000000000000000
FA=0040 [0000000001000000] KR=0280 [0000001010000000] EXT=00 COND=0 IDLE=1 IO=0000000000000000
FB=0840 [0000100001000000] SR=0100 R5=0 ROM=0000.0 PREG=0 RAMOP=- RAMREG=090 ROMOP=- ROMREG=00

0627 0A98 PRTSTEP
A=0000000000001000 B=0000000000030000 C=0000000000000000 D=0000000000001000 E=0000000000000000
FA=0040 [0000000001000000] KR=0280 [0000001010000000] EXT=00 COND=1 IDLE=1 IO=0000000000000000
FB=0840 [0000100001000000] SR=0100 R5=0 ROM=0000.0 PREG=0 RAMOP=- RAMREG=090 ROMOP=- ROMREG=00

0628 0A0B ?BUSY
A=0000000000001000 B=0000000000030000 C=0000000000000000 D=0000000000001000 E=0000000000000000
FA=0040 [0000000001000000] KR=0280 [0000001010000000] EXT=00 COND=1 IDLE=1 IO=0000000000000000
FB=0840 [0000100001000000] SR=0100 R5=0 ROM=0000.0 PREG=0 RAMOP=- RAMREG=090 ROMOP=- ROMREG=00

0629 1005 BRNC 0627 -002
A=0000000000001000 B=0000000000030000 C=0000000000000000 D=0000000000001000 E=0000000000000000
FA=0040 [0000000001000000] KR=0280 [0000001010000000] EXT=00 COND=1 IDLE=1 IO=0000000000000000
FB=0840 [0000100001000000] SR=0100 R5=0 ROM=0000.0 PREG=0 RAMOP=- RAMREG=090 ROMOP=- ROMREG=00

062A 0A10 WAIT D1
A=0000000000001000 B=0000000000030000 C=0000000000000000 D=0000000000001000 E=0000000000000000
FA=0040 [0000000001000000] KR=0280 [0000001010000000] EXT=00 COND=1 IDLE=1 IO=0000000000000000
FB=0840 [0000100001000000] SR=0100 R5=0 ROM=0000.0 PREG=0 RAMOP=- RAMREG=090 ROMOP=- ROMREG=00

062B 0A09 SET IDLE
A=0000000000001000 B=0000000000030000 C=0000000000000000 D=0000000000001000 E=0000000000000000
FA=0040 [0000000001000000] KR=0280 [0000001010000000] EXT=00 COND=1 IDLE=1 IO=0000000000000000
FB=0840 [0000100001000000] SR=0100 R5=0 ROM=0000.0 PREG=0 RAMOP=- RAMREG=090 ROMOP=- ROMREG=00

062C 0AE0 WAIT D14
A=0000000000001000 B=0000000000030000 C=0000000000000000 D=0000000000001000 E=0000000000000000
FA=0040 [0000000001000000] KR=0280 [0000001010000000] EXT=00 COND=1 IDLE=1 IO=0000000000000000
FB=0840 [0000100001000000] SR=0100 R5=0 ROM=0000.0 PREG=0 RAMOP=- RAMREG=090 ROMOP=- ROMREG=00

062D 0820 ?KEY 20
A=0000000000001000 B=0000000000030000 C=0000000000000000 D=0000000000001000 E=0000000000000000
FA=0040 [0000000001000000] KR=0280 [0000001010000000] EXT=00 COND=1 IDLE=1 IO=0000000000000000
FB=0840 [0000100001000000] SR=0100 R5=0 ROM=0000.0 PREG=0 RAMOP=- RAMREG=090 ROMOP=- ROMREG=00

062E 180C BRC 0634 +006
A=0000000000001000 B=0000000000030000 C=0000000000000000 D=0000000000001000 E=0000000000000000
FA=0040 [0000000001000000] KR=0280 [0000001010000000] EXT=00 COND=0 IDLE=1 IO=0000000000000000
FB=0840 [0000100001000000] SR=0100 R5=0 ROM=0000.0 PREG=0 RAMOP=- RAMREG=090 ROMOP=- ROMREG=00

062F 0A45 ?TFKR 4
A=0000000000001000 B=0000000000030000 C=0000000000000000 D=0000000000001000 E=0000000000000000
FA=0040 [0000000001000000] KR=0280 [0000001010000000] EXT=00 COND=1 IDLE=1 IO=0000000000000000
FB=0840 [0000100001000000] SR=0100 R5=0 ROM=0000.0 PREG=0 RAMOP=- RAMREG=090 ROMOP=- ROMREG=00

0630 0A55 ?TFKR 5
A=0000000000001000 B=0000000000030000 C=0000000000000000 D=0000000000001000 E=0000000000000000
FA=0040 [0000000001000000] KR=0280 [0000001010000000] EXT=00 COND=1 IDLE=1 IO=0000000000000000
FB=0840 [0000100001000000] SR=0100 R5=0 ROM=0000.0 PREG=0 RAMOP=- RAMREG=090 ROMOP=- ROMREG=00

0631 0A65 ?TFKR 6
A=0000000000001000 B=0000000000030000 C=0000000000000000 D=0000000000001000 E=0000000000000000
FA=0040 [0000000001000000] KR=0280 [0000001010000000] EXT=00 COND=1 IDLE=1 IO=0000000000000000
FB=0840 [0000100001000000] SR=0100 R5=0 ROM=0000.0 PREG=0 RAMOP=- RAMREG=090 ROMOP=- ROMREG=00

0632 0A75 ?TFKR 7
A=0000000000001000 B=0000000000030000 C=0000000000000000 D=0000000000001000 E=0000000000000000
FA=0040 [0000000001000000] KR=0280 [0000001010000000] EXT=00 COND=1 IDLE=1 IO=0000000000000000
FB=0840 [0000100001000000] SR=0100 R5=0 ROM=0000.0 PREG=0 RAMOP=- RAMREG=090 ROMOP=- ROMREG=00

0633 1019 BRNC 0627 -00C
A=0000000000001000 B=0000000000030000 C=0000000000000000 D=0000000000001000 E=0000000000000000
FA=0040 [0000000001000000] KR=0280 [0000001010000000] EXT=00 COND=0 IDLE=1 IO=0000000000000000
FB=0840 [0000100001000000] SR=0100 R5=0 ROM=0000.0 PREG=0 RAMOP=- RAMREG=090 ROMOP=- ROMREG=00

0627 0A98 PRTSTEP
A=0000000000001000 B=0000000000030000 C=0000000000000000 D=0000000000001000 E=0000000000000000
FA=0040 [0000000001000000] KR=0280 [0000001010000000] EXT=00 COND=1 IDLE=1 IO=0000000000000000
FB=0840 [0000100001000000] SR=0100 R5=0 ROM=0000.0 PREG=0 RAMOP=- RAMREG=090 ROMOP=- ROMREG=00

0628 0A0B ?BUSY
A=0000000000001000 B=0000000000030000 C=0000000000000000 D=0000000000001000 E=0000000000000000
FA=0040 [0000000001000000] KR=0280 [0000001010000000] EXT=00 COND=1 IDLE=1 IO=0000000000000000
FB=0840 [0000100001000000] SR=0100 R5=0 ROM=0000.0 PREG=0 RAMOP=- RAMREG=090 ROMOP=- ROMREG=00

0629 1005 BRNC 0627 -002
A=0000000000001000 B=0000000000030000 C=0000000000000000 D=0000000000001000 E=0000000000000000
FA=0040 [0000000001000000] KR=0280 [0000001010000000] EXT=00 COND=1 IDLE=1 IO=0000000000000000
FB=0840 [0000100001000000] SR=0100 R5=0 ROM=0000.0 PREG=0 RAMOP=- RAMREG=090 ROMOP=- ROMREG=00

062A 0A10 WAIT D1
A=0000000000001000 B=0000000000030000 C=0000000000000000 D=0000000000001000 E=0000000000000000
FA=0040 [0000000001000000] KR=0280 [0000001010000000] EXT=00 COND=1 IDLE=1 IO=0000000000000000
FB=0840 [0000100001000000] SR=0100 R5=0 ROM=0000.0 PREG=0 RAMOP=- RAMREG=090 ROMOP=- ROMREG=00

062B 0A09 SET IDLE
A=0000000000001000 B=0000000000030000 C=0000000000000000 D=0000000000001000 E=0000000000000000
FA=0040 [0000000001000000] KR=0280 [0000001010000000] EXT=00 COND=1 IDLE=1 IO=0000000000000000
FB=0840 [0000100001000000] SR=0100 R5=0 ROM=0000.0 PREG=0 RAMOP=- RAMREG=090 ROMOP=- ROMREG=00

062C 0AE0 WAIT D14
A=0000000000001000 B=0000000000030000 C=0000000000000000 D=0000000000001000 E=0000000000000000
FA=0040 [0000000001000000] KR=0280 [0000001010000000] EXT=00 COND=1 IDLE=1 IO=0000000000000000
FB=0840 [0000100001000000] SR=0100 R5=0 ROM=0000.0 PREG=0 RAMOP=- RAMREG=090 ROMOP=- ROMREG=00

062D 0820 ?KEY 20
A=0000000000001000 B=0000000000030000 C=0000000000000000 D=0000000000001000 E=0000000000000000
FA=0040 [0000000001000000] KR=0280 [0000001010000000] EXT=00 COND=1 IDLE=1 IO=0000000000000000
FB=0840 [0000100001000000] SR=0100 R5=0 ROM=0000.0 PREG=0 RAMOP=- RAMREG=090 ROMOP=- ROMREG=00

062E 180C BRC 0634 +006
A=0000000000001000 B=0000000000030000 C=0000000000000000 D=0000000000001000 E=0000000000000000
FA=0040 [0000000001000000] KR=0280 [0000001010000000] EXT=00 COND=0 IDLE=1 IO=0000000000000000
FB=0840 [0000100001000000] SR=0100 R5=0 ROM=0000.0 PREG=0 RAMOP=- RAMREG=090 ROMOP=- ROMREG=00

062F 0A45 ?TFKR 4
A=0000000000001000 B=0000000000030000 C=0000000000000000 D=0000000000001000 E=0000000000000000
FA=0040 [0000000001000000] KR=0280 [0000001010000000] EXT=00 COND=1 IDLE=1 IO=0000000000000000
FB=0840 [0000100001000000] SR=0100 R5=0 ROM=0000.0 PREG=0 RAMOP=- RAMREG=090 ROMOP=- ROMREG=00

0630 0A55 ?TFKR 5
A=0000000000001000 B=0000000000030000 C=0000000000000000 D=0000000000001000 E=0000000000000000
FA=0040 [0000000001000000] KR=0280 [0000001010000000] EXT=00 COND=1 IDLE=1 IO=0000000000000000
FB=0840 [0000100001000000] SR=0100 R5=0 ROM=0000.0 PREG=0 RAMOP=- RAMREG=090 ROMOP=- ROMREG=00

0631 0A65 ?TFKR 6
A=0000000000001000 B=0000000000030000 C=0000000000000000 D=0000000000001000 E=0000000000000000
FA=0040 [0000000001000000] KR=0280 [0000001010000000] EXT=00 COND=1 IDLE=1 IO=0000000000000000
FB=0840 [0000100001000000] SR=0100 R5=0 ROM=0000.0 PREG=0 RAMOP=- RAMREG=090 ROMOP=- ROMREG=00

0632 0A75 ?TFKR 7
A=0000000000001000 B=0000000000030000 C=0000000000000000 D=0000000000001000 E=0000000000000000
FA=0040 [0000000001000000] KR=0280 [0000001010000000] EXT=00 COND=1 IDLE=1 IO=0000000000000000
FB=0840 [0000100001000000] SR=0100 R5=0 ROM=0000.0 PREG=0 RAMOP=- RAMREG=090 ROMOP=- ROMREG=00

0633 1019 BRNC 0627 -00C
A=0000000000001000 B=0000000000030000 C=0000000000000000 D=0000000000001000 E=0000000000000000
FA=0040 [0000000001000000] KR=0280 [0000001010000000] EXT=00 COND=0 IDLE=1 IO=0000000000000000
FB=0840 [0000100001000000] SR=0100 R5=0 ROM=0000.0 PREG=0 RAMOP=- RAMREG=090 ROMOP=- ROMREG=00

0627 0A98 PRTSTEP
A=0000000000001000 B=0000000000030000 C=0000000000000000 D=0000000000001000 E=0000000000000000
FA=0040 [0000000001000000] KR=0280 [0000001010000000] EXT=00 COND=1 IDLE=1 IO=0000000000000000
FB=0840 [0000100001000000] SR=0100 R5=0 ROM=0000.0 PREG=0 RAMOP=- RAMREG=090 ROMOP=- ROMREG=00

0628 0A0B ?BUSY
A=0000000000001000 B=0000000000030000 C=0000000000000000 D=0000000000001000 E=0000000000000000
FA=0040 [0000000001000000] KR=0280 [0000001010000000] EXT=00 COND=1 IDLE=1 IO=0000000000000000
FB=0840 [0000100001000000] SR=0100 R5=0 ROM=0000.0 PREG=0 RAMOP=- RAMREG=090 ROMOP=- ROMREG=00

0629 1005 BRNC 0627 -002
A=0000000000001000 B=0000000000030000 C=0000000000000000 D=0000000000001000 E=0000000000000000
FA=0040 [0000000001000000] KR=0280 [0000001010000000] EXT=00 COND=1 IDLE=1 IO=0000000000000000
FB=0840 [0000100001000000] SR=0100 R5=0 ROM=0000.0 PREG=0 RAMOP=- RAMREG=090 ROMOP=- ROMREG=00

062A 0A10 WAIT D1
A=0000000000001000 B=0000000000030000 C=0000000000000000 D=0000000000001000 E=0000000000000000
FA=0040 [0000000001000000] KR=0280 [0000001010000000] EXT=00 COND=1 IDLE=1 IO=0000000000000000
FB=0840 [0000100001000000] SR=0100 R5=0 ROM=0000.0 PREG=0 RAMOP=- RAMREG=090 ROMOP=- ROMREG=00

062B 0A09 SET IDLE
A=0000000000001000 B=0000000000030000 C=0000000000000000 D=0000000000001000 E=0000000000000000
FA=0040 [0000000001000000] KR=0280 [0000001010000000] EXT=00 COND=1 IDLE=1 IO=0000000000000000
FB=0840 [0000100001000000] SR=0100 R5=0 ROM=0000.0 PREG=0 RAMOP=- RAMREG=090 ROMOP=- ROMREG=00

062C 0AE0 WAIT D14
A=0000000000001000 B=0000000000030000 C=0000000000000000 D=0000000000001000 E=0000000000000000
FA=0040 [0000000001000000] KR=0280 [0000001010000000] EXT=00 COND=1 IDLE=1 IO=0000000000000000
FB=0840 [0000100001000000] SR=0100 R5=0 ROM=0000.0 PREG=0 RAMOP=- RAMREG=090 ROMOP=- ROMREG=00

062D 0820 ?KEY 20
A=0000000000001000 B=0000000000030000 C=0000000000000000 D=0000000000001000 E=0000000000000000
FA=0040 [0000000001000000] KR=0280 [0000001010000000] EXT=00 COND=1 IDLE=1 IO=0000000000000000
FB=0840 [0000100001000000] SR=0100 R5=0 ROM=0000.0 PREG=0 RAMOP=- RAMREG=090 ROMOP=- ROMREG=00

062E 180C BRC 0634 +006
A=0000000000001000 B=0000000000030000 C=0000000000000000 D=0000000000001000 E=0000000000000000
FA=0040 [0000000001000000] KR=0280 [0000001010000000] EXT=00 COND=0 IDLE=1 IO=0000000000000000
FB=0840 [0000100001000000] SR=0100 R5=0 ROM=0000.0 PREG=0 RAMOP=- RAMREG=090 ROMOP=- ROMREG=00

062F 0A45 ?TFKR 4
A=0000000000001000 B=0000000000030000 C=0000000000000000 D=0000000000001000 E=0000000000000000
FA=0040 [0000000001000000] KR=0280 [0000001010000000] EXT=00 COND=1 IDLE=1 IO=0000000000000000
FB=0840 [0000100001000000] SR=0100 R5=0 ROM=0000.0 PREG=0 RAMOP=- RAMREG=090 ROMOP=- ROMREG=00

0630 0A55 ?TFKR 5
A=0000000000001000 B=0000000000030000 C=0000000000000000 D=0000000000001000 E=0000000000000000
FA=0040 [0000000001000000] KR=0280 [0000001010000000] EXT=00 COND=1 IDLE=1 IO=0000000000000000
FB=0840 [0000100001000000] SR=0100 R5=0 ROM=0000.0 PREG=0 RAMOP=- RAMREG=090 ROMOP=- ROMREG=00

0631 0A65 ?TFKR 6
A=0000000000001000 B=0000000000030000 C=0000000000000000 D=0000000000001000 E=0000000000000000
FA=0040 [0000000001000000] KR=0280 [0000001010000000] EXT=00 COND=1 IDLE=1 IO=0000000000000000
FB=0840 [0000100001000000] SR=0100 R5=0 ROM=0000.0 PREG=0 RAMOP=- RAMREG=090 ROMOP=- ROMREG=00

0632 0A75 ?TFKR 7
A=0000000000001000 B=0000000000030000 C=0000000000000000 D=0000000000001000 E=0000000000000000
FA=0040 [0000000001000000] KR=0280 [0000001010000000] EXT=00 COND=1 IDLE=1 IO=0000000000000000
FB=0840 [0000100001000000] SR=0100 R5=0 ROM=0000.0 PREG=0 RAMOP=- RAMREG=090 ROMOP=- ROMREG=00

0633 1019 BRNC 0627 -00C
A=0000000000001000 B=0000000000030000 C=0000000000000000 D=0000000000001000 E=0000000000000000
FA=0040 [0000000001000000] KR=0280 [0000001010000000] EXT=00 COND=0 IDLE=1 IO=0000000000000000
FB=0840 [0000100001000000] SR=0100 R5=0 ROM=0000.0 PREG=0 RAMOP=- RAMREG=090 ROMOP=- ROMREG=00

0627 0A98 PRTSTEP
A=0000000000001000 B=0000000000030000 C=0000000000000000 D=0000000000001000 E=0000000000000000
FA=0040 [0000000001000000] KR=0280 [0000001010000000] EXT=00 COND=1 IDLE=1 IO=0000000000000000
FB=0840 [0000100001000000] SR=0100 R5=0 ROM=0000.0 PREG=0 RAMOP=- RAMREG=090 ROMOP=- ROMREG=00

0628 0A0B ?BUSY
A=0000000000001000 B=0000000000030000 C=0000000000000000 D=0000000000001000 E=0000000000000000
FA=0040 [0000000001000000] KR=0280 [0000001010000000] EXT=00 COND=1 IDLE=1 IO=0000000000000000
FB=0840 [0000100001000000] SR=0100 R5=0 ROM=0000.0 PREG=0 RAMOP=- RAMREG=090 ROMOP=- ROMREG=00

0629 1005 BRNC 0627 -002
A=0000000000001000 B=0000000000030000 C=0000000000000000 D=0000000000001000 E=0000000000000000
FA=0040 [0000000001000000] KR=0280 [0000001010000000] EXT=00 COND=1 IDLE=1 IO=0000000000000000
FB=0840 [0000100001000000] SR=0100 R5=0 ROM=0000.0 PREG=0 RAMOP=- RAMREG=090 ROMOP=- ROMREG=00

062A 0A10 WAIT D1
A=0000000000001000 B=0000000000030000 C=0000000000000000 D=0000000000001000 E=0000000000000000
FA=0040 [0000000001000000] KR=0280 [0000001010000000] EXT=00 COND=1 IDLE=1 IO=0000000000000000
FB=0840 [0000100001000000] SR=0100 R5=0 ROM=0000.0 PREG=0 RAMOP=- RAMREG=090 ROMOP=- ROMREG=00

062B 0A09 SET IDLE
A=0000000000001000 B=0000000000030000 C=0000000000000000 D=0000000000001000 E=0000000000000000
FA=0040 [0000000001000000] KR=0280 [0000001010000000] EXT=00 COND=1 IDLE=1 IO=0000000000000000
FB=0840 [0000100001000000] SR=0100 R5=0 ROM=0000.0 PREG=0 RAMOP=- RAMREG=090 ROMOP=- ROMREG=00

062C 0AE0 WAIT D14
A=0000000000001000 B=0000000000030000 C=0000000000000000 D=0000000000001000 E=0000000000000000
FA=0040 [0000000001000000] KR=0280 [0000001010000000] EXT=00 COND=1 IDLE=1 IO=0000000000000000
FB=0840 [0000100001000000] SR=0100 R5=0 ROM=0000.0 PREG=0 RAMOP=- RAMREG=090 ROMOP=- ROMREG=00

062D 0820 ?KEY 20
A=0000000000001000 B=0000000000030000 C=0000000000000000 D=0000000000001000 E=0000000000000000
FA=0040 [0000000001000000] KR=0280 [0000001010000000] EXT=00 COND=1 IDLE=1 IO=0000000000000000
FB=0840 [0000100001000000] SR=0100 R5=0 ROM=0000.0 PREG=0 RAMOP=- RAMREG=090 ROMOP=- ROMREG=00

062E 180C BRC 0634 +006
A=0000000000001000 B=0000000000030000 C=0000000000000000 D=0000000000001000 E=0000000000000000
FA=0040 [0000000001000000] KR=0280 [0000001010000000] EXT=00 COND=0 IDLE=1 IO=0000000000000000
FB=0840 [0000100001000000] SR=0100 R5=0 ROM=0000.0 PREG=0 RAMOP=- RAMREG=090 ROMOP=- ROMREG=00

062F 0A45 ?TFKR 4
A=0000000000001000 B=0000000000030000 C=0000000000000000 D=0000000000001000 E=0000000000000000
FA=0040 [0000000001000000] KR=0280 [0000001010000000] EXT=00 COND=1 IDLE=1 IO=0000000000000000
FB=0840 [0000100001000000] SR=0100 R5=0 ROM=0000.0 PREG=0 RAMOP=- RAMREG=090 ROMOP=- ROMREG=00

0630 0A55 ?TFKR 5
A=0000000000001000 B=0000000000030000 C=0000000000000000 D=0000000000001000 E=0000000000000000
FA=0040 [0000000001000000] KR=0280 [0000001010000000] EXT=00 COND=1 IDLE=1 IO=0000000000000000
FB=0840 [0000100001000000] SR=0100 R5=0 ROM=0000.0 PREG=0 RAMOP=- RAMREG=090 ROMOP=- ROMREG=00

0631 0A65 ?TFKR 6
A=0000000000001000 B=0000000000030000 C=0000000000000000 D=0000000000001000 E=0000000000000000
FA=0040 [0000000001000000] KR=0280 [0000001010000000] EXT=00 COND=1 IDLE=1 IO=0000000000000000
FB=0840 [0000100001000000] SR=0100 R5=0 ROM=0000.0 PREG=0 RAMOP=- RAMREG=090 ROMOP=- ROMREG=00

0632 0A75 ?TFKR 7
A=0000000000001000 B=0000000000030000 C=0000000000000000 D=0000000000001000 E=0000000000000000
FA=0040 [0000000001000000] KR=0280 [0000001010000000] EXT=00 COND=1 IDLE=1 IO=0000000000000000
FB=0840 [0000100001000000] SR=0100 R5=0 ROM=0000.0 PREG=0 RAMOP=- RAMREG=090 ROMOP=- ROMREG=00

0633 1019 BRNC 0627 -00C
A=0000000000001000 B=0000000000030000 C=0000000000000000 D=0000000000001000 E=0000000000000000
FA=0040 [0000000001000000] KR=0280 [0000001010000000] EXT=00 COND=0 IDLE=1 IO=0000000000000000
FB=0840 [0000100001000000] SR=0100 R5=0 ROM=0000.0 PREG=0 RAMOP=- RAMREG=090 ROMOP=- ROMREG=00

0627 0A98 PRTSTEP
A=0000000000001000 B=0000000000030000 C=0000000000000000 D=0000000000001000 E=0000000000000000
FA=0040 [0000000001000000] KR=0280 [0000001010000000] EXT=00 COND=1 IDLE=1 IO=0000000000000000
FB=0840 [0000100001000000] SR=0100 R5=0 ROM=0000.0 PREG=0 RAMOP=- RAMREG=090 ROMOP=- ROMREG=00

0628 0A0B ?BUSY
A=0000000000001000 B=0000000000030000 C=0000000000000000 D=0000000000001000 E=0000000000000000
FA=0040 [0000000001000000] KR=0280 [0000001010000000] EXT=00 COND=1 IDLE=1 IO=0000000000000000
FB=0840 [0000100001000000] SR=0100 R5=0 ROM=0000.0 PREG=0 RAMOP=- RAMREG=090 ROMOP=- ROMREG=00

0629 1005 BRNC 0627 -002
A=0000000000001000 B=0000000000030000 C=0000000000000000 D=0000000000001000 E=0000000000000000
FA=0040 [0000000001000000] KR=0280 [0000001010000000] EXT=00 COND=1 IDLE=1 IO=0000000000000000
FB=0840 [0000100001000000] SR=0100 R5=0 ROM=0000.0 PREG=0 RAMOP=- RAMREG=090 ROMOP=- ROMREG=00

062A 0A10 WAIT D1
A=0000000000001000 B=0000000000030000 C=0000000000000000 D=0000000000001000 E=0000000000000000
FA=0040 [0000000001000000] KR=0280 [0000001010000000] EXT=00 COND=1 IDLE=1 IO=0000000000000000
FB=0840 [0000100001000000] SR=0100 R5=0 ROM=0000.0 PREG=0 RAMOP=- RAMREG=090 ROMOP=- ROMREG=00

062B 0A09 SET IDLE
A=0000000000001000 B=0000000000030000 C=0000000000000000 D=0000000000001000 E=0000000000000000
FA=0040 [0000000001000000] KR=0280 [0000001010000000] EXT=00 COND=1 IDLE=1 IO=0000000000000000
FB=0840 [0000100001000000] SR=0100 R5=0 ROM=0000.0 PREG=0 RAMOP=- RAMREG=090 ROMOP=- ROMREG=00

062C 0AE0 WAIT D14
A=0000000000001000 B=0000000000030000 C=0000000000000000 D=0000000000001000 E=0000000000000000
FA=0040 [0000000001000000] KR=0280 [0000001010000000] EXT=00 COND=1 IDLE=1 IO=0000000000000000
FB=0840 [0000100001000000] SR=0100 R5=0 ROM=0000.0 PREG=0 RAMOP=- RAMREG=090 ROMOP=- ROMREG=00

062D 0820 ?KEY 20
A=0000000000001000 B=0000000000030000 C=0000000000000000 D=0000000000001000 E=0000000000000000
FA=0040 [0000000001000000] KR=0280 [0000001010000000] EXT=00 COND=1 IDLE=1 IO=0000000000000000
FB=0840 [0000100001000000] SR=0100 R5=0 ROM=0000.0 PREG=0 RAMOP=- RAMREG=090 ROMOP=- ROMREG=00

062E 180C BRC 0634 +006
A=0000000000001000 B=0000000000030000 C=0000000000000000 D=0000000000001000 E=0000000000000000
FA=0040 [0000000001000000] KR=0280 [0000001010000000] EXT=00 COND=0 IDLE=1 IO=0000000000000000
FB=0840 [0000100001000000] SR=0100 R5=0 ROM=0000.0 PREG=0 RAMOP=- RAMREG=090 ROMOP=- ROMREG=00

062F 0A45 ?TFKR 4
A=0000000000001000 B=0000000000030000 C=0000000000000000 D=0000000000001000 E=0000000000000000
FA=0040 [0000000001000000] KR=0280 [0000001010000000] EXT=00 COND=1 IDLE=1 IO=0000000000000000
FB=0840 [0000100001000000] SR=0100 R5=0 ROM=0000.0 PREG=0 RAMOP=- RAMREG=090 ROMOP=- ROMREG=00

0630 0A55 ?TFKR 5
A=0000000000001000 B=0000000000030000 C=0000000000000000 D=0000000000001000 E=0000000000000000
FA=0040 [0000000001000000] KR=0280 [0000001010000000] EXT=00 COND=1 IDLE=1 IO=0000000000000000
FB=0840 [0000100001000000] SR=0100 R5=0 ROM=0000.0 PREG=0 RAMOP=- RAMREG=090 ROMOP=- ROMREG=00

0631 0A65 ?TFKR 6
A=0000000000001000 B=0000000000030000 C=0000000000000000 D=0000000000001000 E=0000000000000000
FA=0040 [0000000001000000] KR=0280 [0000001010000000] EXT=00 COND=1 IDLE=1 IO=0000000000000000
FB=0840 [0000100001000000] SR=0100 R5=0 ROM=0000.0 PREG=0 RAMOP=- RAMREG=090 ROMOP=- ROMREG=00

0632 0A75 ?TFKR 7
A=0000000000001000 B=0000000000030000 C=0000000000000000 D=0000000000001000 E=0000000000000000
FA=0040 [0000000001000000] KR=0280 [0000001010000000] EXT=00 COND=1 IDLE=1 IO=0000000000000000
FB=0840 [0000100001000000] SR=0100 R5=0 ROM=0000.0 PREG=0 RAMOP=- RAMREG=090 ROMOP=- ROMREG=00

0633 1019 BRNC 0627 -00C
A=0000000000001000 B=0000000000030000 C=0000000000000000 D=0000000000001000 E=0000000000000000
FA=0040 [0000000001000000] KR=0280 [0000001010000000] EXT=00 COND=0 IDLE=1 IO=0000000000000000
FB=0840 [0000100001000000] SR=0100 R5=0 ROM=0000.0 PREG=0 RAMOP=- RAMREG=090 ROMOP=- ROMREG=00

0627 0A98 PRTSTEP
A=0000000000001000 B=0000000000030000 C=0000000000000000 D=0000000000001000 E=0000000000000000
FA=0040 [0000000001000000] KR=0280 [0000001010000000] EXT=00 COND=1 IDLE=1 IO=0000000000000000
FB=0840 [0000100001000000] SR=0100 R5=0 ROM=0000.0 PREG=0 RAMOP=- RAMREG=090 ROMOP=- ROMREG=00

0628 0A0B ?BUSY
A=0000000000001000 B=0000000000030000 C=0000000000000000 D=0000000000001000 E=0000000000000000
FA=0040 [0000000001000000] KR=0280 [0000001010000000] EXT=00 COND=1 IDLE=1 IO=0000000000000000
FB=0840 [0000100001000000] SR=0100 R5=0 ROM=0000.0 PREG=0 RAMOP=- RAMREG=090 ROMOP=- ROMREG=00

0629 1005 BRNC 0627 -002
A=0000000000001000 B=0000000000030000 C=0000000000000000 D=0000000000001000 E=0000000000000000
FA=0040 [0000000001000000] KR=0280 [0000001010000000] EXT=00 COND=1 IDLE=1 IO=0000000000000000
FB=0840 [0000100001000000] SR=0100 R5=0 ROM=0000.0 PREG=0 RAMOP=- RAMREG=090 ROMOP=- ROMREG=00

062A 0A10 WAIT D1
A=0000000000001000 B=0000000000030000 C=0000000000000000 D=0000000000001000 E=0000000000000000
FA=0040 [0000000001000000] KR=0280 [0000001010000000] EXT=00 COND=1 IDLE=1 IO=0000000000000000
FB=0840 [0000100001000000] SR=0100 R5=0 ROM=0000.0 PREG=0 RAMOP=- RAMREG=090 ROMOP=- ROMREG=00

062B 0A09 SET IDLE
A=0000000000001000 B=0000000000030000 C=0000000000000000 D=0000000000001000 E=0000000000000000
FA=0040 [0000000001000000] KR=0280 [0000001010000000] EXT=00 COND=1 IDLE=1 IO=0000000000000000
FB=0840 [0000100001000000] SR=0100 R5=0 ROM=0000.0 PREG=0 RAMOP=- RAMREG=090 ROMOP=- ROMREG=00

062C 0AE0 WAIT D14
A=0000000000001000 B=0000000000030000 C=0000000000000000 D=0000000000001000 E=0000000000000000
FA=0040 [0000000001000000] KR=0280 [0000001010000000] EXT=00 COND=1 IDLE=1 IO=0000000000000000
FB=0840 [0000100001000000] SR=0100 R5=0 ROM=0000.0 PREG=0 RAMOP=- RAMREG=090 ROMOP=- ROMREG=00

062D 0820 ?KEY 20
A=0000000000001000 B=0000000000030000 C=0000000000000000 D=0000000000001000 E=0000000000000000
FA=0040 [0000000001000000] KR=0280 [0000001010000000] EXT=00 COND=1 IDLE=1 IO=0000000000000000
FB=0840 [0000100001000000] SR=0100 R5=0 ROM=0000.0 PREG=0 RAMOP=- RAMREG=090 ROMOP=- ROMREG=00

062E 180C BRC 0634 +006
A=0000000000001000 B=0000000000030000 C=0000000000000000 D=0000000000001000 E=0000000000000000
FA=0040 [0000000001000000] KR=0280 [0000001010000000] EXT=00 COND=0 IDLE=1 IO=0000000000000000
FB=0840 [0000100001000000] SR=0100 R5=0 ROM=0000.0 PREG=0 RAMOP=- RAMREG=090 ROMOP=- ROMREG=00

062F 0A45 ?TFKR 4
A=0000000000001000 B=0000000000030000 C=0000000000000000 D=0000000000001000 E=0000000000000000
FA=0040 [0000000001000000] KR=0280 [0000001010000000] EXT=00 COND=1 IDLE=1 IO=0000000000000000
FB=0840 [0000100001000000] SR=0100 R5=0 ROM=0000.0 PREG=0 RAMOP=- RAMREG=090 ROMOP=- ROMREG=00

0630 0A55 ?TFKR 5
A=0000000000001000 B=0000000000030000 C=0000000000000000 D=0000000000001000 E=0000000000000000
FA=0040 [0000000001000000] KR=0280 [0000001010000000] EXT=00 COND=1 IDLE=1 IO=0000000000000000
FB=0840 [0000100001000000] SR=0100 R5=0 ROM=0000.0 PREG=0 RAMOP=- RAMREG=090 ROMOP=- ROMREG=00

0631 0A65 ?TFKR 6
A=0000000000001000 B=0000000000030000 C=0000000000000000 D=0000000000001000 E=0000000000000000
FA=0040 [0000000001000000] KR=0280 [0000001010000000] EXT=00 COND=1 IDLE=1 IO=0000000000000000
FB=0840 [0000100001000000] SR=0100 R5=0 ROM=0000.0 PREG=0 RAMOP=- RAMREG=090 ROMOP=- ROMREG=00

0632 0A75 ?TFKR 7
A=0000000000001000 B=0000000000030000 C=0000000000000000 D=0000000000001000 E=0000000000000000
FA=0040 [0000000001000000] KR=0280 [0000001010000000] EXT=00 COND=1 IDLE=1 IO=0000000000000000
FB=0840 [0000100001000000] SR=0100 R5=0 ROM=0000.0 PREG=0 RAMOP=- RAMREG=090 ROMOP=- ROMREG=00

0633 1019 BRNC 0627 -00C
A=0000000000001000 B=0000000000030000 C=0000000000000000 D=0000000000001000 E=0000000000000000
FA=0040 [0000000001000000] KR=0280 [0000001010000000] EXT=00 COND=0 IDLE=1 IO=0000000000000000
FB=0840 [0000100001000000] SR=0100 R5=0 ROM=0000.0 PREG=0 RAMOP=- RAMREG=090 ROMOP=- ROMREG=00

0627 0A98 PRTSTEP
A=0000000000001000 B=0000000000030000 C=0000000000000000 D=0000000000001000 E=0000000000000000
FA=0040 [0000000001000000] KR=0280 [0000001010000000] EXT=00 COND=1 IDLE=1 IO=0000000000000000
FB=0840 [0000100001000000] SR=0100 R5=0 ROM=0000.0 PREG=0 RAMOP=- RAMREG=090 ROMOP=- ROMREG=00

0628 0A0B ?BUSY
A=0000000000001000 B=0000000000030000 C=0000000000000000 D=0000000000001000 E=0000000000000000
FA=0040 [0000000001000000] KR=0280 [0000001010000000] EXT=00 COND=1 IDLE=1 IO=0000000000000000
FB=0840 [0000100001000000] SR=0100 R5=0 ROM=0000.0 PREG=0 RAMOP=- RAMREG=090 ROMOP=- ROMREG=00

0629 1005 BRNC 0627 -002
A=0000000000001000 B=0000000000030000 C=0000000000000000 D=0000000000001000 E=0000000000000000
FA=0040 [0000000001000000] KR=0280 [0000001010000000] EXT=00 COND=1 IDLE=1 IO=0000000000000000
FB=0840 [0000100001000000] SR=0100 R5=0 ROM=0000.0 PREG=0 RAMOP=- RAMREG=090 ROMOP=- ROMREG=00

062A 0A10 WAIT D1
A=0000000000001000 B=0000000000030000 C=0000000000000000 D=0000000000001000 E=0000000000000000
FA=0040 [0000000001000000] KR=0280 [0000001010000000] EXT=00 COND=1 IDLE=1 IO=0000000000000000
FB=0840 [0000100001000000] SR=0100 R5=0 ROM=0000.0 PREG=0 RAMOP=- RAMREG=090 ROMOP=- ROMREG=00

062B 0A09 SET IDLE
A=0000000000001000 B=0000000000030000 C=0000000000000000 D=0000000000001000 E=0000000000000000
FA=0040 [0000000001000000] KR=0280 [0000001010000000] EXT=00 COND=1 IDLE=1 IO=0000000000000000
FB=0840 [0000100001000000] SR=0100 R5=0 ROM=0000.0 PREG=0 RAMOP=- RAMREG=090 ROMOP=- ROMREG=00

062C 0AE0 WAIT D14
A=0000000000001000 B=0000000000030000 C=0000000000000000 D=0000000000001000 E=0000000000000000
FA=0040 [0000000001000000] KR=0280 [0000001010000000] EXT=00 COND=1 IDLE=1 IO=0000000000000000
FB=0840 [0000100001000000] SR=0100 R5=0 ROM=0000.0 PREG=0 RAMOP=- RAMREG=090 ROMOP=- ROMREG=00

062D 0820 ?KEY 20
A=0000000000001000 B=0000000000030000 C=0000000000000000 D=0000000000001000 E=0000000000000000
FA=0040 [0000000001000000] KR=0280 [0000001010000000] EXT=00 COND=1 IDLE=1 IO=0000000000000000
FB=0840 [0000100001000000] SR=0100 R5=0 ROM=0000.0 PREG=0 RAMOP=- RAMREG=090 ROMOP=- ROMREG=00

062E 180C BRC 0634 +006
A=0000000000001000 B=0000000000030000 C=0000000000000000 D=0000000000001000 E=0000000000000000
FA=0040 [0000000001000000] KR=0280 [0000001010000000] EXT=00 COND=0 IDLE=1 IO=0000000000000000
FB=0840 [0000100001000000] SR=0100 R5=0 ROM=0000.0 PREG=0 RAMOP=- RAMREG=090 ROMOP=- ROMREG=00

062F 0A45 ?TFKR 4
A=0000000000001000 B=0000000000030000 C=0000000000000000 D=0000000000001000 E=0000000000000000
FA=0040 [0000000001000000] KR=0280 [0000001010000000] EXT=00 COND=1 IDLE=1 IO=0000000000000000
FB=0840 [0000100001000000] SR=0100 R5=0 ROM=0000.0 PREG=0 RAMOP=- RAMREG=090 ROMOP=- ROMREG=00

0630 0A55 ?TFKR 5
A=0000000000001000 B=0000000000030000 C=0000000000000000 D=0000000000001000 E=0000000000000000
FA=0040 [0000000001000000] KR=0280 [0000001010000000] EXT=00 COND=1 IDLE=1 IO=0000000000000000
FB=0840 [0000100001000000] SR=0100 R5=0 ROM=0000.0 PREG=0 RAMOP=- RAMREG=090 ROMOP=- ROMREG=00

0631 0A65 ?TFKR 6
A=0000000000001000 B=0000000000030000 C=0000000000000000 D=0000000000001000 E=0000000000000000
FA=0040 [0000000001000000] KR=0280 [0000001010000000] EXT=00 COND=1 IDLE=1 IO=0000000000000000
FB=0840 [0000100001000000] SR=0100 R5=0 ROM=0000.0 PREG=0 RAMOP=- RAMREG=090 ROMOP=- ROMREG=00

0632 0A75 ?TFKR 7
A=0000000000001000 B=0000000000030000 C=0000000000000000 D=0000000000001000 E=0000000000000000
FA=0040 [0000000001000000] KR=0280 [0000001010000000] EXT=00 COND=1 IDLE=1 IO=0000000000000000
FB=0840 [0000100001000000] SR=0100 R5=0 ROM=0000.0 PREG=0 RAMOP=- RAMREG=090 ROMOP=- ROMREG=00

0633 1019 BRNC 0627 -00C
A=0000000000001000 B=0000000000030000 C=0000000000000000 D=0000000000001000 E=0000000000000000
FA=0040 [0000000001000000] KR=0280 [0000001010000000] EXT=00 COND=0 IDLE=1 IO=0000000000000000
FB=0840 [0000100001000000] SR=0100 R5=0 ROM=0000.0 PREG=0 RAMOP=- RAMREG=090 ROMOP=- ROMREG=00

0627 0A98 PRTSTEP
A=0000000000001000 B=0000000000030000 C=0000000000000000 D=0000000000001000 E=0000000000000000
FA=0040 [0000000001000000] KR=0280 [0000001010000000] EXT=00 COND=1 IDLE=1 IO=0000000000000000
FB=0840 [0000100001000000] SR=0100 R5=0 ROM=0000.0 PREG=0 RAMOP=- RAMREG=090 ROMOP=- ROMREG=00

0628 0A0B ?BUSY
A=0000000000001000 B=0000000000030000 C=0000000000000000 D=0000000000001000 E=0000000000000000
FA=0040 [0000000001000000] KR=0280 [0000001010000000] EXT=00 COND=1 IDLE=1 IO=0000000000000000
FB=0840 [0000100001000000] SR=0100 R5=0 ROM=0000.0 PREG=0 RAMOP=- RAMREG=090 ROMOP=- ROMREG=00

0629 1005 BRNC 0627 -002
A=0000000000001000 B=0000000000030000 C=0000000000000000 D=0000000000001000 E=0000000000000000
FA=0040 [0000000001000000] KR=0280 [0000001010000000] EXT=00 COND=1 IDLE=1 IO=0000000000000000
FB=0840 [0000100001000000] SR=0100 R5=0 ROM=0000.0 PREG=0 RAMOP=- RAMREG=090 ROMOP=- ROMREG=00

062A 0A10 WAIT D1
A=0000000000001000 B=0000000000030000 C=0000000000000000 D=0000000000001000 E=0000000000000000
FA=0040 [0000000001000000] KR=0280 [0000001010000000] EXT=00 COND=1 IDLE=1 IO=0000000000000000
FB=0840 [0000100001000000] SR=0100 R5=0 ROM=0000.0 PREG=0 RAMOP=- RAMREG=090 ROMOP=- ROMREG=00

062B 0A09 SET IDLE
A=0000000000001000 B=0000000000030000 C=0000000000000000 D=0000000000001000 E=0000000000000000
FA=0040 [0000000001000000] KR=0280 [0000001010000000] EXT=00 COND=1 IDLE=1 IO=0000000000000000
FB=0840 [0000100001000000] SR=0100 R5=0 ROM=0000.0 PREG=0 RAMOP=- RAMREG=090 ROMOP=- ROMREG=00

062C 0AE0 WAIT D14
A=0000000000001000 B=0000000000030000 C=0000000000000000 D=0000000000001000 E=0000000000000000
FA=0040 [0000000001000000] KR=0280 [0000001010000000] EXT=00 COND=1 IDLE=1 IO=0000000000000000
FB=0840 [0000100001000000] SR=0100 R5=0 ROM=0000.0 PREG=0 RAMOP=- RAMREG=090 ROMOP=- ROMREG=00

062D 0820 ?KEY 20
A=0000000000001000 B=0000000000030000 C=0000000000000000 D=0000000000001000 E=0000000000000000
FA=0040 [0000000001000000] KR=0280 [0000001010000000] EXT=00 COND=1 IDLE=1 IO=0000000000000000
FB=0840 [0000100001000000] SR=0100 R5=0 ROM=0000.0 PREG=0 RAMOP=- RAMREG=090 ROMOP=- ROMREG=00

062E 180C BRC 0634 +006
A=0000000000001000 B=0000000000030000 C=0000000000000000 D=0000000000001000 E=0000000000000000
FA=0040 [0000000001000000] KR=0280 [0000001010000000] EXT=00 COND=0 IDLE=1 IO=0000000000000000
FB=0840 [0000100001000000] SR=0100 R5=0 ROM=0000.0 PREG=0 RAMOP=- RAMREG=090 ROMOP=- ROMREG=00

062F 0A45 ?TFKR 4
A=0000000000001000 B=0000000000030000 C=0000000000000000 D=0000000000001000 E=0000000000000000
FA=0040 [0000000001000000] KR=0280 [0000001010000000] EXT=00 COND=1 IDLE=1 IO=0000000000000000
FB=0840 [0000100001000000] SR=0100 R5=0 ROM=0000.0 PREG=0 RAMOP=- RAMREG=090 ROMOP=- ROMREG=00

0630 0A55 ?TFKR 5
A=0000000000001000 B=0000000000030000 C=0000000000000000 D=0000000000001000 E=0000000000000000
FA=0040 [0000000001000000] KR=0280 [0000001010000000] EXT=00 COND=1 IDLE=1 IO=0000000000000000
FB=0840 [0000100001000000] SR=0100 R5=0 ROM=0000.0 PREG=0 RAMOP=- RAMREG=090 ROMOP=- ROMREG=00

0631 0A65 ?TFKR 6
A=0000000000001000 B=0000000000030000 C=0000000000000000 D=0000000000001000 E=0000000000000000
FA=0040 [0000000001000000] KR=0280 [0000001010000000] EXT=00 COND=1 IDLE=1 IO=0000000000000000
FB=0840 [0000100001000000] SR=0100 R5=0 ROM=0000.0 PREG=0 RAMOP=- RAMREG=090 ROMOP=- ROMREG=00

0632 0A75 ?TFKR 7
A=0000000000001000 B=0000000000030000 C=0000000000000000 D=0000000000001000 E=0000000000000000
FA=0040 [0000000001000000] KR=0280 [0000001010000000] EXT=00 COND=1 IDLE=1 IO=0000000000000000
FB=0840 [0000100001000000] SR=0100 R5=0 ROM=0000.0 PREG=0 RAMOP=- RAMREG=090 ROMOP=- ROMREG=00

0633 1019 BRNC 0627 -00C
A=0000000000001000 B=0000000000030000 C=0000000000000000 D=0000000000001000 E=0000000000000000
FA=0040 [0000000001000000] KR=0280 [0000001010000000] EXT=00 COND=0 IDLE=1 IO=0000000000000000
FB=0840 [0000100001000000] SR=0100 R5=0 ROM=0000.0 PREG=0 RAMOP=- RAMREG=090 ROMOP=- ROMREG=00

0627 0A98 PRTSTEP
A=0000000000001000 B=0000000000030000 C=0000000000000000 D=0000000000001000 E=0000000000000000
FA=0040 [0000000001000000] KR=0280 [0000001010000000] EXT=00 COND=1 IDLE=1 IO=0000000000000000
FB=0840 [0000100001000000] SR=0100 R5=0 ROM=0000.0 PREG=0 RAMOP=- RAMREG=090 ROMOP=- ROMREG=00

0628 0A0B ?BUSY
A=0000000000001000 B=0000000000030000 C=0000000000000000 D=0000000000001000 E=0000000000000000
FA=0040 [0000000001000000] KR=0280 [0000001010000000] EXT=00 COND=1 IDLE=1 IO=0000000000000000
FB=0840 [0000100001000000] SR=0100 R5=0 ROM=0000.0 PREG=0 RAMOP=- RAMREG=090 ROMOP=- ROMREG=00

0629 1005 BRNC 0627 -002
A=0000000000001000 B=0000000000030000 C=0000000000000000 D=0000000000001000 E=0000000000000000
FA=0040 [0000000001000000] KR=0280 [0000001010000000] EXT=00 COND=1 IDLE=1 IO=0000000000000000
FB=0840 [0000100001000000] SR=0100 R5=0 ROM=0000.0 PREG=0 RAMOP=- RAMREG=090 ROMOP=- ROMREG=00

062A 0A10 WAIT D1
A=0000000000001000 B=0000000000030000 C=0000000000000000 D=0000000000001000 E=0000000000000000
FA=0040 [0000000001000000] KR=0280 [0000001010000000] EXT=00 COND=1 IDLE=1 IO=0000000000000000
FB=0840 [0000100001000000] SR=0100 R5=0 ROM=0000.0 PREG=0 RAMOP=- RAMREG=090 ROMOP=- ROMREG=00

062B 0A09 SET IDLE
A=0000000000001000 B=0000000000030000 C=0000000000000000 D=0000000000001000 E=0000000000000000
FA=0040 [0000000001000000] KR=0280 [0000001010000000] EXT=00 COND=1 IDLE=1 IO=0000000000000000
FB=0840 [0000100001000000] SR=0100 R5=0 ROM=0000.0 PREG=0 RAMOP=- RAMREG=090 ROMOP=- ROMREG=00

062C 0AE0 WAIT D14
A=0000000000001000 B=0000000000030000 C=0000000000000000 D=0000000000001000 E=0000000000000000
FA=0040 [0000000001000000] KR=0280 [0000001010000000] EXT=00 COND=1 IDLE=1 IO=0000000000000000
FB=0840 [0000100001000000] SR=0100 R5=0 ROM=0000.0 PREG=0 RAMOP=- RAMREG=090 ROMOP=- ROMREG=00

062D 0820 ?KEY 20
A=0000000000001000 B=0000000000030000 C=0000000000000000 D=0000000000001000 E=0000000000000000
FA=0040 [0000000001000000] KR=0280 [0000001010000000] EXT=00 COND=1 IDLE=1 IO=0000000000000000
FB=0840 [0000100001000000] SR=0100 R5=0 ROM=0000.0 PREG=0 RAMOP=- RAMREG=090 ROMOP=- ROMREG=00

062E 180C BRC 0634 +006
A=0000000000001000 B=0000000000030000 C=0000000000000000 D=0000000000001000 E=0000000000000000
FA=0040 [0000000001000000] KR=0280 [0000001010000000] EXT=00 COND=0 IDLE=1 IO=0000000000000000
FB=0840 [0000100001000000] SR=0100 R5=0 ROM=0000.0 PREG=0 RAMOP=- RAMREG=090 ROMOP=- ROMREG=00

062F 0A45 ?TFKR 4
A=0000000000001000 B=0000000000030000 C=0000000000000000 D=0000000000001000 E=0000000000000000
FA=0040 [0000000001000000] KR=0280 [0000001010000000] EXT=00 COND=1 IDLE=1 IO=0000000000000000
FB=0840 [0000100001000000] SR=0100 R5=0 ROM=0000.0 PREG=0 RAMOP=- RAMREG=090 ROMOP=- ROMREG=00

0630 0A55 ?TFKR 5
A=0000000000001000 B=0000000000030000 C=0000000000000000 D=0000000000001000 E=0000000000000000
FA=0040 [0000000001000000] KR=0280 [0000001010000000] EXT=00 COND=1 IDLE=1 IO=0000000000000000
FB=0840 [0000100001000000] SR=0100 R5=0 ROM=0000.0 PREG=0 RAMOP=- RAMREG=090 ROMOP=- ROMREG=00

0631 0A65 ?TFKR 6
A=0000000000001000 B=0000000000030000 C=0000000000000000 D=0000000000001000 E=0000000000000000
FA=0040 [0000000001000000] KR=0280 [0000001010000000] EXT=00 COND=1 IDLE=1 IO=0000000000000000
FB=0840 [0000100001000000] SR=0100 R5=0 ROM=0000.0 PREG=0 RAMOP=- RAMREG=090 ROMOP=- ROMREG=00

0632 0A75 ?TFKR 7
A=0000000000001000 B=0000000000030000 C=0000000000000000 D=0000000000001000 E=0000000000000000
FA=0040 [0000000001000000] KR=0280 [0000001010000000] EXT=00 COND=1 IDLE=1 IO=0000000000000000
FB=0840 [0000100001000000] SR=0100 R5=0 ROM=0000.0 PREG=0 RAMOP=- RAMREG=090 ROMOP=- ROMREG=00

0633 1019 BRNC 0627 -00C
A=0000000000001000 B=0000000000030000 C=0000000000000000 D=0000000000001000 E=0000000000000000
FA=0040 [0000000001000000] KR=0280 [0000001010000000] EXT=00 COND=0 IDLE=1 IO=0000000000000000
FB=0840 [0000100001000000] SR=0100 R5=0 ROM=0000.0 PREG=0 RAMOP=- RAMREG=090 ROMOP=- ROMREG=00

0627 0A98 PRTSTEP
A=0000000000001000 B=0000000000030000 C=0000000000000000 D=0000000000001000 E=0000000000000000
FA=0040 [0000000001000000] KR=0280 [0000001010000000] EXT=00 COND=1 IDLE=1 IO=0000000000000000
FB=0840 [0000100001000000] SR=0100 R5=0 ROM=0000.0 PREG=0 RAMOP=- RAMREG=090 ROMOP=- ROMREG=00

0628 0A0B ?BUSY
A=0000000000001000 B=0000000000030000 C=0000000000000000 D=0000000000001000 E=0000000000000000
FA=0040 [0000000001000000] KR=0280 [0000001010000000] EXT=00 COND=1 IDLE=1 IO=0000000000000000
FB=0840 [0000100001000000] SR=0100 R5=0 ROM=0000.0 PREG=0 RAMOP=- RAMREG=090 ROMOP=- ROMREG=00

0629 1005 BRNC 0627 -002
A=0000000000001000 B=0000000000030000 C=0000000000000000 D=0000000000001000 E=0000000000000000
FA=0040 [0000000001000000] KR=0280 [0000001010000000] EXT=00 COND=1 IDLE=1 IO=0000000000000000
FB=0840 [0000100001000000] SR=0100 R5=0 ROM=0000.0 PREG=0 RAMOP=- RAMREG=090 ROMOP=- ROMREG=00

062A 0A10 WAIT D1
A=0000000000001000 B=0000000000030000 C=0000000000000000 D=0000000000001000 E=0000000000000000
FA=0040 [0000000001000000] KR=0280 [0000001010000000] EXT=00 COND=1 IDLE=1 IO=0000000000000000
FB=0840 [0000100001000000] SR=0100 R5=0 ROM=0000.0 PREG=0 RAMOP=- RAMREG=090 ROMOP=- ROMREG=00

062B 0A09 SET IDLE
A=0000000000001000 B=0000000000030000 C=0000000000000000 D=0000000000001000 E=0000000000000000
FA=0040 [0000000001000000] KR=0280 [0000001010000000] EXT=00 COND=1 IDLE=1 IO=0000000000000000
FB=0840 [0000100001000000] SR=0100 R5=0 ROM=0000.0 PREG=0 RAMOP=- RAMREG=090 ROMOP=- ROMREG=00

062C 0AE0 WAIT D14
A=0000000000001000 B=0000000000030000 C=0000000000000000 D=0000000000001000 E=0000000000000000
FA=0040 [0000000001000000] KR=0280 [0000001010000000] EXT=00 COND=1 IDLE=1 IO=0000000000000000
FB=0840 [0000100001000000] SR=0100 R5=0 ROM=0000.0 PREG=0 RAMOP=- RAMREG=090 ROMOP=- ROMREG=00

062D 0820 ?KEY 20
A=0000000000001000 B=0000000000030000 C=0000000000000000 D=0000000000001000 E=0000000000000000
FA=0040 [0000000001000000] KR=0280 [0000001010000000] EXT=00 COND=1 IDLE=1 IO=0000000000000000
FB=0840 [0000100001000000] SR=0100 R5=0 ROM=0000.0 PREG=0 RAMOP=- RAMREG=090 ROMOP=- ROMREG=00

062E 180C BRC 0634 +006
A=0000000000001000 B=0000000000030000 C=0000000000000000 D=0000000000001000 E=0000000000000000
FA=0040 [0000000001000000] KR=0280 [0000001010000000] EXT=00 COND=0 IDLE=1 IO=0000000000000000
FB=0840 [0000100001000000] SR=0100 R5=0 ROM=0000.0 PREG=0 RAMOP=- RAMREG=090 ROMOP=- ROMREG=00

062F 0A45 ?TFKR 4
A=0000000000001000 B=0000000000030000 C=0000000000000000 D=0000000000001000 E=0000000000000000
FA=0040 [0000000001000000] KR=0280 [0000001010000000] EXT=00 COND=1 IDLE=1 IO=0000000000000000
FB=0840 [0000100001000000] SR=0100 R5=0 ROM=0000.0 PREG=0 RAMOP=- RAMREG=090 ROMOP=- ROMREG=00

0630 0A55 ?TFKR 5
A=0000000000001000 B=0000000000030000 C=0000000000000000 D=0000000000001000 E=0000000000000000
FA=0040 [0000000001000000] KR=0280 [0000001010000000] EXT=00 COND=1 IDLE=1 IO=0000000000000000
FB=0840 [0000100001000000] SR=0100 R5=0 ROM=0000.0 PREG=0 RAMOP=- RAMREG=090 ROMOP=- ROMREG=00

0631 0A65 ?TFKR 6
A=0000000000001000 B=0000000000030000 C=0000000000000000 D=0000000000001000 E=0000000000000000
FA=0040 [0000000001000000] KR=0280 [0000001010000000] EXT=00 COND=1 IDLE=1 IO=0000000000000000
FB=0840 [0000100001000000] SR=0100 R5=0 ROM=0000.0 PREG=0 RAMOP=- RAMREG=090 ROMOP=- ROMREG=00

0632 0A75 ?TFKR 7
A=0000000000001000 B=0000000000030000 C=0000000000000000 D=0000000000001000 E=0000000000000000
FA=0040 [0000000001000000] KR=0280 [0000001010000000] EXT=00 COND=1 IDLE=1 IO=0000000000000000
FB=0840 [0000100001000000] SR=0100 R5=0 ROM=0000.0 PREG=0 RAMOP=- RAMREG=090 ROMOP=- ROMREG=00

0633 1019 BRNC 0627 -00C
A=0000000000001000 B=0000000000030000 C=0000000000000000 D=0000000000001000 E=0000000000000000
FA=0040 [0000000001000000] KR=0280 [0000001010000000] EXT=00 COND=0 IDLE=1 IO=0000000000000000
FB=0840 [0000100001000000] SR=0100 R5=0 ROM=0000.0 PREG=0 RAMOP=- RAMREG=090 ROMOP=- ROMREG=00

0627 0A98 PRTSTEP
A=0000000000001000 B=0000000000030000 C=0000000000000000 D=0000000000001000 E=0000000000000000
FA=0040 [0000000001000000] KR=0280 [0000001010000000] EXT=00 COND=1 IDLE=1 IO=0000000000000000
FB=0840 [0000100001000000] SR=0100 R5=0 ROM=0000.0 PREG=0 RAMOP=- RAMREG=090 ROMOP=- ROMREG=00

0628 0A0B ?BUSY
A=0000000000001000 B=0000000000030000 C=0000000000000000 D=0000000000001000 E=0000000000000000
FA=0040 [0000000001000000] KR=0280 [0000001010000000] EXT=00 COND=1 IDLE=1 IO=0000000000000000
FB=0840 [0000100001000000] SR=0100 R5=0 ROM=0000.0 PREG=0 RAMOP=- RAMREG=090 ROMOP=- ROMREG=00

0629 1005 BRNC 0627 -002
A=0000000000001000 B=0000000000030000 C=0000000000000000 D=0000000000001000 E=0000000000000000
FA=0040 [0000000001000000] KR=0280 [0000001010000000] EXT=00 COND=1 IDLE=1 IO=0000000000000000
FB=0840 [0000100001000000] SR=0100 R5=0 ROM=0000.0 PREG=0 RAMOP=- RAMREG=090 ROMOP=- ROMREG=00

062A 0A10 WAIT D1
A=0000000000001000 B=0000000000030000 C=0000000000000000 D=0000000000001000 E=0000000000000000
FA=0040 [0000000001000000] KR=0280 [0000001010000000] EXT=00 COND=1 IDLE=1 IO=0000000000000000
FB=0840 [0000100001000000] SR=0100 R5=0 ROM=0000.0 PREG=0 RAMOP=- RAMREG=090 ROMOP=- ROMREG=00

062B 0A09 SET IDLE
A=0000000000001000 B=0000000000030000 C=0000000000000000 D=0000000000001000 E=0000000000000000
FA=0040 [0000000001000000] KR=0280 [0000001010000000] EXT=00 COND=1 IDLE=1 IO=0000000000000000
FB=0840 [0000100001000000] SR=0100 R5=0 ROM=0000.0 PREG=0 RAMOP=- RAMREG=090 ROMOP=- ROMREG=00

062C 0AE0 WAIT D14
A=0000000000001000 B=0000000000030000 C=0000000000000000 D=0000000000001000 E=0000000000000000
FA=0040 [0000000001000000] KR=0280 [0000001010000000] EXT=00 COND=1 IDLE=1 IO=0000000000000000
FB=0840 [0000100001000000] SR=0100 R5=0 ROM=0000.0 PREG=0 RAMOP=- RAMREG=090 ROMOP=- ROMREG=00

062D 0820 ?KEY 20
A=0000000000001000 B=0000000000030000 C=0000000000000000 D=0000000000001000 E=0000000000000000
FA=0040 [0000000001000000] KR=0280 [0000001010000000] EXT=00 COND=1 IDLE=1 IO=0000000000000000
FB=0840 [0000100001000000] SR=0100 R5=0 ROM=0000.0 PREG=0 RAMOP=- RAMREG=090 ROMOP=- ROMREG=00

062E 180C BRC 0634 +006
A=0000000000001000 B=0000000000030000 C=0000000000000000 D=0000000000001000 E=0000000000000000
FA=0040 [0000000001000000] KR=0280 [0000001010000000] EXT=00 COND=0 IDLE=1 IO=0000000000000000
FB=0840 [0000100001000000] SR=0100 R5=0 ROM=0000.0 PREG=0 RAMOP=- RAMREG=090 ROMOP=- ROMREG=00

062F 0A45 ?TFKR 4
A=0000000000001000 B=0000000000030000 C=0000000000000000 D=0000000000001000 E=0000000000000000
FA=0040 [0000000001000000] KR=0280 [0000001010000000] EXT=00 COND=1 IDLE=1 IO=0000000000000000
FB=0840 [0000100001000000] SR=0100 R5=0 ROM=0000.0 PREG=0 RAMOP=- RAMREG=090 ROMOP=- ROMREG=00

0630 0A55 ?TFKR 5
A=0000000000001000 B=0000000000030000 C=0000000000000000 D=0000000000001000 E=0000000000000000
FA=0040 [0000000001000000] KR=0280 [0000001010000000] EXT=00 COND=1 IDLE=1 IO=0000000000000000
FB=0840 [0000100001000000] SR=0100 R5=0 ROM=0000.0 PREG=0 RAMOP=- RAMREG=090 ROMOP=- ROMREG=00

0631 0A65 ?TFKR 6
A=0000000000001000 B=0000000000030000 C=0000000000000000 D=0000000000001000 E=0000000000000000
FA=0040 [0000000001000000] KR=0280 [0000001010000000] EXT=00 COND=1 IDLE=1 IO=0000000000000000
FB=0840 [0000100001000000] SR=0100 R5=0 ROM=0000.0 PREG=0 RAMOP=- RAMREG=090 ROMOP=- ROMREG=00

0632 0A75 ?TFKR 7
A=0000000000001000 B=0000000000030000 C=0000000000000000 D=0000000000001000 E=0000000000000000
FA=0040 [0000000001000000] KR=0280 [0000001010000000] EXT=00 COND=1 IDLE=1 IO=0000000000000000
FB=0840 [0000100001000000] SR=0100 R5=0 ROM=0000.0 PREG=0 RAMOP=- RAMREG=090 ROMOP=- ROMREG=00

0633 1019 BRNC 0627 -00C
A=0000000000001000 B=0000000000030000 C=0000000000000000 D=0000000000001000 E=0000000000000000
FA=0040 [0000000001000000] KR=0280 [0000001010000000] EXT=00 COND=0 IDLE=1 IO=0000000000000000
FB=0840 [0000100001000000] SR=0100 R5=0 ROM=0000.0 PREG=0 RAMOP=- RAMREG=090 ROMOP=- ROMREG=00

0627 0A98 PRTSTEP
A=0000000000001000 B=0000000000030000 C=0000000000000000 D=0000000000001000 E=0000000000000000
FA=0040 [0000000001000000] KR=0280 [0000001010000000] EXT=00 COND=1 IDLE=1 IO=0000000000000000
FB=0840 [0000100001000000] SR=0100 R5=0 ROM=0000.0 PREG=0 RAMOP=- RAMREG=090 ROMOP=- ROMREG=00

0628 0A0B ?BUSY
A=0000000000001000 B=0000000000030000 C=0000000000000000 D=0000000000001000 E=0000000000000000
FA=0040 [0000000001000000] KR=0280 [0000001010000000] EXT=00 COND=1 IDLE=1 IO=0000000000000000
FB=0840 [0000100001000000] SR=0100 R5=0 ROM=0000.0 PREG=0 RAMOP=- RAMREG=090 ROMOP=- ROMREG=00

0629 1005 BRNC 0627 -002
A=0000000000001000 B=0000000000030000 C=0000000000000000 D=0000000000001000 E=0000000000000000
FA=0040 [0000000001000000] KR=0280 [0000001010000000] EXT=00 COND=1 IDLE=1 IO=0000000000000000
FB=0840 [0000100001000000] SR=0100 R5=0 ROM=0000.0 PREG=0 RAMOP=- RAMREG=090 ROMOP=- ROMREG=00

062A 0A10 WAIT D1
A=0000000000001000 B=0000000000030000 C=0000000000000000 D=0000000000001000 E=0000000000000000
FA=0040 [0000000001000000] KR=0280 [0000001010000000] EXT=00 COND=1 IDLE=1 IO=0000000000000000
FB=0840 [0000100001000000] SR=0100 R5=0 ROM=0000.0 PREG=0 RAMOP=- RAMREG=090 ROMOP=- ROMREG=00

062B 0A09 SET IDLE
A=0000000000001000 B=0000000000030000 C=0000000000000000 D=0000000000001000 E=0000000000000000
FA=0040 [0000000001000000] KR=0280 [0000001010000000] EXT=00 COND=1 IDLE=1 IO=0000000000000000
FB=0840 [0000100001000000] SR=0100 R5=0 ROM=0000.0 PREG=0 RAMOP=- RAMREG=090 ROMOP=- ROMREG=00

062C 0AE0 WAIT D14
A=0000000000001000 B=0000000000030000 C=0000000000000000 D=0000000000001000 E=0000000000000000
FA=0040 [0000000001000000] KR=0280 [0000001010000000] EXT=00 COND=1 IDLE=1 IO=0000000000000000
FB=0840 [0000100001000000] SR=0100 R5=0 ROM=0000.0 PREG=0 RAMOP=- RAMREG=090 ROMOP=- ROMREG=00

062D 0820 ?KEY 20
A=0000000000001000 B=0000000000030000 C=0000000000000000 D=0000000000001000 E=0000000000000000
FA=0040 [0000000001000000] KR=0280 [0000001010000000] EXT=00 COND=1 IDLE=1 IO=0000000000000000
FB=0840 [0000100001000000] SR=0100 R5=0 ROM=0000.0 PREG=0 RAMOP=- RAMREG=090 ROMOP=- ROMREG=00

062E 180C BRC 0634 +006
A=0000000000001000 B=0000000000030000 C=0000000000000000 D=0000000000001000 E=0000000000000000
FA=0040 [0000000001000000] KR=0280 [0000001010000000] EXT=00 COND=0 IDLE=1 IO=0000000000000000
FB=0840 [0000100001000000] SR=0100 R5=0 ROM=0000.0 PREG=0 RAMOP=- RAMREG=090 ROMOP=- ROMREG=00

062F 0A45 ?TFKR 4
A=0000000000001000 B=0000000000030000 C=0000000000000000 D=0000000000001000 E=0000000000000000
FA=0040 [0000000001000000] KR=0280 [0000001010000000] EXT=00 COND=1 IDLE=1 IO=0000000000000000
FB=0840 [0000100001000000] SR=0100 R5=0 ROM=0000.0 PREG=0 RAMOP=- RAMREG=090 ROMOP=- ROMREG=00

0630 0A55 ?TFKR 5
A=0000000000001000 B=0000000000030000 C=0000000000000000 D=0000000000001000 E=0000000000000000
FA=0040 [0000000001000000] KR=0280 [0000001010000000] EXT=00 COND=1 IDLE=1 IO=0000000000000000
FB=0840 [0000100001000000] SR=0100 R5=0 ROM=0000.0 PREG=0 RAMOP=- RAMREG=090 ROMOP=- ROMREG=00

0631 0A65 ?TFKR 6
A=0000000000001000 B=0000000000030000 C=0000000000000000 D=0000000000001000 E=0000000000000000
FA=0040 [0000000001000000] KR=0280 [0000001010000000] EXT=00 COND=1 IDLE=1 IO=0000000000000000
FB=0840 [0000100001000000] SR=0100 R5=0 ROM=0000.0 PREG=0 RAMOP=- RAMREG=090 ROMOP=- ROMREG=00

0632 0A75 ?TFKR 7
A=0000000000001000 B=0000000000030000 C=0000000000000000 D=0000000000001000 E=0000000000000000
FA=0040 [0000000001000000] KR=0280 [0000001010000000] EXT=00 COND=1 IDLE=1 IO=0000000000000000
FB=0840 [0000100001000000] SR=0100 R5=0 ROM=0000.0 PREG=0 RAMOP=- RAMREG=090 ROMOP=- ROMREG=00

0633 1019 BRNC 0627 -00C
A=0000000000001000 B=0000000000030000 C=0000000000000000 D=0000000000001000 E=0000000000000000
FA=0040 [0000000001000000] KR=0280 [0000001010000000] EXT=00 COND=0 IDLE=1 IO=0000000000000000
FB=0840 [0000100001000000] SR=0100 R5=0 ROM=0000.0 PREG=0 RAMOP=- RAMREG=090 ROMOP=- ROMREG=00

0627 0A98 PRTSTEP
A=0000000000001000 B=0000000000030000 C=0000000000000000 D=0000000000001000 E=0000000000000000
FA=0040 [0000000001000000] KR=0280 [0000001010000000] EXT=00 COND=1 IDLE=1 IO=0000000000000000
FB=0840 [0000100001000000] SR=0100 R5=0 ROM=0000.0 PREG=0 RAMOP=- RAMREG=090 ROMOP=- ROMREG=00

0628 0A0B ?BUSY
A=0000000000001000 B=0000000000030000 C=0000000000000000 D=0000000000001000 E=0000000000000000
FA=0040 [0000000001000000] KR=0280 [0000001010000000] EXT=00 COND=1 IDLE=1 IO=0000000000000000
FB=0840 [0000100001000000] SR=0100 R5=0 ROM=0000.0 PREG=0 RAMOP=- RAMREG=090 ROMOP=- ROMREG=00

0629 1005 BRNC 0627 -002
A=0000000000001000 B=0000000000030000 C=0000000000000000 D=0000000000001000 E=0000000000000000
FA=0040 [0000000001000000] KR=0280 [0000001010000000] EXT=00 COND=1 IDLE=1 IO=0000000000000000
FB=0840 [0000100001000000] SR=0100 R5=0 ROM=0000.0 PREG=0 RAMOP=- RAMREG=090 ROMOP=- ROMREG=00

062A 0A10 WAIT D1
A=0000000000001000 B=0000000000030000 C=0000000000000000 D=0000000000001000 E=0000000000000000
FA=0040 [0000000001000000] KR=0280 [0000001010000000] EXT=00 COND=1 IDLE=1 IO=0000000000000000
FB=0840 [0000100001000000] SR=0100 R5=0 ROM=0000.0 PREG=0 RAMOP=- RAMREG=090 ROMOP=- ROMREG=00

062B 0A09 SET IDLE
A=0000000000001000 B=0000000000030000 C=0000000000000000 D=0000000000001000 E=0000000000000000
FA=0040 [0000000001000000] KR=0280 [0000001010000000] EXT=00 COND=1 IDLE=1 IO=0000000000000000
FB=0840 [0000100001000000] SR=0100 R5=0 ROM=0000.0 PREG=0 RAMOP=- RAMREG=090 ROMOP=- ROMREG=00

062C 0AE0 WAIT D14
A=0000000000001000 B=0000000000030000 C=0000000000000000 D=0000000000001000 E=0000000000000000
FA=0040 [0000000001000000] KR=0280 [0000001010000000] EXT=00 COND=1 IDLE=1 IO=0000000000000000
FB=0840 [0000100001000000] SR=0100 R5=0 ROM=0000.0 PREG=0 RAMOP=- RAMREG=090 ROMOP=- ROMREG=00

062D 0820 ?KEY 20
A=0000000000001000 B=0000000000030000 C=0000000000000000 D=0000000000001000 E=0000000000000000
FA=0040 [0000000001000000] KR=0280 [0000001010000000] EXT=00 COND=1 IDLE=1 IO=0000000000000000
FB=0840 [0000100001000000] SR=0100 R5=0 ROM=0000.0 PREG=0 RAMOP=- RAMREG=090 ROMOP=- ROMREG=00

062E 180C BRC 0634 +006
A=0000000000001000 B=0000000000030000 C=0000000000000000 D=0000000000001000 E=0000000000000000
FA=0040 [0000000001000000] KR=0280 [0000001010000000] EXT=00 COND=0 IDLE=1 IO=0000000000000000
FB=0840 [0000100001000000] SR=0100 R5=0 ROM=0000.0 PREG=0 RAMOP=- RAMREG=090 ROMOP=- ROMREG=00

062F 0A45 ?TFKR 4
A=0000000000001000 B=0000000000030000 C=0000000000000000 D=0000000000001000 E=0000000000000000
FA=0040 [0000000001000000] KR=0280 [0000001010000000] EXT=00 COND=1 IDLE=1 IO=0000000000000000
FB=0840 [0000100001000000] SR=0100 R5=0 ROM=0000.0 PREG=0 RAMOP=- RAMREG=090 ROMOP=- ROMREG=00

0630 0A55 ?TFKR 5
A=0000000000001000 B=0000000000030000 C=0000000000000000 D=0000000000001000 E=0000000000000000
FA=0040 [0000000001000000] KR=0280 [0000001010000000] EXT=00 COND=1 IDLE=1 IO=0000000000000000
FB=0840 [0000100001000000] SR=0100 R5=0 ROM=0000.0 PREG=0 RAMOP=- RAMREG=090 ROMOP=- ROMREG=00

0631 0A65 ?TFKR 6
A=0000000000001000 B=0000000000030000 C=0000000000000000 D=0000000000001000 E=0000000000000000
FA=0040 [0000000001000000] KR=0280 [0000001010000000] EXT=00 COND=1 IDLE=1 IO=0000000000000000
FB=0840 [0000100001000000] SR=0100 R5=0 ROM=0000.0 PREG=0 RAMOP=- RAMREG=090 ROMOP=- ROMREG=00

0632 0A75 ?TFKR 7
A=0000000000001000 B=0000000000030000 C=0000000000000000 D=0000000000001000 E=0000000000000000
FA=0040 [0000000001000000] KR=0280 [0000001010000000] EXT=00 COND=1 IDLE=1 IO=0000000000000000
FB=0840 [0000100001000000] SR=0100 R5=0 ROM=0000.0 PREG=0 RAMOP=- RAMREG=090 ROMOP=- ROMREG=00

0633 1019 BRNC 0627 -00C
A=0000000000001000 B=0000000000030000 C=0000000000000000 D=0000000000001000 E=0000000000000000
FA=0040 [0000000001000000] KR=0280 [0000001010000000] EXT=00 COND=0 IDLE=1 IO=0000000000000000
FB=0840 [0000100001000000] SR=0100 R5=0 ROM=0000.0 PREG=0 RAMOP=- RAMREG=090 ROMOP=- ROMREG=00

0627 0A98 PRTSTEP
A=0000000000001000 B=0000000000030000 C=0000000000000000 D=0000000000001000 E=0000000000000000
FA=0040 [0000000001000000] KR=0280 [0000001010000000] EXT=00 COND=1 IDLE=1 IO=0000000000000000
FB=0840 [0000100001000000] SR=0100 R5=0 ROM=0000.0 PREG=0 RAMOP=- RAMREG=090 ROMOP=- ROMREG=00

0628 0A0B ?BUSY
A=0000000000001000 B=0000000000030000 C=0000000000000000 D=0000000000001000 E=0000000000000000
FA=0040 [0000000001000000] KR=0280 [0000001010000000] EXT=00 COND=1 IDLE=1 IO=0000000000000000
FB=0840 [0000100001000000] SR=0100 R5=0 ROM=0000.0 PREG=0 RAMOP=- RAMREG=090 ROMOP=- ROMREG=00

0629 1005 BRNC 0627 -002
A=0000000000001000 B=0000000000030000 C=0000000000000000 D=0000000000001000 E=0000000000000000
FA=0040 [0000000001000000] KR=0280 [0000001010000000] EXT=00 COND=1 IDLE=1 IO=0000000000000000
FB=0840 [0000100001000000] SR=0100 R5=0 ROM=0000.0 PREG=0 RAMOP=- RAMREG=090 ROMOP=- ROMREG=00

062A 0A10 WAIT D1
A=0000000000001000 B=0000000000030000 C=0000000000000000 D=0000000000001000 E=0000000000000000
FA=0040 [0000000001000000] KR=0280 [0000001010000000] EXT=00 COND=1 IDLE=1 IO=0000000000000000
FB=0840 [0000100001000000] SR=0100 R5=0 ROM=0000.0 PREG=0 RAMOP=- RAMREG=090 ROMOP=- ROMREG=00

062B 0A09 SET IDLE
A=0000000000001000 B=0000000000030000 C=0000000000000000 D=0000000000001000 E=0000000000000000
FA=0040 [0000000001000000] KR=0280 [0000001010000000] EXT=00 COND=1 IDLE=1 IO=0000000000000000
FB=0840 [0000100001000000] SR=0100 R5=0 ROM=0000.0 PREG=0 RAMOP=- RAMREG=090 ROMOP=- ROMREG=00

062C 0AE0 WAIT D14
A=0000000000001000 B=0000000000030000 C=0000000000000000 D=0000000000001000 E=0000000000000000
FA=0040 [0000000001000000] KR=0280 [0000001010000000] EXT=00 COND=1 IDLE=1 IO=0000000000000000
FB=0840 [0000100001000000] SR=0100 R5=0 ROM=0000.0 PREG=0 RAMOP=- RAMREG=090 ROMOP=- ROMREG=00

062D 0820 ?KEY 20
A=0000000000001000 B=0000000000030000 C=0000000000000000 D=0000000000001000 E=0000000000000000
FA=0040 [0000000001000000] KR=0280 [0000001010000000] EXT=00 COND=1 IDLE=1 IO=0000000000000000
FB=0840 [0000100001000000] SR=0100 R5=0 ROM=0000.0 PREG=0 RAMOP=- RAMREG=090 ROMOP=- ROMREG=00

062E 180C BRC 0634 +006
A=0000000000001000 B=0000000000030000 C=0000000000000000 D=0000000000001000 E=0000000000000000
FA=0040 [0000000001000000] KR=0280 [0000001010000000] EXT=00 COND=0 IDLE=1 IO=0000000000000000
FB=0840 [0000100001000000] SR=0100 R5=0 ROM=0000.0 PREG=0 RAMOP=- RAMREG=090 ROMOP=- ROMREG=00

062F 0A45 ?TFKR 4
A=0000000000001000 B=0000000000030000 C=0000000000000000 D=0000000000001000 E=0000000000000000
FA=0040 [0000000001000000] KR=0280 [0000001010000000] EXT=00 COND=1 IDLE=1 IO=0000000000000000
FB=0840 [0000100001000000] SR=0100 R5=0 ROM=0000.0 PREG=0 RAMOP=- RAMREG=090 ROMOP=- ROMREG=00

0630 0A55 ?TFKR 5
A=0000000000001000 B=0000000000030000 C=0000000000000000 D=0000000000001000 E=0000000000000000
FA=0040 [0000000001000000] KR=0280 [0000001010000000] EXT=00 COND=1 IDLE=1 IO=0000000000000000
FB=0840 [0000100001000000] SR=0100 R5=0 ROM=0000.0 PREG=0 RAMOP=- RAMREG=090 ROMOP=- ROMREG=00

0631 0A65 ?TFKR 6
A=0000000000001000 B=0000000000030000 C=0000000000000000 D=0000000000001000 E=0000000000000000
FA=0040 [0000000001000000] KR=0280 [0000001010000000] EXT=00 COND=1 IDLE=1 IO=0000000000000000
FB=0840 [0000100001000000] SR=0100 R5=0 ROM=0000.0 PREG=0 RAMOP=- RAMREG=090 ROMOP=- ROMREG=00

0632 0A75 ?TFKR 7
A=0000000000001000 B=0000000000030000 C=0000000000000000 D=0000000000001000 E=0000000000000000
FA=0040 [0000000001000000] KR=0280 [0000001010000000] EXT=00 COND=1 IDLE=1 IO=0000000000000000
FB=0840 [0000100001000000] SR=0100 R5=0 ROM=0000.0 PREG=0 RAMOP=- RAMREG=090 ROMOP=- ROMREG=00

0633 1019 BRNC 0627 -00C
A=0000000000001000 B=0000000000030000 C=0000000000000000 D=0000000000001000 E=0000000000000000
FA=0040 [0000000001000000] KR=0280 [0000001010000000] EXT=00 COND=0 IDLE=1 IO=0000000000000000
FB=0840 [0000100001000000] SR=0100 R5=0 ROM=0000.0 PREG=0 RAMOP=- RAMREG=090 ROMOP=- ROMREG=00

0627 0A98 PRTSTEP
A=0000000000001000 B=0000000000030000 C=0000000000000000 D=0000000000001000 E=0000000000000000
FA=0040 [0000000001000000] KR=0280 [0000001010000000] EXT=00 COND=1 IDLE=1 IO=0000000000000000
FB=0840 [0000100001000000] SR=0100 R5=0 ROM=0000.0 PREG=0 RAMOP=- RAMREG=090 ROMOP=- ROMREG=00

0628 0A0B ?BUSY
A=0000000000001000 B=0000000000030000 C=0000000000000000 D=0000000000001000 E=0000000000000000
FA=0040 [0000000001000000] KR=0280 [0000001010000000] EXT=00 COND=1 IDLE=1 IO=0000000000000000
FB=0840 [0000100001000000] SR=0100 R5=0 ROM=0000.0 PREG=0 RAMOP=- RAMREG=090 ROMOP=- ROMREG=00

0629 1005 BRNC 0627 -002
A=0000000000001000 B=0000000000030000 C=0000000000000000 D=0000000000001000 E=0000000000000000
FA=0040 [0000000001000000] KR=0280 [0000001010000000] EXT=00 COND=1 IDLE=1 IO=0000000000000000
FB=0840 [0000100001000000] SR=0100 R5=0 ROM=0000.0 PREG=0 RAMOP=- RAMREG=090 ROMOP=- ROMREG=00

062A 0A10 WAIT D1
A=0000000000001000 B=0000000000030000 C=0000000000000000 D=0000000000001000 E=0000000000000000
FA=0040 [0000000001000000] KR=0280 [0000001010000000] EXT=00 COND=1 IDLE=1 IO=0000000000000000
FB=0840 [0000100001000000] SR=0100 R5=0 ROM=0000.0 PREG=0 RAMOP=- RAMREG=090 ROMOP=- ROMREG=00

062B 0A09 SET IDLE
A=0000000000001000 B=0000000000030000 C=0000000000000000 D=0000000000001000 E=0000000000000000
FA=0040 [0000000001000000] KR=0280 [0000001010000000] EXT=00 COND=1 IDLE=1 IO=0000000000000000
FB=0840 [0000100001000000] SR=0100 R5=0 ROM=0000.0 PREG=0 RAMOP=- RAMREG=090 ROMOP=- ROMREG=00

062C 0AE0 WAIT D14
A=0000000000001000 B=0000000000030000 C=0000000000000000 D=0000000000001000 E=0000000000000000
FA=0040 [0000000001000000] KR=0280 [0000001010000000] EXT=00 COND=1 IDLE=1 IO=0000000000000000
FB=0840 [0000100001000000] SR=0100 R5=0 ROM=0000.0 PREG=0 RAMOP=- RAMREG=090 ROMOP=- ROMREG=00

062D 0820 ?KEY 20
A=0000000000001000 B=0000000000030000 C=0000000000000000 D=0000000000001000 E=0000000000000000
FA=0040 [0000000001000000] KR=0280 [0000001010000000] EXT=00 COND=1 IDLE=1 IO=0000000000000000
FB=0840 [0000100001000000] SR=0100 R5=0 ROM=0000.0 PREG=0 RAMOP=- RAMREG=090 ROMOP=- ROMREG=00

062E 180C BRC 0634 +006
A=0000000000001000 B=0000000000030000 C=0000000000000000 D=0000000000001000 E=0000000000000000
FA=0040 [0000000001000000] KR=0280 [0000001010000000] EXT=00 COND=0 IDLE=1 IO=0000000000000000
FB=0840 [0000100001000000] SR=0100 R5=0 ROM=0000.0 PREG=0 RAMOP=- RAMREG=090 ROMOP=- ROMREG=00

062F 0A45 ?TFKR 4
A=0000000000001000 B=0000000000030000 C=0000000000000000 D=0000000000001000 E=0000000000000000
FA=0040 [0000000001000000] KR=0280 [0000001010000000] EXT=00 COND=1 IDLE=1 IO=0000000000000000
FB=0840 [0000100001000000] SR=0100 R5=0 ROM=0000.0 PREG=0 RAMOP=- RAMREG=090 ROMOP=- ROMREG=00

0630 0A55 ?TFKR 5
A=0000000000001000 B=0000000000030000 C=0000000000000000 D=0000000000001000 E=0000000000000000
FA=0040 [0000000001000000] KR=0280 [0000001010000000] EXT=00 COND=1 IDLE=1 IO=0000000000000000
FB=0840 [0000100001000000] SR=0100 R5=0 ROM=0000.0 PREG=0 RAMOP=- RAMREG=090 ROMOP=- ROMREG=00

0631 0A65 ?TFKR 6
A=0000000000001000 B=0000000000030000 C=0000000000000000 D=0000000000001000 E=0000000000000000
FA=0040 [0000000001000000] KR=0280 [0000001010000000] EXT=00 COND=1 IDLE=1 IO=0000000000000000
FB=0840 [0000100001000000] SR=0100 R5=0 ROM=0000.0 PREG=0 RAMOP=- RAMREG=090 ROMOP=- ROMREG=00

0632 0A75 ?TFKR 7
A=0000000000001000 B=0000000000030000 C=0000000000000000 D=0000000000001000 E=0000000000000000
FA=0040 [0000000001000000] KR=0280 [0000001010000000] EXT=00 COND=1 IDLE=1 IO=0000000000000000
FB=0840 [0000100001000000] SR=0100 R5=0 ROM=0000.0 PREG=0 RAMOP=- RAMREG=090 ROMOP=- ROMREG=00

0633 1019 BRNC 0627 -00C
A=0000000000001000 B=0000000000030000 C=0000000000000000 D=0000000000001000 E=0000000000000000
FA=0040 [0000000001000000] KR=0280 [0000001010000000] EXT=00 COND=0 IDLE=1 IO=0000000000000000
FB=0840 [0000100001000000] SR=0100 R5=0 ROM=0000.0 PREG=0 RAMOP=- RAMREG=090 ROMOP=- ROMREG=00

0627 0A98 PRTSTEP
A=0000000000001000 B=0000000000030000 C=0000000000000000 D=0000000000001000 E=0000000000000000
FA=0040 [0000000001000000] KR=0280 [0000001010000000] EXT=00 COND=1 IDLE=1 IO=0000000000000000
FB=0840 [0000100001000000] SR=0100 R5=0 ROM=0000.0 PREG=0 RAMOP=- RAMREG=090 ROMOP=- ROMREG=00

0628 0A0B ?BUSY
A=0000000000001000 B=0000000000030000 C=0000000000000000 D=0000000000001000 E=0000000000000000
FA=0040 [0000000001000000] KR=0280 [0000001010000000] EXT=00 COND=1 IDLE=1 IO=0000000000000000
FB=0840 [0000100001000000] SR=0100 R5=0 ROM=0000.0 PREG=0 RAMOP=- RAMREG=090 ROMOP=- ROMREG=00

0629 1005 BRNC 0627 -002
A=0000000000001000 B=0000000000030000 C=0000000000000000 D=0000000000001000 E=0000000000000000
FA=0040 [0000000001000000] KR=0280 [0000001010000000] EXT=00 COND=1 IDLE=1 IO=0000000000000000
FB=0840 [0000100001000000] SR=0100 R5=0 ROM=0000.0 PREG=0 RAMOP=- RAMREG=090 ROMOP=- ROMREG=00

062A 0A10 WAIT D1
A=0000000000001000 B=0000000000030000 C=0000000000000000 D=0000000000001000 E=0000000000000000
FA=0040 [0000000001000000] KR=0280 [0000001010000000] EXT=00 COND=1 IDLE=1 IO=0000000000000000
FB=0840 [0000100001000000] SR=0100 R5=0 ROM=0000.0 PREG=0 RAMOP=- RAMREG=090 ROMOP=- ROMREG=00

062B 0A09 SET IDLE
A=0000000000001000 B=0000000000030000 C=0000000000000000 D=0000000000001000 E=0000000000000000
FA=0040 [0000000001000000] KR=0280 [0000001010000000] EXT=00 COND=1 IDLE=1 IO=0000000000000000
FB=0840 [0000100001000000] SR=0100 R5=0 ROM=0000.0 PREG=0 RAMOP=- RAMREG=090 ROMOP=- ROMREG=00

062C 0AE0 WAIT D14
A=0000000000001000 B=0000000000030000 C=0000000000000000 D=0000000000001000 E=0000000000000000
FA=0040 [0000000001000000] KR=0280 [0000001010000000] EXT=00 COND=1 IDLE=1 IO=0000000000000000
FB=0840 [0000100001000000] SR=0100 R5=0 ROM=0000.0 PREG=0 RAMOP=- RAMREG=090 ROMOP=- ROMREG=00

062D 0820 ?KEY 20
A=0000000000001000 B=0000000000030000 C=0000000000000000 D=0000000000001000 E=0000000000000000
FA=0040 [0000000001000000] KR=0280 [0000001010000000] EXT=00 COND=1 IDLE=1 IO=0000000000000000
FB=0840 [0000100001000000] SR=0100 R5=0 ROM=0000.0 PREG=0 RAMOP=- RAMREG=090 ROMOP=- ROMREG=00

062E 180C BRC 0634 +006
A=0000000000001000 B=0000000000030000 C=0000000000000000 D=0000000000001000 E=0000000000000000
FA=0040 [0000000001000000] KR=0280 [0000001010000000] EXT=00 COND=0 IDLE=1 IO=0000000000000000
FB=0840 [0000100001000000] SR=0100 R5=0 ROM=0000.0 PREG=0 RAMOP=- RAMREG=090 ROMOP=- ROMREG=00

062F 0A45 ?TFKR 4
A=0000000000001000 B=0000000000030000 C=0000000000000000 D=0000000000001000 E=0000000000000000
FA=0040 [0000000001000000] KR=0280 [0000001010000000] EXT=00 COND=1 IDLE=1 IO=0000000000000000
FB=0840 [0000100001000000] SR=0100 R5=0 ROM=0000.0 PREG=0 RAMOP=- RAMREG=090 ROMOP=- ROMREG=00

0630 0A55 ?TFKR 5
A=0000000000001000 B=0000000000030000 C=0000000000000000 D=0000000000001000 E=0000000000000000
FA=0040 [0000000001000000] KR=0280 [0000001010000000] EXT=00 COND=1 IDLE=1 IO=0000000000000000
FB=0840 [0000100001000000] SR=0100 R5=0 ROM=0000.0 PREG=0 RAMOP=- RAMREG=090 ROMOP=- ROMREG=00

0631 0A65 ?TFKR 6
A=0000000000001000 B=0000000000030000 C=0000000000000000 D=0000000000001000 E=0000000000000000
FA=0040 [0000000001000000] KR=0280 [0000001010000000] EXT=00 COND=1 IDLE=1 IO=0000000000000000
FB=0840 [0000100001000000] SR=0100 R5=0 ROM=0000.0 PREG=0 RAMOP=- RAMREG=090 ROMOP=- ROMREG=00

0632 0A75 ?TFKR 7
A=0000000000001000 B=0000000000030000 C=0000000000000000 D=0000000000001000 E=0000000000000000
FA=0040 [0000000001000000] KR=0280 [0000001010000000] EXT=00 COND=1 IDLE=1 IO=0000000000000000
FB=0840 [0000100001000000] SR=0100 R5=0 ROM=0000.0 PREG=0 RAMOP=- RAMREG=090 ROMOP=- ROMREG=00

0633 1019 BRNC 0627 -00C
A=0000000000001000 B=0000000000030000 C=0000000000000000 D=0000000000001000 E=0000000000000000
FA=0040 [0000000001000000] KR=0280 [0000001010000000] EXT=00 COND=0 IDLE=1 IO=0000000000000000
FB=0840 [0000100001000000] SR=0100 R5=0 ROM=0000.0 PREG=0 RAMOP=- RAMREG=090 ROMOP=- ROMREG=00

0627 0A98 PRTSTEP
A=0000000000001000 B=0000000000030000 C=0000000000000000 D=0000000000001000 E=0000000000000000
FA=0040 [0000000001000000] KR=0280 [0000001010000000] EXT=00 COND=1 IDLE=1 IO=0000000000000000
FB=0840 [0000100001000000] SR=0100 R5=0 ROM=0000.0 PREG=0 RAMOP=- RAMREG=090 ROMOP=- ROMREG=00

0628 0A0B ?BUSY
A=0000000000001000 B=0000000000030000 C=0000000000000000 D=0000000000001000 E=0000000000000000
FA=0040 [0000000001000000] KR=0280 [0000001010000000] EXT=00 COND=1 IDLE=1 IO=0000000000000000
FB=0840 [0000100001000000] SR=0100 R5=0 ROM=0000.0 PREG=0 RAMOP=- RAMREG=090 ROMOP=- ROMREG=00

0629 1005 BRNC 0627 -002
A=0000000000001000 B=0000000000030000 C=0000000000000000 D=0000000000001000 E=0000000000000000
FA=0040 [0000000001000000] KR=0280 [0000001010000000] EXT=00 COND=1 IDLE=1 IO=0000000000000000
FB=0840 [0000100001000000] SR=0100 R5=0 ROM=0000.0 PREG=0 RAMOP=- RAMREG=090 ROMOP=- ROMREG=00

062A 0A10 WAIT D1
A=0000000000001000 B=0000000000030000 C=0000000000000000 D=0000000000001000 E=0000000000000000
FA=0040 [0000000001000000] KR=0280 [0000001010000000] EXT=00 COND=1 IDLE=1 IO=0000000000000000
FB=0840 [0000100001000000] SR=0100 R5=0 ROM=0000.0 PREG=0 RAMOP=- RAMREG=090 ROMOP=- ROMREG=00

062B 0A09 SET IDLE
A=0000000000001000 B=0000000000030000 C=0000000000000000 D=0000000000001000 E=0000000000000000
FA=0040 [0000000001000000] KR=0280 [0000001010000000] EXT=00 COND=1 IDLE=1 IO=0000000000000000
FB=0840 [0000100001000000] SR=0100 R5=0 ROM=0000.0 PREG=0 RAMOP=- RAMREG=090 ROMOP=- ROMREG=00

062C 0AE0 WAIT D14
A=0000000000001000 B=0000000000030000 C=0000000000000000 D=0000000000001000 E=0000000000000000
FA=0040 [0000000001000000] KR=0280 [0000001010000000] EXT=00 COND=1 IDLE=1 IO=0000000000000000
FB=0840 [0000100001000000] SR=0100 R5=0 ROM=0000.0 PREG=0 RAMOP=- RAMREG=090 ROMOP=- ROMREG=00

062D 0820 ?KEY 20
A=0000000000001000 B=0000000000030000 C=0000000000000000 D=0000000000001000 E=0000000000000000
FA=0040 [0000000001000000] KR=0280 [0000001010000000] EXT=00 COND=1 IDLE=1 IO=0000000000000000
FB=0840 [0000100001000000] SR=0100 R5=0 ROM=0000.0 PREG=0 RAMOP=- RAMREG=090 ROMOP=- ROMREG=00

062E 180C BRC 0634 +006
A=0000000000001000 B=0000000000030000 C=0000000000000000 D=0000000000001000 E=0000000000000000
FA=0040 [0000000001000000] KR=0280 [0000001010000000] EXT=00 COND=0 IDLE=1 IO=0000000000000000
FB=0840 [0000100001000000] SR=0100 R5=0 ROM=0000.0 PREG=0 RAMOP=- RAMREG=090 ROMOP=- ROMREG=00

062F 0A45 ?TFKR 4
A=0000000000001000 B=0000000000030000 C=0000000000000000 D=0000000000001000 E=0000000000000000
FA=0040 [0000000001000000] KR=0280 [0000001010000000] EXT=00 COND=1 IDLE=1 IO=0000000000000000
FB=0840 [0000100001000000] SR=0100 R5=0 ROM=0000.0 PREG=0 RAMOP=- RAMREG=090 ROMOP=- ROMREG=00

0630 0A55 ?TFKR 5
A=0000000000001000 B=0000000000030000 C=0000000000000000 D=0000000000001000 E=0000000000000000
FA=0040 [0000000001000000] KR=0280 [0000001010000000] EXT=00 COND=1 IDLE=1 IO=0000000000000000
FB=0840 [0000100001000000] SR=0100 R5=0 ROM=0000.0 PREG=0 RAMOP=- RAMREG=090 ROMOP=- ROMREG=00

0631 0A65 ?TFKR 6
A=0000000000001000 B=0000000000030000 C=0000000000000000 D=0000000000001000 E=0000000000000000
FA=0040 [0000000001000000] KR=0280 [0000001010000000] EXT=00 COND=1 IDLE=1 IO=0000000000000000
FB=0840 [0000100001000000] SR=0100 R5=0 ROM=0000.0 PREG=0 RAMOP=- RAMREG=090 ROMOP=- ROMREG=00

0632 0A75 ?TFKR 7
A=0000000000001000 B=0000000000030000 C=0000000000000000 D=0000000000001000 E=0000000000000000
FA=0040 [0000000001000000] KR=0280 [0000001010000000] EXT=00 COND=1 IDLE=1 IO=0000000000000000
FB=0840 [0000100001000000] SR=0100 R5=0 ROM=0000.0 PREG=0 RAMOP=- RAMREG=090 ROMOP=- ROMREG=00

0633 1019 BRNC 0627 -00C
A=0000000000001000 B=0000000000030000 C=0000000000000000 D=0000000000001000 E=0000000000000000
FA=0040 [0000000001000000] KR=0280 [0000001010000000] EXT=00 COND=0 IDLE=1 IO=0000000000000000
FB=0840 [0000100001000000] SR=0100 R5=0 ROM=0000.0 PREG=0 RAMOP=- RAMREG=090 ROMOP=- ROMREG=00

0627 0A98 PRTSTEP
A=0000000000001000 B=0000000000030000 C=0000000000000000 D=0000000000001000 E=0000000000000000
FA=0040 [0000000001000000] KR=0280 [0000001010000000] EXT=00 COND=1 IDLE=1 IO=0000000000000000
FB=0840 [0000100001000000] SR=0100 R5=0 ROM=0000.0 PREG=0 RAMOP=- RAMREG=090 ROMOP=- ROMREG=00

0628 0A0B ?BUSY
A=0000000000001000 B=0000000000030000 C=0000000000000000 D=0000000000001000 E=0000000000000000
FA=0040 [0000000001000000] KR=0280 [0000001010000000] EXT=00 COND=1 IDLE=1 IO=0000000000000000
FB=0840 [0000100001000000] SR=0100 R5=0 ROM=0000.0 PREG=0 RAMOP=- RAMREG=090 ROMOP=- ROMREG=00

0629 1005 BRNC 0627 -002
A=0000000000001000 B=0000000000030000 C=0000000000000000 D=0000000000001000 E=0000000000000000
FA=0040 [0000000001000000] KR=0280 [0000001010000000] EXT=00 COND=1 IDLE=1 IO=0000000000000000
FB=0840 [0000100001000000] SR=0100 R5=0 ROM=0000.0 PREG=0 RAMOP=- RAMREG=090 ROMOP=- ROMREG=00

062A 0A10 WAIT D1
A=0000000000001000 B=0000000000030000 C=0000000000000000 D=0000000000001000 E=0000000000000000
FA=0040 [0000000001000000] KR=0280 [0000001010000000] EXT=00 COND=1 IDLE=1 IO=0000000000000000
FB=0840 [0000100001000000] SR=0100 R5=0 ROM=0000.0 PREG=0 RAMOP=- RAMREG=090 ROMOP=- ROMREG=00

062B 0A09 SET IDLE
A=0000000000001000 B=0000000000030000 C=0000000000000000 D=0000000000001000 E=0000000000000000
FA=0040 [0000000001000000] KR=0280 [0000001010000000] EXT=00 COND=1 IDLE=1 IO=0000000000000000
FB=0840 [0000100001000000] SR=0100 R5=0 ROM=0000.0 PREG=0 RAMOP=- RAMREG=090 ROMOP=- ROMREG=00

062C 0AE0 WAIT D14
A=0000000000001000 B=0000000000030000 C=0000000000000000 D=0000000000001000 E=0000000000000000
FA=0040 [0000000001000000] KR=0280 [0000001010000000] EXT=00 COND=1 IDLE=1 IO=0000000000000000
FB=0840 [0000100001000000] SR=0100 R5=0 ROM=0000.0 PREG=0 RAMOP=- RAMREG=090 ROMOP=- ROMREG=00

062D 0820 ?KEY 20
A=0000000000001000 B=0000000000030000 C=0000000000000000 D=0000000000001000 E=0000000000000000
FA=0040 [0000000001000000] KR=0280 [0000001010000000] EXT=00 COND=1 IDLE=1 IO=0000000000000000
FB=0840 [0000100001000000] SR=0100 R5=0 ROM=0000.0 PREG=0 RAMOP=- RAMREG=090 ROMOP=- ROMREG=00

062E 180C BRC 0634 +006
A=0000000000001000 B=0000000000030000 C=0000000000000000 D=0000000000001000 E=0000000000000000
FA=0040 [0000000001000000] KR=0280 [0000001010000000] EXT=00 COND=0 IDLE=1 IO=0000000000000000
FB=0840 [0000100001000000] SR=0100 R5=0 ROM=0000.0 PREG=0 RAMOP=- RAMREG=090 ROMOP=- ROMREG=00

062F 0A45 ?TFKR 4
A=0000000000001000 B=0000000000030000 C=0000000000000000 D=0000000000001000 E=0000000000000000
FA=0040 [0000000001000000] KR=0280 [0000001010000000] EXT=00 COND=1 IDLE=1 IO=0000000000000000
FB=0840 [0000100001000000] SR=0100 R5=0 ROM=0000.0 PREG=0 RAMOP=- RAMREG=090 ROMOP=- ROMREG=00

0630 0A55 ?TFKR 5
A=0000000000001000 B=0000000000030000 C=0000000000000000 D=0000000000001000 E=0000000000000000
FA=0040 [0000000001000000] KR=0280 [0000001010000000] EXT=00 COND=1 IDLE=1 IO=0000000000000000
FB=0840 [0000100001000000] SR=0100 R5=0 ROM=0000.0 PREG=0 RAMOP=- RAMREG=090 ROMOP=- ROMREG=00

0631 0A65 ?TFKR 6
A=0000000000001000 B=0000000000030000 C=0000000000000000 D=0000000000001000 E=0000000000000000
FA=0040 [0000000001000000] KR=0280 [0000001010000000] EXT=00 COND=1 IDLE=1 IO=0000000000000000
FB=0840 [0000100001000000] SR=0100 R5=0 ROM=0000.0 PREG=0 RAMOP=- RAMREG=090 ROMOP=- ROMREG=00

0632 0A75 ?TFKR 7
A=0000000000001000 B=0000000000030000 C=0000000000000000 D=0000000000001000 E=0000000000000000
FA=0040 [0000000001000000] KR=0280 [0000001010000000] EXT=00 COND=1 IDLE=1 IO=0000000000000000
FB=0840 [0000100001000000] SR=0100 R5=0 ROM=0000.0 PREG=0 RAMOP=- RAMREG=090 ROMOP=- ROMREG=00

0633 1019 BRNC 0627 -00C
A=0000000000001000 B=0000000000030000 C=0000000000000000 D=0000000000001000 E=0000000000000000
FA=0040 [0000000001000000] KR=0280 [0000001010000000] EXT=00 COND=0 IDLE=1 IO=0000000000000000
FB=0840 [0000100001000000] SR=0100 R5=0 ROM=0000.0 PREG=0 RAMOP=- RAMREG=090 ROMOP=- ROMREG=00

0627 0A98 PRTSTEP
A=0000000000001000 B=0000000000030000 C=0000000000000000 D=0000000000001000 E=0000000000000000
FA=0040 [0000000001000000] KR=0280 [0000001010000000] EXT=00 COND=1 IDLE=1 IO=0000000000000000
FB=0840 [0000100001000000] SR=0100 R5=0 ROM=0000.0 PREG=0 RAMOP=- RAMREG=090 ROMOP=- ROMREG=00

0628 0A0B ?BUSY
A=0000000000001000 B=0000000000030000 C=0000000000000000 D=0000000000001000 E=0000000000000000
FA=0040 [0000000001000000] KR=0280 [0000001010000000] EXT=00 COND=1 IDLE=1 IO=0000000000000000
FB=0840 [0000100001000000] SR=0100 R5=0 ROM=0000.0 PREG=0 RAMOP=- RAMREG=090 ROMOP=- ROMREG=00

0629 1005 BRNC 0627 -002
A=0000000000001000 B=0000000000030000 C=0000000000000000 D=0000000000001000 E=0000000000000000
FA=0040 [0000000001000000] KR=0280 [0000001010000000] EXT=00 COND=1 IDLE=1 IO=0000000000000000
FB=0840 [0000100001000000] SR=0100 R5=0 ROM=0000.0 PREG=0 RAMOP=- RAMREG=090 ROMOP=- ROMREG=00

062A 0A10 WAIT D1
A=0000000000001000 B=0000000000030000 C=0000000000000000 D=0000000000001000 E=0000000000000000
FA=0040 [0000000001000000] KR=0280 [0000001010000000] EXT=00 COND=1 IDLE=1 IO=0000000000000000
FB=0840 [0000100001000000] SR=0100 R5=0 ROM=0000.0 PREG=0 RAMOP=- RAMREG=090 ROMOP=- ROMREG=00

062B 0A09 SET IDLE
A=0000000000001000 B=0000000000030000 C=0000000000000000 D=0000000000001000 E=0000000000000000
FA=0040 [0000000001000000] KR=0280 [0000001010000000] EXT=00 COND=1 IDLE=1 IO=0000000000000000
FB=0840 [0000100001000000] SR=0100 R5=0 ROM=0000.0 PREG=0 RAMOP=- RAMREG=090 ROMOP=- ROMREG=00

062C 0AE0 WAIT D14
A=0000000000001000 B=0000000000030000 C=0000000000000000 D=0000000000001000 E=0000000000000000
FA=0040 [0000000001000000] KR=0280 [0000001010000000] EXT=00 COND=1 IDLE=1 IO=0000000000000000
FB=0840 [0000100001000000] SR=0100 R5=0 ROM=0000.0 PREG=0 RAMOP=- RAMREG=090 ROMOP=- ROMREG=00

062D 0820 ?KEY 20
A=0000000000001000 B=0000000000030000 C=0000000000000000 D=0000000000001000 E=0000000000000000
FA=0040 [0000000001000000] KR=0280 [0000001010000000] EXT=00 COND=1 IDLE=1 IO=0000000000000000
FB=0840 [0000100001000000] SR=0100 R5=0 ROM=0000.0 PREG=0 RAMOP=- RAMREG=090 ROMOP=- ROMREG=00

062E 180C BRC 0634 +006
A=0000000000001000 B=0000000000030000 C=0000000000000000 D=0000000000001000 E=0000000000000000
FA=0040 [0000000001000000] KR=0280 [0000001010000000] EXT=00 COND=0 IDLE=1 IO=0000000000000000
FB=0840 [0000100001000000] SR=0100 R5=0 ROM=0000.0 PREG=0 RAMOP=- RAMREG=090 ROMOP=- ROMREG=00

062F 0A45 ?TFKR 4
A=0000000000001000 B=0000000000030000 C=0000000000000000 D=0000000000001000 E=0000000000000000
FA=0040 [0000000001000000] KR=0280 [0000001010000000] EXT=00 COND=1 IDLE=1 IO=0000000000000000
FB=0840 [0000100001000000] SR=0100 R5=0 ROM=0000.0 PREG=0 RAMOP=- RAMREG=090 ROMOP=- ROMREG=00

0630 0A55 ?TFKR 5
A=0000000000001000 B=0000000000030000 C=0000000000000000 D=0000000000001000 E=0000000000000000
FA=0040 [0000000001000000] KR=0280 [0000001010000000] EXT=00 COND=1 IDLE=1 IO=0000000000000000
FB=0840 [0000100001000000] SR=0100 R5=0 ROM=0000.0 PREG=0 RAMOP=- RAMREG=090 ROMOP=- ROMREG=00

0631 0A65 ?TFKR 6
A=0000000000001000 B=0000000000030000 C=0000000000000000 D=0000000000001000 E=0000000000000000
FA=0040 [0000000001000000] KR=0280 [0000001010000000] EXT=00 COND=1 IDLE=1 IO=0000000000000000
FB=0840 [0000100001000000] SR=0100 R5=0 ROM=0000.0 PREG=0 RAMOP=- RAMREG=090 ROMOP=- ROMREG=00

0632 0A75 ?TFKR 7
A=0000000000001000 B=0000000000030000 C=0000000000000000 D=0000000000001000 E=0000000000000000
FA=0040 [0000000001000000] KR=0280 [0000001010000000] EXT=00 COND=1 IDLE=1 IO=0000000000000000
FB=0840 [0000100001000000] SR=0100 R5=0 ROM=0000.0 PREG=0 RAMOP=- RAMREG=090 ROMOP=- ROMREG=00

0633 1019 BRNC 0627 -00C
A=0000000000001000 B=0000000000030000 C=0000000000000000 D=0000000000001000 E=0000000000000000
FA=0040 [0000000001000000] KR=0280 [0000001010000000] EXT=00 COND=0 IDLE=1 IO=0000000000000000
FB=0840 [0000100001000000] SR=0100 R5=0 ROM=0000.0 PREG=0 RAMOP=- RAMREG=090 ROMOP=- ROMREG=00

0627 0A98 PRTSTEP
A=0000000000001000 B=0000000000030000 C=0000000000000000 D=0000000000001000 E=0000000000000000
FA=0040 [0000000001000000] KR=0280 [0000001010000000] EXT=00 COND=1 IDLE=1 IO=0000000000000000
FB=0840 [0000100001000000] SR=0100 R5=0 ROM=0000.0 PREG=0 RAMOP=- RAMREG=090 ROMOP=- ROMREG=00

0628 0A0B ?BUSY
A=0000000000001000 B=0000000000030000 C=0000000000000000 D=0000000000001000 E=0000000000000000
FA=0040 [0000000001000000] KR=0280 [0000001010000000] EXT=00 COND=1 IDLE=1 IO=0000000000000000
FB=0840 [0000100001000000] SR=0100 R5=0 ROM=0000.0 PREG=0 RAMOP=- RAMREG=090 ROMOP=- ROMREG=00

0629 1005 BRNC 0627 -002
A=0000000000001000 B=0000000000030000 C=0000000000000000 D=0000000000001000 E=0000000000000000
FA=0040 [0000000001000000] KR=0280 [0000001010000000] EXT=00 COND=1 IDLE=1 IO=0000000000000000
FB=0840 [0000100001000000] SR=0100 R5=0 ROM=0000.0 PREG=0 RAMOP=- RAMREG=090 ROMOP=- ROMREG=00

062A 0A10 WAIT D1
A=0000000000001000 B=0000000000030000 C=0000000000000000 D=0000000000001000 E=0000000000000000
FA=0040 [0000000001000000] KR=0280 [0000001010000000] EXT=00 COND=1 IDLE=1 IO=0000000000000000
FB=0840 [0000100001000000] SR=0100 R5=0 ROM=0000.0 PREG=0 RAMOP=- RAMREG=090 ROMOP=- ROMREG=00

062B 0A09 SET IDLE
A=0000000000001000 B=0000000000030000 C=0000000000000000 D=0000000000001000 E=0000000000000000
FA=0040 [0000000001000000] KR=0280 [0000001010000000] EXT=00 COND=1 IDLE=1 IO=0000000000000000
FB=0840 [0000100001000000] SR=0100 R5=0 ROM=0000.0 PREG=0 RAMOP=- RAMREG=090 ROMOP=- ROMREG=00

062C 0AE0 WAIT D14
A=0000000000001000 B=0000000000030000 C=0000000000000000 D=0000000000001000 E=0000000000000000
FA=0040 [0000000001000000] KR=0280 [0000001010000000] EXT=00 COND=1 IDLE=1 IO=0000000000000000
FB=0840 [0000100001000000] SR=0100 R5=0 ROM=0000.0 PREG=0 RAMOP=- RAMREG=090 ROMOP=- ROMREG=00

062D 0820 ?KEY 20
A=0000000000001000 B=0000000000030000 C=0000000000000000 D=0000000000001000 E=0000000000000000
FA=0040 [0000000001000000] KR=0280 [0000001010000000] EXT=00 COND=1 IDLE=1 IO=0000000000000000
FB=0840 [0000100001000000] SR=0100 R5=0 ROM=0000.0 PREG=0 RAMOP=- RAMREG=090 ROMOP=- ROMREG=00

062E 180C BRC 0634 +006
A=0000000000001000 B=0000000000030000 C=0000000000000000 D=0000000000001000 E=0000000000000000
FA=0040 [0000000001000000] KR=0280 [0000001010000000] EXT=00 COND=0 IDLE=1 IO=0000000000000000
FB=0840 [0000100001000000] SR=0100 R5=0 ROM=0000.0 PREG=0 RAMOP=- RAMREG=090 ROMOP=- ROMREG=00

062F 0A45 ?TFKR 4
A=0000000000001000 B=0000000000030000 C=0000000000000000 D=0000000000001000 E=0000000000000000
FA=0040 [0000000001000000] KR=0280 [0000001010000000] EXT=00 COND=1 IDLE=1 IO=0000000000000000
FB=0840 [0000100001000000] SR=0100 R5=0 ROM=0000.0 PREG=0 RAMOP=- RAMREG=090 ROMOP=- ROMREG=00

0630 0A55 ?TFKR 5
A=0000000000001000 B=0000000000030000 C=0000000000000000 D=0000000000001000 E=0000000000000000
FA=0040 [0000000001000000] KR=0280 [0000001010000000] EXT=00 COND=1 IDLE=1 IO=0000000000000000
FB=0840 [0000100001000000] SR=0100 R5=0 ROM=0000.0 PREG=0 RAMOP=- RAMREG=090 ROMOP=- ROMREG=00

0631 0A65 ?TFKR 6
A=0000000000001000 B=0000000000030000 C=0000000000000000 D=0000000000001000 E=0000000000000000
FA=0040 [0000000001000000] KR=0280 [0000001010000000] EXT=00 COND=1 IDLE=1 IO=0000000000000000
FB=0840 [0000100001000000] SR=0100 R5=0 ROM=0000.0 PREG=0 RAMOP=- RAMREG=090 ROMOP=- ROMREG=00

0632 0A75 ?TFKR 7
A=0000000000001000 B=0000000000030000 C=0000000000000000 D=0000000000001000 E=0000000000000000
FA=0040 [0000000001000000] KR=0280 [0000001010000000] EXT=00 COND=1 IDLE=1 IO=0000000000000000
FB=0840 [0000100001000000] SR=0100 R5=0 ROM=0000.0 PREG=0 RAMOP=- RAMREG=090 ROMOP=- ROMREG=00

0633 1019 BRNC 0627 -00C
A=0000000000001000 B=0000000000030000 C=0000000000000000 D=0000000000001000 E=0000000000000000
FA=0040 [0000000001000000] KR=0280 [0000001010000000] EXT=00 COND=0 IDLE=1 IO=0000000000000000
FB=0840 [0000100001000000] SR=0100 R5=0 ROM=0000.0 PREG=0 RAMOP=- RAMREG=090 ROMOP=- ROMREG=00

0627 0A98 PRTSTEP
A=0000000000001000 B=0000000000030000 C=0000000000000000 D=0000000000001000 E=0000000000000000
FA=0040 [0000000001000000] KR=0280 [0000001010000000] EXT=00 COND=1 IDLE=1 IO=0000000000000000
FB=0840 [0000100001000000] SR=0100 R5=0 ROM=0000.0 PREG=0 RAMOP=- RAMREG=090 ROMOP=- ROMREG=00

0628 0A0B ?BUSY
A=0000000000001000 B=0000000000030000 C=0000000000000000 D=0000000000001000 E=0000000000000000
FA=0040 [0000000001000000] KR=0280 [0000001010000000] EXT=00 COND=1 IDLE=1 IO=0000000000000000
FB=0840 [0000100001000000] SR=0100 R5=0 ROM=0000.0 PREG=0 RAMOP=- RAMREG=090 ROMOP=- ROMREG=00

0629 1005 BRNC 0627 -002
A=0000000000001000 B=0000000000030000 C=0000000000000000 D=0000000000001000 E=0000000000000000
FA=0040 [0000000001000000] KR=0280 [0000001010000000] EXT=00 COND=1 IDLE=1 IO=0000000000000000
FB=0840 [0000100001000000] SR=0100 R5=0 ROM=0000.0 PREG=0 RAMOP=- RAMREG=090 ROMOP=- ROMREG=00

062A 0A10 WAIT D1
A=0000000000001000 B=0000000000030000 C=0000000000000000 D=0000000000001000 E=0000000000000000
FA=0040 [0000000001000000] KR=0280 [0000001010000000] EXT=00 COND=1 IDLE=1 IO=0000000000000000
FB=0840 [0000100001000000] SR=0100 R5=0 ROM=0000.0 PREG=0 RAMOP=- RAMREG=090 ROMOP=- ROMREG=00

062B 0A09 SET IDLE
A=0000000000001000 B=0000000000030000 C=0000000000000000 D=0000000000001000 E=0000000000000000
FA=0040 [0000000001000000] KR=0280 [0000001010000000] EXT=00 COND=1 IDLE=1 IO=0000000000000000
FB=0840 [0000100001000000] SR=0100 R5=0 ROM=0000.0 PREG=0 RAMOP=- RAMREG=090 ROMOP=- ROMREG=00

062C 0AE0 WAIT D14
A=0000000000001000 B=0000000000030000 C=0000000000000000 D=0000000000001000 E=0000000000000000
FA=0040 [0000000001000000] KR=0280 [0000001010000000] EXT=00 COND=1 IDLE=1 IO=0000000000000000
FB=0840 [0000100001000000] SR=0100 R5=0 ROM=0000.0 PREG=0 RAMOP=- RAMREG=090 ROMOP=- ROMREG=00

062D 0820 ?KEY 20
A=0000000000001000 B=0000000000030000 C=0000000000000000 D=0000000000001000 E=0000000000000000
FA=0040 [0000000001000000] KR=0280 [0000001010000000] EXT=00 COND=1 IDLE=1 IO=0000000000000000
FB=0840 [0000100001000000] SR=0100 R5=0 ROM=0000.0 PREG=0 RAMOP=- RAMREG=090 ROMOP=- ROMREG=00

062E 180C BRC 0634 +006
A=0000000000001000 B=0000000000030000 C=0000000000000000 D=0000000000001000 E=0000000000000000
FA=0040 [0000000001000000] KR=0280 [0000001010000000] EXT=00 COND=0 IDLE=1 IO=0000000000000000
FB=0840 [0000100001000000] SR=0100 R5=0 ROM=0000.0 PREG=0 RAMOP=- RAMREG=090 ROMOP=- ROMREG=00

062F 0A45 ?TFKR 4
A=0000000000001000 B=0000000000030000 C=0000000000000000 D=0000000000001000 E=0000000000000000
FA=0040 [0000000001000000] KR=0280 [0000001010000000] EXT=00 COND=1 IDLE=1 IO=0000000000000000
FB=0840 [0000100001000000] SR=0100 R5=0 ROM=0000.0 PREG=0 RAMOP=- RAMREG=090 ROMOP=- ROMREG=00

0630 0A55 ?TFKR 5
A=0000000000001000 B=0000000000030000 C=0000000000000000 D=0000000000001000 E=0000000000000000
FA=0040 [0000000001000000] KR=0280 [0000001010000000] EXT=00 COND=1 IDLE=1 IO=0000000000000000
FB=0840 [0000100001000000] SR=0100 R5=0 ROM=0000.0 PREG=0 RAMOP=- RAMREG=090 ROMOP=- ROMREG=00

0631 0A65 ?TFKR 6
A=0000000000001000 B=0000000000030000 C=0000000000000000 D=0000000000001000 E=0000000000000000
FA=0040 [0000000001000000] KR=0280 [0000001010000000] EXT=00 COND=1 IDLE=1 IO=0000000000000000
FB=0840 [0000100001000000] SR=0100 R5=0 ROM=0000.0 PREG=0 RAMOP=- RAMREG=090 ROMOP=- ROMREG=00

0632 0A75 ?TFKR 7
A=0000000000001000 B=0000000000030000 C=0000000000000000 D=0000000000001000 E=0000000000000000
FA=0040 [0000000001000000] KR=0280 [0000001010000000] EXT=00 COND=1 IDLE=1 IO=0000000000000000
FB=0840 [0000100001000000] SR=0100 R5=0 ROM=0000.0 PREG=0 RAMOP=- RAMREG=090 ROMOP=- ROMREG=00

0633 1019 BRNC 0627 -00C
A=0000000000001000 B=0000000000030000 C=0000000000000000 D=0000000000001000 E=0000000000000000
FA=0040 [0000000001000000] KR=0280 [0000001010000000] EXT=00 COND=0 IDLE=1 IO=0000000000000000
FB=0840 [0000100001000000] SR=0100 R5=0 ROM=0000.0 PREG=0 RAMOP=- RAMREG=090 ROMOP=- ROMREG=00

0627 0A98 PRTSTEP
A=0000000000001000 B=0000000000030000 C=0000000000000000 D=0000000000001000 E=0000000000000000
FA=0040 [0000000001000000] KR=0280 [0000001010000000] EXT=00 COND=1 IDLE=1 IO=0000000000000000
FB=0840 [0000100001000000] SR=0100 R5=0 ROM=0000.0 PREG=0 RAMOP=- RAMREG=090 ROMOP=- ROMREG=00

0628 0A0B ?BUSY
A=0000000000001000 B=0000000000030000 C=0000000000000000 D=0000000000001000 E=0000000000000000
FA=0040 [0000000001000000] KR=0280 [0000001010000000] EXT=00 COND=1 IDLE=1 IO=0000000000000000
FB=0840 [0000100001000000] SR=0100 R5=0 ROM=0000.0 PREG=0 RAMOP=- RAMREG=090 ROMOP=- ROMREG=00

0629 1005 BRNC 0627 -002
A=0000000000001000 B=0000000000030000 C=0000000000000000 D=0000000000001000 E=0000000000000000
FA=0040 [0000000001000000] KR=0280 [0000001010000000] EXT=00 COND=1 IDLE=1 IO=0000000000000000
FB=0840 [0000100001000000] SR=0100 R5=0 ROM=0000.0 PREG=0 RAMOP=- RAMREG=090 ROMOP=- ROMREG=00

062A 0A10 WAIT D1
A=0000000000001000 B=0000000000030000 C=0000000000000000 D=0000000000001000 E=0000000000000000
FA=0040 [0000000001000000] KR=0280 [0000001010000000] EXT=00 COND=1 IDLE=1 IO=0000000000000000
FB=0840 [0000100001000000] SR=0100 R5=0 ROM=0000.0 PREG=0 RAMOP=- RAMREG=090 ROMOP=- ROMREG=00

062B 0A09 SET IDLE
A=0000000000001000 B=0000000000030000 C=0000000000000000 D=0000000000001000 E=0000000000000000
FA=0040 [0000000001000000] KR=0280 [0000001010000000] EXT=00 COND=1 IDLE=1 IO=0000000000000000
FB=0840 [0000100001000000] SR=0100 R5=0 ROM=0000.0 PREG=0 RAMOP=- RAMREG=090 ROMOP=- ROMREG=00

062C 0AE0 WAIT D14
A=0000000000001000 B=0000000000030000 C=0000000000000000 D=0000000000001000 E=0000000000000000
FA=0040 [0000000001000000] KR=0280 [0000001010000000] EXT=00 COND=1 IDLE=1 IO=0000000000000000
FB=0840 [0000100001000000] SR=0100 R5=0 ROM=0000.0 PREG=0 RAMOP=- RAMREG=090 ROMOP=- ROMREG=00

062D 0820 ?KEY 20
A=0000000000001000 B=0000000000030000 C=0000000000000000 D=0000000000001000 E=0000000000000000
FA=0040 [0000000001000000] KR=0280 [0000001010000000] EXT=00 COND=1 IDLE=1 IO=0000000000000000
FB=0840 [0000100001000000] SR=0100 R5=0 ROM=0000.0 PREG=0 RAMOP=- RAMREG=090 ROMOP=- ROMREG=00

062E 180C BRC 0634 +006
A=0000000000001000 B=0000000000030000 C=0000000000000000 D=0000000000001000 E=0000000000000000
FA=0040 [0000000001000000] KR=0280 [0000001010000000] EXT=00 COND=0 IDLE=1 IO=0000000000000000
FB=0840 [0000100001000000] SR=0100 R5=0 ROM=0000.0 PREG=0 RAMOP=- RAMREG=090 ROMOP=- ROMREG=00

062F 0A45 ?TFKR 4
A=0000000000001000 B=0000000000030000 C=0000000000000000 D=0000000000001000 E=0000000000000000
FA=0040 [0000000001000000] KR=0280 [0000001010000000] EXT=00 COND=1 IDLE=1 IO=0000000000000000
FB=0840 [0000100001000000] SR=0100 R5=0 ROM=0000.0 PREG=0 RAMOP=- RAMREG=090 ROMOP=- ROMREG=00

0630 0A55 ?TFKR 5
A=0000000000001000 B=0000000000030000 C=0000000000000000 D=0000000000001000 E=0000000000000000
FA=0040 [0000000001000000] KR=0280 [0000001010000000] EXT=00 COND=1 IDLE=1 IO=0000000000000000
FB=0840 [0000100001000000] SR=0100 R5=0 ROM=0000.0 PREG=0 RAMOP=- RAMREG=090 ROMOP=- ROMREG=00

0631 0A65 ?TFKR 6
A=0000000000001000 B=0000000000030000 C=0000000000000000 D=0000000000001000 E=0000000000000000
FA=0040 [0000000001000000] KR=0280 [0000001010000000] EXT=00 COND=1 IDLE=1 IO=0000000000000000
FB=0840 [0000100001000000] SR=0100 R5=0 ROM=0000.0 PREG=0 RAMOP=- RAMREG=090 ROMOP=- ROMREG=00

0632 0A75 ?TFKR 7
A=0000000000001000 B=0000000000030000 C=0000000000000000 D=0000000000001000 E=0000000000000000
FA=0040 [0000000001000000] KR=0280 [0000001010000000] EXT=00 COND=1 IDLE=1 IO=0000000000000000
FB=0840 [0000100001000000] SR=0100 R5=0 ROM=0000.0 PREG=0 RAMOP=- RAMREG=090 ROMOP=- ROMREG=00

0633 1019 BRNC 0627 -00C
A=0000000000001000 B=0000000000030000 C=0000000000000000 D=0000000000001000 E=0000000000000000
FA=0040 [0000000001000000] KR=0280 [0000001010000000] EXT=00 COND=0 IDLE=1 IO=0000000000000000
FB=0840 [0000100001000000] SR=0100 R5=0 ROM=0000.0 PREG=0 RAMOP=- RAMREG=090 ROMOP=- ROMREG=00

0627 0A98 PRTSTEP
A=0000000000001000 B=0000000000030000 C=0000000000000000 D=0000000000001000 E=0000000000000000
FA=0040 [0000000001000000] KR=0280 [0000001010000000] EXT=00 COND=1 IDLE=1 IO=0000000000000000
FB=0840 [0000100001000000] SR=0100 R5=0 ROM=0000.0 PREG=0 RAMOP=- RAMREG=090 ROMOP=- ROMREG=00

0628 0A0B ?BUSY
A=0000000000001000 B=0000000000030000 C=0000000000000000 D=0000000000001000 E=0000000000000000
FA=0040 [0000000001000000] KR=0280 [0000001010000000] EXT=00 COND=1 IDLE=1 IO=0000000000000000
FB=0840 [0000100001000000] SR=0100 R5=0 ROM=0000.0 PREG=0 RAMOP=- RAMREG=090 ROMOP=- ROMREG=00

0629 1005 BRNC 0627 -002
A=0000000000001000 B=0000000000030000 C=0000000000000000 D=0000000000001000 E=0000000000000000
FA=0040 [0000000001000000] KR=0280 [0000001010000000] EXT=00 COND=1 IDLE=1 IO=0000000000000000
FB=0840 [0000100001000000] SR=0100 R5=0 ROM=0000.0 PREG=0 RAMOP=- RAMREG=090 ROMOP=- ROMREG=00

062A 0A10 WAIT D1
A=0000000000001000 B=0000000000030000 C=0000000000000000 D=0000000000001000 E=0000000000000000
FA=0040 [0000000001000000] KR=0280 [0000001010000000] EXT=00 COND=1 IDLE=1 IO=0000000000000000
FB=0840 [0000100001000000] SR=0100 R5=0 ROM=0000.0 PREG=0 RAMOP=- RAMREG=090 ROMOP=- ROMREG=00

062B 0A09 SET IDLE
A=0000000000001000 B=0000000000030000 C=0000000000000000 D=0000000000001000 E=0000000000000000
FA=0040 [0000000001000000] KR=0280 [0000001010000000] EXT=00 COND=1 IDLE=1 IO=0000000000000000
FB=0840 [0000100001000000] SR=0100 R5=0 ROM=0000.0 PREG=0 RAMOP=- RAMREG=090 ROMOP=- ROMREG=00

062C 0AE0 WAIT D14
A=0000000000001000 B=0000000000030000 C=0000000000000000 D=0000000000001000 E=0000000000000000
FA=0040 [0000000001000000] KR=0280 [0000001010000000] EXT=00 COND=1 IDLE=1 IO=0000000000000000
FB=0840 [0000100001000000] SR=0100 R5=0 ROM=0000.0 PREG=0 RAMOP=- RAMREG=090 ROMOP=- ROMREG=00

062D 0820 ?KEY 20
A=0000000000001000 B=0000000000030000 C=0000000000000000 D=0000000000001000 E=0000000000000000
FA=0040 [0000000001000000] KR=0280 [0000001010000000] EXT=00 COND=1 IDLE=1 IO=0000000000000000
FB=0840 [0000100001000000] SR=0100 R5=0 ROM=0000.0 PREG=0 RAMOP=- RAMREG=090 ROMOP=- ROMREG=00

062E 180C BRC 0634 +006
A=0000000000001000 B=0000000000030000 C=0000000000000000 D=0000000000001000 E=0000000000000000
FA=0040 [0000000001000000] KR=0280 [0000001010000000] EXT=00 COND=0 IDLE=1 IO=0000000000000000
FB=0840 [0000100001000000] SR=0100 R5=0 ROM=0000.0 PREG=0 RAMOP=- RAMREG=090 ROMOP=- ROMREG=00

062F 0A45 ?TFKR 4
A=0000000000001000 B=0000000000030000 C=0000000000000000 D=0000000000001000 E=0000000000000000
FA=0040 [0000000001000000] KR=0280 [0000001010000000] EXT=00 COND=1 IDLE=1 IO=0000000000000000
FB=0840 [0000100001000000] SR=0100 R5=0 ROM=0000.0 PREG=0 RAMOP=- RAMREG=090 ROMOP=- ROMREG=00

0630 0A55 ?TFKR 5
A=0000000000001000 B=0000000000030000 C=0000000000000000 D=0000000000001000 E=0000000000000000
FA=0040 [0000000001000000] KR=0280 [0000001010000000] EXT=00 COND=1 IDLE=1 IO=0000000000000000
FB=0840 [0000100001000000] SR=0100 R5=0 ROM=0000.0 PREG=0 RAMOP=- RAMREG=090 ROMOP=- ROMREG=00

0631 0A65 ?TFKR 6
A=0000000000001000 B=0000000000030000 C=0000000000000000 D=0000000000001000 E=0000000000000000
FA=0040 [0000000001000000] KR=0280 [0000001010000000] EXT=00 COND=1 IDLE=1 IO=0000000000000000
FB=0840 [0000100001000000] SR=0100 R5=0 ROM=0000.0 PREG=0 RAMOP=- RAMREG=090 ROMOP=- ROMREG=00

0632 0A75 ?TFKR 7
A=0000000000001000 B=0000000000030000 C=0000000000000000 D=0000000000001000 E=0000000000000000
FA=0040 [0000000001000000] KR=0280 [0000001010000000] EXT=00 COND=1 IDLE=1 IO=0000000000000000
FB=0840 [0000100001000000] SR=0100 R5=0 ROM=0000.0 PREG=0 RAMOP=- RAMREG=090 ROMOP=- ROMREG=00

0633 1019 BRNC 0627 -00C
A=0000000000001000 B=0000000000030000 C=0000000000000000 D=0000000000001000 E=0000000000000000
FA=0040 [0000000001000000] KR=0280 [0000001010000000] EXT=00 COND=0 IDLE=1 IO=0000000000000000
FB=0840 [0000100001000000] SR=0100 R5=0 ROM=0000.0 PREG=0 RAMOP=- RAMREG=090 ROMOP=- ROMREG=00

0627 0A98 PRTSTEP
A=0000000000001000 B=0000000000030000 C=0000000000000000 D=0000000000001000 E=0000000000000000
FA=0040 [0000000001000000] KR=0280 [0000001010000000] EXT=00 COND=1 IDLE=1 IO=0000000000000000
FB=0840 [0000100001000000] SR=0100 R5=0 ROM=0000.0 PREG=0 RAMOP=- RAMREG=090 ROMOP=- ROMREG=00

0628 0A0B ?BUSY
A=0000000000001000 B=0000000000030000 C=0000000000000000 D=0000000000001000 E=0000000000000000
FA=0040 [0000000001000000] KR=0280 [0000001010000000] EXT=00 COND=1 IDLE=1 IO=0000000000000000
FB=0840 [0000100001000000] SR=0100 R5=0 ROM=0000.0 PREG=0 RAMOP=- RAMREG=090 ROMOP=- ROMREG=00

0629 1005 BRNC 0627 -002
A=0000000000001000 B=0000000000030000 C=0000000000000000 D=0000000000001000 E=0000000000000000
FA=0040 [0000000001000000] KR=0280 [0000001010000000] EXT=00 COND=1 IDLE=1 IO=0000000000000000
FB=0840 [0000100001000000] SR=0100 R5=0 ROM=0000.0 PREG=0 RAMOP=- RAMREG=090 ROMOP=- ROMREG=00

062A 0A10 WAIT D1
A=0000000000001000 B=0000000000030000 C=0000000000000000 D=0000000000001000 E=0000000000000000
FA=0040 [0000000001000000] KR=0280 [0000001010000000] EXT=00 COND=1 IDLE=1 IO=0000000000000000
FB=0840 [0000100001000000] SR=0100 R5=0 ROM=0000.0 PREG=0 RAMOP=- RAMREG=090 ROMOP=- ROMREG=00

062B 0A09 SET IDLE
A=0000000000001000 B=0000000000030000 C=0000000000000000 D=0000000000001000 E=0000000000000000
FA=0040 [0000000001000000] KR=0280 [0000001010000000] EXT=00 COND=1 IDLE=1 IO=0000000000000000
FB=0840 [0000100001000000] SR=0100 R5=0 ROM=0000.0 PREG=0 RAMOP=- RAMREG=090 ROMOP=- ROMREG=00

062C 0AE0 WAIT D14
A=0000000000001000 B=0000000000030000 C=0000000000000000 D=0000000000001000 E=0000000000000000
FA=0040 [0000000001000000] KR=0280 [0000001010000000] EXT=00 COND=1 IDLE=1 IO=0000000000000000
FB=0840 [0000100001000000] SR=0100 R5=0 ROM=0000.0 PREG=0 RAMOP=- RAMREG=090 ROMOP=- ROMREG=00

062D 0820 ?KEY 20
A=0000000000001000 B=0000000000030000 C=0000000000000000 D=0000000000001000 E=0000000000000000
FA=0040 [0000000001000000] KR=0280 [0000001010000000] EXT=00 COND=1 IDLE=1 IO=0000000000000000
FB=0840 [0000100001000000] SR=0100 R5=0 ROM=0000.0 PREG=0 RAMOP=- RAMREG=090 ROMOP=- ROMREG=00

062E 180C BRC 0634 +006
A=0000000000001000 B=0000000000030000 C=0000000000000000 D=0000000000001000 E=0000000000000000
FA=0040 [0000000001000000] KR=0280 [0000001010000000] EXT=00 COND=0 IDLE=1 IO=0000000000000000
FB=0840 [0000100001000000] SR=0100 R5=0 ROM=0000.0 PREG=0 RAMOP=- RAMREG=090 ROMOP=- ROMREG=00

062F 0A45 ?TFKR 4
A=0000000000001000 B=0000000000030000 C=0000000000000000 D=0000000000001000 E=0000000000000000
FA=0040 [0000000001000000] KR=0280 [0000001010000000] EXT=00 COND=1 IDLE=1 IO=0000000000000000
FB=0840 [0000100001000000] SR=0100 R5=0 ROM=0000.0 PREG=0 RAMOP=- RAMREG=090 ROMOP=- ROMREG=00

0630 0A55 ?TFKR 5
A=0000000000001000 B=0000000000030000 C=0000000000000000 D=0000000000001000 E=0000000000000000
FA=0040 [0000000001000000] KR=0280 [0000001010000000] EXT=00 COND=1 IDLE=1 IO=0000000000000000
FB=0840 [0000100001000000] SR=0100 R5=0 ROM=0000.0 PREG=0 RAMOP=- RAMREG=090 ROMOP=- ROMREG=00

0631 0A65 ?TFKR 6
A=0000000000001000 B=0000000000030000 C=0000000000000000 D=0000000000001000 E=0000000000000000
FA=0040 [0000000001000000] KR=0280 [0000001010000000] EXT=00 COND=1 IDLE=1 IO=0000000000000000
FB=0840 [0000100001000000] SR=0100 R5=0 ROM=0000.0 PREG=0 RAMOP=- RAMREG=090 ROMOP=- ROMREG=00

0632 0A75 ?TFKR 7
A=0000000000001000 B=0000000000030000 C=0000000000000000 D=0000000000001000 E=0000000000000000
FA=0040 [0000000001000000] KR=0280 [0000001010000000] EXT=00 COND=1 IDLE=1 IO=0000000000000000
FB=0840 [0000100001000000] SR=0100 R5=0 ROM=0000.0 PREG=0 RAMOP=- RAMREG=090 ROMOP=- ROMREG=00

0633 1019 BRNC 0627 -00C
A=0000000000001000 B=0000000000030000 C=0000000000000000 D=0000000000001000 E=0000000000000000
FA=0040 [0000000001000000] KR=0280 [0000001010000000] EXT=00 COND=0 IDLE=1 IO=0000000000000000
FB=0840 [0000100001000000] SR=0100 R5=0 ROM=0000.0 PREG=0 RAMOP=- RAMREG=090 ROMOP=- ROMREG=00

0627 0A98 PRTSTEP
A=0000000000001000 B=0000000000030000 C=0000000000000000 D=0000000000001000 E=0000000000000000
FA=0040 [0000000001000000] KR=0280 [0000001010000000] EXT=00 COND=1 IDLE=1 IO=0000000000000000
FB=0840 [0000100001000000] SR=0100 R5=0 ROM=0000.0 PREG=0 RAMOP=- RAMREG=090 ROMOP=- ROMREG=00

0628 0A0B ?BUSY
A=0000000000001000 B=0000000000030000 C=0000000000000000 D=0000000000001000 E=0000000000000000
FA=0040 [0000000001000000] KR=0280 [0000001010000000] EXT=00 COND=1 IDLE=1 IO=0000000000000000
FB=0840 [0000100001000000] SR=0100 R5=0 ROM=0000.0 PREG=0 RAMOP=- RAMREG=090 ROMOP=- ROMREG=00

0629 1005 BRNC 0627 -002
A=0000000000001000 B=0000000000030000 C=0000000000000000 D=0000000000001000 E=0000000000000000
FA=0040 [0000000001000000] KR=0280 [0000001010000000] EXT=00 COND=1 IDLE=1 IO=0000000000000000
FB=0840 [0000100001000000] SR=0100 R5=0 ROM=0000.0 PREG=0 RAMOP=- RAMREG=090 ROMOP=- ROMREG=00

062A 0A10 WAIT D1
A=0000000000001000 B=0000000000030000 C=0000000000000000 D=0000000000001000 E=0000000000000000
FA=0040 [0000000001000000] KR=0280 [0000001010000000] EXT=00 COND=1 IDLE=1 IO=0000000000000000
FB=0840 [0000100001000000] SR=0100 R5=0 ROM=0000.0 PREG=0 RAMOP=- RAMREG=090 ROMOP=- ROMREG=00

062B 0A09 SET IDLE
A=0000000000001000 B=0000000000030000 C=0000000000000000 D=0000000000001000 E=0000000000000000
FA=0040 [0000000001000000] KR=0280 [0000001010000000] EXT=00 COND=1 IDLE=1 IO=0000000000000000
FB=0840 [0000100001000000] SR=0100 R5=0 ROM=0000.0 PREG=0 RAMOP=- RAMREG=090 ROMOP=- ROMREG=00

062C 0AE0 WAIT D14
A=0000000000001000 B=0000000000030000 C=0000000000000000 D=0000000000001000 E=0000000000000000
FA=0040 [0000000001000000] KR=0280 [0000001010000000] EXT=00 COND=1 IDLE=1 IO=0000000000000000
FB=0840 [0000100001000000] SR=0100 R5=0 ROM=0000.0 PREG=0 RAMOP=- RAMREG=090 ROMOP=- ROMREG=00

062D 0820 ?KEY 20
A=0000000000001000 B=0000000000030000 C=0000000000000000 D=0000000000001000 E=0000000000000000
FA=0040 [0000000001000000] KR=0280 [0000001010000000] EXT=00 COND=1 IDLE=1 IO=0000000000000000
FB=0840 [0000100001000000] SR=0100 R5=0 ROM=0000.0 PREG=0 RAMOP=- RAMREG=090 ROMOP=- ROMREG=00

062E 180C BRC 0634 +006
A=0000000000001000 B=0000000000030000 C=0000000000000000 D=0000000000001000 E=0000000000000000
FA=0040 [0000000001000000] KR=0280 [0000001010000000] EXT=00 COND=1 IDLE=1 IO=0000000000000000
FB=0840 [0000100001000000] SR=0100 R5=0 ROM=0000.0 PREG=0 RAMOP=- RAMREG=090 ROMOP=- ROMREG=00

0634 0AE0 WAIT D14
A=0000000000001000 B=0000000000030000 C=0000000000000000 D=0000000000001000 E=0000000000000000
FA=0040 [0000000001000000] KR=0280 [0000001010000000] EXT=00 COND=1 IDLE=1 IO=0000000000000000
FB=0840 [0000100001000000] SR=0100 R5=0 ROM=0000.0 PREG=0 RAMOP=- RAMREG=090 ROMOP=- ROMREG=00

0635 0820 ?KEY 20
A=0000000000001000 B=0000000000030000 C=0000000000000000 D=0000000000001000 E=0000000000000000
FA=0040 [0000000001000000] KR=0280 [0000001010000000] EXT=00 COND=1 IDLE=1 IO=0000000000000000
FB=0840 [0000100001000000] SR=0100 R5=0 ROM=0000.0 PREG=0 RAMOP=- RAMREG=090 ROMOP=- ROMREG=00

0636 180C BRC 063C +006
A=0000000000001000 B=0000000000030000 C=0000000000000000 D=0000000000001000 E=0000000000000000
FA=0040 [0000000001000000] KR=0280 [0000001010000000] EXT=00 COND=1 IDLE=1 IO=0000000000000000
FB=0840 [0000100001000000] SR=0100 R5=0 ROM=0000.0 PREG=0 RAMOP=- RAMREG=090 ROMOP=- ROMREG=00

063C 00C8 ?TFB 12
A=0000000000001000 B=0000000000030000 C=0000000000000000 D=0000000000001000 E=0000000000000000
FA=0040 [0000000001000000] KR=0280 [0000001010000000] EXT=00 COND=1 IDLE=1 IO=0000000000000000
FB=0840 [0000100001000000] SR=0100 R5=0 ROM=0000.0 PREG=0 RAMOP=- RAMREG=090 ROMOP=- ROMREG=00

063D 00A8 ?TFB 10
A=0000000000001000 B=0000000000030000 C=0000000000000000 D=0000000000001000 E=0000000000000000
FA=0040 [0000000001000000] KR=0280 [0000001010000000] EXT=00 COND=1 IDLE=1 IO=0000000000000000
FB=0840 [0000100001000000] SR=0100 R5=0 ROM=0000.0 PREG=0 RAMOP=- RAMREG=090 ROMOP=- ROMREG=00

063E 0AB0 WAIT D11
A=0000000000001000 B=0000000000030000 C=0000000000000000 D=0000000000001000 E=0000000000000000
FA=0040 [0000000001000000] KR=0280 [0000001010000000] EXT=00 COND=1 IDLE=1 IO=0000000000000000
FB=0840 [0000100001000000] SR=0100 R5=0 ROM=0000.0 PREG=0 RAMOP=- RAMREG=090 ROMOP=- ROMREG=00

063F 0A0B ?BUSY
A=0000000000001000 B=0000000000030000 C=0000000000000000 D=0000000000001000 E=0000000000000000
FA=0040 [0000000001000000] KR=0280 [0000001010000000] EXT=00 COND=1 IDLE=1 IO=0000000000000000
FB=0840 [0000100001000000] SR=0100 R5=0 ROM=0000.0 PREG=0 RAMOP=- RAMREG=090 ROMOP=- ROMREG=00

0640 1BCF BRC 0459 -1E7
A=0000000000001000 B=0000000000030000 C=0000000000000000 D=0000000000001000 E=0000000000000000
FA=0040 [0000000001000000] KR=0280 [0000001010000000] EXT=00 COND=1 IDLE=1 IO=0000000000000000
FB=0840 [0000100001000000] SR=0100 R5=0 ROM=0000.0 PREG=0 RAMOP=- RAMREG=090 ROMOP=- ROMREG=00

0459 0A80 WAIT D8
A=0000000000001000 B=0000000000030000 C=0000000000000000 D=0000000000001000 E=0000000000000000
FA=0040 [0000000001000000] KR=0280 [0000001010000000] EXT=00 COND=1 IDLE=1 IO=0000000000000000
FB=0840 [0000100001000000] SR=0100 R5=0 ROM=0000.0 PREG=0 RAMOP=- RAMREG=090 ROMOP=- ROMREG=00

045A 0A0B ?BUSY
A=0000000000001000 B=0000000000030000 C=0000000000000000 D=0000000000001000 E=0000000000000000
FA=0040 [0000000001000000] KR=0280 [0000001010000000] EXT=00 COND=1 IDLE=1 IO=0000000000000000
FB=0840 [0000100001000000] SR=0100 R5=0 ROM=0000.0 PREG=0 RAMOP=- RAMREG=090 ROMOP=- ROMREG=00

045B 13CC BRNC 0641 +1E6
A=0000000000001000 B=0000000000030000 C=0000000000000000 D=0000000000001000 E=0000000000000000
FA=0040 [0000000001000000] KR=0280 [0000001010000000] EXT=00 COND=0 IDLE=1 IO=0000000000000000
FB=0840 [0000100001000000] SR=0100 R5=0 ROM=0000.0 PREG=0 RAMOP=- RAMREG=090 ROMOP=- ROMREG=00

0641 0098 ?TFB 9
A=0000000000001000 B=0000000000030000 C=0000000000000000 D=0000000000001000 E=0000000000000000
FA=0040 [0000000001000000] KR=0280 [0000001010000000] EXT=00 COND=1 IDLE=1 IO=0000000000000000
FB=0840 [0000100001000000] SR=0100 R5=0 ROM=0000.0 PREG=0 RAMOP=- RAMREG=090 ROMOP=- ROMREG=00

0642 1828 BRC 0656 +014
A=0000000000001000 B=0000000000030000 C=0000000000000000 D=0000000000001000 E=0000000000000000
FA=0040 [0000000001000000] KR=0280 [0000001010000000] EXT=00 COND=1 IDLE=1 IO=0000000000000000
FB=0840 [0000100001000000] SR=0100 R5=0 ROM=0000.0 PREG=0 RAMOP=- RAMREG=090 ROMOP=- ROMREG=00

0656 0AE0 WAIT D14
A=0000000000001000 B=0000000000030000 C=0000000000000000 D=0000000000001000 E=0000000000000000
FA=0040 [0000000001000000] KR=0280 [0000001010000000] EXT=00 COND=1 IDLE=1 IO=0000000000000000
FB=0840 [0000100001000000] SR=0100 R5=0 ROM=0000.0 PREG=0 RAMOP=- RAMREG=090 ROMOP=- ROMREG=00

0657 0820 ?KEY 20
A=0000000000001000 B=0000000000030000 C=0000000000000000 D=0000000000001000 E=0000000000000000
FA=0040 [0000000001000000] KR=0280 [0000001010000000] EXT=00 COND=1 IDLE=1 IO=0000000000000000
FB=0840 [0000100001000000] SR=0100 R5=0 ROM=0000.0 PREG=0 RAMOP=- RAMREG=090 ROMOP=- ROMREG=00

0658 1839 BRC 063C -01C
A=0000000000001000 B=0000000000030000 C=0000000000000000 D=0000000000001000 E=0000000000000000
FA=0040 [0000000001000000] KR=0280 [0000001010000000] EXT=00 COND=1 IDLE=1 IO=0000000000000000
FB=0840 [0000100001000000] SR=0100 R5=0 ROM=0000.0 PREG=0 RAMOP=- RAMREG=090 ROMOP=- ROMREG=00

063C 00C8 ?TFB 12
A=0000000000001000 B=0000000000030000 C=0000000000000000 D=0000000000001000 E=0000000000000000
FA=0040 [0000000001000000] KR=0280 [0000001010000000] EXT=00 COND=1 IDLE=1 IO=0000000000000000
FB=0840 [0000100001000000] SR=0100 R5=0 ROM=0000.0 PREG=0 RAMOP=- RAMREG=090 ROMOP=- ROMREG=00

063D 00A8 ?TFB 10
A=0000000000001000 B=0000000000030000 C=0000000000000000 D=0000000000001000 E=0000000000000000
FA=0040 [0000000001000000] KR=0280 [0000001010000000] EXT=00 COND=1 IDLE=1 IO=0000000000000000
FB=0840 [0000100001000000] SR=0100 R5=0 ROM=0000.0 PREG=0 RAMOP=- RAMREG=090 ROMOP=- ROMREG=00

063E 0AB0 WAIT D11
A=0000000000001000 B=0000000000030000 C=0000000000000000 D=0000000000001000 E=0000000000000000
FA=0040 [0000000001000000] KR=0280 [0000001010000000] EXT=00 COND=1 IDLE=1 IO=0000000000000000
FB=0840 [0000100001000000] SR=0100 R5=0 ROM=0000.0 PREG=0 RAMOP=- RAMREG=090 ROMOP=- ROMREG=00

063F 0A0B ?BUSY
A=0000000000001000 B=0000000000030000 C=0000000000000000 D=0000000000001000 E=0000000000000000
FA=0040 [0000000001000000] KR=0280 [0000001010000000] EXT=00 COND=1 IDLE=1 IO=0000000000000000
FB=0840 [0000100001000000] SR=0100 R5=0 ROM=0000.0 PREG=0 RAMOP=- RAMREG=090 ROMOP=- ROMREG=00

0640 1BCF BRC 0459 -1E7
A=0000000000001000 B=0000000000030000 C=0000000000000000 D=0000000000001000 E=0000000000000000
FA=0040 [0000000001000000] KR=0280 [0000001010000000] EXT=00 COND=1 IDLE=1 IO=0000000000000000
FB=0840 [0000100001000000] SR=0100 R5=0 ROM=0000.0 PREG=0 RAMOP=- RAMREG=090 ROMOP=- ROMREG=00

0459 0A80 WAIT D8
A=0000000000001000 B=0000000000030000 C=0000000000000000 D=0000000000001000 E=0000000000000000
FA=0040 [0000000001000000] KR=0280 [0000001010000000] EXT=00 COND=1 IDLE=1 IO=0000000000000000
FB=0840 [0000100001000000] SR=0100 R5=0 ROM=0000.0 PREG=0 RAMOP=- RAMREG=090 ROMOP=- ROMREG=00

045A 0A0B ?BUSY
A=0000000000001000 B=0000000000030000 C=0000000000000000 D=0000000000001000 E=0000000000000000
FA=0040 [0000000001000000] KR=0280 [0000001010000000] EXT=00 COND=1 IDLE=1 IO=0000000000000000
FB=0840 [0000100001000000] SR=0100 R5=0 ROM=0000.0 PREG=0 RAMOP=- RAMREG=090 ROMOP=- ROMREG=00

045B 13CC BRNC 0641 +1E6
A=0000000000001000 B=0000000000030000 C=0000000000000000 D=0000000000001000 E=0000000000000000
FA=0040 [0000000001000000] KR=0280 [0000001010000000] EXT=00 COND=0 IDLE=1 IO=0000000000000000
FB=0840 [0000100001000000] SR=0100 R5=0 ROM=0000.0 PREG=0 RAMOP=- RAMREG=090 ROMOP=- ROMREG=00

0641 0098 ?TFB 9
A=0000000000001000 B=0000000000030000 C=0000000000000000 D=0000000000001000 E=0000000000000000
FA=0040 [0000000001000000] KR=0280 [0000001010000000] EXT=00 COND=1 IDLE=1 IO=0000000000000000
FB=0840 [0000100001000000] SR=0100 R5=0 ROM=0000.0 PREG=0 RAMOP=- RAMREG=090 ROMOP=- ROMREG=00

0642 1828 BRC 0656 +014
A=0000000000001000 B=0000000000030000 C=0000000000000000 D=0000000000001000 E=0000000000000000
FA=0040 [0000000001000000] KR=0280 [0000001010000000] EXT=00 COND=1 IDLE=1 IO=0000000000000000
FB=0840 [0000100001000000] SR=0100 R5=0 ROM=0000.0 PREG=0 RAMOP=- RAMREG=090 ROMOP=- ROMREG=00

0656 0AE0 WAIT D14
A=0000000000001000 B=0000000000030000 C=0000000000000000 D=0000000000001000 E=0000000000000000
FA=0040 [0000000001000000] KR=0280 [0000001010000000] EXT=00 COND=1 IDLE=1 IO=0000000000000000
FB=0840 [0000100001000000] SR=0100 R5=0 ROM=0000.0 PREG=0 RAMOP=- RAMREG=090 ROMOP=- ROMREG=00

0657 0820 ?KEY 20
A=0000000000001000 B=0000000000030000 C=0000000000000000 D=0000000000001000 E=0000000000000000
FA=0040 [0000000001000000] KR=0280 [0000001010000000] EXT=00 COND=1 IDLE=1 IO=0000000000000000
FB=0840 [0000100001000000] SR=0100 R5=0 ROM=0000.0 PREG=0 RAMOP=- RAMREG=090 ROMOP=- ROMREG=00

0658 1839 BRC 063C -01C
A=0000000000001000 B=0000000000030000 C=0000000000000000 D=0000000000001000 E=0000000000000000
FA=0040 [0000000001000000] KR=0280 [0000001010000000] EXT=00 COND=1 IDLE=1 IO=0000000000000000
FB=0840 [0000100001000000] SR=0100 R5=0 ROM=0000.0 PREG=0 RAMOP=- RAMREG=090 ROMOP=- ROMREG=00

063C 00C8 ?TFB 12
A=0000000000001000 B=0000000000030000 C=0000000000000000 D=0000000000001000 E=0000000000000000
FA=0040 [0000000001000000] KR=0280 [0000001010000000] EXT=00 COND=1 IDLE=1 IO=0000000000000000
FB=0840 [0000100001000000] SR=0100 R5=0 ROM=0000.0 PREG=0 RAMOP=- RAMREG=090 ROMOP=- ROMREG=00

063D 00A8 ?TFB 10
A=0000000000001000 B=0000000000030000 C=0000000000000000 D=0000000000001000 E=0000000000000000
FA=0040 [0000000001000000] KR=0280 [0000001010000000] EXT=00 COND=1 IDLE=1 IO=0000000000000000
FB=0840 [0000100001000000] SR=0100 R5=0 ROM=0000.0 PREG=0 RAMOP=- RAMREG=090 ROMOP=- ROMREG=00

063E 0AB0 WAIT D11
A=0000000000001000 B=0000000000030000 C=0000000000000000 D=0000000000001000 E=0000000000000000
FA=0040 [0000000001000000] KR=0280 [0000001010000000] EXT=00 COND=1 IDLE=1 IO=0000000000000000
FB=0840 [0000100001000000] SR=0100 R5=0 ROM=0000.0 PREG=0 RAMOP=- RAMREG=090 ROMOP=- ROMREG=00

063F 0A0B ?BUSY
A=0000000000001000 B=0000000000030000 C=0000000000000000 D=0000000000001000 E=0000000000000000
FA=0040 [0000000001000000] KR=0280 [0000001010000000] EXT=00 COND=1 IDLE=1 IO=0000000000000000
FB=0840 [0000100001000000] SR=0100 R5=0 ROM=0000.0 PREG=0 RAMOP=- RAMREG=090 ROMOP=- ROMREG=00

0640 1BCF BRC 0459 -1E7
A=0000000000001000 B=0000000000030000 C=0000000000000000 D=0000000000001000 E=0000000000000000
FA=0040 [0000000001000000] KR=0280 [0000001010000000] EXT=00 COND=1 IDLE=1 IO=0000000000000000
FB=0840 [0000100001000000] SR=0100 R5=0 ROM=0000.0 PREG=0 RAMOP=- RAMREG=090 ROMOP=- ROMREG=00

0459 0A80 WAIT D8
A=0000000000001000 B=0000000000030000 C=0000000000000000 D=0000000000001000 E=0000000000000000
FA=0040 [0000000001000000] KR=0280 [0000001010000000] EXT=00 COND=1 IDLE=1 IO=0000000000000000
FB=0840 [0000100001000000] SR=0100 R5=0 ROM=0000.0 PREG=0 RAMOP=- RAMREG=090 ROMOP=- ROMREG=00

045A 0A0B ?BUSY
A=0000000000001000 B=0000000000030000 C=0000000000000000 D=0000000000001000 E=0000000000000000
FA=0040 [0000000001000000] KR=0280 [0000001010000000] EXT=00 COND=1 IDLE=1 IO=0000000000000000
FB=0840 [0000100001000000] SR=0100 R5=0 ROM=0000.0 PREG=0 RAMOP=- RAMREG=090 ROMOP=- ROMREG=00

045B 13CC BRNC 0641 +1E6
A=0000000000001000 B=0000000000030000 C=0000000000000000 D=0000000000001000 E=0000000000000000
FA=0040 [0000000001000000] KR=0280 [0000001010000000] EXT=00 COND=0 IDLE=1 IO=0000000000000000
FB=0840 [0000100001000000] SR=0100 R5=0 ROM=0000.0 PREG=0 RAMOP=- RAMREG=090 ROMOP=- ROMREG=00

0641 0098 ?TFB 9
A=0000000000001000 B=0000000000030000 C=0000000000000000 D=0000000000001000 E=0000000000000000
FA=0040 [0000000001000000] KR=0280 [0000001010000000] EXT=00 COND=1 IDLE=1 IO=0000000000000000
FB=0840 [0000100001000000] SR=0100 R5=0 ROM=0000.0 PREG=0 RAMOP=- RAMREG=090 ROMOP=- ROMREG=00

0642 1828 BRC 0656 +014
A=0000000000001000 B=0000000000030000 C=0000000000000000 D=0000000000001000 E=0000000000000000
FA=0040 [0000000001000000] KR=0280 [0000001010000000] EXT=00 COND=1 IDLE=1 IO=0000000000000000
FB=0840 [0000100001000000] SR=0100 R5=0 ROM=0000.0 PREG=0 RAMOP=- RAMREG=090 ROMOP=- ROMREG=00

0656 0AE0 WAIT D14
A=0000000000001000 B=0000000000030000 C=0000000000000000 D=0000000000001000 E=0000000000000000
FA=0040 [0000000001000000] KR=0280 [0000001010000000] EXT=00 COND=1 IDLE=1 IO=0000000000000000
FB=0840 [0000100001000000] SR=0100 R5=0 ROM=0000.0 PREG=0 RAMOP=- RAMREG=090 ROMOP=- ROMREG=00

0657 0820 ?KEY 20
A=0000000000001000 B=0000000000030000 C=0000000000000000 D=0000000000001000 E=0000000000000000
FA=0040 [0000000001000000] KR=0280 [0000001010000000] EXT=00 COND=1 IDLE=1 IO=0000000000000000
FB=0840 [0000100001000000] SR=0100 R5=0 ROM=0000.0 PREG=0 RAMOP=- RAMREG=090 ROMOP=- ROMREG=00

0658 1839 BRC 063C -01C
A=0000000000001000 B=0000000000030000 C=0000000000000000 D=0000000000001000 E=0000000000000000
FA=0040 [0000000001000000] KR=0280 [0000001010000000] EXT=00 COND=1 IDLE=1 IO=0000000000000000
FB=0840 [0000100001000000] SR=0100 R5=0 ROM=0000.0 PREG=0 RAMOP=- RAMREG=090 ROMOP=- ROMREG=00

063C 00C8 ?TFB 12
A=0000000000001000 B=0000000000030000 C=0000000000000000 D=0000000000001000 E=0000000000000000
FA=0040 [0000000001000000] KR=0280 [0000001010000000] EXT=00 COND=1 IDLE=1 IO=0000000000000000
FB=0840 [0000100001000000] SR=0100 R5=0 ROM=0000.0 PREG=0 RAMOP=- RAMREG=090 ROMOP=- ROMREG=00

063D 00A8 ?TFB 10
A=0000000000001000 B=0000000000030000 C=0000000000000000 D=0000000000001000 E=0000000000000000
FA=0040 [0000000001000000] KR=0280 [0000001010000000] EXT=00 COND=1 IDLE=1 IO=0000000000000000
FB=0840 [0000100001000000] SR=0100 R5=0 ROM=0000.0 PREG=0 RAMOP=- RAMREG=090 ROMOP=- ROMREG=00

063E 0AB0 WAIT D11
A=0000000000001000 B=0000000000030000 C=0000000000000000 D=0000000000001000 E=0000000000000000
FA=0040 [0000000001000000] KR=0280 [0000001010000000] EXT=00 COND=1 IDLE=1 IO=0000000000000000
FB=0840 [0000100001000000] SR=0100 R5=0 ROM=0000.0 PREG=0 RAMOP=- RAMREG=090 ROMOP=- ROMREG=00

063F 0A0B ?BUSY
A=0000000000001000 B=0000000000030000 C=0000000000000000 D=0000000000001000 E=0000000000000000
FA=0040 [0000000001000000] KR=0280 [0000001010000000] EXT=00 COND=1 IDLE=1 IO=0000000000000000
FB=0840 [0000100001000000] SR=0100 R5=0 ROM=0000.0 PREG=0 RAMOP=- RAMREG=090 ROMOP=- ROMREG=00

0640 1BCF BRC 0459 -1E7
A=0000000000001000 B=0000000000030000 C=0000000000000000 D=0000000000001000 E=0000000000000000
FA=0040 [0000000001000000] KR=0280 [0000001010000000] EXT=00 COND=1 IDLE=1 IO=0000000000000000
FB=0840 [0000100001000000] SR=0100 R5=0 ROM=0000.0 PREG=0 RAMOP=- RAMREG=090 ROMOP=- ROMREG=00

0459 0A80 WAIT D8
A=0000000000001000 B=0000000000030000 C=0000000000000000 D=0000000000001000 E=0000000000000000
FA=0040 [0000000001000000] KR=0280 [0000001010000000] EXT=00 COND=1 IDLE=1 IO=0000000000000000
FB=0840 [0000100001000000] SR=0100 R5=0 ROM=0000.0 PREG=0 RAMOP=- RAMREG=090 ROMOP=- ROMREG=00

045A 0A0B ?BUSY
A=0000000000001000 B=0000000000030000 C=0000000000000000 D=0000000000001000 E=0000000000000000
FA=0040 [0000000001000000] KR=0280 [0000001010000000] EXT=00 COND=1 IDLE=1 IO=0000000000000000
FB=0840 [0000100001000000] SR=0100 R5=0 ROM=0000.0 PREG=0 RAMOP=- RAMREG=090 ROMOP=- ROMREG=00

045B 13CC BRNC 0641 +1E6
A=0000000000001000 B=0000000000030000 C=0000000000000000 D=0000000000001000 E=0000000000000000
FA=0040 [0000000001000000] KR=0280 [0000001010000000] EXT=00 COND=0 IDLE=1 IO=0000000000000000
FB=0840 [0000100001000000] SR=0100 R5=0 ROM=0000.0 PREG=0 RAMOP=- RAMREG=090 ROMOP=- ROMREG=00

0641 0098 ?TFB 9
A=0000000000001000 B=0000000000030000 C=0000000000000000 D=0000000000001000 E=0000000000000000
FA=0040 [0000000001000000] KR=0280 [0000001010000000] EXT=00 COND=1 IDLE=1 IO=0000000000000000
FB=0840 [0000100001000000] SR=0100 R5=0 ROM=0000.0 PREG=0 RAMOP=- RAMREG=090 ROMOP=- ROMREG=00

0642 1828 BRC 0656 +014
A=0000000000001000 B=0000000000030000 C=0000000000000000 D=0000000000001000 E=0000000000000000
FA=0040 [0000000001000000] KR=0280 [0000001010000000] EXT=00 COND=1 IDLE=1 IO=0000000000000000
FB=0840 [0000100001000000] SR=0100 R5=0 ROM=0000.0 PREG=0 RAMOP=- RAMREG=090 ROMOP=- ROMREG=00

0656 0AE0 WAIT D14
A=0000000000001000 B=0000000000030000 C=0000000000000000 D=0000000000001000 E=0000000000000000
FA=0040 [0000000001000000] KR=0280 [0000001010000000] EXT=00 COND=1 IDLE=1 IO=0000000000000000
FB=0840 [0000100001000000] SR=0100 R5=0 ROM=0000.0 PREG=0 RAMOP=- RAMREG=090 ROMOP=- ROMREG=00

0657 0820 ?KEY 20
A=0000000000001000 B=0000000000030000 C=0000000000000000 D=0000000000001000 E=0000000000000000
FA=0040 [0000000001000000] KR=0280 [0000001010000000] EXT=00 COND=1 IDLE=1 IO=0000000000000000
FB=0840 [0000100001000000] SR=0100 R5=0 ROM=0000.0 PREG=0 RAMOP=- RAMREG=090 ROMOP=- ROMREG=00

0658 1839 BRC 063C -01C
A=0000000000001000 B=0000000000030000 C=0000000000000000 D=0000000000001000 E=0000000000000000
FA=0040 [0000000001000000] KR=0280 [0000001010000000] EXT=00 COND=1 IDLE=1 IO=0000000000000000
FB=0840 [0000100001000000] SR=0100 R5=0 ROM=0000.0 PREG=0 RAMOP=- RAMREG=090 ROMOP=- ROMREG=00

063C 00C8 ?TFB 12
A=0000000000001000 B=0000000000030000 C=0000000000000000 D=0000000000001000 E=0000000000000000
FA=0040 [0000000001000000] KR=0280 [0000001010000000] EXT=00 COND=1 IDLE=1 IO=0000000000000000
FB=0840 [0000100001000000] SR=0100 R5=0 ROM=0000.0 PREG=0 RAMOP=- RAMREG=090 ROMOP=- ROMREG=00

063D 00A8 ?TFB 10
A=0000000000001000 B=0000000000030000 C=0000000000000000 D=0000000000001000 E=0000000000000000
FA=0040 [0000000001000000] KR=0280 [0000001010000000] EXT=00 COND=1 IDLE=1 IO=0000000000000000
FB=0840 [0000100001000000] SR=0100 R5=0 ROM=0000.0 PREG=0 RAMOP=- RAMREG=090 ROMOP=- ROMREG=00

063E 0AB0 WAIT D11
A=0000000000001000 B=0000000000030000 C=0000000000000000 D=0000000000001000 E=0000000000000000
FA=0040 [0000000001000000] KR=0280 [0000001010000000] EXT=00 COND=1 IDLE=1 IO=0000000000000000
FB=0840 [0000100001000000] SR=0100 R5=0 ROM=0000.0 PREG=0 RAMOP=- RAMREG=090 ROMOP=- ROMREG=00

063F 0A0B ?BUSY
A=0000000000001000 B=0000000000030000 C=0000000000000000 D=0000000000001000 E=0000000000000000
FA=0040 [0000000001000000] KR=0280 [0000001010000000] EXT=00 COND=1 IDLE=1 IO=0000000000000000
FB=0840 [0000100001000000] SR=0100 R5=0 ROM=0000.0 PREG=0 RAMOP=- RAMREG=090 ROMOP=- ROMREG=00

0640 1BCF BRC 0459 -1E7
A=0000000000001000 B=0000000000030000 C=0000000000000000 D=0000000000001000 E=0000000000000000
FA=0040 [0000000001000000] KR=0280 [0000001010000000] EXT=00 COND=1 IDLE=1 IO=0000000000000000
FB=0840 [0000100001000000] SR=0100 R5=0 ROM=0000.0 PREG=0 RAMOP=- RAMREG=090 ROMOP=- ROMREG=00

0459 0A80 WAIT D8
A=0000000000001000 B=0000000000030000 C=0000000000000000 D=0000000000001000 E=0000000000000000
FA=0040 [0000000001000000] KR=0280 [0000001010000000] EXT=00 COND=1 IDLE=1 IO=0000000000000000
FB=0840 [0000100001000000] SR=0100 R5=0 ROM=0000.0 PREG=0 RAMOP=- RAMREG=090 ROMOP=- ROMREG=00

045A 0A0B ?BUSY
A=0000000000001000 B=0000000000030000 C=0000000000000000 D=0000000000001000 E=0000000000000000
FA=0040 [0000000001000000] KR=0280 [0000001010000000] EXT=00 COND=1 IDLE=1 IO=0000000000000000
FB=0840 [0000100001000000] SR=0100 R5=0 ROM=0000.0 PREG=0 RAMOP=- RAMREG=090 ROMOP=- ROMREG=00

045B 13CC BRNC 0641 +1E6
A=0000000000001000 B=0000000000030000 C=0000000000000000 D=0000000000001000 E=0000000000000000
FA=0040 [0000000001000000] KR=0280 [0000001010000000] EXT=00 COND=0 IDLE=1 IO=0000000000000000
FB=0840 [0000100001000000] SR=0100 R5=0 ROM=0000.0 PREG=0 RAMOP=- RAMREG=090 ROMOP=- ROMREG=00

0641 0098 ?TFB 9
A=0000000000001000 B=0000000000030000 C=0000000000000000 D=0000000000001000 E=0000000000000000
FA=0040 [0000000001000000] KR=0280 [0000001010000000] EXT=00 COND=1 IDLE=1 IO=0000000000000000
FB=0840 [0000100001000000] SR=0100 R5=0 ROM=0000.0 PREG=0 RAMOP=- RAMREG=090 ROMOP=- ROMREG=00

0642 1828 BRC 0656 +014
A=0000000000001000 B=0000000000030000 C=0000000000000000 D=0000000000001000 E=0000000000000000
FA=0040 [0000000001000000] KR=0280 [0000001010000000] EXT=00 COND=1 IDLE=1 IO=0000000000000000
FB=0840 [0000100001000000] SR=0100 R5=0 ROM=0000.0 PREG=0 RAMOP=- RAMREG=090 ROMOP=- ROMREG=00

0656 0AE0 WAIT D14
A=0000000000001000 B=0000000000030000 C=0000000000000000 D=0000000000001000 E=0000000000000000
FA=0040 [0000000001000000] KR=0280 [0000001010000000] EXT=00 COND=1 IDLE=1 IO=0000000000000000
FB=0840 [0000100001000000] SR=0100 R5=0 ROM=0000.0 PREG=0 RAMOP=- RAMREG=090 ROMOP=- ROMREG=00

0657 0820 ?KEY 20
A=0000000000001000 B=0000000000030000 C=0000000000000000 D=0000000000001000 E=0000000000000000
FA=0040 [0000000001000000] KR=0280 [0000001010000000] EXT=00 COND=1 IDLE=1 IO=0000000000000000
FB=0840 [0000100001000000] SR=0100 R5=0 ROM=0000.0 PREG=0 RAMOP=- RAMREG=090 ROMOP=- ROMREG=00

0658 1839 BRC 063C -01C
A=0000000000001000 B=0000000000030000 C=0000000000000000 D=0000000000001000 E=0000000000000000
FA=0040 [0000000001000000] KR=0280 [0000001010000000] EXT=00 COND=1 IDLE=1 IO=0000000000000000
FB=0840 [0000100001000000] SR=0100 R5=0 ROM=0000.0 PREG=0 RAMOP=- RAMREG=090 ROMOP=- ROMREG=00

063C 00C8 ?TFB 12
A=0000000000001000 B=0000000000030000 C=0000000000000000 D=0000000000001000 E=0000000000000000
FA=0040 [0000000001000000] KR=0280 [0000001010000000] EXT=00 COND=1 IDLE=1 IO=0000000000000000
FB=0840 [0000100001000000] SR=0100 R5=0 ROM=0000.0 PREG=0 RAMOP=- RAMREG=090 ROMOP=- ROMREG=00

063D 00A8 ?TFB 10
A=0000000000001000 B=0000000000030000 C=0000000000000000 D=0000000000001000 E=0000000000000000
FA=0040 [0000000001000000] KR=0280 [0000001010000000] EXT=00 COND=1 IDLE=1 IO=0000000000000000
FB=0840 [0000100001000000] SR=0100 R5=0 ROM=0000.0 PREG=0 RAMOP=- RAMREG=090 ROMOP=- ROMREG=00

063E 0AB0 WAIT D11
A=0000000000001000 B=0000000000030000 C=0000000000000000 D=0000000000001000 E=0000000000000000
FA=0040 [0000000001000000] KR=0280 [0000001010000000] EXT=00 COND=1 IDLE=1 IO=0000000000000000
FB=0840 [0000100001000000] SR=0100 R5=0 ROM=0000.0 PREG=0 RAMOP=- RAMREG=090 ROMOP=- ROMREG=00

063F 0A0B ?BUSY
A=0000000000001000 B=0000000000030000 C=0000000000000000 D=0000000000001000 E=0000000000000000
FA=0040 [0000000001000000] KR=0280 [0000001010000000] EXT=00 COND=1 IDLE=1 IO=0000000000000000
FB=0840 [0000100001000000] SR=0100 R5=0 ROM=0000.0 PREG=0 RAMOP=- RAMREG=090 ROMOP=- ROMREG=00

0640 1BCF BRC 0459 -1E7
A=0000000000001000 B=0000000000030000 C=0000000000000000 D=0000000000001000 E=0000000000000000
FA=0040 [0000000001000000] KR=0280 [0000001010000000] EXT=00 COND=1 IDLE=1 IO=0000000000000000
FB=0840 [0000100001000000] SR=0100 R5=0 ROM=0000.0 PREG=0 RAMOP=- RAMREG=090 ROMOP=- ROMREG=00

0459 0A80 WAIT D8
A=0000000000001000 B=0000000000030000 C=0000000000000000 D=0000000000001000 E=0000000000000000
FA=0040 [0000000001000000] KR=0280 [0000001010000000] EXT=00 COND=1 IDLE=1 IO=0000000000000000
FB=0840 [0000100001000000] SR=0100 R5=0 ROM=0000.0 PREG=0 RAMOP=- RAMREG=090 ROMOP=- ROMREG=00

045A 0A0B ?BUSY
A=0000000000001000 B=0000000000030000 C=0000000000000000 D=0000000000001000 E=0000000000000000
FA=0040 [0000000001000000] KR=0280 [0000001010000000] EXT=00 COND=1 IDLE=1 IO=0000000000000000
FB=0840 [0000100001000000] SR=0100 R5=0 ROM=0000.0 PREG=0 RAMOP=- RAMREG=090 ROMOP=- ROMREG=00

045B 13CC BRNC 0641 +1E6
A=0000000000001000 B=0000000000030000 C=0000000000000000 D=0000000000001000 E=0000000000000000
FA=0040 [0000000001000000] KR=0280 [0000001010000000] EXT=00 COND=0 IDLE=1 IO=0000000000000000
FB=0840 [0000100001000000] SR=0100 R5=0 ROM=0000.0 PREG=0 RAMOP=- RAMREG=090 ROMOP=- ROMREG=00

0641 0098 ?TFB 9
A=0000000000001000 B=0000000000030000 C=0000000000000000 D=0000000000001000 E=0000000000000000
FA=0040 [0000000001000000] KR=0280 [0000001010000000] EXT=00 COND=1 IDLE=1 IO=0000000000000000
FB=0840 [0000100001000000] SR=0100 R5=0 ROM=0000.0 PREG=0 RAMOP=- RAMREG=090 ROMOP=- ROMREG=00

0642 1828 BRC 0656 +014
A=0000000000001000 B=0000000000030000 C=0000000000000000 D=0000000000001000 E=0000000000000000
FA=0040 [0000000001000000] KR=0280 [0000001010000000] EXT=00 COND=1 IDLE=1 IO=0000000000000000
FB=0840 [0000100001000000] SR=0100 R5=0 ROM=0000.0 PREG=0 RAMOP=- RAMREG=090 ROMOP=- ROMREG=00

0656 0AE0 WAIT D14
A=0000000000001000 B=0000000000030000 C=0000000000000000 D=0000000000001000 E=0000000000000000
FA=0040 [0000000001000000] KR=0280 [0000001010000000] EXT=00 COND=1 IDLE=1 IO=0000000000000000
FB=0840 [0000100001000000] SR=0100 R5=0 ROM=0000.0 PREG=0 RAMOP=- RAMREG=090 ROMOP=- ROMREG=00

0657 0820 ?KEY 20
A=0000000000001000 B=0000000000030000 C=0000000000000000 D=0000000000001000 E=0000000000000000
FA=0040 [0000000001000000] KR=0280 [0000001010000000] EXT=00 COND=1 IDLE=1 IO=0000000000000000
FB=0840 [0000100001000000] SR=0100 R5=0 ROM=0000.0 PREG=0 RAMOP=- RAMREG=090 ROMOP=- ROMREG=00

0658 1839 BRC 063C -01C
A=0000000000001000 B=0000000000030000 C=0000000000000000 D=0000000000001000 E=0000000000000000
FA=0040 [0000000001000000] KR=0280 [0000001010000000] EXT=00 COND=1 IDLE=1 IO=0000000000000000
FB=0840 [0000100001000000] SR=0100 R5=0 ROM=0000.0 PREG=0 RAMOP=- RAMREG=090 ROMOP=- ROMREG=00

063C 00C8 ?TFB 12
A=0000000000001000 B=0000000000030000 C=0000000000000000 D=0000000000001000 E=0000000000000000
FA=0040 [0000000001000000] KR=0280 [0000001010000000] EXT=00 COND=1 IDLE=1 IO=0000000000000000
FB=0840 [0000100001000000] SR=0100 R5=0 ROM=0000.0 PREG=0 RAMOP=- RAMREG=090 ROMOP=- ROMREG=00

063D 00A8 ?TFB 10
A=0000000000001000 B=0000000000030000 C=0000000000000000 D=0000000000001000 E=0000000000000000
FA=0040 [0000000001000000] KR=0280 [0000001010000000] EXT=00 COND=1 IDLE=1 IO=0000000000000000
FB=0840 [0000100001000000] SR=0100 R5=0 ROM=0000.0 PREG=0 RAMOP=- RAMREG=090 ROMOP=- ROMREG=00

063E 0AB0 WAIT D11
A=0000000000001000 B=0000000000030000 C=0000000000000000 D=0000000000001000 E=0000000000000000
FA=0040 [0000000001000000] KR=0280 [0000001010000000] EXT=00 COND=1 IDLE=1 IO=0000000000000000
FB=0840 [0000100001000000] SR=0100 R5=0 ROM=0000.0 PREG=0 RAMOP=- RAMREG=090 ROMOP=- ROMREG=00

063F 0A0B ?BUSY
A=0000000000001000 B=0000000000030000 C=0000000000000000 D=0000000000001000 E=0000000000000000
FA=0040 [0000000001000000] KR=0280 [0000001010000000] EXT=00 COND=1 IDLE=1 IO=0000000000000000
FB=0840 [0000100001000000] SR=0100 R5=0 ROM=0000.0 PREG=0 RAMOP=- RAMREG=090 ROMOP=- ROMREG=00

0640 1BCF BRC 0459 -1E7
A=0000000000001000 B=0000000000030000 C=0000000000000000 D=0000000000001000 E=0000000000000000
FA=0040 [0000000001000000] KR=0280 [0000001010000000] EXT=00 COND=1 IDLE=1 IO=0000000000000000
FB=0840 [0000100001000000] SR=0100 R5=0 ROM=0000.0 PREG=0 RAMOP=- RAMREG=090 ROMOP=- ROMREG=00

0459 0A80 WAIT D8
A=0000000000001000 B=0000000000030000 C=0000000000000000 D=0000000000001000 E=0000000000000000
FA=0040 [0000000001000000] KR=0280 [0000001010000000] EXT=00 COND=1 IDLE=1 IO=0000000000000000
FB=0840 [0000100001000000] SR=0100 R5=0 ROM=0000.0 PREG=0 RAMOP=- RAMREG=090 ROMOP=- ROMREG=00

045A 0A0B ?BUSY
A=0000000000001000 B=0000000000030000 C=0000000000000000 D=0000000000001000 E=0000000000000000
FA=0040 [0000000001000000] KR=0280 [0000001010000000] EXT=00 COND=1 IDLE=1 IO=0000000000000000
FB=0840 [0000100001000000] SR=0100 R5=0 ROM=0000.0 PREG=0 RAMOP=- RAMREG=090 ROMOP=- ROMREG=00

045B 13CC BRNC 0641 +1E6
A=0000000000001000 B=0000000000030000 C=0000000000000000 D=0000000000001000 E=0000000000000000
FA=0040 [0000000001000000] KR=0280 [0000001010000000] EXT=00 COND=0 IDLE=1 IO=0000000000000000
FB=0840 [0000100001000000] SR=0100 R5=0 ROM=0000.0 PREG=0 RAMOP=- RAMREG=090 ROMOP=- ROMREG=00

0641 0098 ?TFB 9
A=0000000000001000 B=0000000000030000 C=0000000000000000 D=0000000000001000 E=0000000000000000
FA=0040 [0000000001000000] KR=0280 [0000001010000000] EXT=00 COND=1 IDLE=1 IO=0000000000000000
FB=0840 [0000100001000000] SR=0100 R5=0 ROM=0000.0 PREG=0 RAMOP=- RAMREG=090 ROMOP=- ROMREG=00

0642 1828 BRC 0656 +014
A=0000000000001000 B=0000000000030000 C=0000000000000000 D=0000000000001000 E=0000000000000000
FA=0040 [0000000001000000] KR=0280 [0000001010000000] EXT=00 COND=1 IDLE=1 IO=0000000000000000
FB=0840 [0000100001000000] SR=0100 R5=0 ROM=0000.0 PREG=0 RAMOP=- RAMREG=090 ROMOP=- ROMREG=00

0656 0AE0 WAIT D14
A=0000000000001000 B=0000000000030000 C=0000000000000000 D=0000000000001000 E=0000000000000000
FA=0040 [0000000001000000] KR=0280 [0000001010000000] EXT=00 COND=1 IDLE=1 IO=0000000000000000
FB=0840 [0000100001000000] SR=0100 R5=0 ROM=0000.0 PREG=0 RAMOP=- RAMREG=090 ROMOP=- ROMREG=00

0657 0820 ?KEY 20
A=0000000000001000 B=0000000000030000 C=0000000000000000 D=0000000000001000 E=0000000000000000
FA=0040 [0000000001000000] KR=0280 [0000001010000000] EXT=00 COND=1 IDLE=1 IO=0000000000000000
FB=0840 [0000100001000000] SR=0100 R5=0 ROM=0000.0 PREG=0 RAMOP=- RAMREG=090 ROMOP=- ROMREG=00

0658 1839 BRC 063C -01C
A=0000000000001000 B=0000000000030000 C=0000000000000000 D=0000000000001000 E=0000000000000000
FA=0040 [0000000001000000] KR=0280 [0000001010000000] EXT=00 COND=1 IDLE=1 IO=0000000000000000
FB=0840 [0000100001000000] SR=0100 R5=0 ROM=0000.0 PREG=0 RAMOP=- RAMREG=090 ROMOP=- ROMREG=00

063C 00C8 ?TFB 12
A=0000000000001000 B=0000000000030000 C=0000000000000000 D=0000000000001000 E=0000000000000000
FA=0040 [0000000001000000] KR=0280 [0000001010000000] EXT=00 COND=1 IDLE=1 IO=0000000000000000
FB=0840 [0000100001000000] SR=0100 R5=0 ROM=0000.0 PREG=0 RAMOP=- RAMREG=090 ROMOP=- ROMREG=00

063D 00A8 ?TFB 10
A=0000000000001000 B=0000000000030000 C=0000000000000000 D=0000000000001000 E=0000000000000000
FA=0040 [0000000001000000] KR=0280 [0000001010000000] EXT=00 COND=1 IDLE=1 IO=0000000000000000
FB=0840 [0000100001000000] SR=0100 R5=0 ROM=0000.0 PREG=0 RAMOP=- RAMREG=090 ROMOP=- ROMREG=00

063E 0AB0 WAIT D11
A=0000000000001000 B=0000000000030000 C=0000000000000000 D=0000000000001000 E=0000000000000000
FA=0040 [0000000001000000] KR=0280 [0000001010000000] EXT=00 COND=1 IDLE=1 IO=0000000000000000
FB=0840 [0000100001000000] SR=0100 R5=0 ROM=0000.0 PREG=0 RAMOP=- RAMREG=090 ROMOP=- ROMREG=00

063F 0A0B ?BUSY
A=0000000000001000 B=0000000000030000 C=0000000000000000 D=0000000000001000 E=0000000000000000
FA=0040 [0000000001000000] KR=0280 [0000001010000000] EXT=00 COND=1 IDLE=1 IO=0000000000000000
FB=0840 [0000100001000000] SR=0100 R5=0 ROM=0000.0 PREG=0 RAMOP=- RAMREG=090 ROMOP=- ROMREG=00

0640 1BCF BRC 0459 -1E7
A=0000000000001000 B=0000000000030000 C=0000000000000000 D=0000000000001000 E=0000000000000000
FA=0040 [0000000001000000] KR=0280 [0000001010000000] EXT=00 COND=1 IDLE=1 IO=0000000000000000
FB=0840 [0000100001000000] SR=0100 R5=0 ROM=0000.0 PREG=0 RAMOP=- RAMREG=090 ROMOP=- ROMREG=00

0459 0A80 WAIT D8
A=0000000000001000 B=0000000000030000 C=0000000000000000 D=0000000000001000 E=0000000000000000
FA=0040 [0000000001000000] KR=0280 [0000001010000000] EXT=00 COND=1 IDLE=1 IO=0000000000000000
FB=0840 [0000100001000000] SR=0100 R5=0 ROM=0000.0 PREG=0 RAMOP=- RAMREG=090 ROMOP=- ROMREG=00

045A 0A0B ?BUSY
A=0000000000001000 B=0000000000030000 C=0000000000000000 D=0000000000001000 E=0000000000000000
FA=0040 [0000000001000000] KR=0280 [0000001010000000] EXT=00 COND=1 IDLE=1 IO=0000000000000000
FB=0840 [0000100001000000] SR=0100 R5=0 ROM=0000.0 PREG=0 RAMOP=- RAMREG=090 ROMOP=- ROMREG=00

045B 13CC BRNC 0641 +1E6
A=0000000000001000 B=0000000000030000 C=0000000000000000 D=0000000000001000 E=0000000000000000
FA=0040 [0000000001000000] KR=0280 [0000001010000000] EXT=00 COND=0 IDLE=1 IO=0000000000000000
FB=0840 [0000100001000000] SR=0100 R5=0 ROM=0000.0 PREG=0 RAMOP=- RAMREG=090 ROMOP=- ROMREG=00

0641 0098 ?TFB 9
A=0000000000001000 B=0000000000030000 C=0000000000000000 D=0000000000001000 E=0000000000000000
FA=0040 [0000000001000000] KR=0280 [0000001010000000] EXT=00 COND=1 IDLE=1 IO=0000000000000000
FB=0840 [0000100001000000] SR=0100 R5=0 ROM=0000.0 PREG=0 RAMOP=- RAMREG=090 ROMOP=- ROMREG=00

0642 1828 BRC 0656 +014
A=0000000000001000 B=0000000000030000 C=0000000000000000 D=0000000000001000 E=0000000000000000
FA=0040 [0000000001000000] KR=0280 [0000001010000000] EXT=00 COND=1 IDLE=1 IO=0000000000000000
FB=0840 [0000100001000000] SR=0100 R5=0 ROM=0000.0 PREG=0 RAMOP=- RAMREG=090 ROMOP=- ROMREG=00

0656 0AE0 WAIT D14
A=0000000000001000 B=0000000000030000 C=0000000000000000 D=0000000000001000 E=0000000000000000
FA=0040 [0000000001000000] KR=0280 [0000001010000000] EXT=00 COND=1 IDLE=1 IO=0000000000000000
FB=0840 [0000100001000000] SR=0100 R5=0 ROM=0000.0 PREG=0 RAMOP=- RAMREG=090 ROMOP=- ROMREG=00

0657 0820 ?KEY 20
A=0000000000001000 B=0000000000030000 C=0000000000000000 D=0000000000001000 E=0000000000000000
FA=0040 [0000000001000000] KR=0280 [0000001010000000] EXT=00 COND=1 IDLE=1 IO=0000000000000000
FB=0840 [0000100001000000] SR=0100 R5=0 ROM=0000.0 PREG=0 RAMOP=- RAMREG=090 ROMOP=- ROMREG=00

0658 1839 BRC 063C -01C
A=0000000000001000 B=0000000000030000 C=0000000000000000 D=0000000000001000 E=0000000000000000
FA=0040 [0000000001000000] KR=0280 [0000001010000000] EXT=00 COND=1 IDLE=1 IO=0000000000000000
FB=0840 [0000100001000000] SR=0100 R5=0 ROM=0000.0 PREG=0 RAMOP=- RAMREG=090 ROMOP=- ROMREG=00

063C 00C8 ?TFB 12
A=0000000000001000 B=0000000000030000 C=0000000000000000 D=0000000000001000 E=0000000000000000
FA=0040 [0000000001000000] KR=0280 [0000001010000000] EXT=00 COND=1 IDLE=1 IO=0000000000000000
FB=0840 [0000100001000000] SR=0100 R5=0 ROM=0000.0 PREG=0 RAMOP=- RAMREG=090 ROMOP=- ROMREG=00

063D 00A8 ?TFB 10
A=0000000000001000 B=0000000000030000 C=0000000000000000 D=0000000000001000 E=0000000000000000
FA=0040 [0000000001000000] KR=0280 [0000001010000000] EXT=00 COND=1 IDLE=1 IO=0000000000000000
FB=0840 [0000100001000000] SR=0100 R5=0 ROM=0000.0 PREG=0 RAMOP=- RAMREG=090 ROMOP=- ROMREG=00

063E 0AB0 WAIT D11
A=0000000000001000 B=0000000000030000 C=0000000000000000 D=0000000000001000 E=0000000000000000
FA=0040 [0000000001000000] KR=0280 [0000001010000000] EXT=00 COND=1 IDLE=1 IO=0000000000000000
FB=0840 [0000100001000000] SR=0100 R5=0 ROM=0000.0 PREG=0 RAMOP=- RAMREG=090 ROMOP=- ROMREG=00

063F 0A0B ?BUSY
A=0000000000001000 B=0000000000030000 C=0000000000000000 D=0000000000001000 E=0000000000000000
FA=0040 [0000000001000000] KR=0280 [0000001010000000] EXT=00 COND=1 IDLE=1 IO=0000000000000000
FB=0840 [0000100001000000] SR=0100 R5=0 ROM=0000.0 PREG=0 RAMOP=- RAMREG=090 ROMOP=- ROMREG=00

0640 1BCF BRC 0459 -1E7
A=0000000000001000 B=0000000000030000 C=0000000000000000 D=0000000000001000 E=0000000000000000
FA=0040 [0000000001000000] KR=0280 [0000001010000000] EXT=00 COND=1 IDLE=1 IO=0000000000000000
FB=0840 [0000100001000000] SR=0100 R5=0 ROM=0000.0 PREG=0 RAMOP=- RAMREG=090 ROMOP=- ROMREG=00

0459 0A80 WAIT D8
A=0000000000001000 B=0000000000030000 C=0000000000000000 D=0000000000001000 E=0000000000000000
FA=0040 [0000000001000000] KR=0280 [0000001010000000] EXT=00 COND=1 IDLE=1 IO=0000000000000000
FB=0840 [0000100001000000] SR=0100 R5=0 ROM=0000.0 PREG=0 RAMOP=- RAMREG=090 ROMOP=- ROMREG=00

045A 0A0B ?BUSY
A=0000000000001000 B=0000000000030000 C=0000000000000000 D=0000000000001000 E=0000000000000000
FA=0040 [0000000001000000] KR=0280 [0000001010000000] EXT=00 COND=1 IDLE=1 IO=0000000000000000
FB=0840 [0000100001000000] SR=0100 R5=0 ROM=0000.0 PREG=0 RAMOP=- RAMREG=090 ROMOP=- ROMREG=00

045B 13CC BRNC 0641 +1E6
A=0000000000001000 B=0000000000030000 C=0000000000000000 D=0000000000001000 E=0000000000000000
FA=0040 [0000000001000000] KR=0280 [0000001010000000] EXT=00 COND=0 IDLE=1 IO=0000000000000000
FB=0840 [0000100001000000] SR=0100 R5=0 ROM=0000.0 PREG=0 RAMOP=- RAMREG=090 ROMOP=- ROMREG=00

0641 0098 ?TFB 9
A=0000000000001000 B=0000000000030000 C=0000000000000000 D=0000000000001000 E=0000000000000000
FA=0040 [0000000001000000] KR=0280 [0000001010000000] EXT=00 COND=1 IDLE=1 IO=0000000000000000
FB=0840 [0000100001000000] SR=0100 R5=0 ROM=0000.0 PREG=0 RAMOP=- RAMREG=090 ROMOP=- ROMREG=00

0642 1828 BRC 0656 +014
A=0000000000001000 B=0000000000030000 C=0000000000000000 D=0000000000001000 E=0000000000000000
FA=0040 [0000000001000000] KR=0280 [0000001010000000] EXT=00 COND=1 IDLE=1 IO=0000000000000000
FB=0840 [0000100001000000] SR=0100 R5=0 ROM=0000.0 PREG=0 RAMOP=- RAMREG=090 ROMOP=- ROMREG=00

0656 0AE0 WAIT D14
A=0000000000001000 B=0000000000030000 C=0000000000000000 D=0000000000001000 E=0000000000000000
FA=0040 [0000000001000000] KR=0280 [0000001010000000] EXT=00 COND=1 IDLE=1 IO=0000000000000000
FB=0840 [0000100001000000] SR=0100 R5=0 ROM=0000.0 PREG=0 RAMOP=- RAMREG=090 ROMOP=- ROMREG=00

0657 0820 ?KEY 20
A=0000000000001000 B=0000000000030000 C=0000000000000000 D=0000000000001000 E=0000000000000000
FA=0040 [0000000001000000] KR=0280 [0000001010000000] EXT=00 COND=1 IDLE=1 IO=0000000000000000
FB=0840 [0000100001000000] SR=0100 R5=0 ROM=0000.0 PREG=0 RAMOP=- RAMREG=090 ROMOP=- ROMREG=00

0658 1839 BRC 063C -01C
A=0000000000001000 B=0000000000030000 C=0000000000000000 D=0000000000001000 E=0000000000000000
FA=0040 [0000000001000000] KR=0280 [0000001010000000] EXT=00 COND=1 IDLE=1 IO=0000000000000000
FB=0840 [0000100001000000] SR=0100 R5=0 ROM=0000.0 PREG=0 RAMOP=- RAMREG=090 ROMOP=- ROMREG=00

063C 00C8 ?TFB 12
A=0000000000001000 B=0000000000030000 C=0000000000000000 D=0000000000001000 E=0000000000000000
FA=0040 [0000000001000000] KR=0280 [0000001010000000] EXT=00 COND=1 IDLE=1 IO=0000000000000000
FB=0840 [0000100001000000] SR=0100 R5=0 ROM=0000.0 PREG=0 RAMOP=- RAMREG=090 ROMOP=- ROMREG=00

063D 00A8 ?TFB 10
A=0000000000001000 B=0000000000030000 C=0000000000000000 D=0000000000001000 E=0000000000000000
FA=0040 [0000000001000000] KR=0280 [0000001010000000] EXT=00 COND=1 IDLE=1 IO=0000000000000000
FB=0840 [0000100001000000] SR=0100 R5=0 ROM=0000.0 PREG=0 RAMOP=- RAMREG=090 ROMOP=- ROMREG=00

063E 0AB0 WAIT D11
A=0000000000001000 B=0000000000030000 C=0000000000000000 D=0000000000001000 E=0000000000000000
FA=0040 [0000000001000000] KR=0280 [0000001010000000] EXT=00 COND=1 IDLE=1 IO=0000000000000000
FB=0840 [0000100001000000] SR=0100 R5=0 ROM=0000.0 PREG=0 RAMOP=- RAMREG=090 ROMOP=- ROMREG=00

063F 0A0B ?BUSY
A=0000000000001000 B=0000000000030000 C=0000000000000000 D=0000000000001000 E=0000000000000000
FA=0040 [0000000001000000] KR=0280 [0000001010000000] EXT=00 COND=1 IDLE=1 IO=0000000000000000
FB=0840 [0000100001000000] SR=0100 R5=0 ROM=0000.0 PREG=0 RAMOP=- RAMREG=090 ROMOP=- ROMREG=00

0640 1BCF BRC 0459 -1E7
A=0000000000001000 B=0000000000030000 C=0000000000000000 D=0000000000001000 E=0000000000000000
FA=0040 [0000000001000000] KR=0280 [0000001010000000] EXT=00 COND=1 IDLE=1 IO=0000000000000000
FB=0840 [0000100001000000] SR=0100 R5=0 ROM=0000.0 PREG=0 RAMOP=- RAMREG=090 ROMOP=- ROMREG=00

0459 0A80 WAIT D8
A=0000000000001000 B=0000000000030000 C=0000000000000000 D=0000000000001000 E=0000000000000000
FA=0040 [0000000001000000] KR=0280 [0000001010000000] EXT=00 COND=1 IDLE=1 IO=0000000000000000
FB=0840 [0000100001000000] SR=0100 R5=0 ROM=0000.0 PREG=0 RAMOP=- RAMREG=090 ROMOP=- ROMREG=00

045A 0A0B ?BUSY
A=0000000000001000 B=0000000000030000 C=0000000000000000 D=0000000000001000 E=0000000000000000
FA=0040 [0000000001000000] KR=0280 [0000001010000000] EXT=00 COND=1 IDLE=1 IO=0000000000000000
FB=0840 [0000100001000000] SR=0100 R5=0 ROM=0000.0 PREG=0 RAMOP=- RAMREG=090 ROMOP=- ROMREG=00

045B 13CC BRNC 0641 +1E6
A=0000000000001000 B=0000000000030000 C=0000000000000000 D=0000000000001000 E=0000000000000000
FA=0040 [0000000001000000] KR=0280 [0000001010000000] EXT=00 COND=0 IDLE=1 IO=0000000000000000
FB=0840 [0000100001000000] SR=0100 R5=0 ROM=0000.0 PREG=0 RAMOP=- RAMREG=090 ROMOP=- ROMREG=00

0641 0098 ?TFB 9
A=0000000000001000 B=0000000000030000 C=0000000000000000 D=0000000000001000 E=0000000000000000
FA=0040 [0000000001000000] KR=0280 [0000001010000000] EXT=00 COND=1 IDLE=1 IO=0000000000000000
FB=0840 [0000100001000000] SR=0100 R5=0 ROM=0000.0 PREG=0 RAMOP=- RAMREG=090 ROMOP=- ROMREG=00

0642 1828 BRC 0656 +014
A=0000000000001000 B=0000000000030000 C=0000000000000000 D=0000000000001000 E=0000000000000000
FA=0040 [0000000001000000] KR=0280 [0000001010000000] EXT=00 COND=1 IDLE=1 IO=0000000000000000
FB=0840 [0000100001000000] SR=0100 R5=0 ROM=0000.0 PREG=0 RAMOP=- RAMREG=090 ROMOP=- ROMREG=00

0656 0AE0 WAIT D14
A=0000000000001000 B=0000000000030000 C=0000000000000000 D=0000000000001000 E=0000000000000000
FA=0040 [0000000001000000] KR=0280 [0000001010000000] EXT=00 COND=1 IDLE=1 IO=0000000000000000
FB=0840 [0000100001000000] SR=0100 R5=0 ROM=0000.0 PREG=0 RAMOP=- RAMREG=090 ROMOP=- ROMREG=00

0657 0820 ?KEY 20
A=0000000000001000 B=0000000000030000 C=0000000000000000 D=0000000000001000 E=0000000000000000
FA=0040 [0000000001000000] KR=0280 [0000001010000000] EXT=00 COND=1 IDLE=1 IO=0000000000000000
FB=0840 [0000100001000000] SR=0100 R5=0 ROM=0000.0 PREG=0 RAMOP=- RAMREG=090 ROMOP=- ROMREG=00

0658 1839 BRC 063C -01C
A=0000000000001000 B=0000000000030000 C=0000000000000000 D=0000000000001000 E=0000000000000000
FA=0040 [0000000001000000] KR=0280 [0000001010000000] EXT=00 COND=1 IDLE=1 IO=0000000000000000
FB=0840 [0000100001000000] SR=0100 R5=0 ROM=0000.0 PREG=0 RAMOP=- RAMREG=090 ROMOP=- ROMREG=00

063C 00C8 ?TFB 12
A=0000000000001000 B=0000000000030000 C=0000000000000000 D=0000000000001000 E=0000000000000000
FA=0040 [0000000001000000] KR=0280 [0000001010000000] EXT=00 COND=1 IDLE=1 IO=0000000000000000
FB=0840 [0000100001000000] SR=0100 R5=0 ROM=0000.0 PREG=0 RAMOP=- RAMREG=090 ROMOP=- ROMREG=00

063D 00A8 ?TFB 10
A=0000000000001000 B=0000000000030000 C=0000000000000000 D=0000000000001000 E=0000000000000000
FA=0040 [0000000001000000] KR=0280 [0000001010000000] EXT=00 COND=1 IDLE=1 IO=0000000000000000
FB=0840 [0000100001000000] SR=0100 R5=0 ROM=0000.0 PREG=0 RAMOP=- RAMREG=090 ROMOP=- ROMREG=00

063E 0AB0 WAIT D11
A=0000000000001000 B=0000000000030000 C=0000000000000000 D=0000000000001000 E=0000000000000000
FA=0040 [0000000001000000] KR=0280 [0000001010000000] EXT=00 COND=1 IDLE=1 IO=0000000000000000
FB=0840 [0000100001000000] SR=0100 R5=0 ROM=0000.0 PREG=0 RAMOP=- RAMREG=090 ROMOP=- ROMREG=00

063F 0A0B ?BUSY
A=0000000000001000 B=0000000000030000 C=0000000000000000 D=0000000000001000 E=0000000000000000
FA=0040 [0000000001000000] KR=0280 [0000001010000000] EXT=00 COND=1 IDLE=1 IO=0000000000000000
FB=0840 [0000100001000000] SR=0100 R5=0 ROM=0000.0 PREG=0 RAMOP=- RAMREG=090 ROMOP=- ROMREG=00

0640 1BCF BRC 0459 -1E7
A=0000000000001000 B=0000000000030000 C=0000000000000000 D=0000000000001000 E=0000000000000000
FA=0040 [0000000001000000] KR=0280 [0000001010000000] EXT=00 COND=1 IDLE=1 IO=0000000000000000
FB=0840 [0000100001000000] SR=0100 R5=0 ROM=0000.0 PREG=0 RAMOP=- RAMREG=090 ROMOP=- ROMREG=00

0459 0A80 WAIT D8
A=0000000000001000 B=0000000000030000 C=0000000000000000 D=0000000000001000 E=0000000000000000
FA=0040 [0000000001000000] KR=0280 [0000001010000000] EXT=00 COND=1 IDLE=1 IO=0000000000000000
FB=0840 [0000100001000000] SR=0100 R5=0 ROM=0000.0 PREG=0 RAMOP=- RAMREG=090 ROMOP=- ROMREG=00

045A 0A0B ?BUSY
A=0000000000001000 B=0000000000030000 C=0000000000000000 D=0000000000001000 E=0000000000000000
FA=0040 [0000000001000000] KR=0280 [0000001010000000] EXT=00 COND=1 IDLE=1 IO=0000000000000000
FB=0840 [0000100001000000] SR=0100 R5=0 ROM=0000.0 PREG=0 RAMOP=- RAMREG=090 ROMOP=- ROMREG=00

045B 13CC BRNC 0641 +1E6
A=0000000000001000 B=0000000000030000 C=0000000000000000 D=0000000000001000 E=0000000000000000
FA=0040 [0000000001000000] KR=0280 [0000001010000000] EXT=00 COND=0 IDLE=1 IO=0000000000000000
FB=0840 [0000100001000000] SR=0100 R5=0 ROM=0000.0 PREG=0 RAMOP=- RAMREG=090 ROMOP=- ROMREG=00

0641 0098 ?TFB 9
A=0000000000001000 B=0000000000030000 C=0000000000000000 D=0000000000001000 E=0000000000000000
FA=0040 [0000000001000000] KR=0280 [0000001010000000] EXT=00 COND=1 IDLE=1 IO=0000000000000000
FB=0840 [0000100001000000] SR=0100 R5=0 ROM=0000.0 PREG=0 RAMOP=- RAMREG=090 ROMOP=- ROMREG=00

0642 1828 BRC 0656 +014
A=0000000000001000 B=0000000000030000 C=0000000000000000 D=0000000000001000 E=0000000000000000
FA=0040 [0000000001000000] KR=0280 [0000001010000000] EXT=00 COND=1 IDLE=1 IO=0000000000000000
FB=0840 [0000100001000000] SR=0100 R5=0 ROM=0000.0 PREG=0 RAMOP=- RAMREG=090 ROMOP=- ROMREG=00

0656 0AE0 WAIT D14
A=0000000000001000 B=0000000000030000 C=0000000000000000 D=0000000000001000 E=0000000000000000
FA=0040 [0000000001000000] KR=0280 [0000001010000000] EXT=00 COND=1 IDLE=1 IO=0000000000000000
FB=0840 [0000100001000000] SR=0100 R5=0 ROM=0000.0 PREG=0 RAMOP=- RAMREG=090 ROMOP=- ROMREG=00

0657 0820 ?KEY 20
A=0000000000001000 B=0000000000030000 C=0000000000000000 D=0000000000001000 E=0000000000000000
FA=0040 [0000000001000000] KR=0280 [0000001010000000] EXT=00 COND=1 IDLE=1 IO=0000000000000000
FB=0840 [0000100001000000] SR=0100 R5=0 ROM=0000.0 PREG=0 RAMOP=- RAMREG=090 ROMOP=- ROMREG=00

0658 1839 BRC 063C -01C
A=0000000000001000 B=0000000000030000 C=0000000000000000 D=0000000000001000 E=0000000000000000
FA=0040 [0000000001000000] KR=0280 [0000001010000000] EXT=00 COND=1 IDLE=1 IO=0000000000000000
FB=0840 [0000100001000000] SR=0100 R5=0 ROM=0000.0 PREG=0 RAMOP=- RAMREG=090 ROMOP=- ROMREG=00

063C 00C8 ?TFB 12
A=0000000000001000 B=0000000000030000 C=0000000000000000 D=0000000000001000 E=0000000000000000
FA=0040 [0000000001000000] KR=0280 [0000001010000000] EXT=00 COND=1 IDLE=1 IO=0000000000000000
FB=0840 [0000100001000000] SR=0100 R5=0 ROM=0000.0 PREG=0 RAMOP=- RAMREG=090 ROMOP=- ROMREG=00

063D 00A8 ?TFB 10
A=0000000000001000 B=0000000000030000 C=0000000000000000 D=0000000000001000 E=0000000000000000
FA=0040 [0000000001000000] KR=0280 [0000001010000000] EXT=00 COND=1 IDLE=1 IO=0000000000000000
FB=0840 [0000100001000000] SR=0100 R5=0 ROM=0000.0 PREG=0 RAMOP=- RAMREG=090 ROMOP=- ROMREG=00

063E 0AB0 WAIT D11
A=0000000000001000 B=0000000000030000 C=0000000000000000 D=0000000000001000 E=0000000000000000
FA=0040 [0000000001000000] KR=0280 [0000001010000000] EXT=00 COND=1 IDLE=1 IO=0000000000000000
FB=0840 [0000100001000000] SR=0100 R5=0 ROM=0000.0 PREG=0 RAMOP=- RAMREG=090 ROMOP=- ROMREG=00

063F 0A0B ?BUSY
A=0000000000001000 B=0000000000030000 C=0000000000000000 D=0000000000001000 E=0000000000000000
FA=0040 [0000000001000000] KR=0280 [0000001010000000] EXT=00 COND=1 IDLE=1 IO=0000000000000000
FB=0840 [0000100001000000] SR=0100 R5=0 ROM=0000.0 PREG=0 RAMOP=- RAMREG=090 ROMOP=- ROMREG=00

0640 1BCF BRC 0459 -1E7
A=0000000000001000 B=0000000000030000 C=0000000000000000 D=0000000000001000 E=0000000000000000
FA=0040 [0000000001000000] KR=0280 [0000001010000000] EXT=00 COND=1 IDLE=1 IO=0000000000000000
FB=0840 [0000100001000000] SR=0100 R5=0 ROM=0000.0 PREG=0 RAMOP=- RAMREG=090 ROMOP=- ROMREG=00

0459 0A80 WAIT D8
A=0000000000001000 B=0000000000030000 C=0000000000000000 D=0000000000001000 E=0000000000000000
FA=0040 [0000000001000000] KR=0280 [0000001010000000] EXT=00 COND=1 IDLE=1 IO=0000000000000000
FB=0840 [0000100001000000] SR=0100 R5=0 ROM=0000.0 PREG=0 RAMOP=- RAMREG=090 ROMOP=- ROMREG=00

045A 0A0B ?BUSY
A=0000000000001000 B=0000000000030000 C=0000000000000000 D=0000000000001000 E=0000000000000000
FA=0040 [0000000001000000] KR=0280 [0000001010000000] EXT=00 COND=1 IDLE=1 IO=0000000000000000
FB=0840 [0000100001000000] SR=0100 R5=0 ROM=0000.0 PREG=0 RAMOP=- RAMREG=090 ROMOP=- ROMREG=00

045B 13CC BRNC 0641 +1E6
A=0000000000001000 B=0000000000030000 C=0000000000000000 D=0000000000001000 E=0000000000000000
FA=0040 [0000000001000000] KR=0280 [0000001010000000] EXT=00 COND=0 IDLE=1 IO=0000000000000000
FB=0840 [0000100001000000] SR=0100 R5=0 ROM=0000.0 PREG=0 RAMOP=- RAMREG=090 ROMOP=- ROMREG=00

0641 0098 ?TFB 9
A=0000000000001000 B=0000000000030000 C=0000000000000000 D=0000000000001000 E=0000000000000000
FA=0040 [0000000001000000] KR=0280 [0000001010000000] EXT=00 COND=1 IDLE=1 IO=0000000000000000
FB=0840 [0000100001000000] SR=0100 R5=0 ROM=0000.0 PREG=0 RAMOP=- RAMREG=090 ROMOP=- ROMREG=00

0642 1828 BRC 0656 +014
A=0000000000001000 B=0000000000030000 C=0000000000000000 D=0000000000001000 E=0000000000000000
FA=0040 [0000000001000000] KR=0280 [0000001010000000] EXT=00 COND=1 IDLE=1 IO=0000000000000000
FB=0840 [0000100001000000] SR=0100 R5=0 ROM=0000.0 PREG=0 RAMOP=- RAMREG=090 ROMOP=- ROMREG=00

0656 0AE0 WAIT D14
A=0000000000001000 B=0000000000030000 C=0000000000000000 D=0000000000001000 E=0000000000000000
FA=0040 [0000000001000000] KR=0280 [0000001010000000] EXT=00 COND=1 IDLE=1 IO=0000000000000000
FB=0840 [0000100001000000] SR=0100 R5=0 ROM=0000.0 PREG=0 RAMOP=- RAMREG=090 ROMOP=- ROMREG=00

0657 0820 ?KEY 20
A=0000000000001000 B=0000000000030000 C=0000000000000000 D=0000000000001000 E=0000000000000000
FA=0040 [0000000001000000] KR=0280 [0000001010000000] EXT=00 COND=1 IDLE=1 IO=0000000000000000
FB=0840 [0000100001000000] SR=0100 R5=0 ROM=0000.0 PREG=0 RAMOP=- RAMREG=090 ROMOP=- ROMREG=00

0658 1839 BRC 063C -01C
A=0000000000001000 B=0000000000030000 C=0000000000000000 D=0000000000001000 E=0000000000000000
FA=0040 [0000000001000000] KR=0280 [0000001010000000] EXT=00 COND=1 IDLE=1 IO=0000000000000000
FB=0840 [0000100001000000] SR=0100 R5=0 ROM=0000.0 PREG=0 RAMOP=- RAMREG=090 ROMOP=- ROMREG=00

063C 00C8 ?TFB 12
A=0000000000001000 B=0000000000030000 C=0000000000000000 D=0000000000001000 E=0000000000000000
FA=0040 [0000000001000000] KR=0280 [0000001010000000] EXT=00 COND=1 IDLE=1 IO=0000000000000000
FB=0840 [0000100001000000] SR=0100 R5=0 ROM=0000.0 PREG=0 RAMOP=- RAMREG=090 ROMOP=- ROMREG=00

063D 00A8 ?TFB 10
A=0000000000001000 B=0000000000030000 C=0000000000000000 D=0000000000001000 E=0000000000000000
FA=0040 [0000000001000000] KR=0280 [0000001010000000] EXT=00 COND=1 IDLE=1 IO=0000000000000000
FB=0840 [0000100001000000] SR=0100 R5=0 ROM=0000.0 PREG=0 RAMOP=- RAMREG=090 ROMOP=- ROMREG=00

063E 0AB0 WAIT D11
A=0000000000001000 B=0000000000030000 C=0000000000000000 D=0000000000001000 E=0000000000000000
FA=0040 [0000000001000000] KR=0280 [0000001010000000] EXT=00 COND=1 IDLE=1 IO=0000000000000000
FB=0840 [0000100001000000] SR=0100 R5=0 ROM=0000.0 PREG=0 RAMOP=- RAMREG=090 ROMOP=- ROMREG=00

063F 0A0B ?BUSY
A=0000000000001000 B=0000000000030000 C=0000000000000000 D=0000000000001000 E=0000000000000000
FA=0040 [0000000001000000] KR=0280 [0000001010000000] EXT=00 COND=1 IDLE=1 IO=0000000000000000
FB=0840 [0000100001000000] SR=0100 R5=0 ROM=0000.0 PREG=0 RAMOP=- RAMREG=090 ROMOP=- ROMREG=00

0640 1BCF BRC 0459 -1E7
A=0000000000001000 B=0000000000030000 C=0000000000000000 D=0000000000001000 E=0000000000000000
FA=0040 [0000000001000000] KR=0280 [0000001010000000] EXT=00 COND=1 IDLE=1 IO=0000000000000000
FB=0840 [0000100001000000] SR=0100 R5=0 ROM=0000.0 PREG=0 RAMOP=- RAMREG=090 ROMOP=- ROMREG=00

0459 0A80 WAIT D8
A=0000000000001000 B=0000000000030000 C=0000000000000000 D=0000000000001000 E=0000000000000000
FA=0040 [0000000001000000] KR=0280 [0000001010000000] EXT=00 COND=1 IDLE=1 IO=0000000000000000
FB=0840 [0000100001000000] SR=0100 R5=0 ROM=0000.0 PREG=0 RAMOP=- RAMREG=090 ROMOP=- ROMREG=00

045A 0A0B ?BUSY
A=0000000000001000 B=0000000000030000 C=0000000000000000 D=0000000000001000 E=0000000000000000
FA=0040 [0000000001000000] KR=0280 [0000001010000000] EXT=00 COND=1 IDLE=1 IO=0000000000000000
FB=0840 [0000100001000000] SR=0100 R5=0 ROM=0000.0 PREG=0 RAMOP=- RAMREG=090 ROMOP=- ROMREG=00

045B 13CC BRNC 0641 +1E6
A=0000000000001000 B=0000000000030000 C=0000000000000000 D=0000000000001000 E=0000000000000000
FA=0040 [0000000001000000] KR=0280 [0000001010000000] EXT=00 COND=0 IDLE=1 IO=0000000000000000
FB=0840 [0000100001000000] SR=0100 R5=0 ROM=0000.0 PREG=0 RAMOP=- RAMREG=090 ROMOP=- ROMREG=00

0641 0098 ?TFB 9
A=0000000000001000 B=0000000000030000 C=0000000000000000 D=0000000000001000 E=0000000000000000
FA=0040 [0000000001000000] KR=0280 [0000001010000000] EXT=00 COND=1 IDLE=1 IO=0000000000000000
FB=0840 [0000100001000000] SR=0100 R5=0 ROM=0000.0 PREG=0 RAMOP=- RAMREG=090 ROMOP=- ROMREG=00

0642 1828 BRC 0656 +014
A=0000000000001000 B=0000000000030000 C=0000000000000000 D=0000000000001000 E=0000000000000000
FA=0040 [0000000001000000] KR=0280 [0000001010000000] EXT=00 COND=1 IDLE=1 IO=0000000000000000
FB=0840 [0000100001000000] SR=0100 R5=0 ROM=0000.0 PREG=0 RAMOP=- RAMREG=090 ROMOP=- ROMREG=00

0656 0AE0 WAIT D14
A=0000000000001000 B=0000000000030000 C=0000000000000000 D=0000000000001000 E=0000000000000000
FA=0040 [0000000001000000] KR=0280 [0000001010000000] EXT=00 COND=1 IDLE=1 IO=0000000000000000
FB=0840 [0000100001000000] SR=0100 R5=0 ROM=0000.0 PREG=0 RAMOP=- RAMREG=090 ROMOP=- ROMREG=00

0657 0820 ?KEY 20
A=0000000000001000 B=0000000000030000 C=0000000000000000 D=0000000000001000 E=0000000000000000
FA=0040 [0000000001000000] KR=0280 [0000001010000000] EXT=00 COND=1 IDLE=1 IO=0000000000000000
FB=0840 [0000100001000000] SR=0100 R5=0 ROM=0000.0 PREG=0 RAMOP=- RAMREG=090 ROMOP=- ROMREG=00

0658 1839 BRC 063C -01C
A=0000000000001000 B=0000000000030000 C=0000000000000000 D=0000000000001000 E=0000000000000000
FA=0040 [0000000001000000] KR=0280 [0000001010000000] EXT=00 COND=1 IDLE=1 IO=0000000000000000
FB=0840 [0000100001000000] SR=0100 R5=0 ROM=0000.0 PREG=0 RAMOP=- RAMREG=090 ROMOP=- ROMREG=00

063C 00C8 ?TFB 12
A=0000000000001000 B=0000000000030000 C=0000000000000000 D=0000000000001000 E=0000000000000000
FA=0040 [0000000001000000] KR=0280 [0000001010000000] EXT=00 COND=1 IDLE=1 IO=0000000000000000
FB=0840 [0000100001000000] SR=0100 R5=0 ROM=0000.0 PREG=0 RAMOP=- RAMREG=090 ROMOP=- ROMREG=00

063D 00A8 ?TFB 10
A=0000000000001000 B=0000000000030000 C=0000000000000000 D=0000000000001000 E=0000000000000000
FA=0040 [0000000001000000] KR=0280 [0000001010000000] EXT=00 COND=1 IDLE=1 IO=0000000000000000
FB=0840 [0000100001000000] SR=0100 R5=0 ROM=0000.0 PREG=0 RAMOP=- RAMREG=090 ROMOP=- ROMREG=00

063E 0AB0 WAIT D11
A=0000000000001000 B=0000000000030000 C=0000000000000000 D=0000000000001000 E=0000000000000000
FA=0040 [0000000001000000] KR=0280 [0000001010000000] EXT=00 COND=1 IDLE=1 IO=0000000000000000
FB=0840 [0000100001000000] SR=0100 R5=0 ROM=0000.0 PREG=0 RAMOP=- RAMREG=090 ROMOP=- ROMREG=00

063F 0A0B ?BUSY
A=0000000000001000 B=0000000000030000 C=0000000000000000 D=0000000000001000 E=0000000000000000
FA=0040 [0000000001000000] KR=0280 [0000001010000000] EXT=00 COND=1 IDLE=1 IO=0000000000000000
FB=0840 [0000100001000000] SR=0100 R5=0 ROM=0000.0 PREG=0 RAMOP=- RAMREG=090 ROMOP=- ROMREG=00

0640 1BCF BRC 0459 -1E7
A=0000000000001000 B=0000000000030000 C=0000000000000000 D=0000000000001000 E=0000000000000000
FA=0040 [0000000001000000] KR=0280 [0000001010000000] EXT=00 COND=1 IDLE=1 IO=0000000000000000
FB=0840 [0000100001000000] SR=0100 R5=0 ROM=0000.0 PREG=0 RAMOP=- RAMREG=090 ROMOP=- ROMREG=00

0459 0A80 WAIT D8
A=0000000000001000 B=0000000000030000 C=0000000000000000 D=0000000000001000 E=0000000000000000
FA=0040 [0000000001000000] KR=0280 [0000001010000000] EXT=00 COND=1 IDLE=1 IO=0000000000000000
FB=0840 [0000100001000000] SR=0100 R5=0 ROM=0000.0 PREG=0 RAMOP=- RAMREG=090 ROMOP=- ROMREG=00

045A 0A0B ?BUSY
A=0000000000001000 B=0000000000030000 C=0000000000000000 D=0000000000001000 E=0000000000000000
FA=0040 [0000000001000000] KR=0280 [0000001010000000] EXT=00 COND=1 IDLE=1 IO=0000000000000000
FB=0840 [0000100001000000] SR=0100 R5=0 ROM=0000.0 PREG=0 RAMOP=- RAMREG=090 ROMOP=- ROMREG=00

045B 13CC BRNC 0641 +1E6
A=0000000000001000 B=0000000000030000 C=0000000000000000 D=0000000000001000 E=0000000000000000
FA=0040 [0000000001000000] KR=0280 [0000001010000000] EXT=00 COND=0 IDLE=1 IO=0000000000000000
FB=0840 [0000100001000000] SR=0100 R5=0 ROM=0000.0 PREG=0 RAMOP=- RAMREG=090 ROMOP=- ROMREG=00

0641 0098 ?TFB 9
A=0000000000001000 B=0000000000030000 C=0000000000000000 D=0000000000001000 E=0000000000000000
FA=0040 [0000000001000000] KR=0280 [0000001010000000] EXT=00 COND=1 IDLE=1 IO=0000000000000000
FB=0840 [0000100001000000] SR=0100 R5=0 ROM=0000.0 PREG=0 RAMOP=- RAMREG=090 ROMOP=- ROMREG=00

0642 1828 BRC 0656 +014
A=0000000000001000 B=0000000000030000 C=0000000000000000 D=0000000000001000 E=0000000000000000
FA=0040 [0000000001000000] KR=0280 [0000001010000000] EXT=00 COND=1 IDLE=1 IO=0000000000000000
FB=0840 [0000100001000000] SR=0100 R5=0 ROM=0000.0 PREG=0 RAMOP=- RAMREG=090 ROMOP=- ROMREG=00

0656 0AE0 WAIT D14
A=0000000000001000 B=0000000000030000 C=0000000000000000 D=0000000000001000 E=0000000000000000
FA=0040 [0000000001000000] KR=0280 [0000001010000000] EXT=00 COND=1 IDLE=1 IO=0000000000000000
FB=0840 [0000100001000000] SR=0100 R5=0 ROM=0000.0 PREG=0 RAMOP=- RAMREG=090 ROMOP=- ROMREG=00

0657 0820 ?KEY 20
A=0000000000001000 B=0000000000030000 C=0000000000000000 D=0000000000001000 E=0000000000000000
FA=0040 [0000000001000000] KR=0280 [0000001010000000] EXT=00 COND=1 IDLE=1 IO=0000000000000000
FB=0840 [0000100001000000] SR=0100 R5=0 ROM=0000.0 PREG=0 RAMOP=- RAMREG=090 ROMOP=- ROMREG=00

0658 1839 BRC 063C -01C
A=0000000000001000 B=0000000000030000 C=0000000000000000 D=0000000000001000 E=0000000000000000
FA=0040 [0000000001000000] KR=0280 [0000001010000000] EXT=00 COND=1 IDLE=1 IO=0000000000000000
FB=0840 [0000100001000000] SR=0100 R5=0 ROM=0000.0 PREG=0 RAMOP=- RAMREG=090 ROMOP=- ROMREG=00

063C 00C8 ?TFB 12
A=0000000000001000 B=0000000000030000 C=0000000000000000 D=0000000000001000 E=0000000000000000
FA=0040 [0000000001000000] KR=0280 [0000001010000000] EXT=00 COND=1 IDLE=1 IO=0000000000000000
FB=0840 [0000100001000000] SR=0100 R5=0 ROM=0000.0 PREG=0 RAMOP=- RAMREG=090 ROMOP=- ROMREG=00

063D 00A8 ?TFB 10
A=0000000000001000 B=0000000000030000 C=0000000000000000 D=0000000000001000 E=0000000000000000
FA=0040 [0000000001000000] KR=0280 [0000001010000000] EXT=00 COND=1 IDLE=1 IO=0000000000000000
FB=0840 [0000100001000000] SR=0100 R5=0 ROM=0000.0 PREG=0 RAMOP=- RAMREG=090 ROMOP=- ROMREG=00

063E 0AB0 WAIT D11
A=0000000000001000 B=0000000000030000 C=0000000000000000 D=0000000000001000 E=0000000000000000
FA=0040 [0000000001000000] KR=0280 [0000001010000000] EXT=00 COND=1 IDLE=1 IO=0000000000000000
FB=0840 [0000100001000000] SR=0100 R5=0 ROM=0000.0 PREG=0 RAMOP=- RAMREG=090 ROMOP=- ROMREG=00

063F 0A0B ?BUSY
A=0000000000001000 B=0000000000030000 C=0000000000000000 D=0000000000001000 E=0000000000000000
FA=0040 [0000000001000000] KR=0280 [0000001010000000] EXT=00 COND=1 IDLE=1 IO=0000000000000000
FB=0840 [0000100001000000] SR=0100 R5=0 ROM=0000.0 PREG=0 RAMOP=- RAMREG=090 ROMOP=- ROMREG=00

0640 1BCF BRC 0459 -1E7
A=0000000000001000 B=0000000000030000 C=0000000000000000 D=0000000000001000 E=0000000000000000
FA=0040 [0000000001000000] KR=0280 [0000001010000000] EXT=00 COND=1 IDLE=1 IO=0000000000000000
FB=0840 [0000100001000000] SR=0100 R5=0 ROM=0000.0 PREG=0 RAMOP=- RAMREG=090 ROMOP=- ROMREG=00

0459 0A80 WAIT D8
A=0000000000001000 B=0000000000030000 C=0000000000000000 D=0000000000001000 E=0000000000000000
FA=0040 [0000000001000000] KR=0280 [0000001010000000] EXT=00 COND=1 IDLE=1 IO=0000000000000000
FB=0840 [0000100001000000] SR=0100 R5=0 ROM=0000.0 PREG=0 RAMOP=- RAMREG=090 ROMOP=- ROMREG=00

045A 0A0B ?BUSY
A=0000000000001000 B=0000000000030000 C=0000000000000000 D=0000000000001000 E=0000000000000000
FA=0040 [0000000001000000] KR=0280 [0000001010000000] EXT=00 COND=1 IDLE=1 IO=0000000000000000
FB=0840 [0000100001000000] SR=0100 R5=0 ROM=0000.0 PREG=0 RAMOP=- RAMREG=090 ROMOP=- ROMREG=00

045B 13CC BRNC 0641 +1E6
A=0000000000001000 B=0000000000030000 C=0000000000000000 D=0000000000001000 E=0000000000000000
FA=0040 [0000000001000000] KR=0280 [0000001010000000] EXT=00 COND=0 IDLE=1 IO=0000000000000000
FB=0840 [0000100001000000] SR=0100 R5=0 ROM=0000.0 PREG=0 RAMOP=- RAMREG=090 ROMOP=- ROMREG=00

0641 0098 ?TFB 9
A=0000000000001000 B=0000000000030000 C=0000000000000000 D=0000000000001000 E=0000000000000000
FA=0040 [0000000001000000] KR=0280 [0000001010000000] EXT=00 COND=1 IDLE=1 IO=0000000000000000
FB=0840 [0000100001000000] SR=0100 R5=0 ROM=0000.0 PREG=0 RAMOP=- RAMREG=090 ROMOP=- ROMREG=00

0642 1828 BRC 0656 +014
A=0000000000001000 B=0000000000030000 C=0000000000000000 D=0000000000001000 E=0000000000000000
FA=0040 [0000000001000000] KR=0280 [0000001010000000] EXT=00 COND=1 IDLE=1 IO=0000000000000000
FB=0840 [0000100001000000] SR=0100 R5=0 ROM=0000.0 PREG=0 RAMOP=- RAMREG=090 ROMOP=- ROMREG=00

0656 0AE0 WAIT D14
A=0000000000001000 B=0000000000030000 C=0000000000000000 D=0000000000001000 E=0000000000000000
FA=0040 [0000000001000000] KR=0280 [0000001010000000] EXT=00 COND=1 IDLE=1 IO=0000000000000000
FB=0840 [0000100001000000] SR=0100 R5=0 ROM=0000.0 PREG=0 RAMOP=- RAMREG=090 ROMOP=- ROMREG=00

0657 0820 ?KEY 20
A=0000000000001000 B=0000000000030000 C=0000000000000000 D=0000000000001000 E=0000000000000000
FA=0040 [0000000001000000] KR=0280 [0000001010000000] EXT=00 COND=1 IDLE=1 IO=0000000000000000
FB=0840 [0000100001000000] SR=0100 R5=0 ROM=0000.0 PREG=0 RAMOP=- RAMREG=090 ROMOP=- ROMREG=00

0658 1839 BRC 063C -01C
A=0000000000001000 B=0000000000030000 C=0000000000000000 D=0000000000001000 E=0000000000000000
FA=0040 [0000000001000000] KR=0280 [0000001010000000] EXT=00 COND=1 IDLE=1 IO=0000000000000000
FB=0840 [0000100001000000] SR=0100 R5=0 ROM=0000.0 PREG=0 RAMOP=- RAMREG=090 ROMOP=- ROMREG=00

063C 00C8 ?TFB 12
A=0000000000001000 B=0000000000030000 C=0000000000000000 D=0000000000001000 E=0000000000000000
FA=0040 [0000000001000000] KR=0280 [0000001010000000] EXT=00 COND=1 IDLE=1 IO=0000000000000000
FB=0840 [0000100001000000] SR=0100 R5=0 ROM=0000.0 PREG=0 RAMOP=- RAMREG=090 ROMOP=- ROMREG=00

063D 00A8 ?TFB 10
A=0000000000001000 B=0000000000030000 C=0000000000000000 D=0000000000001000 E=0000000000000000
FA=0040 [0000000001000000] KR=0280 [0000001010000000] EXT=00 COND=1 IDLE=1 IO=0000000000000000
FB=0840 [0000100001000000] SR=0100 R5=0 ROM=0000.0 PREG=0 RAMOP=- RAMREG=090 ROMOP=- ROMREG=00

063E 0AB0 WAIT D11
A=0000000000001000 B=0000000000030000 C=0000000000000000 D=0000000000001000 E=0000000000000000
FA=0040 [0000000001000000] KR=0280 [0000001010000000] EXT=00 COND=1 IDLE=1 IO=0000000000000000
FB=0840 [0000100001000000] SR=0100 R5=0 ROM=0000.0 PREG=0 RAMOP=- RAMREG=090 ROMOP=- ROMREG=00

063F 0A0B ?BUSY
A=0000000000001000 B=0000000000030000 C=0000000000000000 D=0000000000001000 E=0000000000000000
FA=0040 [0000000001000000] KR=0280 [0000001010000000] EXT=00 COND=1 IDLE=1 IO=0000000000000000
FB=0840 [0000100001000000] SR=0100 R5=0 ROM=0000.0 PREG=0 RAMOP=- RAMREG=090 ROMOP=- ROMREG=00

0640 1BCF BRC 0459 -1E7
A=0000000000001000 B=0000000000030000 C=0000000000000000 D=0000000000001000 E=0000000000000000
FA=0040 [0000000001000000] KR=0280 [0000001010000000] EXT=00 COND=1 IDLE=1 IO=0000000000000000
FB=0840 [0000100001000000] SR=0100 R5=0 ROM=0000.0 PREG=0 RAMOP=- RAMREG=090 ROMOP=- ROMREG=00

0459 0A80 WAIT D8
A=0000000000001000 B=0000000000030000 C=0000000000000000 D=0000000000001000 E=0000000000000000
FA=0040 [0000000001000000] KR=0280 [0000001010000000] EXT=00 COND=1 IDLE=1 IO=0000000000000000
FB=0840 [0000100001000000] SR=0100 R5=0 ROM=0000.0 PREG=0 RAMOP=- RAMREG=090 ROMOP=- ROMREG=00

045A 0A0B ?BUSY
A=0000000000001000 B=0000000000030000 C=0000000000000000 D=0000000000001000 E=0000000000000000
FA=0040 [0000000001000000] KR=0280 [0000001010000000] EXT=00 COND=1 IDLE=1 IO=0000000000000000
FB=0840 [0000100001000000] SR=0100 R5=0 ROM=0000.0 PREG=0 RAMOP=- RAMREG=090 ROMOP=- ROMREG=00

045B 13CC BRNC 0641 +1E6
A=0000000000001000 B=0000000000030000 C=0000000000000000 D=0000000000001000 E=0000000000000000
FA=0040 [0000000001000000] KR=0280 [0000001010000000] EXT=00 COND=0 IDLE=1 IO=0000000000000000
FB=0840 [0000100001000000] SR=0100 R5=0 ROM=0000.0 PREG=0 RAMOP=- RAMREG=090 ROMOP=- ROMREG=00

0641 0098 ?TFB 9
A=0000000000001000 B=0000000000030000 C=0000000000000000 D=0000000000001000 E=0000000000000000
FA=0040 [0000000001000000] KR=0280 [0000001010000000] EXT=00 COND=1 IDLE=1 IO=0000000000000000
FB=0840 [0000100001000000] SR=0100 R5=0 ROM=0000.0 PREG=0 RAMOP=- RAMREG=090 ROMOP=- ROMREG=00

0642 1828 BRC 0656 +014
A=0000000000001000 B=0000000000030000 C=0000000000000000 D=0000000000001000 E=0000000000000000
FA=0040 [0000000001000000] KR=0280 [0000001010000000] EXT=00 COND=1 IDLE=1 IO=0000000000000000
FB=0840 [0000100001000000] SR=0100 R5=0 ROM=0000.0 PREG=0 RAMOP=- RAMREG=090 ROMOP=- ROMREG=00

0656 0AE0 WAIT D14
A=0000000000001000 B=0000000000030000 C=0000000000000000 D=0000000000001000 E=0000000000000000
FA=0040 [0000000001000000] KR=0280 [0000001010000000] EXT=00 COND=1 IDLE=1 IO=0000000000000000
FB=0840 [0000100001000000] SR=0100 R5=0 ROM=0000.0 PREG=0 RAMOP=- RAMREG=090 ROMOP=- ROMREG=00

0657 0820 ?KEY 20
A=0000000000001000 B=0000000000030000 C=0000000000000000 D=0000000000001000 E=0000000000000000
FA=0040 [0000000001000000] KR=0280 [0000001010000000] EXT=00 COND=1 IDLE=1 IO=0000000000000000
FB=0840 [0000100001000000] SR=0100 R5=0 ROM=0000.0 PREG=0 RAMOP=- RAMREG=090 ROMOP=- ROMREG=00

0658 1839 BRC 063C -01C
A=0000000000001000 B=0000000000030000 C=0000000000000000 D=0000000000001000 E=0000000000000000
FA=0040 [0000000001000000] KR=0280 [0000001010000000] EXT=00 COND=1 IDLE=1 IO=0000000000000000
FB=0840 [0000100001000000] SR=0100 R5=0 ROM=0000.0 PREG=0 RAMOP=- RAMREG=090 ROMOP=- ROMREG=00

063C 00C8 ?TFB 12
A=0000000000001000 B=0000000000030000 C=0000000000000000 D=0000000000001000 E=0000000000000000
FA=0040 [0000000001000000] KR=0280 [0000001010000000] EXT=00 COND=1 IDLE=1 IO=0000000000000000
FB=0840 [0000100001000000] SR=0100 R5=0 ROM=0000.0 PREG=0 RAMOP=- RAMREG=090 ROMOP=- ROMREG=00

063D 00A8 ?TFB 10
A=0000000000001000 B=0000000000030000 C=0000000000000000 D=0000000000001000 E=0000000000000000
FA=0040 [0000000001000000] KR=0280 [0000001010000000] EXT=00 COND=1 IDLE=1 IO=0000000000000000
FB=0840 [0000100001000000] SR=0100 R5=0 ROM=0000.0 PREG=0 RAMOP=- RAMREG=090 ROMOP=- ROMREG=00

063E 0AB0 WAIT D11
A=0000000000001000 B=0000000000030000 C=0000000000000000 D=0000000000001000 E=0000000000000000
FA=0040 [0000000001000000] KR=0280 [0000001010000000] EXT=00 COND=1 IDLE=1 IO=0000000000000000
FB=0840 [0000100001000000] SR=0100 R5=0 ROM=0000.0 PREG=0 RAMOP=- RAMREG=090 ROMOP=- ROMREG=00

063F 0A0B ?BUSY
A=0000000000001000 B=0000000000030000 C=0000000000000000 D=0000000000001000 E=0000000000000000
FA=0040 [0000000001000000] KR=0280 [0000001010000000] EXT=00 COND=1 IDLE=1 IO=0000000000000000
FB=0840 [0000100001000000] SR=0100 R5=0 ROM=0000.0 PREG=0 RAMOP=- RAMREG=090 ROMOP=- ROMREG=00

0640 1BCF BRC 0459 -1E7
A=0000000000001000 B=0000000000030000 C=0000000000000000 D=0000000000001000 E=0000000000000000
FA=0040 [0000000001000000] KR=0280 [0000001010000000] EXT=00 COND=1 IDLE=1 IO=0000000000000000
FB=0840 [0000100001000000] SR=0100 R5=0 ROM=0000.0 PREG=0 RAMOP=- RAMREG=090 ROMOP=- ROMREG=00

0459 0A80 WAIT D8
A=0000000000001000 B=0000000000030000 C=0000000000000000 D=0000000000001000 E=0000000000000000
FA=0040 [0000000001000000] KR=0280 [0000001010000000] EXT=00 COND=1 IDLE=1 IO=0000000000000000
FB=0840 [0000100001000000] SR=0100 R5=0 ROM=0000.0 PREG=0 RAMOP=- RAMREG=090 ROMOP=- ROMREG=00

045A 0A0B ?BUSY
A=0000000000001000 B=0000000000030000 C=0000000000000000 D=0000000000001000 E=0000000000000000
FA=0040 [0000000001000000] KR=0280 [0000001010000000] EXT=00 COND=1 IDLE=1 IO=0000000000000000
FB=0840 [0000100001000000] SR=0100 R5=0 ROM=0000.0 PREG=0 RAMOP=- RAMREG=090 ROMOP=- ROMREG=00

045B 13CC BRNC 0641 +1E6
A=0000000000001000 B=0000000000030000 C=0000000000000000 D=0000000000001000 E=0000000000000000
FA=0040 [0000000001000000] KR=0280 [0000001010000000] EXT=00 COND=0 IDLE=1 IO=0000000000000000
FB=0840 [0000100001000000] SR=0100 R5=0 ROM=0000.0 PREG=0 RAMOP=- RAMREG=090 ROMOP=- ROMREG=00

0641 0098 ?TFB 9
A=0000000000001000 B=0000000000030000 C=0000000000000000 D=0000000000001000 E=0000000000000000
FA=0040 [0000000001000000] KR=0280 [0000001010000000] EXT=00 COND=1 IDLE=1 IO=0000000000000000
FB=0840 [0000100001000000] SR=0100 R5=0 ROM=0000.0 PREG=0 RAMOP=- RAMREG=090 ROMOP=- ROMREG=00

0642 1828 BRC 0656 +014
A=0000000000001000 B=0000000000030000 C=0000000000000000 D=0000000000001000 E=0000000000000000
FA=0040 [0000000001000000] KR=0280 [0000001010000000] EXT=00 COND=1 IDLE=1 IO=0000000000000000
FB=0840 [0000100001000000] SR=0100 R5=0 ROM=0000.0 PREG=0 RAMOP=- RAMREG=090 ROMOP=- ROMREG=00

0656 0AE0 WAIT D14
A=0000000000001000 B=0000000000030000 C=0000000000000000 D=0000000000001000 E=0000000000000000
FA=0040 [0000000001000000] KR=0280 [0000001010000000] EXT=00 COND=1 IDLE=1 IO=0000000000000000
FB=0840 [0000100001000000] SR=0100 R5=0 ROM=0000.0 PREG=0 RAMOP=- RAMREG=090 ROMOP=- ROMREG=00

0657 0820 ?KEY 20
A=0000000000001000 B=0000000000030000 C=0000000000000000 D=0000000000001000 E=0000000000000000
FA=0040 [0000000001000000] KR=0280 [0000001010000000] EXT=00 COND=1 IDLE=1 IO=0000000000000000
FB=0840 [0000100001000000] SR=0100 R5=0 ROM=0000.0 PREG=0 RAMOP=- RAMREG=090 ROMOP=- ROMREG=00

0658 1839 BRC 063C -01C
A=0000000000001000 B=0000000000030000 C=0000000000000000 D=0000000000001000 E=0000000000000000
FA=0040 [0000000001000000] KR=0280 [0000001010000000] EXT=00 COND=1 IDLE=1 IO=0000000000000000
FB=0840 [0000100001000000] SR=0100 R5=0 ROM=0000.0 PREG=0 RAMOP=- RAMREG=090 ROMOP=- ROMREG=00

063C 00C8 ?TFB 12
A=0000000000001000 B=0000000000030000 C=0000000000000000 D=0000000000001000 E=0000000000000000
FA=0040 [0000000001000000] KR=0280 [0000001010000000] EXT=00 COND=1 IDLE=1 IO=0000000000000000
FB=0840 [0000100001000000] SR=0100 R5=0 ROM=0000.0 PREG=0 RAMOP=- RAMREG=090 ROMOP=- ROMREG=00

063D 00A8 ?TFB 10
A=0000000000001000 B=0000000000030000 C=0000000000000000 D=0000000000001000 E=0000000000000000
FA=0040 [0000000001000000] KR=0280 [0000001010000000] EXT=00 COND=1 IDLE=1 IO=0000000000000000
FB=0840 [0000100001000000] SR=0100 R5=0 ROM=0000.0 PREG=0 RAMOP=- RAMREG=090 ROMOP=- ROMREG=00

063E 0AB0 WAIT D11
A=0000000000001000 B=0000000000030000 C=0000000000000000 D=0000000000001000 E=0000000000000000
FA=0040 [0000000001000000] KR=0280 [0000001010000000] EXT=00 COND=1 IDLE=1 IO=0000000000000000
FB=0840 [0000100001000000] SR=0100 R5=0 ROM=0000.0 PREG=0 RAMOP=- RAMREG=090 ROMOP=- ROMREG=00

063F 0A0B ?BUSY
A=0000000000001000 B=0000000000030000 C=0000000000000000 D=0000000000001000 E=0000000000000000
FA=0040 [0000000001000000] KR=0280 [0000001010000000] EXT=00 COND=1 IDLE=1 IO=0000000000000000
FB=0840 [0000100001000000] SR=0100 R5=0 ROM=0000.0 PREG=0 RAMOP=- RAMREG=090 ROMOP=- ROMREG=00

0640 1BCF BRC 0459 -1E7
A=0000000000001000 B=0000000000030000 C=0000000000000000 D=0000000000001000 E=0000000000000000
FA=0040 [0000000001000000] KR=0280 [0000001010000000] EXT=00 COND=1 IDLE=1 IO=0000000000000000
FB=0840 [0000100001000000] SR=0100 R5=0 ROM=0000.0 PREG=0 RAMOP=- RAMREG=090 ROMOP=- ROMREG=00

0459 0A80 WAIT D8
A=0000000000001000 B=0000000000030000 C=0000000000000000 D=0000000000001000 E=0000000000000000
FA=0040 [0000000001000000] KR=0280 [0000001010000000] EXT=00 COND=1 IDLE=1 IO=0000000000000000
FB=0840 [0000100001000000] SR=0100 R5=0 ROM=0000.0 PREG=0 RAMOP=- RAMREG=090 ROMOP=- ROMREG=00

045A 0A0B ?BUSY
A=0000000000001000 B=0000000000030000 C=0000000000000000 D=0000000000001000 E=0000000000000000
FA=0040 [0000000001000000] KR=0280 [0000001010000000] EXT=00 COND=1 IDLE=1 IO=0000000000000000
FB=0840 [0000100001000000] SR=0100 R5=0 ROM=0000.0 PREG=0 RAMOP=- RAMREG=090 ROMOP=- ROMREG=00

045B 13CC BRNC 0641 +1E6
A=0000000000001000 B=0000000000030000 C=0000000000000000 D=0000000000001000 E=0000000000000000
FA=0040 [0000000001000000] KR=0280 [0000001010000000] EXT=00 COND=0 IDLE=1 IO=0000000000000000
FB=0840 [0000100001000000] SR=0100 R5=0 ROM=0000.0 PREG=0 RAMOP=- RAMREG=090 ROMOP=- ROMREG=00

0641 0098 ?TFB 9
A=0000000000001000 B=0000000000030000 C=0000000000000000 D=0000000000001000 E=0000000000000000
FA=0040 [0000000001000000] KR=0280 [0000001010000000] EXT=00 COND=1 IDLE=1 IO=0000000000000000
FB=0840 [0000100001000000] SR=0100 R5=0 ROM=0000.0 PREG=0 RAMOP=- RAMREG=090 ROMOP=- ROMREG=00

0642 1828 BRC 0656 +014
A=0000000000001000 B=0000000000030000 C=0000000000000000 D=0000000000001000 E=0000000000000000
FA=0040 [0000000001000000] KR=0280 [0000001010000000] EXT=00 COND=1 IDLE=1 IO=0000000000000000
FB=0840 [0000100001000000] SR=0100 R5=0 ROM=0000.0 PREG=0 RAMOP=- RAMREG=090 ROMOP=- ROMREG=00

0656 0AE0 WAIT D14
A=0000000000001000 B=0000000000030000 C=0000000000000000 D=0000000000001000 E=0000000000000000
FA=0040 [0000000001000000] KR=0280 [0000001010000000] EXT=00 COND=1 IDLE=1 IO=0000000000000000
FB=0840 [0000100001000000] SR=0100 R5=0 ROM=0000.0 PREG=0 RAMOP=- RAMREG=090 ROMOP=- ROMREG=00

0657 0820 ?KEY 20
A=0000000000001000 B=0000000000030000 C=0000000000000000 D=0000000000001000 E=0000000000000000
FA=0040 [0000000001000000] KR=0280 [0000001010000000] EXT=00 COND=1 IDLE=1 IO=0000000000000000
FB=0840 [0000100001000000] SR=0100 R5=0 ROM=0000.0 PREG=0 RAMOP=- RAMREG=090 ROMOP=- ROMREG=00

0658 1839 BRC 063C -01C
A=0000000000001000 B=0000000000030000 C=0000000000000000 D=0000000000001000 E=0000000000000000
FA=0040 [0000000001000000] KR=0280 [0000001010000000] EXT=00 COND=1 IDLE=1 IO=0000000000000000
FB=0840 [0000100001000000] SR=0100 R5=0 ROM=0000.0 PREG=0 RAMOP=- RAMREG=090 ROMOP=- ROMREG=00

063C 00C8 ?TFB 12
A=0000000000001000 B=0000000000030000 C=0000000000000000 D=0000000000001000 E=0000000000000000
FA=0040 [0000000001000000] KR=0280 [0000001010000000] EXT=00 COND=1 IDLE=1 IO=0000000000000000
FB=0840 [0000100001000000] SR=0100 R5=0 ROM=0000.0 PREG=0 RAMOP=- RAMREG=090 ROMOP=- ROMREG=00

063D 00A8 ?TFB 10
A=0000000000001000 B=0000000000030000 C=0000000000000000 D=0000000000001000 E=0000000000000000
FA=0040 [0000000001000000] KR=0280 [0000001010000000] EXT=00 COND=1 IDLE=1 IO=0000000000000000
FB=0840 [0000100001000000] SR=0100 R5=0 ROM=0000.0 PREG=0 RAMOP=- RAMREG=090 ROMOP=- ROMREG=00

063E 0AB0 WAIT D11
A=0000000000001000 B=0000000000030000 C=0000000000000000 D=0000000000001000 E=0000000000000000
FA=0040 [0000000001000000] KR=0280 [0000001010000000] EXT=00 COND=1 IDLE=1 IO=0000000000000000
FB=0840 [0000100001000000] SR=0100 R5=0 ROM=0000.0 PREG=0 RAMOP=- RAMREG=090 ROMOP=- ROMREG=00

063F 0A0B ?BUSY
A=0000000000001000 B=0000000000030000 C=0000000000000000 D=0000000000001000 E=0000000000000000
FA=0040 [0000000001000000] KR=0280 [0000001010000000] EXT=00 COND=1 IDLE=1 IO=0000000000000000
FB=0840 [0000100001000000] SR=0100 R5=0 ROM=0000.0 PREG=0 RAMOP=- RAMREG=090 ROMOP=- ROMREG=00

0640 1BCF BRC 0459 -1E7
A=0000000000001000 B=0000000000030000 C=0000000000000000 D=0000000000001000 E=0000000000000000
FA=0040 [0000000001000000] KR=0280 [0000001010000000] EXT=00 COND=1 IDLE=1 IO=0000000000000000
FB=0840 [0000100001000000] SR=0100 R5=0 ROM=0000.0 PREG=0 RAMOP=- RAMREG=090 ROMOP=- ROMREG=00

0459 0A80 WAIT D8
A=0000000000001000 B=0000000000030000 C=0000000000000000 D=0000000000001000 E=0000000000000000
FA=0040 [0000000001000000] KR=0280 [0000001010000000] EXT=00 COND=1 IDLE=1 IO=0000000000000000
FB=0840 [0000100001000000] SR=0100 R5=0 ROM=0000.0 PREG=0 RAMOP=- RAMREG=090 ROMOP=- ROMREG=00

045A 0A0B ?BUSY
A=0000000000001000 B=0000000000030000 C=0000000000000000 D=0000000000001000 E=0000000000000000
FA=0040 [0000000001000000] KR=0280 [0000001010000000] EXT=00 COND=1 IDLE=1 IO=0000000000000000
FB=0840 [0000100001000000] SR=0100 R5=0 ROM=0000.0 PREG=0 RAMOP=- RAMREG=090 ROMOP=- ROMREG=00

045B 13CC BRNC 0641 +1E6
A=0000000000001000 B=0000000000030000 C=0000000000000000 D=0000000000001000 E=0000000000000000
FA=0040 [0000000001000000] KR=0280 [0000001010000000] EXT=00 COND=0 IDLE=1 IO=0000000000000000
FB=0840 [0000100001000000] SR=0100 R5=0 ROM=0000.0 PREG=0 RAMOP=- RAMREG=090 ROMOP=- ROMREG=00

0641 0098 ?TFB 9
A=0000000000001000 B=0000000000030000 C=0000000000000000 D=0000000000001000 E=0000000000000000
FA=0040 [0000000001000000] KR=0280 [0000001010000000] EXT=00 COND=1 IDLE=1 IO=0000000000000000
FB=0840 [0000100001000000] SR=0100 R5=0 ROM=0000.0 PREG=0 RAMOP=- RAMREG=090 ROMOP=- ROMREG=00

0642 1828 BRC 0656 +014
A=0000000000001000 B=0000000000030000 C=0000000000000000 D=0000000000001000 E=0000000000000000
FA=0040 [0000000001000000] KR=0280 [0000001010000000] EXT=00 COND=1 IDLE=1 IO=0000000000000000
FB=0840 [0000100001000000] SR=0100 R5=0 ROM=0000.0 PREG=0 RAMOP=- RAMREG=090 ROMOP=- ROMREG=00

0656 0AE0 WAIT D14
A=0000000000001000 B=0000000000030000 C=0000000000000000 D=0000000000001000 E=0000000000000000
FA=0040 [0000000001000000] KR=0280 [0000001010000000] EXT=00 COND=1 IDLE=1 IO=0000000000000000
FB=0840 [0000100001000000] SR=0100 R5=0 ROM=0000.0 PREG=0 RAMOP=- RAMREG=090 ROMOP=- ROMREG=00

0657 0820 ?KEY 20
A=0000000000001000 B=0000000000030000 C=0000000000000000 D=0000000000001000 E=0000000000000000
FA=0040 [0000000001000000] KR=0280 [0000001010000000] EXT=00 COND=1 IDLE=1 IO=0000000000000000
FB=0840 [0000100001000000] SR=0100 R5=0 ROM=0000.0 PREG=0 RAMOP=- RAMREG=090 ROMOP=- ROMREG=00

0658 1839 BRC 063C -01C
A=0000000000001000 B=0000000000030000 C=0000000000000000 D=0000000000001000 E=0000000000000000
FA=0040 [0000000001000000] KR=0280 [0000001010000000] EXT=00 COND=1 IDLE=1 IO=0000000000000000
FB=0840 [0000100001000000] SR=0100 R5=0 ROM=0000.0 PREG=0 RAMOP=- RAMREG=090 ROMOP=- ROMREG=00

063C 00C8 ?TFB 12
A=0000000000001000 B=0000000000030000 C=0000000000000000 D=0000000000001000 E=0000000000000000
FA=0040 [0000000001000000] KR=0280 [0000001010000000] EXT=00 COND=1 IDLE=1 IO=0000000000000000
FB=0840 [0000100001000000] SR=0100 R5=0 ROM=0000.0 PREG=0 RAMOP=- RAMREG=090 ROMOP=- ROMREG=00

063D 00A8 ?TFB 10
A=0000000000001000 B=0000000000030000 C=0000000000000000 D=0000000000001000 E=0000000000000000
FA=0040 [0000000001000000] KR=0280 [0000001010000000] EXT=00 COND=1 IDLE=1 IO=0000000000000000
FB=0840 [0000100001000000] SR=0100 R5=0 ROM=0000.0 PREG=0 RAMOP=- RAMREG=090 ROMOP=- ROMREG=00

063E 0AB0 WAIT D11
A=0000000000001000 B=0000000000030000 C=0000000000000000 D=0000000000001000 E=0000000000000000
FA=0040 [0000000001000000] KR=0280 [0000001010000000] EXT=00 COND=1 IDLE=1 IO=0000000000000000
FB=0840 [0000100001000000] SR=0100 R5=0 ROM=0000.0 PREG=0 RAMOP=- RAMREG=090 ROMOP=- ROMREG=00

063F 0A0B ?BUSY
A=0000000000001000 B=0000000000030000 C=0000000000000000 D=0000000000001000 E=0000000000000000
FA=0040 [0000000001000000] KR=0280 [0000001010000000] EXT=00 COND=1 IDLE=1 IO=0000000000000000
FB=0840 [0000100001000000] SR=0100 R5=0 ROM=0000.0 PREG=0 RAMOP=- RAMREG=090 ROMOP=- ROMREG=00

0640 1BCF BRC 0459 -1E7
A=0000000000001000 B=0000000000030000 C=0000000000000000 D=0000000000001000 E=0000000000000000
FA=0040 [0000000001000000] KR=0280 [0000001010000000] EXT=00 COND=1 IDLE=1 IO=0000000000000000
FB=0840 [0000100001000000] SR=0100 R5=0 ROM=0000.0 PREG=0 RAMOP=- RAMREG=090 ROMOP=- ROMREG=00

0459 0A80 WAIT D8
A=0000000000001000 B=0000000000030000 C=0000000000000000 D=0000000000001000 E=0000000000000000
FA=0040 [0000000001000000] KR=0280 [0000001010000000] EXT=00 COND=1 IDLE=1 IO=0000000000000000
FB=0840 [0000100001000000] SR=0100 R5=0 ROM=0000.0 PREG=0 RAMOP=- RAMREG=090 ROMOP=- ROMREG=00

045A 0A0B ?BUSY
A=0000000000001000 B=0000000000030000 C=0000000000000000 D=0000000000001000 E=0000000000000000
FA=0040 [0000000001000000] KR=0280 [0000001010000000] EXT=00 COND=1 IDLE=1 IO=0000000000000000
FB=0840 [0000100001000000] SR=0100 R5=0 ROM=0000.0 PREG=0 RAMOP=- RAMREG=090 ROMOP=- ROMREG=00

045B 13CC BRNC 0641 +1E6
A=0000000000001000 B=0000000000030000 C=0000000000000000 D=0000000000001000 E=0000000000000000
FA=0040 [0000000001000000] KR=0280 [0000001010000000] EXT=00 COND=0 IDLE=1 IO=0000000000000000
FB=0840 [0000100001000000] SR=0100 R5=0 ROM=0000.0 PREG=0 RAMOP=- RAMREG=090 ROMOP=- ROMREG=00

0641 0098 ?TFB 9
A=0000000000001000 B=0000000000030000 C=0000000000000000 D=0000000000001000 E=0000000000000000
FA=0040 [0000000001000000] KR=0280 [0000001010000000] EXT=00 COND=1 IDLE=1 IO=0000000000000000
FB=0840 [0000100001000000] SR=0100 R5=0 ROM=0000.0 PREG=0 RAMOP=- RAMREG=090 ROMOP=- ROMREG=00

0642 1828 BRC 0656 +014
A=0000000000001000 B=0000000000030000 C=0000000000000000 D=0000000000001000 E=0000000000000000
FA=0040 [0000000001000000] KR=0280 [0000001010000000] EXT=00 COND=1 IDLE=1 IO=0000000000000000
FB=0840 [0000100001000000] SR=0100 R5=0 ROM=0000.0 PREG=0 RAMOP=- RAMREG=090 ROMOP=- ROMREG=00

0656 0AE0 WAIT D14
A=0000000000001000 B=0000000000030000 C=0000000000000000 D=0000000000001000 E=0000000000000000
FA=0040 [0000000001000000] KR=0280 [0000001010000000] EXT=00 COND=1 IDLE=1 IO=0000000000000000
FB=0840 [0000100001000000] SR=0100 R5=0 ROM=0000.0 PREG=0 RAMOP=- RAMREG=090 ROMOP=- ROMREG=00

0657 0820 ?KEY 20
A=0000000000001000 B=0000000000030000 C=0000000000000000 D=0000000000001000 E=0000000000000000
FA=0040 [0000000001000000] KR=0280 [0000001010000000] EXT=00 COND=1 IDLE=1 IO=0000000000000000
FB=0840 [0000100001000000] SR=0100 R5=0 ROM=0000.0 PREG=0 RAMOP=- RAMREG=090 ROMOP=- ROMREG=00

0658 1839 BRC 063C -01C
A=0000000000001000 B=0000000000030000 C=0000000000000000 D=0000000000001000 E=0000000000000000
FA=0040 [0000000001000000] KR=0280 [0000001010000000] EXT=00 COND=1 IDLE=1 IO=0000000000000000
FB=0840 [0000100001000000] SR=0100 R5=0 ROM=0000.0 PREG=0 RAMOP=- RAMREG=090 ROMOP=- ROMREG=00

063C 00C8 ?TFB 12
A=0000000000001000 B=0000000000030000 C=0000000000000000 D=0000000000001000 E=0000000000000000
FA=0040 [0000000001000000] KR=0280 [0000001010000000] EXT=00 COND=1 IDLE=1 IO=0000000000000000
FB=0840 [0000100001000000] SR=0100 R5=0 ROM=0000.0 PREG=0 RAMOP=- RAMREG=090 ROMOP=- ROMREG=00

063D 00A8 ?TFB 10
A=0000000000001000 B=0000000000030000 C=0000000000000000 D=0000000000001000 E=0000000000000000
FA=0040 [0000000001000000] KR=0280 [0000001010000000] EXT=00 COND=1 IDLE=1 IO=0000000000000000
FB=0840 [0000100001000000] SR=0100 R5=0 ROM=0000.0 PREG=0 RAMOP=- RAMREG=090 ROMOP=- ROMREG=00

063E 0AB0 WAIT D11
A=0000000000001000 B=0000000000030000 C=0000000000000000 D=0000000000001000 E=0000000000000000
FA=0040 [0000000001000000] KR=0280 [0000001010000000] EXT=00 COND=1 IDLE=1 IO=0000000000000000
FB=0840 [0000100001000000] SR=0100 R5=0 ROM=0000.0 PREG=0 RAMOP=- RAMREG=090 ROMOP=- ROMREG=00

063F 0A0B ?BUSY
A=0000000000001000 B=0000000000030000 C=0000000000000000 D=0000000000001000 E=0000000000000000
FA=0040 [0000000001000000] KR=0280 [0000001010000000] EXT=00 COND=1 IDLE=1 IO=0000000000000000
FB=0840 [0000100001000000] SR=0100 R5=0 ROM=0000.0 PREG=0 RAMOP=- RAMREG=090 ROMOP=- ROMREG=00

0640 1BCF BRC 0459 -1E7
A=0000000000001000 B=0000000000030000 C=0000000000000000 D=0000000000001000 E=0000000000000000
FA=0040 [0000000001000000] KR=0280 [0000001010000000] EXT=00 COND=1 IDLE=1 IO=0000000000000000
FB=0840 [0000100001000000] SR=0100 R5=0 ROM=0000.0 PREG=0 RAMOP=- RAMREG=090 ROMOP=- ROMREG=00

0459 0A80 WAIT D8
A=0000000000001000 B=0000000000030000 C=0000000000000000 D=0000000000001000 E=0000000000000000
FA=0040 [0000000001000000] KR=0280 [0000001010000000] EXT=00 COND=1 IDLE=1 IO=0000000000000000
FB=0840 [0000100001000000] SR=0100 R5=0 ROM=0000.0 PREG=0 RAMOP=- RAMREG=090 ROMOP=- ROMREG=00

045A 0A0B ?BUSY
A=0000000000001000 B=0000000000030000 C=0000000000000000 D=0000000000001000 E=0000000000000000
FA=0040 [0000000001000000] KR=0280 [0000001010000000] EXT=00 COND=1 IDLE=1 IO=0000000000000000
FB=0840 [0000100001000000] SR=0100 R5=0 ROM=0000.0 PREG=0 RAMOP=- RAMREG=090 ROMOP=- ROMREG=00

045B 13CC BRNC 0641 +1E6
A=0000000000001000 B=0000000000030000 C=0000000000000000 D=0000000000001000 E=0000000000000000
FA=0040 [0000000001000000] KR=0280 [0000001010000000] EXT=00 COND=0 IDLE=1 IO=0000000000000000
FB=0840 [0000100001000000] SR=0100 R5=0 ROM=0000.0 PREG=0 RAMOP=- RAMREG=090 ROMOP=- ROMREG=00

0641 0098 ?TFB 9
A=0000000000001000 B=0000000000030000 C=0000000000000000 D=0000000000001000 E=0000000000000000
FA=0040 [0000000001000000] KR=0280 [0000001010000000] EXT=00 COND=1 IDLE=1 IO=0000000000000000
FB=0840 [0000100001000000] SR=0100 R5=0 ROM=0000.0 PREG=0 RAMOP=- RAMREG=090 ROMOP=- ROMREG=00

0642 1828 BRC 0656 +014
A=0000000000001000 B=0000000000030000 C=0000000000000000 D=0000000000001000 E=0000000000000000
FA=0040 [0000000001000000] KR=0280 [0000001010000000] EXT=00 COND=1 IDLE=1 IO=0000000000000000
FB=0840 [0000100001000000] SR=0100 R5=0 ROM=0000.0 PREG=0 RAMOP=- RAMREG=090 ROMOP=- ROMREG=00

0656 0AE0 WAIT D14
A=0000000000001000 B=0000000000030000 C=0000000000000000 D=0000000000001000 E=0000000000000000
FA=0040 [0000000001000000] KR=0280 [0000001010000000] EXT=00 COND=1 IDLE=1 IO=0000000000000000
FB=0840 [0000100001000000] SR=0100 R5=0 ROM=0000.0 PREG=0 RAMOP=- RAMREG=090 ROMOP=- ROMREG=00

0657 0820 ?KEY 20
A=0000000000001000 B=0000000000030000 C=0000000000000000 D=0000000000001000 E=0000000000000000
FA=0040 [0000000001000000] KR=0280 [0000001010000000] EXT=00 COND=1 IDLE=1 IO=0000000000000000
FB=0840 [0000100001000000] SR=0100 R5=0 ROM=0000.0 PREG=0 RAMOP=- RAMREG=090 ROMOP=- ROMREG=00

0658 1839 BRC 063C -01C
A=0000000000001000 B=0000000000030000 C=0000000000000000 D=0000000000001000 E=0000000000000000
FA=0040 [0000000001000000] KR=0280 [0000001010000000] EXT=00 COND=1 IDLE=1 IO=0000000000000000
FB=0840 [0000100001000000] SR=0100 R5=0 ROM=0000.0 PREG=0 RAMOP=- RAMREG=090 ROMOP=- ROMREG=00

063C 00C8 ?TFB 12
A=0000000000001000 B=0000000000030000 C=0000000000000000 D=0000000000001000 E=0000000000000000
FA=0040 [0000000001000000] KR=0280 [0000001010000000] EXT=00 COND=1 IDLE=1 IO=0000000000000000
FB=0840 [0000100001000000] SR=0100 R5=0 ROM=0000.0 PREG=0 RAMOP=- RAMREG=090 ROMOP=- ROMREG=00

063D 00A8 ?TFB 10
A=0000000000001000 B=0000000000030000 C=0000000000000000 D=0000000000001000 E=0000000000000000
FA=0040 [0000000001000000] KR=0280 [0000001010000000] EXT=00 COND=1 IDLE=1 IO=0000000000000000
FB=0840 [0000100001000000] SR=0100 R5=0 ROM=0000.0 PREG=0 RAMOP=- RAMREG=090 ROMOP=- ROMREG=00

063E 0AB0 WAIT D11
A=0000000000001000 B=0000000000030000 C=0000000000000000 D=0000000000001000 E=0000000000000000
FA=0040 [0000000001000000] KR=0280 [0000001010000000] EXT=00 COND=1 IDLE=1 IO=0000000000000000
FB=0840 [0000100001000000] SR=0100 R5=0 ROM=0000.0 PREG=0 RAMOP=- RAMREG=090 ROMOP=- ROMREG=00

063F 0A0B ?BUSY
A=0000000000001000 B=0000000000030000 C=0000000000000000 D=0000000000001000 E=0000000000000000
FA=0040 [0000000001000000] KR=0280 [0000001010000000] EXT=00 COND=1 IDLE=1 IO=0000000000000000
FB=0840 [0000100001000000] SR=0100 R5=0 ROM=0000.0 PREG=0 RAMOP=- RAMREG=090 ROMOP=- ROMREG=00

0640 1BCF BRC 0459 -1E7
A=0000000000001000 B=0000000000030000 C=0000000000000000 D=0000000000001000 E=0000000000000000
FA=0040 [0000000001000000] KR=0280 [0000001010000000] EXT=00 COND=1 IDLE=1 IO=0000000000000000
FB=0840 [0000100001000000] SR=0100 R5=0 ROM=0000.0 PREG=0 RAMOP=- RAMREG=090 ROMOP=- ROMREG=00

0459 0A80 WAIT D8
A=0000000000001000 B=0000000000030000 C=0000000000000000 D=0000000000001000 E=0000000000000000
FA=0040 [0000000001000000] KR=0280 [0000001010000000] EXT=00 COND=1 IDLE=1 IO=0000000000000000
FB=0840 [0000100001000000] SR=0100 R5=0 ROM=0000.0 PREG=0 RAMOP=- RAMREG=090 ROMOP=- ROMREG=00

045A 0A0B ?BUSY
A=0000000000001000 B=0000000000030000 C=0000000000000000 D=0000000000001000 E=0000000000000000
FA=0040 [0000000001000000] KR=0280 [0000001010000000] EXT=00 COND=1 IDLE=1 IO=0000000000000000
FB=0840 [0000100001000000] SR=0100 R5=0 ROM=0000.0 PREG=0 RAMOP=- RAMREG=090 ROMOP=- ROMREG=00

045B 13CC BRNC 0641 +1E6
A=0000000000001000 B=0000000000030000 C=0000000000000000 D=0000000000001000 E=0000000000000000
FA=0040 [0000000001000000] KR=0280 [0000001010000000] EXT=00 COND=0 IDLE=1 IO=0000000000000000
FB=0840 [0000100001000000] SR=0100 R5=0 ROM=0000.0 PREG=0 RAMOP=- RAMREG=090 ROMOP=- ROMREG=00

0641 0098 ?TFB 9
A=0000000000001000 B=0000000000030000 C=0000000000000000 D=0000000000001000 E=0000000000000000
FA=0040 [0000000001000000] KR=0280 [0000001010000000] EXT=00 COND=1 IDLE=1 IO=0000000000000000
FB=0840 [0000100001000000] SR=0100 R5=0 ROM=0000.0 PREG=0 RAMOP=- RAMREG=090 ROMOP=- ROMREG=00

0642 1828 BRC 0656 +014
A=0000000000001000 B=0000000000030000 C=0000000000000000 D=0000000000001000 E=0000000000000000
FA=0040 [0000000001000000] KR=0280 [0000001010000000] EXT=00 COND=1 IDLE=1 IO=0000000000000000
FB=0840 [0000100001000000] SR=0100 R5=0 ROM=0000.0 PREG=0 RAMOP=- RAMREG=090 ROMOP=- ROMREG=00

0656 0AE0 WAIT D14
A=0000000000001000 B=0000000000030000 C=0000000000000000 D=0000000000001000 E=0000000000000000
FA=0040 [0000000001000000] KR=0280 [0000001010000000] EXT=00 COND=1 IDLE=1 IO=0000000000000000
FB=0840 [0000100001000000] SR=0100 R5=0 ROM=0000.0 PREG=0 RAMOP=- RAMREG=090 ROMOP=- ROMREG=00

0657 0820 ?KEY 20
A=0000000000001000 B=0000000000030000 C=0000000000000000 D=0000000000001000 E=0000000000000000
FA=0040 [0000000001000000] KR=0280 [0000001010000000] EXT=00 COND=1 IDLE=1 IO=0000000000000000
FB=0840 [0000100001000000] SR=0100 R5=0 ROM=0000.0 PREG=0 RAMOP=- RAMREG=090 ROMOP=- ROMREG=00

0658 1839 BRC 063C -01C
A=0000000000001000 B=0000000000030000 C=0000000000000000 D=0000000000001000 E=0000000000000000
FA=0040 [0000000001000000] KR=0280 [0000001010000000] EXT=00 COND=1 IDLE=1 IO=0000000000000000
FB=0840 [0000100001000000] SR=0100 R5=0 ROM=0000.0 PREG=0 RAMOP=- RAMREG=090 ROMOP=- ROMREG=00

063C 00C8 ?TFB 12
A=0000000000001000 B=0000000000030000 C=0000000000000000 D=0000000000001000 E=0000000000000000
FA=0040 [0000000001000000] KR=0280 [0000001010000000] EXT=00 COND=1 IDLE=1 IO=0000000000000000
FB=0840 [0000100001000000] SR=0100 R5=0 ROM=0000.0 PREG=0 RAMOP=- RAMREG=090 ROMOP=- ROMREG=00

063D 00A8 ?TFB 10
A=0000000000001000 B=0000000000030000 C=0000000000000000 D=0000000000001000 E=0000000000000000
FA=0040 [0000000001000000] KR=0280 [0000001010000000] EXT=00 COND=1 IDLE=1 IO=0000000000000000
FB=0840 [0000100001000000] SR=0100 R5=0 ROM=0000.0 PREG=0 RAMOP=- RAMREG=090 ROMOP=- ROMREG=00

063E 0AB0 WAIT D11
A=0000000000001000 B=0000000000030000 C=0000000000000000 D=0000000000001000 E=0000000000000000
FA=0040 [0000000001000000] KR=0280 [0000001010000000] EXT=00 COND=1 IDLE=1 IO=0000000000000000
FB=0840 [0000100001000000] SR=0100 R5=0 ROM=0000.0 PREG=0 RAMOP=- RAMREG=090 ROMOP=- ROMREG=00

063F 0A0B ?BUSY
A=0000000000001000 B=0000000000030000 C=0000000000000000 D=0000000000001000 E=0000000000000000
FA=0040 [0000000001000000] KR=0280 [0000001010000000] EXT=00 COND=1 IDLE=1 IO=0000000000000000
FB=0840 [0000100001000000] SR=0100 R5=0 ROM=0000.0 PREG=0 RAMOP=- RAMREG=090 ROMOP=- ROMREG=00

0640 1BCF BRC 0459 -1E7
A=0000000000001000 B=0000000000030000 C=0000000000000000 D=0000000000001000 E=0000000000000000
FA=0040 [0000000001000000] KR=0280 [0000001010000000] EXT=00 COND=1 IDLE=1 IO=0000000000000000
FB=0840 [0000100001000000] SR=0100 R5=0 ROM=0000.0 PREG=0 RAMOP=- RAMREG=090 ROMOP=- ROMREG=00

0459 0A80 WAIT D8
A=0000000000001000 B=0000000000030000 C=0000000000000000 D=0000000000001000 E=0000000000000000
FA=0040 [0000000001000000] KR=0280 [0000001010000000] EXT=00 COND=1 IDLE=1 IO=0000000000000000
FB=0840 [0000100001000000] SR=0100 R5=0 ROM=0000.0 PREG=0 RAMOP=- RAMREG=090 ROMOP=- ROMREG=00

045A 0A0B ?BUSY
A=0000000000001000 B=0000000000030000 C=0000000000000000 D=0000000000001000 E=0000000000000000
FA=0040 [0000000001000000] KR=0280 [0000001010000000] EXT=00 COND=1 IDLE=1 IO=0000000000000000
FB=0840 [0000100001000000] SR=0100 R5=0 ROM=0000.0 PREG=0 RAMOP=- RAMREG=090 ROMOP=- ROMREG=00

045B 13CC BRNC 0641 +1E6
A=0000000000001000 B=0000000000030000 C=0000000000000000 D=0000000000001000 E=0000000000000000
FA=0040 [0000000001000000] KR=0280 [0000001010000000] EXT=00 COND=0 IDLE=1 IO=0000000000000000
FB=0840 [0000100001000000] SR=0100 R5=0 ROM=0000.0 PREG=0 RAMOP=- RAMREG=090 ROMOP=- ROMREG=00

0641 0098 ?TFB 9
A=0000000000001000 B=0000000000030000 C=0000000000000000 D=0000000000001000 E=0000000000000000
FA=0040 [0000000001000000] KR=0280 [0000001010000000] EXT=00 COND=1 IDLE=1 IO=0000000000000000
FB=0840 [0000100001000000] SR=0100 R5=0 ROM=0000.0 PREG=0 RAMOP=- RAMREG=090 ROMOP=- ROMREG=00

0642 1828 BRC 0656 +014
A=0000000000001000 B=0000000000030000 C=0000000000000000 D=0000000000001000 E=0000000000000000
FA=0040 [0000000001000000] KR=0280 [0000001010000000] EXT=00 COND=1 IDLE=1 IO=0000000000000000
FB=0840 [0000100001000000] SR=0100 R5=0 ROM=0000.0 PREG=0 RAMOP=- RAMREG=090 ROMOP=- ROMREG=00

0656 0AE0 WAIT D14
A=0000000000001000 B=0000000000030000 C=0000000000000000 D=0000000000001000 E=0000000000000000
FA=0040 [0000000001000000] KR=0280 [0000001010000000] EXT=00 COND=1 IDLE=1 IO=0000000000000000
FB=0840 [0000100001000000] SR=0100 R5=0 ROM=0000.0 PREG=0 RAMOP=- RAMREG=090 ROMOP=- ROMREG=00

0657 0820 ?KEY 20
A=0000000000001000 B=0000000000030000 C=0000000000000000 D=0000000000001000 E=0000000000000000
FA=0040 [0000000001000000] KR=0280 [0000001010000000] EXT=00 COND=1 IDLE=1 IO=0000000000000000
FB=0840 [0000100001000000] SR=0100 R5=0 ROM=0000.0 PREG=0 RAMOP=- RAMREG=090 ROMOP=- ROMREG=00

0658 1839 BRC 063C -01C
A=0000000000001000 B=0000000000030000 C=0000000000000000 D=0000000000001000 E=0000000000000000
FA=0040 [0000000001000000] KR=0280 [0000001010000000] EXT=00 COND=1 IDLE=1 IO=0000000000000000
FB=0840 [0000100001000000] SR=0100 R5=0 ROM=0000.0 PREG=0 RAMOP=- RAMREG=090 ROMOP=- ROMREG=00

063C 00C8 ?TFB 12
A=0000000000001000 B=0000000000030000 C=0000000000000000 D=0000000000001000 E=0000000000000000
FA=0040 [0000000001000000] KR=0280 [0000001010000000] EXT=00 COND=1 IDLE=1 IO=0000000000000000
FB=0840 [0000100001000000] SR=0100 R5=0 ROM=0000.0 PREG=0 RAMOP=- RAMREG=090 ROMOP=- ROMREG=00

063D 00A8 ?TFB 10
A=0000000000001000 B=0000000000030000 C=0000000000000000 D=0000000000001000 E=0000000000000000
FA=0040 [0000000001000000] KR=0280 [0000001010000000] EXT=00 COND=1 IDLE=1 IO=0000000000000000
FB=0840 [0000100001000000] SR=0100 R5=0 ROM=0000.0 PREG=0 RAMOP=- RAMREG=090 ROMOP=- ROMREG=00

063E 0AB0 WAIT D11
A=0000000000001000 B=0000000000030000 C=0000000000000000 D=0000000000001000 E=0000000000000000
FA=0040 [0000000001000000] KR=0280 [0000001010000000] EXT=00 COND=1 IDLE=1 IO=0000000000000000
FB=0840 [0000100001000000] SR=0100 R5=0 ROM=0000.0 PREG=0 RAMOP=- RAMREG=090 ROMOP=- ROMREG=00

063F 0A0B ?BUSY
A=0000000000001000 B=0000000000030000 C=0000000000000000 D=0000000000001000 E=0000000000000000
FA=0040 [0000000001000000] KR=0280 [0000001010000000] EXT=00 COND=1 IDLE=1 IO=0000000000000000
FB=0840 [0000100001000000] SR=0100 R5=0 ROM=0000.0 PREG=0 RAMOP=- RAMREG=090 ROMOP=- ROMREG=00

0640 1BCF BRC 0459 -1E7
A=0000000000001000 B=0000000000030000 C=0000000000000000 D=0000000000001000 E=0000000000000000
FA=0040 [0000000001000000] KR=0280 [0000001010000000] EXT=00 COND=1 IDLE=1 IO=0000000000000000
FB=0840 [0000100001000000] SR=0100 R5=0 ROM=0000.0 PREG=0 RAMOP=- RAMREG=090 ROMOP=- ROMREG=00

0459 0A80 WAIT D8
A=0000000000001000 B=0000000000030000 C=0000000000000000 D=0000000000001000 E=0000000000000000
FA=0040 [0000000001000000] KR=0280 [0000001010000000] EXT=00 COND=1 IDLE=1 IO=0000000000000000
FB=0840 [0000100001000000] SR=0100 R5=0 ROM=0000.0 PREG=0 RAMOP=- RAMREG=090 ROMOP=- ROMREG=00

045A 0A0B ?BUSY
A=0000000000001000 B=0000000000030000 C=0000000000000000 D=0000000000001000 E=0000000000000000
FA=0040 [0000000001000000] KR=0280 [0000001010000000] EXT=00 COND=1 IDLE=1 IO=0000000000000000
FB=0840 [0000100001000000] SR=0100 R5=0 ROM=0000.0 PREG=0 RAMOP=- RAMREG=090 ROMOP=- ROMREG=00

045B 13CC BRNC 0641 +1E6
A=0000000000001000 B=0000000000030000 C=0000000000000000 D=0000000000001000 E=0000000000000000
FA=0040 [0000000001000000] KR=0280 [0000001010000000] EXT=00 COND=0 IDLE=1 IO=0000000000000000
FB=0840 [0000100001000000] SR=0100 R5=0 ROM=0000.0 PREG=0 RAMOP=- RAMREG=090 ROMOP=- ROMREG=00

0641 0098 ?TFB 9
A=0000000000001000 B=0000000000030000 C=0000000000000000 D=0000000000001000 E=0000000000000000
FA=0040 [0000000001000000] KR=0280 [0000001010000000] EXT=00 COND=1 IDLE=1 IO=0000000000000000
FB=0840 [0000100001000000] SR=0100 R5=0 ROM=0000.0 PREG=0 RAMOP=- RAMREG=090 ROMOP=- ROMREG=00

0642 1828 BRC 0656 +014
A=0000000000001000 B=0000000000030000 C=0000000000000000 D=0000000000001000 E=0000000000000000
FA=0040 [0000000001000000] KR=0280 [0000001010000000] EXT=00 COND=1 IDLE=1 IO=0000000000000000
FB=0840 [0000100001000000] SR=0100 R5=0 ROM=0000.0 PREG=0 RAMOP=- RAMREG=090 ROMOP=- ROMREG=00

0656 0AE0 WAIT D14
A=0000000000001000 B=0000000000030000 C=0000000000000000 D=0000000000001000 E=0000000000000000
FA=0040 [0000000001000000] KR=0280 [0000001010000000] EXT=00 COND=1 IDLE=1 IO=0000000000000000
FB=0840 [0000100001000000] SR=0100 R5=0 ROM=0000.0 PREG=0 RAMOP=- RAMREG=090 ROMOP=- ROMREG=00

0657 0820 ?KEY 20
A=0000000000001000 B=0000000000030000 C=0000000000000000 D=0000000000001000 E=0000000000000000
FA=0040 [0000000001000000] KR=0280 [0000001010000000] EXT=00 COND=1 IDLE=1 IO=0000000000000000
FB=0840 [0000100001000000] SR=0100 R5=0 ROM=0000.0 PREG=0 RAMOP=- RAMREG=090 ROMOP=- ROMREG=00

0658 1839 BRC 063C -01C
A=0000000000001000 B=0000000000030000 C=0000000000000000 D=0000000000001000 E=0000000000000000
FA=0040 [0000000001000000] KR=0280 [0000001010000000] EXT=00 COND=1 IDLE=1 IO=0000000000000000
FB=0840 [0000100001000000] SR=0100 R5=0 ROM=0000.0 PREG=0 RAMOP=- RAMREG=090 ROMOP=- ROMREG=00

063C 00C8 ?TFB 12
A=0000000000001000 B=0000000000030000 C=0000000000000000 D=0000000000001000 E=0000000000000000
FA=0040 [0000000001000000] KR=0280 [0000001010000000] EXT=00 COND=1 IDLE=1 IO=0000000000000000
FB=0840 [0000100001000000] SR=0100 R5=0 ROM=0000.0 PREG=0 RAMOP=- RAMREG=090 ROMOP=- ROMREG=00

063D 00A8 ?TFB 10
A=0000000000001000 B=0000000000030000 C=0000000000000000 D=0000000000001000 E=0000000000000000
FA=0040 [0000000001000000] KR=0280 [0000001010000000] EXT=00 COND=1 IDLE=1 IO=0000000000000000
FB=0840 [0000100001000000] SR=0100 R5=0 ROM=0000.0 PREG=0 RAMOP=- RAMREG=090 ROMOP=- ROMREG=00

063E 0AB0 WAIT D11
A=0000000000001000 B=0000000000030000 C=0000000000000000 D=0000000000001000 E=0000000000000000
FA=0040 [0000000001000000] KR=0280 [0000001010000000] EXT=00 COND=1 IDLE=1 IO=0000000000000000
FB=0840 [0000100001000000] SR=0100 R5=0 ROM=0000.0 PREG=0 RAMOP=- RAMREG=090 ROMOP=- ROMREG=00

063F 0A0B ?BUSY
A=0000000000001000 B=0000000000030000 C=0000000000000000 D=0000000000001000 E=0000000000000000
FA=0040 [0000000001000000] KR=0280 [0000001010000000] EXT=00 COND=1 IDLE=1 IO=0000000000000000
FB=0840 [0000100001000000] SR=0100 R5=0 ROM=0000.0 PREG=0 RAMOP=- RAMREG=090 ROMOP=- ROMREG=00

0640 1BCF BRC 0459 -1E7
A=0000000000001000 B=0000000000030000 C=0000000000000000 D=0000000000001000 E=0000000000000000
FA=0040 [0000000001000000] KR=0280 [0000001010000000] EXT=00 COND=1 IDLE=1 IO=0000000000000000
FB=0840 [0000100001000000] SR=0100 R5=0 ROM=0000.0 PREG=0 RAMOP=- RAMREG=090 ROMOP=- ROMREG=00

0459 0A80 WAIT D8
A=0000000000001000 B=0000000000030000 C=0000000000000000 D=0000000000001000 E=0000000000000000
FA=0040 [0000000001000000] KR=0280 [0000001010000000] EXT=00 COND=1 IDLE=1 IO=0000000000000000
FB=0840 [0000100001000000] SR=0100 R5=0 ROM=0000.0 PREG=0 RAMOP=- RAMREG=090 ROMOP=- ROMREG=00

045A 0A0B ?BUSY
A=0000000000001000 B=0000000000030000 C=0000000000000000 D=0000000000001000 E=0000000000000000
FA=0040 [0000000001000000] KR=0280 [0000001010000000] EXT=00 COND=1 IDLE=1 IO=0000000000000000
FB=0840 [0000100001000000] SR=0100 R5=0 ROM=0000.0 PREG=0 RAMOP=- RAMREG=090 ROMOP=- ROMREG=00

045B 13CC BRNC 0641 +1E6
A=0000000000001000 B=0000000000030000 C=0000000000000000 D=0000000000001000 E=0000000000000000
FA=0040 [0000000001000000] KR=0280 [0000001010000000] EXT=00 COND=0 IDLE=1 IO=0000000000000000
FB=0840 [0000100001000000] SR=0100 R5=0 ROM=0000.0 PREG=0 RAMOP=- RAMREG=090 ROMOP=- ROMREG=00

0641 0098 ?TFB 9
A=0000000000001000 B=0000000000030000 C=0000000000000000 D=0000000000001000 E=0000000000000000
FA=0040 [0000000001000000] KR=0280 [0000001010000000] EXT=00 COND=1 IDLE=1 IO=0000000000000000
FB=0840 [0000100001000000] SR=0100 R5=0 ROM=0000.0 PREG=0 RAMOP=- RAMREG=090 ROMOP=- ROMREG=00

0642 1828 BRC 0656 +014
A=0000000000001000 B=0000000000030000 C=0000000000000000 D=0000000000001000 E=0000000000000000
FA=0040 [0000000001000000] KR=0280 [0000001010000000] EXT=00 COND=1 IDLE=1 IO=0000000000000000
FB=0840 [0000100001000000] SR=0100 R5=0 ROM=0000.0 PREG=0 RAMOP=- RAMREG=090 ROMOP=- ROMREG=00

0656 0AE0 WAIT D14
A=0000000000001000 B=0000000000030000 C=0000000000000000 D=0000000000001000 E=0000000000000000
FA=0040 [0000000001000000] KR=0280 [0000001010000000] EXT=00 COND=1 IDLE=1 IO=0000000000000000
FB=0840 [0000100001000000] SR=0100 R5=0 ROM=0000.0 PREG=0 RAMOP=- RAMREG=090 ROMOP=- ROMREG=00

0657 0820 ?KEY 20
A=0000000000001000 B=0000000000030000 C=0000000000000000 D=0000000000001000 E=0000000000000000
FA=0040 [0000000001000000] KR=0280 [0000001010000000] EXT=00 COND=1 IDLE=1 IO=0000000000000000
FB=0840 [0000100001000000] SR=0100 R5=0 ROM=0000.0 PREG=0 RAMOP=- RAMREG=090 ROMOP=- ROMREG=00

0658 1839 BRC 063C -01C
A=0000000000001000 B=0000000000030000 C=0000000000000000 D=0000000000001000 E=0000000000000000
FA=0040 [0000000001000000] KR=0280 [0000001010000000] EXT=00 COND=1 IDLE=1 IO=0000000000000000
FB=0840 [0000100001000000] SR=0100 R5=0 ROM=0000.0 PREG=0 RAMOP=- RAMREG=090 ROMOP=- ROMREG=00

063C 00C8 ?TFB 12
A=0000000000001000 B=0000000000030000 C=0000000000000000 D=0000000000001000 E=0000000000000000
FA=0040 [0000000001000000] KR=0280 [0000001010000000] EXT=00 COND=1 IDLE=1 IO=0000000000000000
FB=0840 [0000100001000000] SR=0100 R5=0 ROM=0000.0 PREG=0 RAMOP=- RAMREG=090 ROMOP=- ROMREG=00

063D 00A8 ?TFB 10
A=0000000000001000 B=0000000000030000 C=0000000000000000 D=0000000000001000 E=0000000000000000
FA=0040 [0000000001000000] KR=0280 [0000001010000000] EXT=00 COND=1 IDLE=1 IO=0000000000000000
FB=0840 [0000100001000000] SR=0100 R5=0 ROM=0000.0 PREG=0 RAMOP=- RAMREG=090 ROMOP=- ROMREG=00

063E 0AB0 WAIT D11
A=0000000000001000 B=0000000000030000 C=0000000000000000 D=0000000000001000 E=0000000000000000
FA=0040 [0000000001000000] KR=0280 [0000001010000000] EXT=00 COND=1 IDLE=1 IO=0000000000000000
FB=0840 [0000100001000000] SR=0100 R5=0 ROM=0000.0 PREG=0 RAMOP=- RAMREG=090 ROMOP=- ROMREG=00

063F 0A0B ?BUSY
A=0000000000001000 B=0000000000030000 C=0000000000000000 D=0000000000001000 E=0000000000000000
FA=0040 [0000000001000000] KR=0280 [0000001010000000] EXT=00 COND=1 IDLE=1 IO=0000000000000000
FB=0840 [0000100001000000] SR=0100 R5=0 ROM=0000.0 PREG=0 RAMOP=- RAMREG=090 ROMOP=- ROMREG=00

0640 1BCF BRC 0459 -1E7
A=0000000000001000 B=0000000000030000 C=0000000000000000 D=0000000000001000 E=0000000000000000
FA=0040 [0000000001000000] KR=0280 [0000001010000000] EXT=00 COND=1 IDLE=1 IO=0000000000000000
FB=0840 [0000100001000000] SR=0100 R5=0 ROM=0000.0 PREG=0 RAMOP=- RAMREG=090 ROMOP=- ROMREG=00

0459 0A80 WAIT D8
A=0000000000001000 B=0000000000030000 C=0000000000000000 D=0000000000001000 E=0000000000000000
FA=0040 [0000000001000000] KR=0280 [0000001010000000] EXT=00 COND=1 IDLE=1 IO=0000000000000000
FB=0840 [0000100001000000] SR=0100 R5=0 ROM=0000.0 PREG=0 RAMOP=- RAMREG=090 ROMOP=- ROMREG=00

045A 0A0B ?BUSY
A=0000000000001000 B=0000000000030000 C=0000000000000000 D=0000000000001000 E=0000000000000000
FA=0040 [0000000001000000] KR=0280 [0000001010000000] EXT=00 COND=1 IDLE=1 IO=0000000000000000
FB=0840 [0000100001000000] SR=0100 R5=0 ROM=0000.0 PREG=0 RAMOP=- RAMREG=090 ROMOP=- ROMREG=00

045B 13CC BRNC 0641 +1E6
A=0000000000001000 B=0000000000030000 C=0000000000000000 D=0000000000001000 E=0000000000000000
FA=0040 [0000000001000000] KR=0280 [0000001010000000] EXT=00 COND=0 IDLE=1 IO=0000000000000000
FB=0840 [0000100001000000] SR=0100 R5=0 ROM=0000.0 PREG=0 RAMOP=- RAMREG=090 ROMOP=- ROMREG=00

0641 0098 ?TFB 9
A=0000000000001000 B=0000000000030000 C=0000000000000000 D=0000000000001000 E=0000000000000000
FA=0040 [0000000001000000] KR=0280 [0000001010000000] EXT=00 COND=1 IDLE=1 IO=0000000000000000
FB=0840 [0000100001000000] SR=0100 R5=0 ROM=0000.0 PREG=0 RAMOP=- RAMREG=090 ROMOP=- ROMREG=00

0642 1828 BRC 0656 +014
A=0000000000001000 B=0000000000030000 C=0000000000000000 D=0000000000001000 E=0000000000000000
FA=0040 [0000000001000000] KR=0280 [0000001010000000] EXT=00 COND=1 IDLE=1 IO=0000000000000000
FB=0840 [0000100001000000] SR=0100 R5=0 ROM=0000.0 PREG=0 RAMOP=- RAMREG=090 ROMOP=- ROMREG=00

0656 0AE0 WAIT D14
A=0000000000001000 B=0000000000030000 C=0000000000000000 D=0000000000001000 E=0000000000000000
FA=0040 [0000000001000000] KR=0280 [0000001010000000] EXT=00 COND=1 IDLE=1 IO=0000000000000000
FB=0840 [0000100001000000] SR=0100 R5=0 ROM=0000.0 PREG=0 RAMOP=- RAMREG=090 ROMOP=- ROMREG=00

0657 0820 ?KEY 20
A=0000000000001000 B=0000000000030000 C=0000000000000000 D=0000000000001000 E=0000000000000000
FA=0040 [0000000001000000] KR=0280 [0000001010000000] EXT=00 COND=1 IDLE=1 IO=0000000000000000
FB=0840 [0000100001000000] SR=0100 R5=0 ROM=0000.0 PREG=0 RAMOP=- RAMREG=090 ROMOP=- ROMREG=00

0658 1839 BRC 063C -01C
A=0000000000001000 B=0000000000030000 C=0000000000000000 D=0000000000001000 E=0000000000000000
FA=0040 [0000000001000000] KR=0280 [0000001010000000] EXT=00 COND=1 IDLE=1 IO=0000000000000000
FB=0840 [0000100001000000] SR=0100 R5=0 ROM=0000.0 PREG=0 RAMOP=- RAMREG=090 ROMOP=- ROMREG=00

063C 00C8 ?TFB 12
A=0000000000001000 B=0000000000030000 C=0000000000000000 D=0000000000001000 E=0000000000000000
FA=0040 [0000000001000000] KR=0280 [0000001010000000] EXT=00 COND=1 IDLE=1 IO=0000000000000000
FB=0840 [0000100001000000] SR=0100 R5=0 ROM=0000.0 PREG=0 RAMOP=- RAMREG=090 ROMOP=- ROMREG=00

063D 00A8 ?TFB 10
A=0000000000001000 B=0000000000030000 C=0000000000000000 D=0000000000001000 E=0000000000000000
FA=0040 [0000000001000000] KR=0280 [0000001010000000] EXT=00 COND=1 IDLE=1 IO=0000000000000000
FB=0840 [0000100001000000] SR=0100 R5=0 ROM=0000.0 PREG=0 RAMOP=- RAMREG=090 ROMOP=- ROMREG=00

063E 0AB0 WAIT D11
A=0000000000001000 B=0000000000030000 C=0000000000000000 D=0000000000001000 E=0000000000000000
FA=0040 [0000000001000000] KR=0280 [0000001010000000] EXT=00 COND=1 IDLE=1 IO=0000000000000000
FB=0840 [0000100001000000] SR=0100 R5=0 ROM=0000.0 PREG=0 RAMOP=- RAMREG=090 ROMOP=- ROMREG=00

063F 0A0B ?BUSY
A=0000000000001000 B=0000000000030000 C=0000000000000000 D=0000000000001000 E=0000000000000000
FA=0040 [0000000001000000] KR=0280 [0000001010000000] EXT=00 COND=1 IDLE=1 IO=0000000000000000
FB=0840 [0000100001000000] SR=0100 R5=0 ROM=0000.0 PREG=0 RAMOP=- RAMREG=090 ROMOP=- ROMREG=00

0640 1BCF BRC 0459 -1E7
A=0000000000001000 B=0000000000030000 C=0000000000000000 D=0000000000001000 E=0000000000000000
FA=0040 [0000000001000000] KR=0280 [0000001010000000] EXT=00 COND=1 IDLE=1 IO=0000000000000000
FB=0840 [0000100001000000] SR=0100 R5=0 ROM=0000.0 PREG=0 RAMOP=- RAMREG=090 ROMOP=- ROMREG=00

0459 0A80 WAIT D8
A=0000000000001000 B=0000000000030000 C=0000000000000000 D=0000000000001000 E=0000000000000000
FA=0040 [0000000001000000] KR=0280 [0000001010000000] EXT=00 COND=1 IDLE=1 IO=0000000000000000
FB=0840 [0000100001000000] SR=0100 R5=0 ROM=0000.0 PREG=0 RAMOP=- RAMREG=090 ROMOP=- ROMREG=00

045A 0A0B ?BUSY
A=0000000000001000 B=0000000000030000 C=0000000000000000 D=0000000000001000 E=0000000000000000
FA=0040 [0000000001000000] KR=0280 [0000001010000000] EXT=00 COND=1 IDLE=1 IO=0000000000000000
FB=0840 [0000100001000000] SR=0100 R5=0 ROM=0000.0 PREG=0 RAMOP=- RAMREG=090 ROMOP=- ROMREG=00

045B 13CC BRNC 0641 +1E6
A=0000000000001000 B=0000000000030000 C=0000000000000000 D=0000000000001000 E=0000000000000000
FA=0040 [0000000001000000] KR=0280 [0000001010000000] EXT=00 COND=0 IDLE=1 IO=0000000000000000
FB=0840 [0000100001000000] SR=0100 R5=0 ROM=0000.0 PREG=0 RAMOP=- RAMREG=090 ROMOP=- ROMREG=00

0641 0098 ?TFB 9
A=0000000000001000 B=0000000000030000 C=0000000000000000 D=0000000000001000 E=0000000000000000
FA=0040 [0000000001000000] KR=0280 [0000001010000000] EXT=00 COND=1 IDLE=1 IO=0000000000000000
FB=0840 [0000100001000000] SR=0100 R5=0 ROM=0000.0 PREG=0 RAMOP=- RAMREG=090 ROMOP=- ROMREG=00

0642 1828 BRC 0656 +014
A=0000000000001000 B=0000000000030000 C=0000000000000000 D=0000000000001000 E=0000000000000000
FA=0040 [0000000001000000] KR=0280 [0000001010000000] EXT=00 COND=1 IDLE=1 IO=0000000000000000
FB=0840 [0000100001000000] SR=0100 R5=0 ROM=0000.0 PREG=0 RAMOP=- RAMREG=090 ROMOP=- ROMREG=00

0656 0AE0 WAIT D14
A=0000000000001000 B=0000000000030000 C=0000000000000000 D=0000000000001000 E=0000000000000000
FA=0040 [0000000001000000] KR=0280 [0000001010000000] EXT=00 COND=1 IDLE=1 IO=0000000000000000
FB=0840 [0000100001000000] SR=0100 R5=0 ROM=0000.0 PREG=0 RAMOP=- RAMREG=090 ROMOP=- ROMREG=00

0657 0820 ?KEY 20
A=0000000000001000 B=0000000000030000 C=0000000000000000 D=0000000000001000 E=0000000000000000
FA=0040 [0000000001000000] KR=0280 [0000001010000000] EXT=00 COND=1 IDLE=1 IO=0000000000000000
FB=0840 [0000100001000000] SR=0100 R5=0 ROM=0000.0 PREG=0 RAMOP=- RAMREG=090 ROMOP=- ROMREG=00

0658 1839 BRC 063C -01C
A=0000000000001000 B=0000000000030000 C=0000000000000000 D=0000000000001000 E=0000000000000000
FA=0040 [0000000001000000] KR=0280 [0000001010000000] EXT=00 COND=1 IDLE=1 IO=0000000000000000
FB=0840 [0000100001000000] SR=0100 R5=0 ROM=0000.0 PREG=0 RAMOP=- RAMREG=090 ROMOP=- ROMREG=00

063C 00C8 ?TFB 12
A=0000000000001000 B=0000000000030000 C=0000000000000000 D=0000000000001000 E=0000000000000000
FA=0040 [0000000001000000] KR=0280 [0000001010000000] EXT=00 COND=1 IDLE=1 IO=0000000000000000
FB=0840 [0000100001000000] SR=0100 R5=0 ROM=0000.0 PREG=0 RAMOP=- RAMREG=090 ROMOP=- ROMREG=00

063D 00A8 ?TFB 10
A=0000000000001000 B=0000000000030000 C=0000000000000000 D=0000000000001000 E=0000000000000000
FA=0040 [0000000001000000] KR=0280 [0000001010000000] EXT=00 COND=1 IDLE=1 IO=0000000000000000
FB=0840 [0000100001000000] SR=0100 R5=0 ROM=0000.0 PREG=0 RAMOP=- RAMREG=090 ROMOP=- ROMREG=00

063E 0AB0 WAIT D11
A=0000000000001000 B=0000000000030000 C=0000000000000000 D=0000000000001000 E=0000000000000000
FA=0040 [0000000001000000] KR=0280 [0000001010000000] EXT=00 COND=1 IDLE=1 IO=0000000000000000
FB=0840 [0000100001000000] SR=0100 R5=0 ROM=0000.0 PREG=0 RAMOP=- RAMREG=090 ROMOP=- ROMREG=00

063F 0A0B ?BUSY
A=0000000000001000 B=0000000000030000 C=0000000000000000 D=0000000000001000 E=0000000000000000
FA=0040 [0000000001000000] KR=0280 [0000001010000000] EXT=00 COND=1 IDLE=1 IO=0000000000000000
FB=0840 [0000100001000000] SR=0100 R5=0 ROM=0000.0 PREG=0 RAMOP=- RAMREG=090 ROMOP=- ROMREG=00

0640 1BCF BRC 0459 -1E7
A=0000000000001000 B=0000000000030000 C=0000000000000000 D=0000000000001000 E=0000000000000000
FA=0040 [0000000001000000] KR=0280 [0000001010000000] EXT=00 COND=1 IDLE=1 IO=0000000000000000
FB=0840 [0000100001000000] SR=0100 R5=0 ROM=0000.0 PREG=0 RAMOP=- RAMREG=090 ROMOP=- ROMREG=00

0459 0A80 WAIT D8
A=0000000000001000 B=0000000000030000 C=0000000000000000 D=0000000000001000 E=0000000000000000
FA=0040 [0000000001000000] KR=0280 [0000001010000000] EXT=00 COND=1 IDLE=1 IO=0000000000000000
FB=0840 [0000100001000000] SR=0100 R5=0 ROM=0000.0 PREG=0 RAMOP=- RAMREG=090 ROMOP=- ROMREG=00

045A 0A0B ?BUSY
A=0000000000001000 B=0000000000030000 C=0000000000000000 D=0000000000001000 E=0000000000000000
FA=0040 [0000000001000000] KR=0280 [0000001010000000] EXT=00 COND=1 IDLE=1 IO=0000000000000000
FB=0840 [0000100001000000] SR=0100 R5=0 ROM=0000.0 PREG=0 RAMOP=- RAMREG=090 ROMOP=- ROMREG=00

045B 13CC BRNC 0641 +1E6
A=0000000000001000 B=0000000000030000 C=0000000000000000 D=0000000000001000 E=0000000000000000
FA=0040 [0000000001000000] KR=0280 [0000001010000000] EXT=00 COND=0 IDLE=1 IO=0000000000000000
FB=0840 [0000100001000000] SR=0100 R5=0 ROM=0000.0 PREG=0 RAMOP=- RAMREG=090 ROMOP=- ROMREG=00

0641 0098 ?TFB 9
A=0000000000001000 B=0000000000030000 C=0000000000000000 D=0000000000001000 E=0000000000000000
FA=0040 [0000000001000000] KR=0280 [0000001010000000] EXT=00 COND=1 IDLE=1 IO=0000000000000000
FB=0840 [0000100001000000] SR=0100 R5=0 ROM=0000.0 PREG=0 RAMOP=- RAMREG=090 ROMOP=- ROMREG=00

0642 1828 BRC 0656 +014
A=0000000000001000 B=0000000000030000 C=0000000000000000 D=0000000000001000 E=0000000000000000
FA=0040 [0000000001000000] KR=0280 [0000001010000000] EXT=00 COND=1 IDLE=1 IO=0000000000000000
FB=0840 [0000100001000000] SR=0100 R5=0 ROM=0000.0 PREG=0 RAMOP=- RAMREG=090 ROMOP=- ROMREG=00

0656 0AE0 WAIT D14
A=0000000000001000 B=0000000000030000 C=0000000000000000 D=0000000000001000 E=0000000000000000
FA=0040 [0000000001000000] KR=0280 [0000001010000000] EXT=00 COND=1 IDLE=1 IO=0000000000000000
FB=0840 [0000100001000000] SR=0100 R5=0 ROM=0000.0 PREG=0 RAMOP=- RAMREG=090 ROMOP=- ROMREG=00

0657 0820 ?KEY 20
A=0000000000001000 B=0000000000030000 C=0000000000000000 D=0000000000001000 E=0000000000000000
FA=0040 [0000000001000000] KR=0280 [0000001010000000] EXT=00 COND=1 IDLE=1 IO=0000000000000000
FB=0840 [0000100001000000] SR=0100 R5=0 ROM=0000.0 PREG=0 RAMOP=- RAMREG=090 ROMOP=- ROMREG=00

0658 1839 BRC 063C -01C
A=0000000000001000 B=0000000000030000 C=0000000000000000 D=0000000000001000 E=0000000000000000
FA=0040 [0000000001000000] KR=0280 [0000001010000000] EXT=00 COND=1 IDLE=1 IO=0000000000000000
FB=0840 [0000100001000000] SR=0100 R5=0 ROM=0000.0 PREG=0 RAMOP=- RAMREG=090 ROMOP=- ROMREG=00

063C 00C8 ?TFB 12
A=0000000000001000 B=0000000000030000 C=0000000000000000 D=0000000000001000 E=0000000000000000
FA=0040 [0000000001000000] KR=0280 [0000001010000000] EXT=00 COND=1 IDLE=1 IO=0000000000000000
FB=0840 [0000100001000000] SR=0100 R5=0 ROM=0000.0 PREG=0 RAMOP=- RAMREG=090 ROMOP=- ROMREG=00

063D 00A8 ?TFB 10
A=0000000000001000 B=0000000000030000 C=0000000000000000 D=0000000000001000 E=0000000000000000
FA=0040 [0000000001000000] KR=0280 [0000001010000000] EXT=00 COND=1 IDLE=1 IO=0000000000000000
FB=0840 [0000100001000000] SR=0100 R5=0 ROM=0000.0 PREG=0 RAMOP=- RAMREG=090 ROMOP=- ROMREG=00

063E 0AB0 WAIT D11
A=0000000000001000 B=0000000000030000 C=0000000000000000 D=0000000000001000 E=0000000000000000
FA=0040 [0000000001000000] KR=0280 [0000001010000000] EXT=00 COND=1 IDLE=1 IO=0000000000000000
FB=0840 [0000100001000000] SR=0100 R5=0 ROM=0000.0 PREG=0 RAMOP=- RAMREG=090 ROMOP=- ROMREG=00

063F 0A0B ?BUSY
A=0000000000001000 B=0000000000030000 C=0000000000000000 D=0000000000001000 E=0000000000000000
FA=0040 [0000000001000000] KR=0280 [0000001010000000] EXT=00 COND=1 IDLE=1 IO=0000000000000000
FB=0840 [0000100001000000] SR=0100 R5=0 ROM=0000.0 PREG=0 RAMOP=- RAMREG=090 ROMOP=- ROMREG=00

0640 1BCF BRC 0459 -1E7
A=0000000000001000 B=0000000000030000 C=0000000000000000 D=0000000000001000 E=0000000000000000
FA=0040 [0000000001000000] KR=0280 [0000001010000000] EXT=00 COND=1 IDLE=1 IO=0000000000000000
FB=0840 [0000100001000000] SR=0100 R5=0 ROM=0000.0 PREG=0 RAMOP=- RAMREG=090 ROMOP=- ROMREG=00

0459 0A80 WAIT D8
A=0000000000001000 B=0000000000030000 C=0000000000000000 D=0000000000001000 E=0000000000000000
FA=0040 [0000000001000000] KR=0280 [0000001010000000] EXT=00 COND=1 IDLE=1 IO=0000000000000000
FB=0840 [0000100001000000] SR=0100 R5=0 ROM=0000.0 PREG=0 RAMOP=- RAMREG=090 ROMOP=- ROMREG=00

045A 0A0B ?BUSY
A=0000000000001000 B=0000000000030000 C=0000000000000000 D=0000000000001000 E=0000000000000000
FA=0040 [0000000001000000] KR=0280 [0000001010000000] EXT=00 COND=1 IDLE=1 IO=0000000000000000
FB=0840 [0000100001000000] SR=0100 R5=0 ROM=0000.0 PREG=0 RAMOP=- RAMREG=090 ROMOP=- ROMREG=00

045B 13CC BRNC 0641 +1E6
A=0000000000001000 B=0000000000030000 C=0000000000000000 D=0000000000001000 E=0000000000000000
FA=0040 [0000000001000000] KR=0280 [0000001010000000] EXT=00 COND=0 IDLE=1 IO=0000000000000000
FB=0840 [0000100001000000] SR=0100 R5=0 ROM=0000.0 PREG=0 RAMOP=- RAMREG=090 ROMOP=- ROMREG=00

0641 0098 ?TFB 9
A=0000000000001000 B=0000000000030000 C=0000000000000000 D=0000000000001000 E=0000000000000000
FA=0040 [0000000001000000] KR=0280 [0000001010000000] EXT=00 COND=1 IDLE=1 IO=0000000000000000
FB=0840 [0000100001000000] SR=0100 R5=0 ROM=0000.0 PREG=0 RAMOP=- RAMREG=090 ROMOP=- ROMREG=00

0642 1828 BRC 0656 +014
A=0000000000001000 B=0000000000030000 C=0000000000000000 D=0000000000001000 E=0000000000000000
FA=0040 [0000000001000000] KR=0280 [0000001010000000] EXT=00 COND=1 IDLE=1 IO=0000000000000000
FB=0840 [0000100001000000] SR=0100 R5=0 ROM=0000.0 PREG=0 RAMOP=- RAMREG=090 ROMOP=- ROMREG=00

0656 0AE0 WAIT D14
A=0000000000001000 B=0000000000030000 C=0000000000000000 D=0000000000001000 E=0000000000000000
FA=0040 [0000000001000000] KR=0280 [0000001010000000] EXT=00 COND=1 IDLE=1 IO=0000000000000000
FB=0840 [0000100001000000] SR=0100 R5=0 ROM=0000.0 PREG=0 RAMOP=- RAMREG=090 ROMOP=- ROMREG=00

0657 0820 ?KEY 20
A=0000000000001000 B=0000000000030000 C=0000000000000000 D=0000000000001000 E=0000000000000000
FA=0040 [0000000001000000] KR=0280 [0000001010000000] EXT=00 COND=1 IDLE=1 IO=0000000000000000
FB=0840 [0000100001000000] SR=0100 R5=0 ROM=0000.0 PREG=0 RAMOP=- RAMREG=090 ROMOP=- ROMREG=00

0658 1839 BRC 063C -01C
A=0000000000001000 B=0000000000030000 C=0000000000000000 D=0000000000001000 E=0000000000000000
FA=0040 [0000000001000000] KR=0280 [0000001010000000] EXT=00 COND=1 IDLE=1 IO=0000000000000000
FB=0840 [0000100001000000] SR=0100 R5=0 ROM=0000.0 PREG=0 RAMOP=- RAMREG=090 ROMOP=- ROMREG=00

063C 00C8 ?TFB 12
A=0000000000001000 B=0000000000030000 C=0000000000000000 D=0000000000001000 E=0000000000000000
FA=0040 [0000000001000000] KR=0280 [0000001010000000] EXT=00 COND=1 IDLE=1 IO=0000000000000000
FB=0840 [0000100001000000] SR=0100 R5=0 ROM=0000.0 PREG=0 RAMOP=- RAMREG=090 ROMOP=- ROMREG=00

063D 00A8 ?TFB 10
A=0000000000001000 B=0000000000030000 C=0000000000000000 D=0000000000001000 E=0000000000000000
FA=0040 [0000000001000000] KR=0280 [0000001010000000] EXT=00 COND=1 IDLE=1 IO=0000000000000000
FB=0840 [0000100001000000] SR=0100 R5=0 ROM=0000.0 PREG=0 RAMOP=- RAMREG=090 ROMOP=- ROMREG=00

063E 0AB0 WAIT D11
A=0000000000001000 B=0000000000030000 C=0000000000000000 D=0000000000001000 E=0000000000000000
FA=0040 [0000000001000000] KR=0280 [0000001010000000] EXT=00 COND=1 IDLE=1 IO=0000000000000000
FB=0840 [0000100001000000] SR=0100 R5=0 ROM=0000.0 PREG=0 RAMOP=- RAMREG=090 ROMOP=- ROMREG=00

063F 0A0B ?BUSY
A=0000000000001000 B=0000000000030000 C=0000000000000000 D=0000000000001000 E=0000000000000000
FA=0040 [0000000001000000] KR=0280 [0000001010000000] EXT=00 COND=1 IDLE=1 IO=0000000000000000
FB=0840 [0000100001000000] SR=0100 R5=0 ROM=0000.0 PREG=0 RAMOP=- RAMREG=090 ROMOP=- ROMREG=00

0640 1BCF BRC 0459 -1E7
A=0000000000001000 B=0000000000030000 C=0000000000000000 D=0000000000001000 E=0000000000000000
FA=0040 [0000000001000000] KR=0280 [0000001010000000] EXT=00 COND=1 IDLE=1 IO=0000000000000000
FB=0840 [0000100001000000] SR=0100 R5=0 ROM=0000.0 PREG=0 RAMOP=- RAMREG=090 ROMOP=- ROMREG=00

0459 0A80 WAIT D8
A=0000000000001000 B=0000000000030000 C=0000000000000000 D=0000000000001000 E=0000000000000000
FA=0040 [0000000001000000] KR=0280 [0000001010000000] EXT=00 COND=1 IDLE=1 IO=0000000000000000
FB=0840 [0000100001000000] SR=0100 R5=0 ROM=0000.0 PREG=0 RAMOP=- RAMREG=090 ROMOP=- ROMREG=00

045A 0A0B ?BUSY
A=0000000000001000 B=0000000000030000 C=0000000000000000 D=0000000000001000 E=0000000000000000
FA=0040 [0000000001000000] KR=0280 [0000001010000000] EXT=00 COND=1 IDLE=1 IO=0000000000000000
FB=0840 [0000100001000000] SR=0100 R5=0 ROM=0000.0 PREG=0 RAMOP=- RAMREG=090 ROMOP=- ROMREG=00

045B 13CC BRNC 0641 +1E6
A=0000000000001000 B=0000000000030000 C=0000000000000000 D=0000000000001000 E=0000000000000000
FA=0040 [0000000001000000] KR=0280 [0000001010000000] EXT=00 COND=0 IDLE=1 IO=0000000000000000
FB=0840 [0000100001000000] SR=0100 R5=0 ROM=0000.0 PREG=0 RAMOP=- RAMREG=090 ROMOP=- ROMREG=00

0641 0098 ?TFB 9
A=0000000000001000 B=0000000000030000 C=0000000000000000 D=0000000000001000 E=0000000000000000
FA=0040 [0000000001000000] KR=0280 [0000001010000000] EXT=00 COND=1 IDLE=1 IO=0000000000000000
FB=0840 [0000100001000000] SR=0100 R5=0 ROM=0000.0 PREG=0 RAMOP=- RAMREG=090 ROMOP=- ROMREG=00

0642 1828 BRC 0656 +014
A=0000000000001000 B=0000000000030000 C=0000000000000000 D=0000000000001000 E=0000000000000000
FA=0040 [0000000001000000] KR=0280 [0000001010000000] EXT=00 COND=1 IDLE=1 IO=0000000000000000
FB=0840 [0000100001000000] SR=0100 R5=0 ROM=0000.0 PREG=0 RAMOP=- RAMREG=090 ROMOP=- ROMREG=00

0656 0AE0 WAIT D14
A=0000000000001000 B=0000000000030000 C=0000000000000000 D=0000000000001000 E=0000000000000000
FA=0040 [0000000001000000] KR=0280 [0000001010000000] EXT=00 COND=1 IDLE=1 IO=0000000000000000
FB=0840 [0000100001000000] SR=0100 R5=0 ROM=0000.0 PREG=0 RAMOP=- RAMREG=090 ROMOP=- ROMREG=00

0657 0820 ?KEY 20
A=0000000000001000 B=0000000000030000 C=0000000000000000 D=0000000000001000 E=0000000000000000
FA=0040 [0000000001000000] KR=0280 [0000001010000000] EXT=00 COND=1 IDLE=1 IO=0000000000000000
FB=0840 [0000100001000000] SR=0100 R5=0 ROM=0000.0 PREG=0 RAMOP=- RAMREG=090 ROMOP=- ROMREG=00

0658 1839 BRC 063C -01C
A=0000000000001000 B=0000000000030000 C=0000000000000000 D=0000000000001000 E=0000000000000000
FA=0040 [0000000001000000] KR=0280 [0000001010000000] EXT=00 COND=1 IDLE=1 IO=0000000000000000
FB=0840 [0000100001000000] SR=0100 R5=0 ROM=0000.0 PREG=0 RAMOP=- RAMREG=090 ROMOP=- ROMREG=00

063C 00C8 ?TFB 12
A=0000000000001000 B=0000000000030000 C=0000000000000000 D=0000000000001000 E=0000000000000000
FA=0040 [0000000001000000] KR=0280 [0000001010000000] EXT=00 COND=1 IDLE=1 IO=0000000000000000
FB=0840 [0000100001000000] SR=0100 R5=0 ROM=0000.0 PREG=0 RAMOP=- RAMREG=090 ROMOP=- ROMREG=00

063D 00A8 ?TFB 10
A=0000000000001000 B=0000000000030000 C=0000000000000000 D=0000000000001000 E=0000000000000000
FA=0040 [0000000001000000] KR=0280 [0000001010000000] EXT=00 COND=1 IDLE=1 IO=0000000000000000
FB=0840 [0000100001000000] SR=0100 R5=0 ROM=0000.0 PREG=0 RAMOP=- RAMREG=090 ROMOP=- ROMREG=00

063E 0AB0 WAIT D11
A=0000000000001000 B=0000000000030000 C=0000000000000000 D=0000000000001000 E=0000000000000000
FA=0040 [0000000001000000] KR=0280 [0000001010000000] EXT=00 COND=1 IDLE=1 IO=0000000000000000
FB=0840 [0000100001000000] SR=0100 R5=0 ROM=0000.0 PREG=0 RAMOP=- RAMREG=090 ROMOP=- ROMREG=00

063F 0A0B ?BUSY
A=0000000000001000 B=0000000000030000 C=0000000000000000 D=0000000000001000 E=0000000000000000
FA=0040 [0000000001000000] KR=0280 [0000001010000000] EXT=00 COND=1 IDLE=1 IO=0000000000000000
FB=0840 [0000100001000000] SR=0100 R5=0 ROM=0000.0 PREG=0 RAMOP=- RAMREG=090 ROMOP=- ROMREG=00

0640 1BCF BRC 0459 -1E7
A=0000000000001000 B=0000000000030000 C=0000000000000000 D=0000000000001000 E=0000000000000000
FA=0040 [0000000001000000] KR=0280 [0000001010000000] EXT=00 COND=1 IDLE=1 IO=0000000000000000
FB=0840 [0000100001000000] SR=0100 R5=0 ROM=0000.0 PREG=0 RAMOP=- RAMREG=090 ROMOP=- ROMREG=00

0459 0A80 WAIT D8
A=0000000000001000 B=0000000000030000 C=0000000000000000 D=0000000000001000 E=0000000000000000
FA=0040 [0000000001000000] KR=0280 [0000001010000000] EXT=00 COND=1 IDLE=1 IO=0000000000000000
FB=0840 [0000100001000000] SR=0100 R5=0 ROM=0000.0 PREG=0 RAMOP=- RAMREG=090 ROMOP=- ROMREG=00

045A 0A0B ?BUSY
A=0000000000001000 B=0000000000030000 C=0000000000000000 D=0000000000001000 E=0000000000000000
FA=0040 [0000000001000000] KR=0280 [0000001010000000] EXT=00 COND=1 IDLE=1 IO=0000000000000000
FB=0840 [0000100001000000] SR=0100 R5=0 ROM=0000.0 PREG=0 RAMOP=- RAMREG=090 ROMOP=- ROMREG=00

045B 13CC BRNC 0641 +1E6
A=0000000000001000 B=0000000000030000 C=0000000000000000 D=0000000000001000 E=0000000000000000
FA=0040 [0000000001000000] KR=0280 [0000001010000000] EXT=00 COND=0 IDLE=1 IO=0000000000000000
FB=0840 [0000100001000000] SR=0100 R5=0 ROM=0000.0 PREG=0 RAMOP=- RAMREG=090 ROMOP=- ROMREG=00

0641 0098 ?TFB 9
A=0000000000001000 B=0000000000030000 C=0000000000000000 D=0000000000001000 E=0000000000000000
FA=0040 [0000000001000000] KR=0280 [0000001010000000] EXT=00 COND=1 IDLE=1 IO=0000000000000000
FB=0840 [0000100001000000] SR=0100 R5=0 ROM=0000.0 PREG=0 RAMOP=- RAMREG=090 ROMOP=- ROMREG=00

0642 1828 BRC 0656 +014
A=0000000000001000 B=0000000000030000 C=0000000000000000 D=0000000000001000 E=0000000000000000
FA=0040 [0000000001000000] KR=0280 [0000001010000000] EXT=00 COND=1 IDLE=1 IO=0000000000000000
FB=0840 [0000100001000000] SR=0100 R5=0 ROM=0000.0 PREG=0 RAMOP=- RAMREG=090 ROMOP=- ROMREG=00

0656 0AE0 WAIT D14
A=0000000000001000 B=0000000000030000 C=0000000000000000 D=0000000000001000 E=0000000000000000
FA=0040 [0000000001000000] KR=0280 [0000001010000000] EXT=00 COND=1 IDLE=1 IO=0000000000000000
FB=0840 [0000100001000000] SR=0100 R5=0 ROM=0000.0 PREG=0 RAMOP=- RAMREG=090 ROMOP=- ROMREG=00

0657 0820 ?KEY 20
A=0000000000001000 B=0000000000030000 C=0000000000000000 D=0000000000001000 E=0000000000000000
FA=0040 [0000000001000000] KR=0280 [0000001010000000] EXT=00 COND=1 IDLE=1 IO=0000000000000000
FB=0840 [0000100001000000] SR=0100 R5=0 ROM=0000.0 PREG=0 RAMOP=- RAMREG=090 ROMOP=- ROMREG=00

0658 1839 BRC 063C -01C
A=0000000000001000 B=0000000000030000 C=0000000000000000 D=0000000000001000 E=0000000000000000
FA=0040 [0000000001000000] KR=0280 [0000001010000000] EXT=00 COND=1 IDLE=1 IO=0000000000000000
FB=0840 [0000100001000000] SR=0100 R5=0 ROM=0000.0 PREG=0 RAMOP=- RAMREG=090 ROMOP=- ROMREG=00

063C 00C8 ?TFB 12
A=0000000000001000 B=0000000000030000 C=0000000000000000 D=0000000000001000 E=0000000000000000
FA=0040 [0000000001000000] KR=0280 [0000001010000000] EXT=00 COND=1 IDLE=1 IO=0000000000000000
FB=0840 [0000100001000000] SR=0100 R5=0 ROM=0000.0 PREG=0 RAMOP=- RAMREG=090 ROMOP=- ROMREG=00

063D 00A8 ?TFB 10
A=0000000000001000 B=0000000000030000 C=0000000000000000 D=0000000000001000 E=0000000000000000
FA=0040 [0000000001000000] KR=0280 [0000001010000000] EXT=00 COND=1 IDLE=1 IO=0000000000000000
FB=0840 [0000100001000000] SR=0100 R5=0 ROM=0000.0 PREG=0 RAMOP=- RAMREG=090 ROMOP=- ROMREG=00

063E 0AB0 WAIT D11
A=0000000000001000 B=0000000000030000 C=0000000000000000 D=0000000000001000 E=0000000000000000
FA=0040 [0000000001000000] KR=0280 [0000001010000000] EXT=00 COND=1 IDLE=1 IO=0000000000000000
FB=0840 [0000100001000000] SR=0100 R5=0 ROM=0000.0 PREG=0 RAMOP=- RAMREG=090 ROMOP=- ROMREG=00

063F 0A0B ?BUSY
A=0000000000001000 B=0000000000030000 C=0000000000000000 D=0000000000001000 E=0000000000000000
FA=0040 [0000000001000000] KR=0280 [0000001010000000] EXT=00 COND=1 IDLE=1 IO=0000000000000000
FB=0840 [0000100001000000] SR=0100 R5=0 ROM=0000.0 PREG=0 RAMOP=- RAMREG=090 ROMOP=- ROMREG=00

0640 1BCF BRC 0459 -1E7
A=0000000000001000 B=0000000000030000 C=0000000000000000 D=0000000000001000 E=0000000000000000
FA=0040 [0000000001000000] KR=0280 [0000001010000000] EXT=00 COND=1 IDLE=1 IO=0000000000000000
FB=0840 [0000100001000000] SR=0100 R5=0 ROM=0000.0 PREG=0 RAMOP=- RAMREG=090 ROMOP=- ROMREG=00

0459 0A80 WAIT D8
A=0000000000001000 B=0000000000030000 C=0000000000000000 D=0000000000001000 E=0000000000000000
FA=0040 [0000000001000000] KR=0280 [0000001010000000] EXT=00 COND=1 IDLE=1 IO=0000000000000000
FB=0840 [0000100001000000] SR=0100 R5=0 ROM=0000.0 PREG=0 RAMOP=- RAMREG=090 ROMOP=- ROMREG=00

045A 0A0B ?BUSY
A=0000000000001000 B=0000000000030000 C=0000000000000000 D=0000000000001000 E=0000000000000000
FA=0040 [0000000001000000] KR=0280 [0000001010000000] EXT=00 COND=1 IDLE=1 IO=0000000000000000
FB=0840 [0000100001000000] SR=0100 R5=0 ROM=0000.0 PREG=0 RAMOP=- RAMREG=090 ROMOP=- ROMREG=00

045B 13CC BRNC 0641 +1E6
A=0000000000001000 B=0000000000030000 C=0000000000000000 D=0000000000001000 E=0000000000000000
FA=0040 [0000000001000000] KR=0280 [0000001010000000] EXT=00 COND=0 IDLE=1 IO=0000000000000000
FB=0840 [0000100001000000] SR=0100 R5=0 ROM=0000.0 PREG=0 RAMOP=- RAMREG=090 ROMOP=- ROMREG=00

0641 0098 ?TFB 9
A=0000000000001000 B=0000000000030000 C=0000000000000000 D=0000000000001000 E=0000000000000000
FA=0040 [0000000001000000] KR=0280 [0000001010000000] EXT=00 COND=1 IDLE=1 IO=0000000000000000
FB=0840 [0000100001000000] SR=0100 R5=0 ROM=0000.0 PREG=0 RAMOP=- RAMREG=090 ROMOP=- ROMREG=00

0642 1828 BRC 0656 +014
A=0000000000001000 B=0000000000030000 C=0000000000000000 D=0000000000001000 E=0000000000000000
FA=0040 [0000000001000000] KR=0280 [0000001010000000] EXT=00 COND=1 IDLE=1 IO=0000000000000000
FB=0840 [0000100001000000] SR=0100 R5=0 ROM=0000.0 PREG=0 RAMOP=- RAMREG=090 ROMOP=- ROMREG=00

0656 0AE0 WAIT D14
A=0000000000001000 B=0000000000030000 C=0000000000000000 D=0000000000001000 E=0000000000000000
FA=0040 [0000000001000000] KR=0280 [0000001010000000] EXT=00 COND=1 IDLE=1 IO=0000000000000000
FB=0840 [0000100001000000] SR=0100 R5=0 ROM=0000.0 PREG=0 RAMOP=- RAMREG=090 ROMOP=- ROMREG=00

0657 0820 ?KEY 20
A=0000000000001000 B=0000000000030000 C=0000000000000000 D=0000000000001000 E=0000000000000000
FA=0040 [0000000001000000] KR=0280 [0000001010000000] EXT=00 COND=1 IDLE=1 IO=0000000000000000
FB=0840 [0000100001000000] SR=0100 R5=0 ROM=0000.0 PREG=0 RAMOP=- RAMREG=090 ROMOP=- ROMREG=00

0658 1839 BRC 063C -01C
A=0000000000001000 B=0000000000030000 C=0000000000000000 D=0000000000001000 E=0000000000000000
FA=0040 [0000000001000000] KR=0280 [0000001010000000] EXT=00 COND=1 IDLE=1 IO=0000000000000000
FB=0840 [0000100001000000] SR=0100 R5=0 ROM=0000.0 PREG=0 RAMOP=- RAMREG=090 ROMOP=- ROMREG=00

063C 00C8 ?TFB 12
A=0000000000001000 B=0000000000030000 C=0000000000000000 D=0000000000001000 E=0000000000000000
FA=0040 [0000000001000000] KR=0280 [0000001010000000] EXT=00 COND=1 IDLE=1 IO=0000000000000000
FB=0840 [0000100001000000] SR=0100 R5=0 ROM=0000.0 PREG=0 RAMOP=- RAMREG=090 ROMOP=- ROMREG=00

063D 00A8 ?TFB 10
A=0000000000001000 B=0000000000030000 C=0000000000000000 D=0000000000001000 E=0000000000000000
FA=0040 [0000000001000000] KR=0280 [0000001010000000] EXT=00 COND=1 IDLE=1 IO=0000000000000000
FB=0840 [0000100001000000] SR=0100 R5=0 ROM=0000.0 PREG=0 RAMOP=- RAMREG=090 ROMOP=- ROMREG=00

063E 0AB0 WAIT D11
A=0000000000001000 B=0000000000030000 C=0000000000000000 D=0000000000001000 E=0000000000000000
FA=0040 [0000000001000000] KR=0280 [0000001010000000] EXT=00 COND=1 IDLE=1 IO=0000000000000000
FB=0840 [0000100001000000] SR=0100 R5=0 ROM=0000.0 PREG=0 RAMOP=- RAMREG=090 ROMOP=- ROMREG=00

063F 0A0B ?BUSY
A=0000000000001000 B=0000000000030000 C=0000000000000000 D=0000000000001000 E=0000000000000000
FA=0040 [0000000001000000] KR=0280 [0000001010000000] EXT=00 COND=1 IDLE=1 IO=0000000000000000
FB=0840 [0000100001000000] SR=0100 R5=0 ROM=0000.0 PREG=0 RAMOP=- RAMREG=090 ROMOP=- ROMREG=00

0640 1BCF BRC 0459 -1E7
A=0000000000001000 B=0000000000030000 C=0000000000000000 D=0000000000001000 E=0000000000000000
FA=0040 [0000000001000000] KR=0280 [0000001010000000] EXT=00 COND=1 IDLE=1 IO=0000000000000000
FB=0840 [0000100001000000] SR=0100 R5=0 ROM=0000.0 PREG=0 RAMOP=- RAMREG=090 ROMOP=- ROMREG=00

0459 0A80 WAIT D8
A=0000000000001000 B=0000000000030000 C=0000000000000000 D=0000000000001000 E=0000000000000000
FA=0040 [0000000001000000] KR=0280 [0000001010000000] EXT=00 COND=1 IDLE=1 IO=0000000000000000
FB=0840 [0000100001000000] SR=0100 R5=0 ROM=0000.0 PREG=0 RAMOP=- RAMREG=090 ROMOP=- ROMREG=00

045A 0A0B ?BUSY
A=0000000000001000 B=0000000000030000 C=0000000000000000 D=0000000000001000 E=0000000000000000
FA=0040 [0000000001000000] KR=0280 [0000001010000000] EXT=00 COND=1 IDLE=1 IO=0000000000000000
FB=0840 [0000100001000000] SR=0100 R5=0 ROM=0000.0 PREG=0 RAMOP=- RAMREG=090 ROMOP=- ROMREG=00

045B 13CC BRNC 0641 +1E6
A=0000000000001000 B=0000000000030000 C=0000000000000000 D=0000000000001000 E=0000000000000000
FA=0040 [0000000001000000] KR=0280 [0000001010000000] EXT=00 COND=0 IDLE=1 IO=0000000000000000
FB=0840 [0000100001000000] SR=0100 R5=0 ROM=0000.0 PREG=0 RAMOP=- RAMREG=090 ROMOP=- ROMREG=00

0641 0098 ?TFB 9
A=0000000000001000 B=0000000000030000 C=0000000000000000 D=0000000000001000 E=0000000000000000
FA=0040 [0000000001000000] KR=0280 [0000001010000000] EXT=00 COND=1 IDLE=1 IO=0000000000000000
FB=0840 [0000100001000000] SR=0100 R5=0 ROM=0000.0 PREG=0 RAMOP=- RAMREG=090 ROMOP=- ROMREG=00

0642 1828 BRC 0656 +014
A=0000000000001000 B=0000000000030000 C=0000000000000000 D=0000000000001000 E=0000000000000000
FA=0040 [0000000001000000] KR=0280 [0000001010000000] EXT=00 COND=1 IDLE=1 IO=0000000000000000
FB=0840 [0000100001000000] SR=0100 R5=0 ROM=0000.0 PREG=0 RAMOP=- RAMREG=090 ROMOP=- ROMREG=00

0656 0AE0 WAIT D14
A=0000000000001000 B=0000000000030000 C=0000000000000000 D=0000000000001000 E=0000000000000000
FA=0040 [0000000001000000] KR=0280 [0000001010000000] EXT=00 COND=1 IDLE=1 IO=0000000000000000
FB=0840 [0000100001000000] SR=0100 R5=0 ROM=0000.0 PREG=0 RAMOP=- RAMREG=090 ROMOP=- ROMREG=00

0657 0820 ?KEY 20
A=0000000000001000 B=0000000000030000 C=0000000000000000 D=0000000000001000 E=0000000000000000
FA=0040 [0000000001000000] KR=0280 [0000001010000000] EXT=00 COND=1 IDLE=1 IO=0000000000000000
FB=0840 [0000100001000000] SR=0100 R5=0 ROM=0000.0 PREG=0 RAMOP=- RAMREG=090 ROMOP=- ROMREG=00

0658 1839 BRC 063C -01C
A=0000000000001000 B=0000000000030000 C=0000000000000000 D=0000000000001000 E=0000000000000000
FA=0040 [0000000001000000] KR=0280 [0000001010000000] EXT=00 COND=1 IDLE=1 IO=0000000000000000
FB=0840 [0000100001000000] SR=0100 R5=0 ROM=0000.0 PREG=0 RAMOP=- RAMREG=090 ROMOP=- ROMREG=00

063C 00C8 ?TFB 12
A=0000000000001000 B=0000000000030000 C=0000000000000000 D=0000000000001000 E=0000000000000000
FA=0040 [0000000001000000] KR=0280 [0000001010000000] EXT=00 COND=1 IDLE=1 IO=0000000000000000
FB=0840 [0000100001000000] SR=0100 R5=0 ROM=0000.0 PREG=0 RAMOP=- RAMREG=090 ROMOP=- ROMREG=00

063D 00A8 ?TFB 10
A=0000000000001000 B=0000000000030000 C=0000000000000000 D=0000000000001000 E=0000000000000000
FA=0040 [0000000001000000] KR=0280 [0000001010000000] EXT=00 COND=1 IDLE=1 IO=0000000000000000
FB=0840 [0000100001000000] SR=0100 R5=0 ROM=0000.0 PREG=0 RAMOP=- RAMREG=090 ROMOP=- ROMREG=00

063E 0AB0 WAIT D11
A=0000000000001000 B=0000000000030000 C=0000000000000000 D=0000000000001000 E=0000000000000000
FA=0040 [0000000001000000] KR=0280 [0000001010000000] EXT=00 COND=1 IDLE=1 IO=0000000000000000
FB=0840 [0000100001000000] SR=0100 R5=0 ROM=0000.0 PREG=0 RAMOP=- RAMREG=090 ROMOP=- ROMREG=00

063F 0A0B ?BUSY
A=0000000000001000 B=0000000000030000 C=0000000000000000 D=0000000000001000 E=0000000000000000
FA=0040 [0000000001000000] KR=0280 [0000001010000000] EXT=00 COND=1 IDLE=1 IO=0000000000000000
FB=0840 [0000100001000000] SR=0100 R5=0 ROM=0000.0 PREG=0 RAMOP=- RAMREG=090 ROMOP=- ROMREG=00

0640 1BCF BRC 0459 -1E7
A=0000000000001000 B=0000000000030000 C=0000000000000000 D=0000000000001000 E=0000000000000000
FA=0040 [0000000001000000] KR=0280 [0000001010000000] EXT=00 COND=1 IDLE=1 IO=0000000000000000
FB=0840 [0000100001000000] SR=0100 R5=0 ROM=0000.0 PREG=0 RAMOP=- RAMREG=090 ROMOP=- ROMREG=00

0459 0A80 WAIT D8
A=0000000000001000 B=0000000000030000 C=0000000000000000 D=0000000000001000 E=0000000000000000
FA=0040 [0000000001000000] KR=0280 [0000001010000000] EXT=00 COND=1 IDLE=1 IO=0000000000000000
FB=0840 [0000100001000000] SR=0100 R5=0 ROM=0000.0 PREG=0 RAMOP=- RAMREG=090 ROMOP=- ROMREG=00

045A 0A0B ?BUSY
A=0000000000001000 B=0000000000030000 C=0000000000000000 D=0000000000001000 E=0000000000000000
FA=0040 [0000000001000000] KR=0280 [0000001010000000] EXT=00 COND=1 IDLE=1 IO=0000000000000000
FB=0840 [0000100001000000] SR=0100 R5=0 ROM=0000.0 PREG=0 RAMOP=- RAMREG=090 ROMOP=- ROMREG=00

045B 13CC BRNC 0641 +1E6
A=0000000000001000 B=0000000000030000 C=0000000000000000 D=0000000000001000 E=0000000000000000
FA=0040 [0000000001000000] KR=0280 [0000001010000000] EXT=00 COND=0 IDLE=1 IO=0000000000000000
FB=0840 [0000100001000000] SR=0100 R5=0 ROM=0000.0 PREG=0 RAMOP=- RAMREG=090 ROMOP=- ROMREG=00

0641 0098 ?TFB 9
A=0000000000001000 B=0000000000030000 C=0000000000000000 D=0000000000001000 E=0000000000000000
FA=0040 [0000000001000000] KR=0280 [0000001010000000] EXT=00 COND=1 IDLE=1 IO=0000000000000000
FB=0840 [0000100001000000] SR=0100 R5=0 ROM=0000.0 PREG=0 RAMOP=- RAMREG=090 ROMOP=- ROMREG=00

0642 1828 BRC 0656 +014
A=0000000000001000 B=0000000000030000 C=0000000000000000 D=0000000000001000 E=0000000000000000
FA=0040 [0000000001000000] KR=0280 [0000001010000000] EXT=00 COND=1 IDLE=1 IO=0000000000000000
FB=0840 [0000100001000000] SR=0100 R5=0 ROM=0000.0 PREG=0 RAMOP=- RAMREG=090 ROMOP=- ROMREG=00

0656 0AE0 WAIT D14
A=0000000000001000 B=0000000000030000 C=0000000000000000 D=0000000000001000 E=0000000000000000
FA=0040 [0000000001000000] KR=0280 [0000001010000000] EXT=00 COND=1 IDLE=1 IO=0000000000000000
FB=0840 [0000100001000000] SR=0100 R5=0 ROM=0000.0 PREG=0 RAMOP=- RAMREG=090 ROMOP=- ROMREG=00

0657 0820 ?KEY 20
A=0000000000001000 B=0000000000030000 C=0000000000000000 D=0000000000001000 E=0000000000000000
FA=0040 [0000000001000000] KR=0280 [0000001010000000] EXT=00 COND=1 IDLE=1 IO=0000000000000000
FB=0840 [0000100001000000] SR=0100 R5=0 ROM=0000.0 PREG=0 RAMOP=- RAMREG=090 ROMOP=- ROMREG=00

0658 1839 BRC 063C -01C
A=0000000000001000 B=0000000000030000 C=0000000000000000 D=0000000000001000 E=0000000000000000
FA=0040 [0000000001000000] KR=0280 [0000001010000000] EXT=00 COND=1 IDLE=1 IO=0000000000000000
FB=0840 [0000100001000000] SR=0100 R5=0 ROM=0000.0 PREG=0 RAMOP=- RAMREG=090 ROMOP=- ROMREG=00

063C 00C8 ?TFB 12
A=0000000000001000 B=0000000000030000 C=0000000000000000 D=0000000000001000 E=0000000000000000
FA=0040 [0000000001000000] KR=0280 [0000001010000000] EXT=00 COND=1 IDLE=1 IO=0000000000000000
FB=0840 [0000100001000000] SR=0100 R5=0 ROM=0000.0 PREG=0 RAMOP=- RAMREG=090 ROMOP=- ROMREG=00

063D 00A8 ?TFB 10
A=0000000000001000 B=0000000000030000 C=0000000000000000 D=0000000000001000 E=0000000000000000
FA=0040 [0000000001000000] KR=0280 [0000001010000000] EXT=00 COND=1 IDLE=1 IO=0000000000000000
FB=0840 [0000100001000000] SR=0100 R5=0 ROM=0000.0 PREG=0 RAMOP=- RAMREG=090 ROMOP=- ROMREG=00

063E 0AB0 WAIT D11
A=0000000000001000 B=0000000000030000 C=0000000000000000 D=0000000000001000 E=0000000000000000
FA=0040 [0000000001000000] KR=0280 [0000001010000000] EXT=00 COND=1 IDLE=1 IO=0000000000000000
FB=0840 [0000100001000000] SR=0100 R5=0 ROM=0000.0 PREG=0 RAMOP=- RAMREG=090 ROMOP=- ROMREG=00

063F 0A0B ?BUSY
A=0000000000001000 B=0000000000030000 C=0000000000000000 D=0000000000001000 E=0000000000000000
FA=0040 [0000000001000000] KR=0280 [0000001010000000] EXT=00 COND=1 IDLE=1 IO=0000000000000000
FB=0840 [0000100001000000] SR=0100 R5=0 ROM=0000.0 PREG=0 RAMOP=- RAMREG=090 ROMOP=- ROMREG=00

0640 1BCF BRC 0459 -1E7
A=0000000000001000 B=0000000000030000 C=0000000000000000 D=0000000000001000 E=0000000000000000
FA=0040 [0000000001000000] KR=0280 [0000001010000000] EXT=00 COND=1 IDLE=1 IO=0000000000000000
FB=0840 [0000100001000000] SR=0100 R5=0 ROM=0000.0 PREG=0 RAMOP=- RAMREG=090 ROMOP=- ROMREG=00

0459 0A80 WAIT D8
A=0000000000001000 B=0000000000030000 C=0000000000000000 D=0000000000001000 E=0000000000000000
FA=0040 [0000000001000000] KR=0280 [0000001010000000] EXT=00 COND=1 IDLE=1 IO=0000000000000000
FB=0840 [0000100001000000] SR=0100 R5=0 ROM=0000.0 PREG=0 RAMOP=- RAMREG=090 ROMOP=- ROMREG=00

045A 0A0B ?BUSY
A=0000000000001000 B=0000000000030000 C=0000000000000000 D=0000000000001000 E=0000000000000000
FA=0040 [0000000001000000] KR=0280 [0000001010000000] EXT=00 COND=1 IDLE=1 IO=0000000000000000
FB=0840 [0000100001000000] SR=0100 R5=0 ROM=0000.0 PREG=0 RAMOP=- RAMREG=090 ROMOP=- ROMREG=00

045B 13CC BRNC 0641 +1E6
A=0000000000001000 B=0000000000030000 C=0000000000000000 D=0000000000001000 E=0000000000000000
FA=0040 [0000000001000000] KR=0280 [0000001010000000] EXT=00 COND=0 IDLE=1 IO=0000000000000000
FB=0840 [0000100001000000] SR=0100 R5=0 ROM=0000.0 PREG=0 RAMOP=- RAMREG=090 ROMOP=- ROMREG=00

0641 0098 ?TFB 9
A=0000000000001000 B=0000000000030000 C=0000000000000000 D=0000000000001000 E=0000000000000000
FA=0040 [0000000001000000] KR=0280 [0000001010000000] EXT=00 COND=1 IDLE=1 IO=0000000000000000
FB=0840 [0000100001000000] SR=0100 R5=0 ROM=0000.0 PREG=0 RAMOP=- RAMREG=090 ROMOP=- ROMREG=00

0642 1828 BRC 0656 +014
A=0000000000001000 B=0000000000030000 C=0000000000000000 D=0000000000001000 E=0000000000000000
FA=0040 [0000000001000000] KR=0280 [0000001010000000] EXT=00 COND=1 IDLE=1 IO=0000000000000000
FB=0840 [0000100001000000] SR=0100 R5=0 ROM=0000.0 PREG=0 RAMOP=- RAMREG=090 ROMOP=- ROMREG=00

0656 0AE0 WAIT D14
A=0000000000001000 B=0000000000030000 C=0000000000000000 D=0000000000001000 E=0000000000000000
FA=0040 [0000000001000000] KR=0280 [0000001010000000] EXT=00 COND=1 IDLE=1 IO=0000000000000000
FB=0840 [0000100001000000] SR=0100 R5=0 ROM=0000.0 PREG=0 RAMOP=- RAMREG=090 ROMOP=- ROMREG=00

0657 0820 ?KEY 20
A=0000000000001000 B=0000000000030000 C=0000000000000000 D=0000000000001000 E=0000000000000000
FA=0040 [0000000001000000] KR=0280 [0000001010000000] EXT=00 COND=1 IDLE=1 IO=0000000000000000
FB=0840 [0000100001000000] SR=0100 R5=0 ROM=0000.0 PREG=0 RAMOP=- RAMREG=090 ROMOP=- ROMREG=00

0658 1839 BRC 063C -01C
A=0000000000001000 B=0000000000030000 C=0000000000000000 D=0000000000001000 E=0000000000000000
FA=0040 [0000000001000000] KR=0280 [0000001010000000] EXT=00 COND=1 IDLE=1 IO=0000000000000000
FB=0840 [0000100001000000] SR=0100 R5=0 ROM=0000.0 PREG=0 RAMOP=- RAMREG=090 ROMOP=- ROMREG=00

063C 00C8 ?TFB 12
A=0000000000001000 B=0000000000030000 C=0000000000000000 D=0000000000001000 E=0000000000000000
FA=0040 [0000000001000000] KR=0280 [0000001010000000] EXT=00 COND=1 IDLE=1 IO=0000000000000000
FB=0840 [0000100001000000] SR=0100 R5=0 ROM=0000.0 PREG=0 RAMOP=- RAMREG=090 ROMOP=- ROMREG=00

063D 00A8 ?TFB 10
A=0000000000001000 B=0000000000030000 C=0000000000000000 D=0000000000001000 E=0000000000000000
FA=0040 [0000000001000000] KR=0280 [0000001010000000] EXT=00 COND=1 IDLE=1 IO=0000000000000000
FB=0840 [0000100001000000] SR=0100 R5=0 ROM=0000.0 PREG=0 RAMOP=- RAMREG=090 ROMOP=- ROMREG=00

063E 0AB0 WAIT D11
A=0000000000001000 B=0000000000030000 C=0000000000000000 D=0000000000001000 E=0000000000000000
FA=0040 [0000000001000000] KR=0280 [0000001010000000] EXT=00 COND=1 IDLE=1 IO=0000000000000000
FB=0840 [0000100001000000] SR=0100 R5=0 ROM=0000.0 PREG=0 RAMOP=- RAMREG=090 ROMOP=- ROMREG=00

063F 0A0B ?BUSY
A=0000000000001000 B=0000000000030000 C=0000000000000000 D=0000000000001000 E=0000000000000000
FA=0040 [0000000001000000] KR=0280 [0000001010000000] EXT=00 COND=1 IDLE=1 IO=0000000000000000
FB=0840 [0000100001000000] SR=0100 R5=0 ROM=0000.0 PREG=0 RAMOP=- RAMREG=090 ROMOP=- ROMREG=00

0640 1BCF BRC 0459 -1E7
A=0000000000001000 B=0000000000030000 C=0000000000000000 D=0000000000001000 E=0000000000000000
FA=0040 [0000000001000000] KR=0280 [0000001010000000] EXT=00 COND=1 IDLE=1 IO=0000000000000000
FB=0840 [0000100001000000] SR=0100 R5=0 ROM=0000.0 PREG=0 RAMOP=- RAMREG=090 ROMOP=- ROMREG=00

0459 0A80 WAIT D8
A=0000000000001000 B=0000000000030000 C=0000000000000000 D=0000000000001000 E=0000000000000000
FA=0040 [0000000001000000] KR=0280 [0000001010000000] EXT=00 COND=1 IDLE=1 IO=0000000000000000
FB=0840 [0000100001000000] SR=0100 R5=0 ROM=0000.0 PREG=0 RAMOP=- RAMREG=090 ROMOP=- ROMREG=00

045A 0A0B ?BUSY
A=0000000000001000 B=0000000000030000 C=0000000000000000 D=0000000000001000 E=0000000000000000
FA=0040 [0000000001000000] KR=0280 [0000001010000000] EXT=00 COND=1 IDLE=1 IO=0000000000000000
FB=0840 [0000100001000000] SR=0100 R5=0 ROM=0000.0 PREG=0 RAMOP=- RAMREG=090 ROMOP=- ROMREG=00

045B 13CC BRNC 0641 +1E6
A=0000000000001000 B=0000000000030000 C=0000000000000000 D=0000000000001000 E=0000000000000000
FA=0040 [0000000001000000] KR=0280 [0000001010000000] EXT=00 COND=0 IDLE=1 IO=0000000000000000
FB=0840 [0000100001000000] SR=0100 R5=0 ROM=0000.0 PREG=0 RAMOP=- RAMREG=090 ROMOP=- ROMREG=00

0641 0098 ?TFB 9
A=0000000000001000 B=0000000000030000 C=0000000000000000 D=0000000000001000 E=0000000000000000
FA=0040 [0000000001000000] KR=0280 [0000001010000000] EXT=00 COND=1 IDLE=1 IO=0000000000000000
FB=0840 [0000100001000000] SR=0100 R5=0 ROM=0000.0 PREG=0 RAMOP=- RAMREG=090 ROMOP=- ROMREG=00

0642 1828 BRC 0656 +014
A=0000000000001000 B=0000000000030000 C=0000000000000000 D=0000000000001000 E=0000000000000000
FA=0040 [0000000001000000] KR=0280 [0000001010000000] EXT=00 COND=1 IDLE=1 IO=0000000000000000
FB=0840 [0000100001000000] SR=0100 R5=0 ROM=0000.0 PREG=0 RAMOP=- RAMREG=090 ROMOP=- ROMREG=00

0656 0AE0 WAIT D14
A=0000000000001000 B=0000000000030000 C=0000000000000000 D=0000000000001000 E=0000000000000000
FA=0040 [0000000001000000] KR=0280 [0000001010000000] EXT=00 COND=1 IDLE=1 IO=0000000000000000
FB=0840 [0000100001000000] SR=0100 R5=0 ROM=0000.0 PREG=0 RAMOP=- RAMREG=090 ROMOP=- ROMREG=00

0657 0820 ?KEY 20
A=0000000000001000 B=0000000000030000 C=0000000000000000 D=0000000000001000 E=0000000000000000
FA=0040 [0000000001000000] KR=0280 [0000001010000000] EXT=00 COND=1 IDLE=1 IO=0000000000000000
FB=0840 [0000100001000000] SR=0100 R5=0 ROM=0000.0 PREG=0 RAMOP=- RAMREG=090 ROMOP=- ROMREG=00

0658 1839 BRC 063C -01C
A=0000000000001000 B=0000000000030000 C=0000000000000000 D=0000000000001000 E=0000000000000000
FA=0040 [0000000001000000] KR=0280 [0000001010000000] EXT=00 COND=1 IDLE=1 IO=0000000000000000
FB=0840 [0000100001000000] SR=0100 R5=0 ROM=0000.0 PREG=0 RAMOP=- RAMREG=090 ROMOP=- ROMREG=00

063C 00C8 ?TFB 12
A=0000000000001000 B=0000000000030000 C=0000000000000000 D=0000000000001000 E=0000000000000000
FA=0040 [0000000001000000] KR=0280 [0000001010000000] EXT=00 COND=1 IDLE=1 IO=0000000000000000
FB=0840 [0000100001000000] SR=0100 R5=0 ROM=0000.0 PREG=0 RAMOP=- RAMREG=090 ROMOP=- ROMREG=00

063D 00A8 ?TFB 10
A=0000000000001000 B=0000000000030000 C=0000000000000000 D=0000000000001000 E=0000000000000000
FA=0040 [0000000001000000] KR=0280 [0000001010000000] EXT=00 COND=1 IDLE=1 IO=0000000000000000
FB=0840 [0000100001000000] SR=0100 R5=0 ROM=0000.0 PREG=0 RAMOP=- RAMREG=090 ROMOP=- ROMREG=00

063E 0AB0 WAIT D11
A=0000000000001000 B=0000000000030000 C=0000000000000000 D=0000000000001000 E=0000000000000000
FA=0040 [0000000001000000] KR=0280 [0000001010000000] EXT=00 COND=1 IDLE=1 IO=0000000000000000
FB=0840 [0000100001000000] SR=0100 R5=0 ROM=0000.0 PREG=0 RAMOP=- RAMREG=090 ROMOP=- ROMREG=00

063F 0A0B ?BUSY
A=0000000000001000 B=0000000000030000 C=0000000000000000 D=0000000000001000 E=0000000000000000
FA=0040 [0000000001000000] KR=0280 [0000001010000000] EXT=00 COND=1 IDLE=1 IO=0000000000000000
FB=0840 [0000100001000000] SR=0100 R5=0 ROM=0000.0 PREG=0 RAMOP=- RAMREG=090 ROMOP=- ROMREG=00

0640 1BCF BRC 0459 -1E7
A=0000000000001000 B=0000000000030000 C=0000000000000000 D=0000000000001000 E=0000000000000000
FA=0040 [0000000001000000] KR=0280 [0000001010000000] EXT=00 COND=1 IDLE=1 IO=0000000000000000
FB=0840 [0000100001000000] SR=0100 R5=0 ROM=0000.0 PREG=0 RAMOP=- RAMREG=090 ROMOP=- ROMREG=00

0459 0A80 WAIT D8
A=0000000000001000 B=0000000000030000 C=0000000000000000 D=0000000000001000 E=0000000000000000
FA=0040 [0000000001000000] KR=0280 [0000001010000000] EXT=00 COND=1 IDLE=1 IO=0000000000000000
FB=0840 [0000100001000000] SR=0100 R5=0 ROM=0000.0 PREG=0 RAMOP=- RAMREG=090 ROMOP=- ROMREG=00

045A 0A0B ?BUSY
A=0000000000001000 B=0000000000030000 C=0000000000000000 D=0000000000001000 E=0000000000000000
FA=0040 [0000000001000000] KR=0280 [0000001010000000] EXT=00 COND=1 IDLE=1 IO=0000000000000000
FB=0840 [0000100001000000] SR=0100 R5=0 ROM=0000.0 PREG=0 RAMOP=- RAMREG=090 ROMOP=- ROMREG=00

045B 13CC BRNC 0641 +1E6
A=0000000000001000 B=0000000000030000 C=0000000000000000 D=0000000000001000 E=0000000000000000
FA=0040 [0000000001000000] KR=0280 [0000001010000000] EXT=00 COND=0 IDLE=1 IO=0000000000000000
FB=0840 [0000100001000000] SR=0100 R5=0 ROM=0000.0 PREG=0 RAMOP=- RAMREG=090 ROMOP=- ROMREG=00

0641 0098 ?TFB 9
A=0000000000001000 B=0000000000030000 C=0000000000000000 D=0000000000001000 E=0000000000000000
FA=0040 [0000000001000000] KR=0280 [0000001010000000] EXT=00 COND=1 IDLE=1 IO=0000000000000000
FB=0840 [0000100001000000] SR=0100 R5=0 ROM=0000.0 PREG=0 RAMOP=- RAMREG=090 ROMOP=- ROMREG=00

0642 1828 BRC 0656 +014
A=0000000000001000 B=0000000000030000 C=0000000000000000 D=0000000000001000 E=0000000000000000
FA=0040 [0000000001000000] KR=0280 [0000001010000000] EXT=00 COND=1 IDLE=1 IO=0000000000000000
FB=0840 [0000100001000000] SR=0100 R5=0 ROM=0000.0 PREG=0 RAMOP=- RAMREG=090 ROMOP=- ROMREG=00

0656 0AE0 WAIT D14
A=0000000000001000 B=0000000000030000 C=0000000000000000 D=0000000000001000 E=0000000000000000
FA=0040 [0000000001000000] KR=0280 [0000001010000000] EXT=00 COND=1 IDLE=1 IO=0000000000000000
FB=0840 [0000100001000000] SR=0100 R5=0 ROM=0000.0 PREG=0 RAMOP=- RAMREG=090 ROMOP=- ROMREG=00

0657 0820 ?KEY 20
A=0000000000001000 B=0000000000030000 C=0000000000000000 D=0000000000001000 E=0000000000000000
FA=0040 [0000000001000000] KR=0280 [0000001010000000] EXT=00 COND=1 IDLE=1 IO=0000000000000000
FB=0840 [0000100001000000] SR=0100 R5=0 ROM=0000.0 PREG=0 RAMOP=- RAMREG=090 ROMOP=- ROMREG=00

0658 1839 BRC 063C -01C
A=0000000000001000 B=0000000000030000 C=0000000000000000 D=0000000000001000 E=0000000000000000
FA=0040 [0000000001000000] KR=0280 [0000001010000000] EXT=00 COND=1 IDLE=1 IO=0000000000000000
FB=0840 [0000100001000000] SR=0100 R5=0 ROM=0000.0 PREG=0 RAMOP=- RAMREG=090 ROMOP=- ROMREG=00

063C 00C8 ?TFB 12
A=0000000000001000 B=0000000000030000 C=0000000000000000 D=0000000000001000 E=0000000000000000
FA=0040 [0000000001000000] KR=0280 [0000001010000000] EXT=00 COND=1 IDLE=1 IO=0000000000000000
FB=0840 [0000100001000000] SR=0100 R5=0 ROM=0000.0 PREG=0 RAMOP=- RAMREG=090 ROMOP=- ROMREG=00

063D 00A8 ?TFB 10
A=0000000000001000 B=0000000000030000 C=0000000000000000 D=0000000000001000 E=0000000000000000
FA=0040 [0000000001000000] KR=0280 [0000001010000000] EXT=00 COND=1 IDLE=1 IO=0000000000000000
FB=0840 [0000100001000000] SR=0100 R5=0 ROM=0000.0 PREG=0 RAMOP=- RAMREG=090 ROMOP=- ROMREG=00

063E 0AB0 WAIT D11
A=0000000000001000 B=0000000000030000 C=0000000000000000 D=0000000000001000 E=0000000000000000
FA=0040 [0000000001000000] KR=0280 [0000001010000000] EXT=00 COND=1 IDLE=1 IO=0000000000000000
FB=0840 [0000100001000000] SR=0100 R5=0 ROM=0000.0 PREG=0 RAMOP=- RAMREG=090 ROMOP=- ROMREG=00

063F 0A0B ?BUSY
A=0000000000001000 B=0000000000030000 C=0000000000000000 D=0000000000001000 E=0000000000000000
FA=0040 [0000000001000000] KR=0280 [0000001010000000] EXT=00 COND=1 IDLE=1 IO=0000000000000000
FB=0840 [0000100001000000] SR=0100 R5=0 ROM=0000.0 PREG=0 RAMOP=- RAMREG=090 ROMOP=- ROMREG=00

0640 1BCF BRC 0459 -1E7
A=0000000000001000 B=0000000000030000 C=0000000000000000 D=0000000000001000 E=0000000000000000
FA=0040 [0000000001000000] KR=0280 [0000001010000000] EXT=00 COND=1 IDLE=1 IO=0000000000000000
FB=0840 [0000100001000000] SR=0100 R5=0 ROM=0000.0 PREG=0 RAMOP=- RAMREG=090 ROMOP=- ROMREG=00

0459 0A80 WAIT D8
A=0000000000001000 B=0000000000030000 C=0000000000000000 D=0000000000001000 E=0000000000000000
FA=0040 [0000000001000000] KR=0280 [0000001010000000] EXT=00 COND=1 IDLE=1 IO=0000000000000000
FB=0840 [0000100001000000] SR=0100 R5=0 ROM=0000.0 PREG=0 RAMOP=- RAMREG=090 ROMOP=- ROMREG=00

045A 0A0B ?BUSY
A=0000000000001000 B=0000000000030000 C=0000000000000000 D=0000000000001000 E=0000000000000000
FA=0040 [0000000001000000] KR=0280 [0000001010000000] EXT=00 COND=1 IDLE=1 IO=0000000000000000
FB=0840 [0000100001000000] SR=0100 R5=0 ROM=0000.0 PREG=0 RAMOP=- RAMREG=090 ROMOP=- ROMREG=00

045B 13CC BRNC 0641 +1E6
A=0000000000001000 B=0000000000030000 C=0000000000000000 D=0000000000001000 E=0000000000000000
FA=0040 [0000000001000000] KR=0280 [0000001010000000] EXT=00 COND=0 IDLE=1 IO=0000000000000000
FB=0840 [0000100001000000] SR=0100 R5=0 ROM=0000.0 PREG=0 RAMOP=- RAMREG=090 ROMOP=- ROMREG=00

0641 0098 ?TFB 9
A=0000000000001000 B=0000000000030000 C=0000000000000000 D=0000000000001000 E=0000000000000000
FA=0040 [0000000001000000] KR=0280 [0000001010000000] EXT=00 COND=1 IDLE=1 IO=0000000000000000
FB=0840 [0000100001000000] SR=0100 R5=0 ROM=0000.0 PREG=0 RAMOP=- RAMREG=090 ROMOP=- ROMREG=00

0642 1828 BRC 0656 +014
A=0000000000001000 B=0000000000030000 C=0000000000000000 D=0000000000001000 E=0000000000000000
FA=0040 [0000000001000000] KR=0280 [0000001010000000] EXT=00 COND=1 IDLE=1 IO=0000000000000000
FB=0840 [0000100001000000] SR=0100 R5=0 ROM=0000.0 PREG=0 RAMOP=- RAMREG=090 ROMOP=- ROMREG=00

0656 0AE0 WAIT D14
A=0000000000001000 B=0000000000030000 C=0000000000000000 D=0000000000001000 E=0000000000000000
FA=0040 [0000000001000000] KR=0280 [0000001010000000] EXT=00 COND=1 IDLE=1 IO=0000000000000000
FB=0840 [0000100001000000] SR=0100 R5=0 ROM=0000.0 PREG=0 RAMOP=- RAMREG=090 ROMOP=- ROMREG=00

0657 0820 ?KEY 20
A=0000000000001000 B=0000000000030000 C=0000000000000000 D=0000000000001000 E=0000000000000000
FA=0040 [0000000001000000] KR=0280 [0000001010000000] EXT=00 COND=1 IDLE=1 IO=0000000000000000
FB=0840 [0000100001000000] SR=0100 R5=0 ROM=0000.0 PREG=0 RAMOP=- RAMREG=090 ROMOP=- ROMREG=00

0658 1839 BRC 063C -01C
A=0000000000001000 B=0000000000030000 C=0000000000000000 D=0000000000001000 E=0000000000000000
FA=0040 [0000000001000000] KR=0280 [0000001010000000] EXT=00 COND=1 IDLE=1 IO=0000000000000000
FB=0840 [0000100001000000] SR=0100 R5=0 ROM=0000.0 PREG=0 RAMOP=- RAMREG=090 ROMOP=- ROMREG=00

063C 00C8 ?TFB 12
A=0000000000001000 B=0000000000030000 C=0000000000000000 D=0000000000001000 E=0000000000000000
FA=0040 [0000000001000000] KR=0280 [0000001010000000] EXT=00 COND=1 IDLE=1 IO=0000000000000000
FB=0840 [0000100001000000] SR=0100 R5=0 ROM=0000.0 PREG=0 RAMOP=- RAMREG=090 ROMOP=- ROMREG=00

063D 00A8 ?TFB 10
A=0000000000001000 B=0000000000030000 C=0000000000000000 D=0000000000001000 E=0000000000000000
FA=0040 [0000000001000000] KR=0280 [0000001010000000] EXT=00 COND=1 IDLE=1 IO=0000000000000000
FB=0840 [0000100001000000] SR=0100 R5=0 ROM=0000.0 PREG=0 RAMOP=- RAMREG=090 ROMOP=- ROMREG=00

063E 0AB0 WAIT D11
A=0000000000001000 B=0000000000030000 C=0000000000000000 D=0000000000001000 E=0000000000000000
FA=0040 [0000000001000000] KR=0280 [0000001010000000] EXT=00 COND=1 IDLE=1 IO=0000000000000000
FB=0840 [0000100001000000] SR=0100 R5=0 ROM=0000.0 PREG=0 RAMOP=- RAMREG=090 ROMOP=- ROMREG=00

063F 0A0B ?BUSY
A=0000000000001000 B=0000000000030000 C=0000000000000000 D=0000000000001000 E=0000000000000000
FA=0040 [0000000001000000] KR=0280 [0000001010000000] EXT=00 COND=1 IDLE=1 IO=0000000000000000
FB=0840 [0000100001000000] SR=0100 R5=0 ROM=0000.0 PREG=0 RAMOP=- RAMREG=090 ROMOP=- ROMREG=00

0640 1BCF BRC 0459 -1E7
A=0000000000001000 B=0000000000030000 C=0000000000000000 D=0000000000001000 E=0000000000000000
FA=0040 [0000000001000000] KR=0280 [0000001010000000] EXT=00 COND=1 IDLE=1 IO=0000000000000000
FB=0840 [0000100001000000] SR=0100 R5=0 ROM=0000.0 PREG=0 RAMOP=- RAMREG=090 ROMOP=- ROMREG=00

0459 0A80 WAIT D8
A=0000000000001000 B=0000000000030000 C=0000000000000000 D=0000000000001000 E=0000000000000000
FA=0040 [0000000001000000] KR=0280 [0000001010000000] EXT=00 COND=1 IDLE=1 IO=0000000000000000
FB=0840 [0000100001000000] SR=0100 R5=0 ROM=0000.0 PREG=0 RAMOP=- RAMREG=090 ROMOP=- ROMREG=00

045A 0A0B ?BUSY
A=0000000000001000 B=0000000000030000 C=0000000000000000 D=0000000000001000 E=0000000000000000
FA=0040 [0000000001000000] KR=0280 [0000001010000000] EXT=00 COND=1 IDLE=1 IO=0000000000000000
FB=0840 [0000100001000000] SR=0100 R5=0 ROM=0000.0 PREG=0 RAMOP=- RAMREG=090 ROMOP=- ROMREG=00

045B 13CC BRNC 0641 +1E6
A=0000000000001000 B=0000000000030000 C=0000000000000000 D=0000000000001000 E=0000000000000000
FA=0040 [0000000001000000] KR=0280 [0000001010000000] EXT=00 COND=0 IDLE=1 IO=0000000000000000
FB=0840 [0000100001000000] SR=0100 R5=0 ROM=0000.0 PREG=0 RAMOP=- RAMREG=090 ROMOP=- ROMREG=00

0641 0098 ?TFB 9
A=0000000000001000 B=0000000000030000 C=0000000000000000 D=0000000000001000 E=0000000000000000
FA=0040 [0000000001000000] KR=0280 [0000001010000000] EXT=00 COND=1 IDLE=1 IO=0000000000000000
FB=0840 [0000100001000000] SR=0100 R5=0 ROM=0000.0 PREG=0 RAMOP=- RAMREG=090 ROMOP=- ROMREG=00

0642 1828 BRC 0656 +014
A=0000000000001000 B=0000000000030000 C=0000000000000000 D=0000000000001000 E=0000000000000000
FA=0040 [0000000001000000] KR=0280 [0000001010000000] EXT=00 COND=1 IDLE=1 IO=0000000000000000
FB=0840 [0000100001000000] SR=0100 R5=0 ROM=0000.0 PREG=0 RAMOP=- RAMREG=090 ROMOP=- ROMREG=00

0656 0AE0 WAIT D14
A=0000000000001000 B=0000000000030000 C=0000000000000000 D=0000000000001000 E=0000000000000000
FA=0040 [0000000001000000] KR=0280 [0000001010000000] EXT=00 COND=1 IDLE=1 IO=0000000000000000
FB=0840 [0000100001000000] SR=0100 R5=0 ROM=0000.0 PREG=0 RAMOP=- RAMREG=090 ROMOP=- ROMREG=00

0657 0820 ?KEY 20
A=0000000000001000 B=0000000000030000 C=0000000000000000 D=0000000000001000 E=0000000000000000
FA=0040 [0000000001000000] KR=0280 [0000001010000000] EXT=00 COND=1 IDLE=1 IO=0000000000000000
FB=0840 [0000100001000000] SR=0100 R5=0 ROM=0000.0 PREG=0 RAMOP=- RAMREG=090 ROMOP=- ROMREG=00

0658 1839 BRC 063C -01C
A=0000000000001000 B=0000000000030000 C=0000000000000000 D=0000000000001000 E=0000000000000000
FA=0040 [0000000001000000] KR=0280 [0000001010000000] EXT=00 COND=1 IDLE=1 IO=0000000000000000
FB=0840 [0000100001000000] SR=0100 R5=0 ROM=0000.0 PREG=0 RAMOP=- RAMREG=090 ROMOP=- ROMREG=00

063C 00C8 ?TFB 12
A=0000000000001000 B=0000000000030000 C=0000000000000000 D=0000000000001000 E=0000000000000000
FA=0040 [0000000001000000] KR=0280 [0000001010000000] EXT=00 COND=1 IDLE=1 IO=0000000000000000
FB=0840 [0000100001000000] SR=0100 R5=0 ROM=0000.0 PREG=0 RAMOP=- RAMREG=090 ROMOP=- ROMREG=00

063D 00A8 ?TFB 10
A=0000000000001000 B=0000000000030000 C=0000000000000000 D=0000000000001000 E=0000000000000000
FA=0040 [0000000001000000] KR=0280 [0000001010000000] EXT=00 COND=1 IDLE=1 IO=0000000000000000
FB=0840 [0000100001000000] SR=0100 R5=0 ROM=0000.0 PREG=0 RAMOP=- RAMREG=090 ROMOP=- ROMREG=00

063E 0AB0 WAIT D11
A=0000000000001000 B=0000000000030000 C=0000000000000000 D=0000000000001000 E=0000000000000000
FA=0040 [0000000001000000] KR=0280 [0000001010000000] EXT=00 COND=1 IDLE=1 IO=0000000000000000
FB=0840 [0000100001000000] SR=0100 R5=0 ROM=0000.0 PREG=0 RAMOP=- RAMREG=090 ROMOP=- ROMREG=00

063F 0A0B ?BUSY
A=0000000000001000 B=0000000000030000 C=0000000000000000 D=0000000000001000 E=0000000000000000
FA=0040 [0000000001000000] KR=0280 [0000001010000000] EXT=00 COND=1 IDLE=1 IO=0000000000000000
FB=0840 [0000100001000000] SR=0100 R5=0 ROM=0000.0 PREG=0 RAMOP=- RAMREG=090 ROMOP=- ROMREG=00

0640 1BCF BRC 0459 -1E7
A=0000000000001000 B=0000000000030000 C=0000000000000000 D=0000000000001000 E=0000000000000000
FA=0040 [0000000001000000] KR=0280 [0000001010000000] EXT=00 COND=1 IDLE=1 IO=0000000000000000
FB=0840 [0000100001000000] SR=0100 R5=0 ROM=0000.0 PREG=0 RAMOP=- RAMREG=090 ROMOP=- ROMREG=00

0459 0A80 WAIT D8
A=0000000000001000 B=0000000000030000 C=0000000000000000 D=0000000000001000 E=0000000000000000
FA=0040 [0000000001000000] KR=0280 [0000001010000000] EXT=00 COND=1 IDLE=1 IO=0000000000000000
FB=0840 [0000100001000000] SR=0100 R5=0 ROM=0000.0 PREG=0 RAMOP=- RAMREG=090 ROMOP=- ROMREG=00

045A 0A0B ?BUSY
A=0000000000001000 B=0000000000030000 C=0000000000000000 D=0000000000001000 E=0000000000000000
FA=0040 [0000000001000000] KR=0280 [0000001010000000] EXT=00 COND=1 IDLE=1 IO=0000000000000000
FB=0840 [0000100001000000] SR=0100 R5=0 ROM=0000.0 PREG=0 RAMOP=- RAMREG=090 ROMOP=- ROMREG=00

045B 13CC BRNC 0641 +1E6
A=0000000000001000 B=0000000000030000 C=0000000000000000 D=0000000000001000 E=0000000000000000
FA=0040 [0000000001000000] KR=0280 [0000001010000000] EXT=00 COND=0 IDLE=1 IO=0000000000000000
FB=0840 [0000100001000000] SR=0100 R5=0 ROM=0000.0 PREG=0 RAMOP=- RAMREG=090 ROMOP=- ROMREG=00

0641 0098 ?TFB 9
A=0000000000001000 B=0000000000030000 C=0000000000000000 D=0000000000001000 E=0000000000000000
FA=0040 [0000000001000000] KR=0280 [0000001010000000] EXT=00 COND=1 IDLE=1 IO=0000000000000000
FB=0840 [0000100001000000] SR=0100 R5=0 ROM=0000.0 PREG=0 RAMOP=- RAMREG=090 ROMOP=- ROMREG=00

0642 1828 BRC 0656 +014
A=0000000000001000 B=0000000000030000 C=0000000000000000 D=0000000000001000 E=0000000000000000
FA=0040 [0000000001000000] KR=0280 [0000001010000000] EXT=00 COND=1 IDLE=1 IO=0000000000000000
FB=0840 [0000100001000000] SR=0100 R5=0 ROM=0000.0 PREG=0 RAMOP=- RAMREG=090 ROMOP=- ROMREG=00

0656 0AE0 WAIT D14
A=0000000000001000 B=0000000000030000 C=0000000000000000 D=0000000000001000 E=0000000000000000
FA=0040 [0000000001000000] KR=0280 [0000001010000000] EXT=00 COND=1 IDLE=1 IO=0000000000000000
FB=0840 [0000100001000000] SR=0100 R5=0 ROM=0000.0 PREG=0 RAMOP=- RAMREG=090 ROMOP=- ROMREG=00

0657 0820 ?KEY 20
A=0000000000001000 B=0000000000030000 C=0000000000000000 D=0000000000001000 E=0000000000000000
FA=0040 [0000000001000000] KR=0280 [0000001010000000] EXT=00 COND=1 IDLE=1 IO=0000000000000000
FB=0840 [0000100001000000] SR=0100 R5=0 ROM=0000.0 PREG=0 RAMOP=- RAMREG=090 ROMOP=- ROMREG=00

0658 1839 BRC 063C -01C
A=0000000000001000 B=0000000000030000 C=0000000000000000 D=0000000000001000 E=0000000000000000
FA=0040 [0000000001000000] KR=0280 [0000001010000000] EXT=00 COND=1 IDLE=1 IO=0000000000000000
FB=0840 [0000100001000000] SR=0100 R5=0 ROM=0000.0 PREG=0 RAMOP=- RAMREG=090 ROMOP=- ROMREG=00

063C 00C8 ?TFB 12
A=0000000000001000 B=0000000000030000 C=0000000000000000 D=0000000000001000 E=0000000000000000
FA=0040 [0000000001000000] KR=0280 [0000001010000000] EXT=00 COND=1 IDLE=1 IO=0000000000000000
FB=0840 [0000100001000000] SR=0100 R5=0 ROM=0000.0 PREG=0 RAMOP=- RAMREG=090 ROMOP=- ROMREG=00

063D 00A8 ?TFB 10
A=0000000000001000 B=0000000000030000 C=0000000000000000 D=0000000000001000 E=0000000000000000
FA=0040 [0000000001000000] KR=0280 [0000001010000000] EXT=00 COND=1 IDLE=1 IO=0000000000000000
FB=0840 [0000100001000000] SR=0100 R5=0 ROM=0000.0 PREG=0 RAMOP=- RAMREG=090 ROMOP=- ROMREG=00

063E 0AB0 WAIT D11
A=0000000000001000 B=0000000000030000 C=0000000000000000 D=0000000000001000 E=0000000000000000
FA=0040 [0000000001000000] KR=0280 [0000001010000000] EXT=00 COND=1 IDLE=1 IO=0000000000000000
FB=0840 [0000100001000000] SR=0100 R5=0 ROM=0000.0 PREG=0 RAMOP=- RAMREG=090 ROMOP=- ROMREG=00

063F 0A0B ?BUSY
A=0000000000001000 B=0000000000030000 C=0000000000000000 D=0000000000001000 E=0000000000000000
FA=0040 [0000000001000000] KR=0280 [0000001010000000] EXT=00 COND=1 IDLE=1 IO=0000000000000000
FB=0840 [0000100001000000] SR=0100 R5=0 ROM=0000.0 PREG=0 RAMOP=- RAMREG=090 ROMOP=- ROMREG=00

0640 1BCF BRC 0459 -1E7
A=0000000000001000 B=0000000000030000 C=0000000000000000 D=0000000000001000 E=0000000000000000
FA=0040 [0000000001000000] KR=0280 [0000001010000000] EXT=00 COND=1 IDLE=1 IO=0000000000000000
FB=0840 [0000100001000000] SR=0100 R5=0 ROM=0000.0 PREG=0 RAMOP=- RAMREG=090 ROMOP=- ROMREG=00

0459 0A80 WAIT D8
A=0000000000001000 B=0000000000030000 C=0000000000000000 D=0000000000001000 E=0000000000000000
FA=0040 [0000000001000000] KR=0280 [0000001010000000] EXT=00 COND=1 IDLE=1 IO=0000000000000000
FB=0840 [0000100001000000] SR=0100 R5=0 ROM=0000.0 PREG=0 RAMOP=- RAMREG=090 ROMOP=- ROMREG=00

045A 0A0B ?BUSY
A=0000000000001000 B=0000000000030000 C=0000000000000000 D=0000000000001000 E=0000000000000000
FA=0040 [0000000001000000] KR=0280 [0000001010000000] EXT=00 COND=1 IDLE=1 IO=0000000000000000
FB=0840 [0000100001000000] SR=0100 R5=0 ROM=0000.0 PREG=0 RAMOP=- RAMREG=090 ROMOP=- ROMREG=00

045B 13CC BRNC 0641 +1E6
A=0000000000001000 B=0000000000030000 C=0000000000000000 D=0000000000001000 E=0000000000000000
FA=0040 [0000000001000000] KR=0280 [0000001010000000] EXT=00 COND=0 IDLE=1 IO=0000000000000000
FB=0840 [0000100001000000] SR=0100 R5=0 ROM=0000.0 PREG=0 RAMOP=- RAMREG=090 ROMOP=- ROMREG=00

0641 0098 ?TFB 9
A=0000000000001000 B=0000000000030000 C=0000000000000000 D=0000000000001000 E=0000000000000000
FA=0040 [0000000001000000] KR=0280 [0000001010000000] EXT=00 COND=1 IDLE=1 IO=0000000000000000
FB=0840 [0000100001000000] SR=0100 R5=0 ROM=0000.0 PREG=0 RAMOP=- RAMREG=090 ROMOP=- ROMREG=00

0642 1828 BRC 0656 +014
A=0000000000001000 B=0000000000030000 C=0000000000000000 D=0000000000001000 E=0000000000000000
FA=0040 [0000000001000000] KR=0280 [0000001010000000] EXT=00 COND=1 IDLE=1 IO=0000000000000000
FB=0840 [0000100001000000] SR=0100 R5=0 ROM=0000.0 PREG=0 RAMOP=- RAMREG=090 ROMOP=- ROMREG=00

0656 0AE0 WAIT D14
A=0000000000001000 B=0000000000030000 C=0000000000000000 D=0000000000001000 E=0000000000000000
FA=0040 [0000000001000000] KR=0280 [0000001010000000] EXT=00 COND=1 IDLE=1 IO=0000000000000000
FB=0840 [0000100001000000] SR=0100 R5=0 ROM=0000.0 PREG=0 RAMOP=- RAMREG=090 ROMOP=- ROMREG=00

0657 0820 ?KEY 20
A=0000000000001000 B=0000000000030000 C=0000000000000000 D=0000000000001000 E=0000000000000000
FA=0040 [0000000001000000] KR=0280 [0000001010000000] EXT=00 COND=1 IDLE=1 IO=0000000000000000
FB=0840 [0000100001000000] SR=0100 R5=0 ROM=0000.0 PREG=0 RAMOP=- RAMREG=090 ROMOP=- ROMREG=00

0658 1839 BRC 063C -01C
A=0000000000001000 B=0000000000030000 C=0000000000000000 D=0000000000001000 E=0000000000000000
FA=0040 [0000000001000000] KR=0280 [0000001010000000] EXT=00 COND=1 IDLE=1 IO=0000000000000000
FB=0840 [0000100001000000] SR=0100 R5=0 ROM=0000.0 PREG=0 RAMOP=- RAMREG=090 ROMOP=- ROMREG=00

063C 00C8 ?TFB 12
A=0000000000001000 B=0000000000030000 C=0000000000000000 D=0000000000001000 E=0000000000000000
FA=0040 [0000000001000000] KR=0280 [0000001010000000] EXT=00 COND=1 IDLE=1 IO=0000000000000000
FB=0840 [0000100001000000] SR=0100 R5=0 ROM=0000.0 PREG=0 RAMOP=- RAMREG=090 ROMOP=- ROMREG=00

063D 00A8 ?TFB 10
A=0000000000001000 B=0000000000030000 C=0000000000000000 D=0000000000001000 E=0000000000000000
FA=0040 [0000000001000000] KR=0280 [0000001010000000] EXT=00 COND=1 IDLE=1 IO=0000000000000000
FB=0840 [0000100001000000] SR=0100 R5=0 ROM=0000.0 PREG=0 RAMOP=- RAMREG=090 ROMOP=- ROMREG=00

063E 0AB0 WAIT D11
A=0000000000001000 B=0000000000030000 C=0000000000000000 D=0000000000001000 E=0000000000000000
FA=0040 [0000000001000000] KR=0280 [0000001010000000] EXT=00 COND=1 IDLE=1 IO=0000000000000000
FB=0840 [0000100001000000] SR=0100 R5=0 ROM=0000.0 PREG=0 RAMOP=- RAMREG=090 ROMOP=- ROMREG=00

063F 0A0B ?BUSY
A=0000000000001000 B=0000000000030000 C=0000000000000000 D=0000000000001000 E=0000000000000000
FA=0040 [0000000001000000] KR=0280 [0000001010000000] EXT=00 COND=1 IDLE=1 IO=0000000000000000
FB=0840 [0000100001000000] SR=0100 R5=0 ROM=0000.0 PREG=0 RAMOP=- RAMREG=090 ROMOP=- ROMREG=00

0640 1BCF BRC 0459 -1E7
A=0000000000001000 B=0000000000030000 C=0000000000000000 D=0000000000001000 E=0000000000000000
FA=0040 [0000000001000000] KR=0280 [0000001010000000] EXT=00 COND=1 IDLE=1 IO=0000000000000000
FB=0840 [0000100001000000] SR=0100 R5=0 ROM=0000.0 PREG=0 RAMOP=- RAMREG=090 ROMOP=- ROMREG=00

0459 0A80 WAIT D8
A=0000000000001000 B=0000000000030000 C=0000000000000000 D=0000000000001000 E=0000000000000000
FA=0040 [0000000001000000] KR=0280 [0000001010000000] EXT=00 COND=1 IDLE=1 IO=0000000000000000
FB=0840 [0000100001000000] SR=0100 R5=0 ROM=0000.0 PREG=0 RAMOP=- RAMREG=090 ROMOP=- ROMREG=00

045A 0A0B ?BUSY
A=0000000000001000 B=0000000000030000 C=0000000000000000 D=0000000000001000 E=0000000000000000
FA=0040 [0000000001000000] KR=0280 [0000001010000000] EXT=00 COND=1 IDLE=1 IO=0000000000000000
FB=0840 [0000100001000000] SR=0100 R5=0 ROM=0000.0 PREG=0 RAMOP=- RAMREG=090 ROMOP=- ROMREG=00

045B 13CC BRNC 0641 +1E6
A=0000000000001000 B=0000000000030000 C=0000000000000000 D=0000000000001000 E=0000000000000000
FA=0040 [0000000001000000] KR=0280 [0000001010000000] EXT=00 COND=0 IDLE=1 IO=0000000000000000
FB=0840 [0000100001000000] SR=0100 R5=0 ROM=0000.0 PREG=0 RAMOP=- RAMREG=090 ROMOP=- ROMREG=00

0641 0098 ?TFB 9
A=0000000000001000 B=0000000000030000 C=0000000000000000 D=0000000000001000 E=0000000000000000
FA=0040 [0000000001000000] KR=0280 [0000001010000000] EXT=00 COND=1 IDLE=1 IO=0000000000000000
FB=0840 [0000100001000000] SR=0100 R5=0 ROM=0000.0 PREG=0 RAMOP=- RAMREG=090 ROMOP=- ROMREG=00

0642 1828 BRC 0656 +014
A=0000000000001000 B=0000000000030000 C=0000000000000000 D=0000000000001000 E=0000000000000000
FA=0040 [0000000001000000] KR=0280 [0000001010000000] EXT=00 COND=1 IDLE=1 IO=0000000000000000
FB=0840 [0000100001000000] SR=0100 R5=0 ROM=0000.0 PREG=0 RAMOP=- RAMREG=090 ROMOP=- ROMREG=00

0656 0AE0 WAIT D14
A=0000000000001000 B=0000000000030000 C=0000000000000000 D=0000000000001000 E=0000000000000000
FA=0040 [0000000001000000] KR=0280 [0000001010000000] EXT=00 COND=1 IDLE=1 IO=0000000000000000
FB=0840 [0000100001000000] SR=0100 R5=0 ROM=0000.0 PREG=0 RAMOP=- RAMREG=090 ROMOP=- ROMREG=00

0657 0820 ?KEY 20
A=0000000000001000 B=0000000000030000 C=0000000000000000 D=0000000000001000 E=0000000000000000
FA=0040 [0000000001000000] KR=0280 [0000001010000000] EXT=00 COND=1 IDLE=1 IO=0000000000000000
FB=0840 [0000100001000000] SR=0100 R5=0 ROM=0000.0 PREG=0 RAMOP=- RAMREG=090 ROMOP=- ROMREG=00

0658 1839 BRC 063C -01C
A=0000000000001000 B=0000000000030000 C=0000000000000000 D=0000000000001000 E=0000000000000000
FA=0040 [0000000001000000] KR=0280 [0000001010000000] EXT=00 COND=1 IDLE=1 IO=0000000000000000
FB=0840 [0000100001000000] SR=0100 R5=0 ROM=0000.0 PREG=0 RAMOP=- RAMREG=090 ROMOP=- ROMREG=00

063C 00C8 ?TFB 12
A=0000000000001000 B=0000000000030000 C=0000000000000000 D=0000000000001000 E=0000000000000000
FA=0040 [0000000001000000] KR=0280 [0000001010000000] EXT=00 COND=1 IDLE=1 IO=0000000000000000
FB=0840 [0000100001000000] SR=0100 R5=0 ROM=0000.0 PREG=0 RAMOP=- RAMREG=090 ROMOP=- ROMREG=00

063D 00A8 ?TFB 10
A=0000000000001000 B=0000000000030000 C=0000000000000000 D=0000000000001000 E=0000000000000000
FA=0040 [0000000001000000] KR=0280 [0000001010000000] EXT=00 COND=1 IDLE=1 IO=0000000000000000
FB=0840 [0000100001000000] SR=0100 R5=0 ROM=0000.0 PREG=0 RAMOP=- RAMREG=090 ROMOP=- ROMREG=00

063E 0AB0 WAIT D11
A=0000000000001000 B=0000000000030000 C=0000000000000000 D=0000000000001000 E=0000000000000000
FA=0040 [0000000001000000] KR=0280 [0000001010000000] EXT=00 COND=1 IDLE=1 IO=0000000000000000
FB=0840 [0000100001000000] SR=0100 R5=0 ROM=0000.0 PREG=0 RAMOP=- RAMREG=090 ROMOP=- ROMREG=00

063F 0A0B ?BUSY
A=0000000000001000 B=0000000000030000 C=0000000000000000 D=0000000000001000 E=0000000000000000
FA=0040 [0000000001000000] KR=0280 [0000001010000000] EXT=00 COND=1 IDLE=1 IO=0000000000000000
FB=0840 [0000100001000000] SR=0100 R5=0 ROM=0000.0 PREG=0 RAMOP=- RAMREG=090 ROMOP=- ROMREG=00

0640 1BCF BRC 0459 -1E7
A=0000000000001000 B=0000000000030000 C=0000000000000000 D=0000000000001000 E=0000000000000000
FA=0040 [0000000001000000] KR=0280 [0000001010000000] EXT=00 COND=1 IDLE=1 IO=0000000000000000
FB=0840 [0000100001000000] SR=0100 R5=0 ROM=0000.0 PREG=0 RAMOP=- RAMREG=090 ROMOP=- ROMREG=00

0459 0A80 WAIT D8
A=0000000000001000 B=0000000000030000 C=0000000000000000 D=0000000000001000 E=0000000000000000
FA=0040 [0000000001000000] KR=0280 [0000001010000000] EXT=00 COND=1 IDLE=1 IO=0000000000000000
FB=0840 [0000100001000000] SR=0100 R5=0 ROM=0000.0 PREG=0 RAMOP=- RAMREG=090 ROMOP=- ROMREG=00

045A 0A0B ?BUSY
A=0000000000001000 B=0000000000030000 C=0000000000000000 D=0000000000001000 E=0000000000000000
FA=0040 [0000000001000000] KR=0280 [0000001010000000] EXT=00 COND=1 IDLE=1 IO=0000000000000000
FB=0840 [0000100001000000] SR=0100 R5=0 ROM=0000.0 PREG=0 RAMOP=- RAMREG=090 ROMOP=- ROMREG=00

045B 13CC BRNC 0641 +1E6
A=0000000000001000 B=0000000000030000 C=0000000000000000 D=0000000000001000 E=0000000000000000
FA=0040 [0000000001000000] KR=0280 [0000001010000000] EXT=00 COND=0 IDLE=1 IO=0000000000000000
FB=0840 [0000100001000000] SR=0100 R5=0 ROM=0000.0 PREG=0 RAMOP=- RAMREG=090 ROMOP=- ROMREG=00

0641 0098 ?TFB 9
A=0000000000001000 B=0000000000030000 C=0000000000000000 D=0000000000001000 E=0000000000000000
FA=0040 [0000000001000000] KR=0280 [0000001010000000] EXT=00 COND=1 IDLE=1 IO=0000000000000000
FB=0840 [0000100001000000] SR=0100 R5=0 ROM=0000.0 PREG=0 RAMOP=- RAMREG=090 ROMOP=- ROMREG=00

0642 1828 BRC 0656 +014
A=0000000000001000 B=0000000000030000 C=0000000000000000 D=0000000000001000 E=0000000000000000
FA=0040 [0000000001000000] KR=0280 [0000001010000000] EXT=00 COND=1 IDLE=1 IO=0000000000000000
FB=0840 [0000100001000000] SR=0100 R5=0 ROM=0000.0 PREG=0 RAMOP=- RAMREG=090 ROMOP=- ROMREG=00

0656 0AE0 WAIT D14
A=0000000000001000 B=0000000000030000 C=0000000000000000 D=0000000000001000 E=0000000000000000
FA=0040 [0000000001000000] KR=0280 [0000001010000000] EXT=00 COND=1 IDLE=1 IO=0000000000000000
FB=0840 [0000100001000000] SR=0100 R5=0 ROM=0000.0 PREG=0 RAMOP=- RAMREG=090 ROMOP=- ROMREG=00

0657 0820 ?KEY 20
A=0000000000001000 B=0000000000030000 C=0000000000000000 D=0000000000001000 E=0000000000000000
FA=0040 [0000000001000000] KR=0280 [0000001010000000] EXT=00 COND=1 IDLE=1 IO=0000000000000000
FB=0840 [0000100001000000] SR=0100 R5=0 ROM=0000.0 PREG=0 RAMOP=- RAMREG=090 ROMOP=- ROMREG=00

0658 1839 BRC 063C -01C
A=0000000000001000 B=0000000000030000 C=0000000000000000 D=0000000000001000 E=0000000000000000
FA=0040 [0000000001000000] KR=0280 [0000001010000000] EXT=00 COND=1 IDLE=1 IO=0000000000000000
FB=0840 [0000100001000000] SR=0100 R5=0 ROM=0000.0 PREG=0 RAMOP=- RAMREG=090 ROMOP=- ROMREG=00

063C 00C8 ?TFB 12
A=0000000000001000 B=0000000000030000 C=0000000000000000 D=0000000000001000 E=0000000000000000
FA=0040 [0000000001000000] KR=0280 [0000001010000000] EXT=00 COND=1 IDLE=1 IO=0000000000000000
FB=0840 [0000100001000000] SR=0100 R5=0 ROM=0000.0 PREG=0 RAMOP=- RAMREG=090 ROMOP=- ROMREG=00

063D 00A8 ?TFB 10
A=0000000000001000 B=0000000000030000 C=0000000000000000 D=0000000000001000 E=0000000000000000
FA=0040 [0000000001000000] KR=0280 [0000001010000000] EXT=00 COND=1 IDLE=1 IO=0000000000000000
FB=0840 [0000100001000000] SR=0100 R5=0 ROM=0000.0 PREG=0 RAMOP=- RAMREG=090 ROMOP=- ROMREG=00

063E 0AB0 WAIT D11
A=0000000000001000 B=0000000000030000 C=0000000000000000 D=0000000000001000 E=0000000000000000
FA=0040 [0000000001000000] KR=0280 [0000001010000000] EXT=00 COND=1 IDLE=1 IO=0000000000000000
FB=0840 [0000100001000000] SR=0100 R5=0 ROM=0000.0 PREG=0 RAMOP=- RAMREG=090 ROMOP=- ROMREG=00

063F 0A0B ?BUSY
A=0000000000001000 B=0000000000030000 C=0000000000000000 D=0000000000001000 E=0000000000000000
FA=0040 [0000000001000000] KR=0280 [0000001010000000] EXT=00 COND=1 IDLE=1 IO=0000000000000000
FB=0840 [0000100001000000] SR=0100 R5=0 ROM=0000.0 PREG=0 RAMOP=- RAMREG=090 ROMOP=- ROMREG=00

0640 1BCF BRC 0459 -1E7
A=0000000000001000 B=0000000000030000 C=0000000000000000 D=0000000000001000 E=0000000000000000
FA=0040 [0000000001000000] KR=0280 [0000001010000000] EXT=00 COND=1 IDLE=1 IO=0000000000000000
FB=0840 [0000100001000000] SR=0100 R5=0 ROM=0000.0 PREG=0 RAMOP=- RAMREG=090 ROMOP=- ROMREG=00

0459 0A80 WAIT D8
A=0000000000001000 B=0000000000030000 C=0000000000000000 D=0000000000001000 E=0000000000000000
FA=0040 [0000000001000000] KR=0280 [0000001010000000] EXT=00 COND=1 IDLE=1 IO=0000000000000000
FB=0840 [0000100001000000] SR=0100 R5=0 ROM=0000.0 PREG=0 RAMOP=- RAMREG=090 ROMOP=- ROMREG=00

045A 0A0B ?BUSY
A=0000000000001000 B=0000000000030000 C=0000000000000000 D=0000000000001000 E=0000000000000000
FA=0040 [0000000001000000] KR=0280 [0000001010000000] EXT=00 COND=1 IDLE=1 IO=0000000000000000
FB=0840 [0000100001000000] SR=0100 R5=0 ROM=0000.0 PREG=0 RAMOP=- RAMREG=090 ROMOP=- ROMREG=00

045B 13CC BRNC 0641 +1E6
A=0000000000001000 B=0000000000030000 C=0000000000000000 D=0000000000001000 E=0000000000000000
FA=0040 [0000000001000000] KR=0280 [0000001010000000] EXT=00 COND=0 IDLE=1 IO=0000000000000000
FB=0840 [0000100001000000] SR=0100 R5=0 ROM=0000.0 PREG=0 RAMOP=- RAMREG=090 ROMOP=- ROMREG=00

0641 0098 ?TFB 9
A=0000000000001000 B=0000000000030000 C=0000000000000000 D=0000000000001000 E=0000000000000000
FA=0040 [0000000001000000] KR=0280 [0000001010000000] EXT=00 COND=1 IDLE=1 IO=0000000000000000
FB=0840 [0000100001000000] SR=0100 R5=0 ROM=0000.0 PREG=0 RAMOP=- RAMREG=090 ROMOP=- ROMREG=00

0642 1828 BRC 0656 +014
A=0000000000001000 B=0000000000030000 C=0000000000000000 D=0000000000001000 E=0000000000000000
FA=0040 [0000000001000000] KR=0280 [0000001010000000] EXT=00 COND=1 IDLE=1 IO=0000000000000000
FB=0840 [0000100001000000] SR=0100 R5=0 ROM=0000.0 PREG=0 RAMOP=- RAMREG=090 ROMOP=- ROMREG=00

0656 0AE0 WAIT D14
A=0000000000001000 B=0000000000030000 C=0000000000000000 D=0000000000001000 E=0000000000000000
FA=0040 [0000000001000000] KR=0280 [0000001010000000] EXT=00 COND=1 IDLE=1 IO=0000000000000000
FB=0840 [0000100001000000] SR=0100 R5=0 ROM=0000.0 PREG=0 RAMOP=- RAMREG=090 ROMOP=- ROMREG=00

0657 0820 ?KEY 20
A=0000000000001000 B=0000000000030000 C=0000000000000000 D=0000000000001000 E=0000000000000000
FA=0040 [0000000001000000] KR=0280 [0000001010000000] EXT=00 COND=1 IDLE=1 IO=0000000000000000
FB=0840 [0000100001000000] SR=0100 R5=0 ROM=0000.0 PREG=0 RAMOP=- RAMREG=090 ROMOP=- ROMREG=00

0658 1839 BRC 063C -01C
A=0000000000001000 B=0000000000030000 C=0000000000000000 D=0000000000001000 E=0000000000000000
FA=0040 [0000000001000000] KR=0280 [0000001010000000] EXT=00 COND=1 IDLE=1 IO=0000000000000000
FB=0840 [0000100001000000] SR=0100 R5=0 ROM=0000.0 PREG=0 RAMOP=- RAMREG=090 ROMOP=- ROMREG=00

063C 00C8 ?TFB 12
A=0000000000001000 B=0000000000030000 C=0000000000000000 D=0000000000001000 E=0000000000000000
FA=0040 [0000000001000000] KR=0280 [0000001010000000] EXT=00 COND=1 IDLE=1 IO=0000000000000000
FB=0840 [0000100001000000] SR=0100 R5=0 ROM=0000.0 PREG=0 RAMOP=- RAMREG=090 ROMOP=- ROMREG=00

063D 00A8 ?TFB 10
A=0000000000001000 B=0000000000030000 C=0000000000000000 D=0000000000001000 E=0000000000000000
FA=0040 [0000000001000000] KR=0280 [0000001010000000] EXT=00 COND=1 IDLE=1 IO=0000000000000000
FB=0840 [0000100001000000] SR=0100 R5=0 ROM=0000.0 PREG=0 RAMOP=- RAMREG=090 ROMOP=- ROMREG=00

063E 0AB0 WAIT D11
A=0000000000001000 B=0000000000030000 C=0000000000000000 D=0000000000001000 E=0000000000000000
FA=0040 [0000000001000000] KR=0280 [0000001010000000] EXT=00 COND=1 IDLE=1 IO=0000000000000000
FB=0840 [0000100001000000] SR=0100 R5=0 ROM=0000.0 PREG=0 RAMOP=- RAMREG=090 ROMOP=- ROMREG=00

063F 0A0B ?BUSY
A=0000000000001000 B=0000000000030000 C=0000000000000000 D=0000000000001000 E=0000000000000000
FA=0040 [0000000001000000] KR=0280 [0000001010000000] EXT=00 COND=1 IDLE=1 IO=0000000000000000
FB=0840 [0000100001000000] SR=0100 R5=0 ROM=0000.0 PREG=0 RAMOP=- RAMREG=090 ROMOP=- ROMREG=00

0640 1BCF BRC 0459 -1E7
A=0000000000001000 B=0000000000030000 C=0000000000000000 D=0000000000001000 E=0000000000000000
FA=0040 [0000000001000000] KR=0280 [0000001010000000] EXT=00 COND=1 IDLE=1 IO=0000000000000000
FB=0840 [0000100001000000] SR=0100 R5=0 ROM=0000.0 PREG=0 RAMOP=- RAMREG=090 ROMOP=- ROMREG=00

0459 0A80 WAIT D8
A=0000000000001000 B=0000000000030000 C=0000000000000000 D=0000000000001000 E=0000000000000000
FA=0040 [0000000001000000] KR=0280 [0000001010000000] EXT=00 COND=1 IDLE=1 IO=0000000000000000
FB=0840 [0000100001000000] SR=0100 R5=0 ROM=0000.0 PREG=0 RAMOP=- RAMREG=090 ROMOP=- ROMREG=00

045A 0A0B ?BUSY
A=0000000000001000 B=0000000000030000 C=0000000000000000 D=0000000000001000 E=0000000000000000
FA=0040 [0000000001000000] KR=0280 [0000001010000000] EXT=00 COND=1 IDLE=1 IO=0000000000000000
FB=0840 [0000100001000000] SR=0100 R5=0 ROM=0000.0 PREG=0 RAMOP=- RAMREG=090 ROMOP=- ROMREG=00

045B 13CC BRNC 0641 +1E6
A=0000000000001000 B=0000000000030000 C=0000000000000000 D=0000000000001000 E=0000000000000000
FA=0040 [0000000001000000] KR=0280 [0000001010000000] EXT=00 COND=0 IDLE=1 IO=0000000000000000
FB=0840 [0000100001000000] SR=0100 R5=0 ROM=0000.0 PREG=0 RAMOP=- RAMREG=090 ROMOP=- ROMREG=00

0641 0098 ?TFB 9
A=0000000000001000 B=0000000000030000 C=0000000000000000 D=0000000000001000 E=0000000000000000
FA=0040 [0000000001000000] KR=0280 [0000001010000000] EXT=00 COND=1 IDLE=1 IO=0000000000000000
FB=0840 [0000100001000000] SR=0100 R5=0 ROM=0000.0 PREG=0 RAMOP=- RAMREG=090 ROMOP=- ROMREG=00

0642 1828 BRC 0656 +014
A=0000000000001000 B=0000000000030000 C=0000000000000000 D=0000000000001000 E=0000000000000000
FA=0040 [0000000001000000] KR=0280 [0000001010000000] EXT=00 COND=1 IDLE=1 IO=0000000000000000
FB=0840 [0000100001000000] SR=0100 R5=0 ROM=0000.0 PREG=0 RAMOP=- RAMREG=090 ROMOP=- ROMREG=00

0656 0AE0 WAIT D14
A=0000000000001000 B=0000000000030000 C=0000000000000000 D=0000000000001000 E=0000000000000000
FA=0040 [0000000001000000] KR=0280 [0000001010000000] EXT=00 COND=1 IDLE=1 IO=0000000000000000
FB=0840 [0000100001000000] SR=0100 R5=0 ROM=0000.0 PREG=0 RAMOP=- RAMREG=090 ROMOP=- ROMREG=00

0657 0820 ?KEY 20
A=0000000000001000 B=0000000000030000 C=0000000000000000 D=0000000000001000 E=0000000000000000
FA=0040 [0000000001000000] KR=0280 [0000001010000000] EXT=00 COND=1 IDLE=1 IO=0000000000000000
FB=0840 [0000100001000000] SR=0100 R5=0 ROM=0000.0 PREG=0 RAMOP=- RAMREG=090 ROMOP=- ROMREG=00

0658 1839 BRC 063C -01C
A=0000000000001000 B=0000000000030000 C=0000000000000000 D=0000000000001000 E=0000000000000000
FA=0040 [0000000001000000] KR=0280 [0000001010000000] EXT=00 COND=1 IDLE=1 IO=0000000000000000
FB=0840 [0000100001000000] SR=0100 R5=0 ROM=0000.0 PREG=0 RAMOP=- RAMREG=090 ROMOP=- ROMREG=00

063C 00C8 ?TFB 12
A=0000000000001000 B=0000000000030000 C=0000000000000000 D=0000000000001000 E=0000000000000000
FA=0040 [0000000001000000] KR=0280 [0000001010000000] EXT=00 COND=1 IDLE=1 IO=0000000000000000
FB=0840 [0000100001000000] SR=0100 R5=0 ROM=0000.0 PREG=0 RAMOP=- RAMREG=090 ROMOP=- ROMREG=00

063D 00A8 ?TFB 10
A=0000000000001000 B=0000000000030000 C=0000000000000000 D=0000000000001000 E=0000000000000000
FA=0040 [0000000001000000] KR=0280 [0000001010000000] EXT=00 COND=1 IDLE=1 IO=0000000000000000
FB=0840 [0000100001000000] SR=0100 R5=0 ROM=0000.0 PREG=0 RAMOP=- RAMREG=090 ROMOP=- ROMREG=00

063E 0AB0 WAIT D11
A=0000000000001000 B=0000000000030000 C=0000000000000000 D=0000000000001000 E=0000000000000000
FA=0040 [0000000001000000] KR=0280 [0000001010000000] EXT=00 COND=1 IDLE=1 IO=0000000000000000
FB=0840 [0000100001000000] SR=0100 R5=0 ROM=0000.0 PREG=0 RAMOP=- RAMREG=090 ROMOP=- ROMREG=00

063F 0A0B ?BUSY
A=0000000000001000 B=0000000000030000 C=0000000000000000 D=0000000000001000 E=0000000000000000
FA=0040 [0000000001000000] KR=0280 [0000001010000000] EXT=00 COND=1 IDLE=1 IO=0000000000000000
FB=0840 [0000100001000000] SR=0100 R5=0 ROM=0000.0 PREG=0 RAMOP=- RAMREG=090 ROMOP=- ROMREG=00

0640 1BCF BRC 0459 -1E7
A=0000000000001000 B=0000000000030000 C=0000000000000000 D=0000000000001000 E=0000000000000000
FA=0040 [0000000001000000] KR=0280 [0000001010000000] EXT=00 COND=1 IDLE=1 IO=0000000000000000
FB=0840 [0000100001000000] SR=0100 R5=0 ROM=0000.0 PREG=0 RAMOP=- RAMREG=090 ROMOP=- ROMREG=00

0459 0A80 WAIT D8
A=0000000000001000 B=0000000000030000 C=0000000000000000 D=0000000000001000 E=0000000000000000
FA=0040 [0000000001000000] KR=0280 [0000001010000000] EXT=00 COND=1 IDLE=1 IO=0000000000000000
FB=0840 [0000100001000000] SR=0100 R5=0 ROM=0000.0 PREG=0 RAMOP=- RAMREG=090 ROMOP=- ROMREG=00

045A 0A0B ?BUSY
A=0000000000001000 B=0000000000030000 C=0000000000000000 D=0000000000001000 E=0000000000000000
FA=0040 [0000000001000000] KR=0280 [0000001010000000] EXT=00 COND=1 IDLE=1 IO=0000000000000000
FB=0840 [0000100001000000] SR=0100 R5=0 ROM=0000.0 PREG=0 RAMOP=- RAMREG=090 ROMOP=- ROMREG=00

045B 13CC BRNC 0641 +1E6
A=0000000000001000 B=0000000000030000 C=0000000000000000 D=0000000000001000 E=0000000000000000
FA=0040 [0000000001000000] KR=0280 [0000001010000000] EXT=00 COND=0 IDLE=1 IO=0000000000000000
FB=0840 [0000100001000000] SR=0100 R5=0 ROM=0000.0 PREG=0 RAMOP=- RAMREG=090 ROMOP=- ROMREG=00

0641 0098 ?TFB 9
A=0000000000001000 B=0000000000030000 C=0000000000000000 D=0000000000001000 E=0000000000000000
FA=0040 [0000000001000000] KR=0280 [0000001010000000] EXT=00 COND=1 IDLE=1 IO=0000000000000000
FB=0840 [0000100001000000] SR=0100 R5=0 ROM=0000.0 PREG=0 RAMOP=- RAMREG=090 ROMOP=- ROMREG=00

0642 1828 BRC 0656 +014
A=0000000000001000 B=0000000000030000 C=0000000000000000 D=0000000000001000 E=0000000000000000
FA=0040 [0000000001000000] KR=0280 [0000001010000000] EXT=00 COND=1 IDLE=1 IO=0000000000000000
FB=0840 [0000100001000000] SR=0100 R5=0 ROM=0000.0 PREG=0 RAMOP=- RAMREG=090 ROMOP=- ROMREG=00

0656 0AE0 WAIT D14
A=0000000000001000 B=0000000000030000 C=0000000000000000 D=0000000000001000 E=0000000000000000
FA=0040 [0000000001000000] KR=0280 [0000001010000000] EXT=00 COND=1 IDLE=1 IO=0000000000000000
FB=0840 [0000100001000000] SR=0100 R5=0 ROM=0000.0 PREG=0 RAMOP=- RAMREG=090 ROMOP=- ROMREG=00

0657 0820 ?KEY 20
A=0000000000001000 B=0000000000030000 C=0000000000000000 D=0000000000001000 E=0000000000000000
FA=0040 [0000000001000000] KR=0280 [0000001010000000] EXT=00 COND=1 IDLE=1 IO=0000000000000000
FB=0840 [0000100001000000] SR=0100 R5=0 ROM=0000.0 PREG=0 RAMOP=- RAMREG=090 ROMOP=- ROMREG=00

0658 1839 BRC 063C -01C
A=0000000000001000 B=0000000000030000 C=0000000000000000 D=0000000000001000 E=0000000000000000
FA=0040 [0000000001000000] KR=0280 [0000001010000000] EXT=00 COND=1 IDLE=1 IO=0000000000000000
FB=0840 [0000100001000000] SR=0100 R5=0 ROM=0000.0 PREG=0 RAMOP=- RAMREG=090 ROMOP=- ROMREG=00

063C 00C8 ?TFB 12
A=0000000000001000 B=0000000000030000 C=0000000000000000 D=0000000000001000 E=0000000000000000
FA=0040 [0000000001000000] KR=0280 [0000001010000000] EXT=00 COND=1 IDLE=1 IO=0000000000000000
FB=0840 [0000100001000000] SR=0100 R5=0 ROM=0000.0 PREG=0 RAMOP=- RAMREG=090 ROMOP=- ROMREG=00

063D 00A8 ?TFB 10
A=0000000000001000 B=0000000000030000 C=0000000000000000 D=0000000000001000 E=0000000000000000
FA=0040 [0000000001000000] KR=0280 [0000001010000000] EXT=00 COND=1 IDLE=1 IO=0000000000000000
FB=0840 [0000100001000000] SR=0100 R5=0 ROM=0000.0 PREG=0 RAMOP=- RAMREG=090 ROMOP=- ROMREG=00

063E 0AB0 WAIT D11
A=0000000000001000 B=0000000000030000 C=0000000000000000 D=0000000000001000 E=0000000000000000
FA=0040 [0000000001000000] KR=0280 [0000001010000000] EXT=00 COND=1 IDLE=1 IO=0000000000000000
FB=0840 [0000100001000000] SR=0100 R5=0 ROM=0000.0 PREG=0 RAMOP=- RAMREG=090 ROMOP=- ROMREG=00

063F 0A0B ?BUSY
A=0000000000001000 B=0000000000030000 C=0000000000000000 D=0000000000001000 E=0000000000000000
FA=0040 [0000000001000000] KR=0280 [0000001010000000] EXT=00 COND=1 IDLE=1 IO=0000000000000000
FB=0840 [0000100001000000] SR=0100 R5=0 ROM=0000.0 PREG=0 RAMOP=- RAMREG=090 ROMOP=- ROMREG=00

0640 1BCF BRC 0459 -1E7
A=0000000000001000 B=0000000000030000 C=0000000000000000 D=0000000000001000 E=0000000000000000
FA=0040 [0000000001000000] KR=0280 [0000001010000000] EXT=00 COND=1 IDLE=1 IO=0000000000000000
FB=0840 [0000100001000000] SR=0100 R5=0 ROM=0000.0 PREG=0 RAMOP=- RAMREG=090 ROMOP=- ROMREG=00

0459 0A80 WAIT D8
A=0000000000001000 B=0000000000030000 C=0000000000000000 D=0000000000001000 E=0000000000000000
FA=0040 [0000000001000000] KR=0280 [0000001010000000] EXT=00 COND=1 IDLE=1 IO=0000000000000000
FB=0840 [0000100001000000] SR=0100 R5=0 ROM=0000.0 PREG=0 RAMOP=- RAMREG=090 ROMOP=- ROMREG=00

045A 0A0B ?BUSY
A=0000000000001000 B=0000000000030000 C=0000000000000000 D=0000000000001000 E=0000000000000000
FA=0040 [0000000001000000] KR=0280 [0000001010000000] EXT=00 COND=1 IDLE=1 IO=0000000000000000
FB=0840 [0000100001000000] SR=0100 R5=0 ROM=0000.0 PREG=0 RAMOP=- RAMREG=090 ROMOP=- ROMREG=00

045B 13CC BRNC 0641 +1E6
A=0000000000001000 B=0000000000030000 C=0000000000000000 D=0000000000001000 E=0000000000000000
FA=0040 [0000000001000000] KR=0280 [0000001010000000] EXT=00 COND=0 IDLE=1 IO=0000000000000000
FB=0840 [0000100001000000] SR=0100 R5=0 ROM=0000.0 PREG=0 RAMOP=- RAMREG=090 ROMOP=- ROMREG=00

0641 0098 ?TFB 9
A=0000000000001000 B=0000000000030000 C=0000000000000000 D=0000000000001000 E=0000000000000000
FA=0040 [0000000001000000] KR=0280 [0000001010000000] EXT=00 COND=1 IDLE=1 IO=0000000000000000
FB=0840 [0000100001000000] SR=0100 R5=0 ROM=0000.0 PREG=0 RAMOP=- RAMREG=090 ROMOP=- ROMREG=00

0642 1828 BRC 0656 +014
A=0000000000001000 B=0000000000030000 C=0000000000000000 D=0000000000001000 E=0000000000000000
FA=0040 [0000000001000000] KR=0280 [0000001010000000] EXT=00 COND=1 IDLE=1 IO=0000000000000000
FB=0840 [0000100001000000] SR=0100 R5=0 ROM=0000.0 PREG=0 RAMOP=- RAMREG=090 ROMOP=- ROMREG=00

0656 0AE0 WAIT D14
A=0000000000001000 B=0000000000030000 C=0000000000000000 D=0000000000001000 E=0000000000000000
FA=0040 [0000000001000000] KR=0280 [0000001010000000] EXT=00 COND=1 IDLE=1 IO=0000000000000000
FB=0840 [0000100001000000] SR=0100 R5=0 ROM=0000.0 PREG=0 RAMOP=- RAMREG=090 ROMOP=- ROMREG=00

0657 0820 ?KEY 20
A=0000000000001000 B=0000000000030000 C=0000000000000000 D=0000000000001000 E=0000000000000000
FA=0040 [0000000001000000] KR=0280 [0000001010000000] EXT=00 COND=1 IDLE=1 IO=0000000000000000
FB=0840 [0000100001000000] SR=0100 R5=0 ROM=0000.0 PREG=0 RAMOP=- RAMREG=090 ROMOP=- ROMREG=00

0658 1839 BRC 063C -01C
A=0000000000001000 B=0000000000030000 C=0000000000000000 D=0000000000001000 E=0000000000000000
FA=0040 [0000000001000000] KR=0280 [0000001010000000] EXT=00 COND=1 IDLE=1 IO=0000000000000000
FB=0840 [0000100001000000] SR=0100 R5=0 ROM=0000.0 PREG=0 RAMOP=- RAMREG=090 ROMOP=- ROMREG=00

063C 00C8 ?TFB 12
A=0000000000001000 B=0000000000030000 C=0000000000000000 D=0000000000001000 E=0000000000000000
FA=0040 [0000000001000000] KR=0280 [0000001010000000] EXT=00 COND=1 IDLE=1 IO=0000000000000000
FB=0840 [0000100001000000] SR=0100 R5=0 ROM=0000.0 PREG=0 RAMOP=- RAMREG=090 ROMOP=- ROMREG=00

063D 00A8 ?TFB 10
A=0000000000001000 B=0000000000030000 C=0000000000000000 D=0000000000001000 E=0000000000000000
FA=0040 [0000000001000000] KR=0280 [0000001010000000] EXT=00 COND=1 IDLE=1 IO=0000000000000000
FB=0840 [0000100001000000] SR=0100 R5=0 ROM=0000.0 PREG=0 RAMOP=- RAMREG=090 ROMOP=- ROMREG=00

063E 0AB0 WAIT D11
A=0000000000001000 B=0000000000030000 C=0000000000000000 D=0000000000001000 E=0000000000000000
FA=0040 [0000000001000000] KR=0280 [0000001010000000] EXT=00 COND=1 IDLE=1 IO=0000000000000000
FB=0840 [0000100001000000] SR=0100 R5=0 ROM=0000.0 PREG=0 RAMOP=- RAMREG=090 ROMOP=- ROMREG=00

