045A 0A0B ?BUSY
A=0000000000000000 B=0000000000030000 C=0000000000000000 D=0000000000001000 E=0000000000000000
FA=0000 [0000000000000000] KR=0100 [0000000100000000] EXT=00 COND=1 IDLE=1 IO=0000000000000000
FB=0840 [0000100001000000] SR=0000 R5=0 ROM=0000.0 PREG=0 RAMOP=- RAMREG=090 ROMOP=- ROMREG=13

045B 13CC BRNC 0641 +1E6
A=0000000000000000 B=0000000000030000 C=0000000000000000 D=0000000000001000 E=0000000000000000
FA=0000 [0000000000000000] KR=0100 [0000000100000000] EXT=00 COND=0 IDLE=1 IO=0000000000000000
FB=0840 [0000100001000000] SR=0000 R5=0 ROM=0000.0 PREG=0 RAMOP=- RAMREG=090 ROMOP=- ROMREG=13

0641 0098 ?TFB 9
A=0000000000000000 B=0000000000030000 C=0000000000000000 D=0000000000001000 E=0000000000000000
FA=0000 [0000000000000000] KR=0100 [0000000100000000] EXT=00 COND=1 IDLE=1 IO=0000000000000000
FB=0840 [0000100001000000] SR=0000 R5=0 ROM=0000.0 PREG=0 RAMOP=- RAMREG=090 ROMOP=- ROMREG=13

0642 1828 BRC 0656 +014
A=0000000000000000 B=0000000000030000 C=0000000000000000 D=0000000000001000 E=0000000000000000
FA=0000 [0000000000000000] KR=0100 [0000000100000000] EXT=00 COND=1 IDLE=1 IO=0000000000000000
FB=0840 [0000100001000000] SR=0000 R5=0 ROM=0000.0 PREG=0 RAMOP=- RAMREG=090 ROMOP=- ROMREG=13

0656 0AE0 WAIT D14
A=0000000000000000 B=0000000000030000 C=0000000000000000 D=0000000000001000 E=0000000000000000
FA=0000 [0000000000000000] KR=0100 [0000000100000000] EXT=00 COND=1 IDLE=1 IO=0000000000000000
FB=0840 [0000100001000000] SR=0000 R5=0 ROM=0000.0 PREG=0 RAMOP=- RAMREG=090 ROMOP=- ROMREG=13

0657 0820 ?KEY 20
A=0000000000000000 B=0000000000030000 C=0000000000000000 D=0000000000001000 E=0000000000000000
FA=0000 [0000000000000000] KR=0100 [0000000100000000] EXT=00 COND=1 IDLE=1 IO=0000000000000000
FB=0840 [0000100001000000] SR=0000 R5=0 ROM=0000.0 PREG=0 RAMOP=- RAMREG=090 ROMOP=- ROMREG=13

0658 1839 BRC 063C -01C
A=0000000000000000 B=0000000000030000 C=0000000000000000 D=0000000000001000 E=0000000000000000
FA=0000 [0000000000000000] KR=0100 [0000000100000000] EXT=00 COND=1 IDLE=1 IO=0000000000000000
FB=0840 [0000100001000000] SR=0000 R5=0 ROM=0000.0 PREG=0 RAMOP=- RAMREG=090 ROMOP=- ROMREG=13

063C 00C8 ?TFB 12
A=0000000000000000 B=0000000000030000 C=0000000000000000 D=0000000000001000 E=0000000000000000
FA=0000 [0000000000000000] KR=0100 [0000000100000000] EXT=00 COND=1 IDLE=1 IO=0000000000000000
FB=0840 [0000100001000000] SR=0000 R5=0 ROM=0000.0 PREG=0 RAMOP=- RAMREG=090 ROMOP=- ROMREG=13

063D 00A8 ?TFB 10
A=0000000000000000 B=0000000000030000 C=0000000000000000 D=0000000000001000 E=0000000000000000
FA=0000 [0000000000000000] KR=0100 [0000000100000000] EXT=00 COND=1 IDLE=1 IO=0000000000000000
FB=0840 [0000100001000000] SR=0000 R5=0 ROM=0000.0 PREG=0 RAMOP=- RAMREG=090 ROMOP=- ROMREG=13

063E 0AB0 WAIT D11
A=0000000000000000 B=0000000000030000 C=0000000000000000 D=0000000000001000 E=0000000000000000
FA=0000 [0000000000000000] KR=0100 [0000000100000000] EXT=00 COND=1 IDLE=1 IO=0000000000000000
FB=0840 [0000100001000000] SR=0000 R5=0 ROM=0000.0 PREG=0 RAMOP=- RAMREG=090 ROMOP=- ROMREG=13

063F 0A0B ?BUSY
A=0000000000000000 B=0000000000030000 C=0000000000000000 D=0000000000001000 E=0000000000000000
FA=0000 [0000000000000000] KR=0100 [0000000100000000] EXT=00 COND=1 IDLE=1 IO=0000000000000000
FB=0840 [0000100001000000] SR=0000 R5=0 ROM=0000.0 PREG=0 RAMOP=- RAMREG=090 ROMOP=- ROMREG=13

0640 1BCF BRC 0459 -1E7
A=0000000000000000 B=0000000000030000 C=0000000000000000 D=0000000000001000 E=0000000000000000
FA=0000 [0000000000000000] KR=0100 [0000000100000000] EXT=00 COND=1 IDLE=1 IO=0000000000000000
FB=0840 [0000100001000000] SR=0000 R5=0 ROM=0000.0 PREG=0 RAMOP=- RAMREG=090 ROMOP=- ROMREG=13

0459 0A80 WAIT D8
A=0000000000000000 B=0000000000030000 C=0000000000000000 D=0000000000001000 E=0000000000000000
FA=0000 [0000000000000000] KR=0100 [0000000100000000] EXT=00 COND=1 IDLE=1 IO=0000000000000000
FB=0840 [0000100001000000] SR=0000 R5=0 ROM=0000.0 PREG=0 RAMOP=- RAMREG=090 ROMOP=- ROMREG=13

045A 0A0B ?BUSY
A=0000000000000000 B=0000000000030000 C=0000000000000000 D=0000000000001000 E=0000000000000000
FA=0000 [0000000000000000] KR=0100 [0000000100000000] EXT=00 COND=1 IDLE=1 IO=0000000000000000
FB=0840 [0000100001000000] SR=0000 R5=0 ROM=0000.0 PREG=0 RAMOP=- RAMREG=090 ROMOP=- ROMREG=13

045B 13CC BRNC 0641 +1E6
A=0000000000000000 B=0000000000030000 C=0000000000000000 D=0000000000001000 E=0000000000000000
FA=0000 [0000000000000000] KR=0100 [0000000100000000] EXT=00 COND=0 IDLE=1 IO=0000000000000000
FB=0840 [0000100001000000] SR=0000 R5=0 ROM=0000.0 PREG=0 RAMOP=- RAMREG=090 ROMOP=- ROMREG=13

0641 0098 ?TFB 9
A=0000000000000000 B=0000000000030000 C=0000000000000000 D=0000000000001000 E=0000000000000000
FA=0000 [0000000000000000] KR=0100 [0000000100000000] EXT=00 COND=1 IDLE=1 IO=0000000000000000
FB=0840 [0000100001000000] SR=0000 R5=0 ROM=0000.0 PREG=0 RAMOP=- RAMREG=090 ROMOP=- ROMREG=13

0642 1828 BRC 0656 +014
A=0000000000000000 B=0000000000030000 C=0000000000000000 D=0000000000001000 E=0000000000000000
FA=0000 [0000000000000000] KR=0100 [0000000100000000] EXT=00 COND=1 IDLE=1 IO=0000000000000000
FB=0840 [0000100001000000] SR=0000 R5=0 ROM=0000.0 PREG=0 RAMOP=- RAMREG=090 ROMOP=- ROMREG=13

0656 0AE0 WAIT D14
A=0000000000000000 B=0000000000030000 C=0000000000000000 D=0000000000001000 E=0000000000000000
FA=0000 [0000000000000000] KR=0100 [0000000100000000] EXT=00 COND=1 IDLE=1 IO=0000000000000000
FB=0840 [0000100001000000] SR=0000 R5=0 ROM=0000.0 PREG=0 RAMOP=- RAMREG=090 ROMOP=- ROMREG=13

0657 0820 ?KEY 20
A=0000000000000000 B=0000000000030000 C=0000000000000000 D=0000000000001000 E=0000000000000000
FA=0000 [0000000000000000] KR=0100 [0000000100000000] EXT=00 COND=1 IDLE=1 IO=0000000000000000
FB=0840 [0000100001000000] SR=0000 R5=0 ROM=0000.0 PREG=0 RAMOP=- RAMREG=090 ROMOP=- ROMREG=13

0658 1839 BRC 063C -01C
A=0000000000000000 B=0000000000030000 C=0000000000000000 D=0000000000001000 E=0000000000000000
FA=0000 [0000000000000000] KR=0100 [0000000100000000] EXT=00 COND=1 IDLE=1 IO=0000000000000000
FB=0840 [0000100001000000] SR=0000 R5=0 ROM=0000.0 PREG=0 RAMOP=- RAMREG=090 ROMOP=- ROMREG=13

063C 00C8 ?TFB 12
A=0000000000000000 B=0000000000030000 C=0000000000000000 D=0000000000001000 E=0000000000000000
FA=0000 [0000000000000000] KR=0100 [0000000100000000] EXT=00 COND=1 IDLE=1 IO=0000000000000000
FB=0840 [0000100001000000] SR=0000 R5=0 ROM=0000.0 PREG=0 RAMOP=- RAMREG=090 ROMOP=- ROMREG=13

063D 00A8 ?TFB 10
A=0000000000000000 B=0000000000030000 C=0000000000000000 D=0000000000001000 E=0000000000000000
FA=0000 [0000000000000000] KR=0100 [0000000100000000] EXT=00 COND=1 IDLE=1 IO=0000000000000000
FB=0840 [0000100001000000] SR=0000 R5=0 ROM=0000.0 PREG=0 RAMOP=- RAMREG=090 ROMOP=- ROMREG=13

063E 0AB0 WAIT D11
A=0000000000000000 B=0000000000030000 C=0000000000000000 D=0000000000001000 E=0000000000000000
FA=0000 [0000000000000000] KR=0100 [0000000100000000] EXT=00 COND=1 IDLE=1 IO=0000000000000000
FB=0840 [0000100001000000] SR=0000 R5=0 ROM=0000.0 PREG=0 RAMOP=- RAMREG=090 ROMOP=- ROMREG=13

063F 0A0B ?BUSY
A=0000000000000000 B=0000000000030000 C=0000000000000000 D=0000000000001000 E=0000000000000000
FA=0000 [0000000000000000] KR=0100 [0000000100000000] EXT=00 COND=1 IDLE=1 IO=0000000000000000
FB=0840 [0000100001000000] SR=0000 R5=0 ROM=0000.0 PREG=0 RAMOP=- RAMREG=090 ROMOP=- ROMREG=13

0640 1BCF BRC 0459 -1E7
A=0000000000000000 B=0000000000030000 C=0000000000000000 D=0000000000001000 E=0000000000000000
FA=0000 [0000000000000000] KR=0100 [0000000100000000] EXT=00 COND=1 IDLE=1 IO=0000000000000000
FB=0840 [0000100001000000] SR=0000 R5=0 ROM=0000.0 PREG=0 RAMOP=- RAMREG=090 ROMOP=- ROMREG=13

0459 0A80 WAIT D8
A=0000000000000000 B=0000000000030000 C=0000000000000000 D=0000000000001000 E=0000000000000000
FA=0000 [0000000000000000] KR=0100 [0000000100000000] EXT=00 COND=1 IDLE=1 IO=0000000000000000
FB=0840 [0000100001000000] SR=0000 R5=0 ROM=0000.0 PREG=0 RAMOP=- RAMREG=090 ROMOP=- ROMREG=13

045A 0A0B ?BUSY
A=0000000000000000 B=0000000000030000 C=0000000000000000 D=0000000000001000 E=0000000000000000
FA=0000 [0000000000000000] KR=0100 [0000000100000000] EXT=00 COND=1 IDLE=1 IO=0000000000000000
FB=0840 [0000100001000000] SR=0000 R5=0 ROM=0000.0 PREG=0 RAMOP=- RAMREG=090 ROMOP=- ROMREG=13

045B 13CC BRNC 0641 +1E6
A=0000000000000000 B=0000000000030000 C=0000000000000000 D=0000000000001000 E=0000000000000000
FA=0000 [0000000000000000] KR=0100 [0000000100000000] EXT=00 COND=0 IDLE=1 IO=0000000000000000
FB=0840 [0000100001000000] SR=0000 R5=0 ROM=0000.0 PREG=0 RAMOP=- RAMREG=090 ROMOP=- ROMREG=13

0641 0098 ?TFB 9
A=0000000000000000 B=0000000000030000 C=0000000000000000 D=0000000000001000 E=0000000000000000
FA=0000 [0000000000000000] KR=0100 [0000000100000000] EXT=00 COND=1 IDLE=1 IO=0000000000000000
FB=0840 [0000100001000000] SR=0000 R5=0 ROM=0000.0 PREG=0 RAMOP=- RAMREG=090 ROMOP=- ROMREG=13

0642 1828 BRC 0656 +014
A=0000000000000000 B=0000000000030000 C=0000000000000000 D=0000000000001000 E=0000000000000000
FA=0000 [0000000000000000] KR=0100 [0000000100000000] EXT=00 COND=1 IDLE=1 IO=0000000000000000
FB=0840 [0000100001000000] SR=0000 R5=0 ROM=0000.0 PREG=0 RAMOP=- RAMREG=090 ROMOP=- ROMREG=13

0656 0AE0 WAIT D14
A=0000000000000000 B=0000000000030000 C=0000000000000000 D=0000000000001000 E=0000000000000000
FA=0000 [0000000000000000] KR=0100 [0000000100000000] EXT=00 COND=1 IDLE=1 IO=0000000000000000
FB=0840 [0000100001000000] SR=0000 R5=0 ROM=0000.0 PREG=0 RAMOP=- RAMREG=090 ROMOP=- ROMREG=13

0657 0820 ?KEY 20
A=0000000000000000 B=0000000000030000 C=0000000000000000 D=0000000000001000 E=0000000000000000
FA=0000 [0000000000000000] KR=0100 [0000000100000000] EXT=00 COND=1 IDLE=1 IO=0000000000000000
FB=0840 [0000100001000000] SR=0000 R5=0 ROM=0000.0 PREG=0 RAMOP=- RAMREG=090 ROMOP=- ROMREG=13

0658 1839 BRC 063C -01C
A=0000000000000000 B=0000000000030000 C=0000000000000000 D=0000000000001000 E=0000000000000000
FA=0000 [0000000000000000] KR=0100 [0000000100000000] EXT=00 COND=1 IDLE=1 IO=0000000000000000
FB=0840 [0000100001000000] SR=0000 R5=0 ROM=0000.0 PREG=0 RAMOP=- RAMREG=090 ROMOP=- ROMREG=13

063C 00C8 ?TFB 12
A=0000000000000000 B=0000000000030000 C=0000000000000000 D=0000000000001000 E=0000000000000000
FA=0000 [0000000000000000] KR=0100 [0000000100000000] EXT=00 COND=1 IDLE=1 IO=0000000000000000
FB=0840 [0000100001000000] SR=0000 R5=0 ROM=0000.0 PREG=0 RAMOP=- RAMREG=090 ROMOP=- ROMREG=13

063D 00A8 ?TFB 10
A=0000000000000000 B=0000000000030000 C=0000000000000000 D=0000000000001000 E=0000000000000000
FA=0000 [0000000000000000] KR=0100 [0000000100000000] EXT=00 COND=1 IDLE=1 IO=0000000000000000
FB=0840 [0000100001000000] SR=0000 R5=0 ROM=0000.0 PREG=0 RAMOP=- RAMREG=090 ROMOP=- ROMREG=13

063E 0AB0 WAIT D11
A=0000000000000000 B=0000000000030000 C=0000000000000000 D=0000000000001000 E=0000000000000000
FA=0000 [0000000000000000] KR=0100 [0000000100000000] EXT=00 COND=1 IDLE=1 IO=0000000000000000
FB=0840 [0000100001000000] SR=0000 R5=0 ROM=0000.0 PREG=0 RAMOP=- RAMREG=090 ROMOP=- ROMREG=13

063F 0A0B ?BUSY
A=0000000000000000 B=0000000000030000 C=0000000000000000 D=0000000000001000 E=0000000000000000
FA=0000 [0000000000000000] KR=0100 [0000000100000000] EXT=00 COND=1 IDLE=1 IO=0000000000000000
FB=0840 [0000100001000000] SR=0000 R5=0 ROM=0000.0 PREG=0 RAMOP=- RAMREG=090 ROMOP=- ROMREG=13

0640 1BCF BRC 0459 -1E7
A=0000000000000000 B=0000000000030000 C=0000000000000000 D=0000000000001000 E=0000000000000000
FA=0000 [0000000000000000] KR=0100 [0000000100000000] EXT=00 COND=1 IDLE=1 IO=0000000000000000
FB=0840 [0000100001000000] SR=0000 R5=0 ROM=0000.0 PREG=0 RAMOP=- RAMREG=090 ROMOP=- ROMREG=13

0459 0A80 WAIT D8
A=0000000000000000 B=0000000000030000 C=0000000000000000 D=0000000000001000 E=0000000000000000
FA=0000 [0000000000000000] KR=0100 [0000000100000000] EXT=00 COND=1 IDLE=1 IO=0000000000000000
FB=0840 [0000100001000000] SR=0000 R5=0 ROM=0000.0 PREG=0 RAMOP=- RAMREG=090 ROMOP=- ROMREG=13

045A 0A0B ?BUSY
A=0000000000000000 B=0000000000030000 C=0000000000000000 D=0000000000001000 E=0000000000000000
FA=0000 [0000000000000000] KR=0100 [0000000100000000] EXT=00 COND=1 IDLE=1 IO=0000000000000000
FB=0840 [0000100001000000] SR=0000 R5=0 ROM=0000.0 PREG=0 RAMOP=- RAMREG=090 ROMOP=- ROMREG=13

045B 13CC BRNC 0641 +1E6
A=0000000000000000 B=0000000000030000 C=0000000000000000 D=0000000000001000 E=0000000000000000
FA=0000 [0000000000000000] KR=0100 [0000000100000000] EXT=00 COND=0 IDLE=1 IO=0000000000000000
FB=0840 [0000100001000000] SR=0000 R5=0 ROM=0000.0 PREG=0 RAMOP=- RAMREG=090 ROMOP=- ROMREG=13

0641 0098 ?TFB 9
A=0000000000000000 B=0000000000030000 C=0000000000000000 D=0000000000001000 E=0000000000000000
FA=0000 [0000000000000000] KR=0100 [0000000100000000] EXT=00 COND=1 IDLE=1 IO=0000000000000000
FB=0840 [0000100001000000] SR=0000 R5=0 ROM=0000.0 PREG=0 RAMOP=- RAMREG=090 ROMOP=- ROMREG=13

0642 1828 BRC 0656 +014
A=0000000000000000 B=0000000000030000 C=0000000000000000 D=0000000000001000 E=0000000000000000
FA=0000 [0000000000000000] KR=0100 [0000000100000000] EXT=00 COND=1 IDLE=1 IO=0000000000000000
FB=0840 [0000100001000000] SR=0000 R5=0 ROM=0000.0 PREG=0 RAMOP=- RAMREG=090 ROMOP=- ROMREG=13

0656 0AE0 WAIT D14
A=0000000000000000 B=0000000000030000 C=0000000000000000 D=0000000000001000 E=0000000000000000
FA=0000 [0000000000000000] KR=0100 [0000000100000000] EXT=00 COND=1 IDLE=1 IO=0000000000000000
FB=0840 [0000100001000000] SR=0000 R5=0 ROM=0000.0 PREG=0 RAMOP=- RAMREG=090 ROMOP=- ROMREG=13

0657 0820 ?KEY 20
A=0000000000000000 B=0000000000030000 C=0000000000000000 D=0000000000001000 E=0000000000000000
FA=0000 [0000000000000000] KR=0100 [0000000100000000] EXT=00 COND=1 IDLE=1 IO=0000000000000000
FB=0840 [0000100001000000] SR=0000 R5=0 ROM=0000.0 PREG=0 RAMOP=- RAMREG=090 ROMOP=- ROMREG=13

0658 1839 BRC 063C -01C
A=0000000000000000 B=0000000000030000 C=0000000000000000 D=0000000000001000 E=0000000000000000
FA=0000 [0000000000000000] KR=0100 [0000000100000000] EXT=00 COND=1 IDLE=1 IO=0000000000000000
FB=0840 [0000100001000000] SR=0000 R5=0 ROM=0000.0 PREG=0 RAMOP=- RAMREG=090 ROMOP=- ROMREG=13

063C 00C8 ?TFB 12
A=0000000000000000 B=0000000000030000 C=0000000000000000 D=0000000000001000 E=0000000000000000
FA=0000 [0000000000000000] KR=0100 [0000000100000000] EXT=00 COND=1 IDLE=1 IO=0000000000000000
FB=0840 [0000100001000000] SR=0000 R5=0 ROM=0000.0 PREG=0 RAMOP=- RAMREG=090 ROMOP=- ROMREG=13

063D 00A8 ?TFB 10
A=0000000000000000 B=0000000000030000 C=0000000000000000 D=0000000000001000 E=0000000000000000
FA=0000 [0000000000000000] KR=0100 [0000000100000000] EXT=00 COND=1 IDLE=1 IO=0000000000000000
FB=0840 [0000100001000000] SR=0000 R5=0 ROM=0000.0 PREG=0 RAMOP=- RAMREG=090 ROMOP=- ROMREG=13

063E 0AB0 WAIT D11
A=0000000000000000 B=0000000000030000 C=0000000000000000 D=0000000000001000 E=0000000000000000
FA=0000 [0000000000000000] KR=0100 [0000000100000000] EXT=00 COND=1 IDLE=1 IO=0000000000000000
FB=0840 [0000100001000000] SR=0000 R5=0 ROM=0000.0 PREG=0 RAMOP=- RAMREG=090 ROMOP=- ROMREG=13

063F 0A0B ?BUSY
A=0000000000000000 B=0000000000030000 C=0000000000000000 D=0000000000001000 E=0000000000000000
FA=0000 [0000000000000000] KR=0100 [0000000100000000] EXT=00 COND=1 IDLE=1 IO=0000000000000000
FB=0840 [0000100001000000] SR=0000 R5=0 ROM=0000.0 PREG=0 RAMOP=- RAMREG=090 ROMOP=- ROMREG=13

0640 1BCF BRC 0459 -1E7
A=0000000000000000 B=0000000000030000 C=0000000000000000 D=0000000000001000 E=0000000000000000
FA=0000 [0000000000000000] KR=0100 [0000000100000000] EXT=00 COND=1 IDLE=1 IO=0000000000000000
FB=0840 [0000100001000000] SR=0000 R5=0 ROM=0000.0 PREG=0 RAMOP=- RAMREG=090 ROMOP=- ROMREG=13

0459 0A80 WAIT D8
A=0000000000000000 B=0000000000030000 C=0000000000000000 D=0000000000001000 E=0000000000000000
FA=0000 [0000000000000000] KR=0100 [0000000100000000] EXT=00 COND=1 IDLE=1 IO=0000000000000000
FB=0840 [0000100001000000] SR=0000 R5=0 ROM=0000.0 PREG=0 RAMOP=- RAMREG=090 ROMOP=- ROMREG=13

045A 0A0B ?BUSY
A=0000000000000000 B=0000000000030000 C=0000000000000000 D=0000000000001000 E=0000000000000000
FA=0000 [0000000000000000] KR=0100 [0000000100000000] EXT=00 COND=1 IDLE=1 IO=0000000000000000
FB=0840 [0000100001000000] SR=0000 R5=0 ROM=0000.0 PREG=0 RAMOP=- RAMREG=090 ROMOP=- ROMREG=13

045B 13CC BRNC 0641 +1E6
A=0000000000000000 B=0000000000030000 C=0000000000000000 D=0000000000001000 E=0000000000000000
FA=0000 [0000000000000000] KR=0100 [0000000100000000] EXT=00 COND=0 IDLE=1 IO=0000000000000000
FB=0840 [0000100001000000] SR=0000 R5=0 ROM=0000.0 PREG=0 RAMOP=- RAMREG=090 ROMOP=- ROMREG=13

0641 0098 ?TFB 9
A=0000000000000000 B=0000000000030000 C=0000000000000000 D=0000000000001000 E=0000000000000000
FA=0000 [0000000000000000] KR=0100 [0000000100000000] EXT=00 COND=1 IDLE=1 IO=0000000000000000
FB=0840 [0000100001000000] SR=0000 R5=0 ROM=0000.0 PREG=0 RAMOP=- RAMREG=090 ROMOP=- ROMREG=13

0642 1828 BRC 0656 +014
A=0000000000000000 B=0000000000030000 C=0000000000000000 D=0000000000001000 E=0000000000000000
FA=0000 [0000000000000000] KR=0100 [0000000100000000] EXT=00 COND=1 IDLE=1 IO=0000000000000000
FB=0840 [0000100001000000] SR=0000 R5=0 ROM=0000.0 PREG=0 RAMOP=- RAMREG=090 ROMOP=- ROMREG=13

0656 0AE0 WAIT D14
A=0000000000000000 B=0000000000030000 C=0000000000000000 D=0000000000001000 E=0000000000000000
FA=0000 [0000000000000000] KR=0100 [0000000100000000] EXT=00 COND=1 IDLE=1 IO=0000000000000000
FB=0840 [0000100001000000] SR=0000 R5=0 ROM=0000.0 PREG=0 RAMOP=- RAMREG=090 ROMOP=- ROMREG=13

0657 0820 ?KEY 20
A=0000000000000000 B=0000000000030000 C=0000000000000000 D=0000000000001000 E=0000000000000000
FA=0000 [0000000000000000] KR=0100 [0000000100000000] EXT=00 COND=1 IDLE=1 IO=0000000000000000
FB=0840 [0000100001000000] SR=0000 R5=0 ROM=0000.0 PREG=0 RAMOP=- RAMREG=090 ROMOP=- ROMREG=13

0658 1839 BRC 063C -01C
A=0000000000000000 B=0000000000030000 C=0000000000000000 D=0000000000001000 E=0000000000000000
FA=0000 [0000000000000000] KR=0100 [0000000100000000] EXT=00 COND=1 IDLE=1 IO=0000000000000000
FB=0840 [0000100001000000] SR=0000 R5=0 ROM=0000.0 PREG=0 RAMOP=- RAMREG=090 ROMOP=- ROMREG=13

063C 00C8 ?TFB 12
A=0000000000000000 B=0000000000030000 C=0000000000000000 D=0000000000001000 E=0000000000000000
FA=0000 [0000000000000000] KR=0100 [0000000100000000] EXT=00 COND=1 IDLE=1 IO=0000000000000000
FB=0840 [0000100001000000] SR=0000 R5=0 ROM=0000.0 PREG=0 RAMOP=- RAMREG=090 ROMOP=- ROMREG=13

063D 00A8 ?TFB 10
A=0000000000000000 B=0000000000030000 C=0000000000000000 D=0000000000001000 E=0000000000000000
FA=0000 [0000000000000000] KR=0100 [0000000100000000] EXT=00 COND=1 IDLE=1 IO=0000000000000000
FB=0840 [0000100001000000] SR=0000 R5=0 ROM=0000.0 PREG=0 RAMOP=- RAMREG=090 ROMOP=- ROMREG=13

063E 0AB0 WAIT D11
A=0000000000000000 B=0000000000030000 C=0000000000000000 D=0000000000001000 E=0000000000000000
FA=0000 [0000000000000000] KR=0100 [0000000100000000] EXT=00 COND=1 IDLE=1 IO=0000000000000000
FB=0840 [0000100001000000] SR=0000 R5=0 ROM=0000.0 PREG=0 RAMOP=- RAMREG=090 ROMOP=- ROMREG=13

063F 0A0B ?BUSY
A=0000000000000000 B=0000000000030000 C=0000000000000000 D=0000000000001000 E=0000000000000000
FA=0000 [0000000000000000] KR=0100 [0000000100000000] EXT=00 COND=1 IDLE=1 IO=0000000000000000
FB=0840 [0000100001000000] SR=0000 R5=0 ROM=0000.0 PREG=0 RAMOP=- RAMREG=090 ROMOP=- ROMREG=13

0640 1BCF BRC 0459 -1E7
A=0000000000000000 B=0000000000030000 C=0000000000000000 D=0000000000001000 E=0000000000000000
FA=0000 [0000000000000000] KR=0100 [0000000100000000] EXT=00 COND=1 IDLE=1 IO=0000000000000000
FB=0840 [0000100001000000] SR=0000 R5=0 ROM=0000.0 PREG=0 RAMOP=- RAMREG=090 ROMOP=- ROMREG=13

0459 0A80 WAIT D8
A=0000000000000000 B=0000000000030000 C=0000000000000000 D=0000000000001000 E=0000000000000000
FA=0000 [0000000000000000] KR=0100 [0000000100000000] EXT=00 COND=1 IDLE=1 IO=0000000000000000
FB=0840 [0000100001000000] SR=0000 R5=0 ROM=0000.0 PREG=0 RAMOP=- RAMREG=090 ROMOP=- ROMREG=13

045A 0A0B ?BUSY
A=0000000000000000 B=0000000000030000 C=0000000000000000 D=0000000000001000 E=0000000000000000
FA=0000 [0000000000000000] KR=0100 [0000000100000000] EXT=00 COND=1 IDLE=1 IO=0000000000000000
FB=0840 [0000100001000000] SR=0000 R5=0 ROM=0000.0 PREG=0 RAMOP=- RAMREG=090 ROMOP=- ROMREG=13

045B 13CC BRNC 0641 +1E6
A=0000000000000000 B=0000000000030000 C=0000000000000000 D=0000000000001000 E=0000000000000000
FA=0000 [0000000000000000] KR=0100 [0000000100000000] EXT=00 COND=0 IDLE=1 IO=0000000000000000
FB=0840 [0000100001000000] SR=0000 R5=0 ROM=0000.0 PREG=0 RAMOP=- RAMREG=090 ROMOP=- ROMREG=13

0641 0098 ?TFB 9
A=0000000000000000 B=0000000000030000 C=0000000000000000 D=0000000000001000 E=0000000000000000
FA=0000 [0000000000000000] KR=0100 [0000000100000000] EXT=00 COND=1 IDLE=1 IO=0000000000000000
FB=0840 [0000100001000000] SR=0000 R5=0 ROM=0000.0 PREG=0 RAMOP=- RAMREG=090 ROMOP=- ROMREG=13

0642 1828 BRC 0656 +014
A=0000000000000000 B=0000000000030000 C=0000000000000000 D=0000000000001000 E=0000000000000000
FA=0000 [0000000000000000] KR=0100 [0000000100000000] EXT=00 COND=1 IDLE=1 IO=0000000000000000
FB=0840 [0000100001000000] SR=0000 R5=0 ROM=0000.0 PREG=0 RAMOP=- RAMREG=090 ROMOP=- ROMREG=13

0656 0AE0 WAIT D14
A=0000000000000000 B=0000000000030000 C=0000000000000000 D=0000000000001000 E=0000000000000000
FA=0000 [0000000000000000] KR=0100 [0000000100000000] EXT=00 COND=1 IDLE=1 IO=0000000000000000
FB=0840 [0000100001000000] SR=0000 R5=0 ROM=0000.0 PREG=0 RAMOP=- RAMREG=090 ROMOP=- ROMREG=13

0657 0820 ?KEY 20
A=0000000000000000 B=0000000000030000 C=0000000000000000 D=0000000000001000 E=0000000000000000
FA=0000 [0000000000000000] KR=0100 [0000000100000000] EXT=00 COND=1 IDLE=1 IO=0000000000000000
FB=0840 [0000100001000000] SR=0000 R5=0 ROM=0000.0 PREG=0 RAMOP=- RAMREG=090 ROMOP=- ROMREG=13

0658 1839 BRC 063C -01C
A=0000000000000000 B=0000000000030000 C=0000000000000000 D=0000000000001000 E=0000000000000000
FA=0000 [0000000000000000] KR=0100 [0000000100000000] EXT=00 COND=1 IDLE=1 IO=0000000000000000
FB=0840 [0000100001000000] SR=0000 R5=0 ROM=0000.0 PREG=0 RAMOP=- RAMREG=090 ROMOP=- ROMREG=13

063C 00C8 ?TFB 12
A=0000000000000000 B=0000000000030000 C=0000000000000000 D=0000000000001000 E=0000000000000000
FA=0000 [0000000000000000] KR=0100 [0000000100000000] EXT=00 COND=1 IDLE=1 IO=0000000000000000
FB=0840 [0000100001000000] SR=0000 R5=0 ROM=0000.0 PREG=0 RAMOP=- RAMREG=090 ROMOP=- ROMREG=13

063D 00A8 ?TFB 10
A=0000000000000000 B=0000000000030000 C=0000000000000000 D=0000000000001000 E=0000000000000000
FA=0000 [0000000000000000] KR=0100 [0000000100000000] EXT=00 COND=1 IDLE=1 IO=0000000000000000
FB=0840 [0000100001000000] SR=0000 R5=0 ROM=0000.0 PREG=0 RAMOP=- RAMREG=090 ROMOP=- ROMREG=13

063E 0AB0 WAIT D11
A=0000000000000000 B=0000000000030000 C=0000000000000000 D=0000000000001000 E=0000000000000000
FA=0000 [0000000000000000] KR=0100 [0000000100000000] EXT=00 COND=1 IDLE=1 IO=0000000000000000
FB=0840 [0000100001000000] SR=0000 R5=0 ROM=0000.0 PREG=0 RAMOP=- RAMREG=090 ROMOP=- ROMREG=13

063F 0A0B ?BUSY
A=0000000000000000 B=0000000000030000 C=0000000000000000 D=0000000000001000 E=0000000000000000
FA=0000 [0000000000000000] KR=0100 [0000000100000000] EXT=00 COND=1 IDLE=1 IO=0000000000000000
FB=0840 [0000100001000000] SR=0000 R5=0 ROM=0000.0 PREG=0 RAMOP=- RAMREG=090 ROMOP=- ROMREG=13

0640 1BCF BRC 0459 -1E7
A=0000000000000000 B=0000000000030000 C=0000000000000000 D=0000000000001000 E=0000000000000000
FA=0000 [0000000000000000] KR=0100 [0000000100000000] EXT=00 COND=1 IDLE=1 IO=0000000000000000
FB=0840 [0000100001000000] SR=0000 R5=0 ROM=0000.0 PREG=0 RAMOP=- RAMREG=090 ROMOP=- ROMREG=13

0459 0A80 WAIT D8
A=0000000000000000 B=0000000000030000 C=0000000000000000 D=0000000000001000 E=0000000000000000
FA=0000 [0000000000000000] KR=0100 [0000000100000000] EXT=00 COND=1 IDLE=1 IO=0000000000000000
FB=0840 [0000100001000000] SR=0000 R5=0 ROM=0000.0 PREG=0 RAMOP=- RAMREG=090 ROMOP=- ROMREG=13

045A 0A0B ?BUSY
A=0000000000000000 B=0000000000030000 C=0000000000000000 D=0000000000001000 E=0000000000000000
FA=0000 [0000000000000000] KR=0100 [0000000100000000] EXT=00 COND=1 IDLE=1 IO=0000000000000000
FB=0840 [0000100001000000] SR=0000 R5=0 ROM=0000.0 PREG=0 RAMOP=- RAMREG=090 ROMOP=- ROMREG=13

045B 13CC BRNC 0641 +1E6
A=0000000000000000 B=0000000000030000 C=0000000000000000 D=0000000000001000 E=0000000000000000
FA=0000 [0000000000000000] KR=0100 [0000000100000000] EXT=00 COND=0 IDLE=1 IO=0000000000000000
FB=0840 [0000100001000000] SR=0000 R5=0 ROM=0000.0 PREG=0 RAMOP=- RAMREG=090 ROMOP=- ROMREG=13

0641 0098 ?TFB 9
A=0000000000000000 B=0000000000030000 C=0000000000000000 D=0000000000001000 E=0000000000000000
FA=0000 [0000000000000000] KR=0100 [0000000100000000] EXT=00 COND=1 IDLE=1 IO=0000000000000000
FB=0840 [0000100001000000] SR=0000 R5=0 ROM=0000.0 PREG=0 RAMOP=- RAMREG=090 ROMOP=- ROMREG=13

0642 1828 BRC 0656 +014
A=0000000000000000 B=0000000000030000 C=0000000000000000 D=0000000000001000 E=0000000000000000
FA=0000 [0000000000000000] KR=0100 [0000000100000000] EXT=00 COND=1 IDLE=1 IO=0000000000000000
FB=0840 [0000100001000000] SR=0000 R5=0 ROM=0000.0 PREG=0 RAMOP=- RAMREG=090 ROMOP=- ROMREG=13

0656 0AE0 WAIT D14
A=0000000000000000 B=0000000000030000 C=0000000000000000 D=0000000000001000 E=0000000000000000
FA=0000 [0000000000000000] KR=0100 [0000000100000000] EXT=00 COND=1 IDLE=1 IO=0000000000000000
FB=0840 [0000100001000000] SR=0000 R5=0 ROM=0000.0 PREG=0 RAMOP=- RAMREG=090 ROMOP=- ROMREG=13

0657 0820 ?KEY 20
A=0000000000000000 B=0000000000030000 C=0000000000000000 D=0000000000001000 E=0000000000000000
FA=0000 [0000000000000000] KR=0100 [0000000100000000] EXT=00 COND=1 IDLE=1 IO=0000000000000000
FB=0840 [0000100001000000] SR=0000 R5=0 ROM=0000.0 PREG=0 RAMOP=- RAMREG=090 ROMOP=- ROMREG=13

0658 1839 BRC 063C -01C
A=0000000000000000 B=0000000000030000 C=0000000000000000 D=0000000000001000 E=0000000000000000
FA=0000 [0000000000000000] KR=0100 [0000000100000000] EXT=00 COND=1 IDLE=1 IO=0000000000000000
FB=0840 [0000100001000000] SR=0000 R5=0 ROM=0000.0 PREG=0 RAMOP=- RAMREG=090 ROMOP=- ROMREG=13

063C 00C8 ?TFB 12
A=0000000000000000 B=0000000000030000 C=0000000000000000 D=0000000000001000 E=0000000000000000
FA=0000 [0000000000000000] KR=0100 [0000000100000000] EXT=00 COND=1 IDLE=1 IO=0000000000000000
FB=0840 [0000100001000000] SR=0000 R5=0 ROM=0000.0 PREG=0 RAMOP=- RAMREG=090 ROMOP=- ROMREG=13

063D 00A8 ?TFB 10
A=0000000000000000 B=0000000000030000 C=0000000000000000 D=0000000000001000 E=0000000000000000
FA=0000 [0000000000000000] KR=0100 [0000000100000000] EXT=00 COND=1 IDLE=1 IO=0000000000000000
FB=0840 [0000100001000000] SR=0000 R5=0 ROM=0000.0 PREG=0 RAMOP=- RAMREG=090 ROMOP=- ROMREG=13

063E 0AB0 WAIT D11
A=0000000000000000 B=0000000000030000 C=0000000000000000 D=0000000000001000 E=0000000000000000
FA=0000 [0000000000000000] KR=0100 [0000000100000000] EXT=00 COND=1 IDLE=1 IO=0000000000000000
FB=0840 [0000100001000000] SR=0000 R5=0 ROM=0000.0 PREG=0 RAMOP=- RAMREG=090 ROMOP=- ROMREG=13

063F 0A0B ?BUSY
A=0000000000000000 B=0000000000030000 C=0000000000000000 D=0000000000001000 E=0000000000000000
FA=0000 [0000000000000000] KR=0100 [0000000100000000] EXT=00 COND=1 IDLE=1 IO=0000000000000000
FB=0840 [0000100001000000] SR=0000 R5=0 ROM=0000.0 PREG=0 RAMOP=- RAMREG=090 ROMOP=- ROMREG=13

0640 1BCF BRC 0459 -1E7
A=0000000000000000 B=0000000000030000 C=0000000000000000 D=0000000000001000 E=0000000000000000
FA=0000 [0000000000000000] KR=0100 [0000000100000000] EXT=00 COND=1 IDLE=1 IO=0000000000000000
FB=0840 [0000100001000000] SR=0000 R5=0 ROM=0000.0 PREG=0 RAMOP=- RAMREG=090 ROMOP=- ROMREG=13

0459 0A80 WAIT D8
A=0000000000000000 B=0000000000030000 C=0000000000000000 D=0000000000001000 E=0000000000000000
FA=0000 [0000000000000000] KR=0100 [0000000100000000] EXT=00 COND=1 IDLE=1 IO=0000000000000000
FB=0840 [0000100001000000] SR=0000 R5=0 ROM=0000.0 PREG=0 RAMOP=- RAMREG=090 ROMOP=- ROMREG=13

045A 0A0B ?BUSY
A=0000000000000000 B=0000000000030000 C=0000000000000000 D=0000000000001000 E=0000000000000000
FA=0000 [0000000000000000] KR=0100 [0000000100000000] EXT=00 COND=1 IDLE=1 IO=0000000000000000
FB=0840 [0000100001000000] SR=0000 R5=0 ROM=0000.0 PREG=0 RAMOP=- RAMREG=090 ROMOP=- ROMREG=13

045B 13CC BRNC 0641 +1E6
A=0000000000000000 B=0000000000030000 C=0000000000000000 D=0000000000001000 E=0000000000000000
FA=0000 [0000000000000000] KR=0100 [0000000100000000] EXT=00 COND=0 IDLE=1 IO=0000000000000000
FB=0840 [0000100001000000] SR=0000 R5=0 ROM=0000.0 PREG=0 RAMOP=- RAMREG=090 ROMOP=- ROMREG=13

0641 0098 ?TFB 9
A=0000000000000000 B=0000000000030000 C=0000000000000000 D=0000000000001000 E=0000000000000000
FA=0000 [0000000000000000] KR=0100 [0000000100000000] EXT=00 COND=1 IDLE=1 IO=0000000000000000
FB=0840 [0000100001000000] SR=0000 R5=0 ROM=0000.0 PREG=0 RAMOP=- RAMREG=090 ROMOP=- ROMREG=13

0642 1828 BRC 0656 +014
A=0000000000000000 B=0000000000030000 C=0000000000000000 D=0000000000001000 E=0000000000000000
FA=0000 [0000000000000000] KR=0100 [0000000100000000] EXT=00 COND=1 IDLE=1 IO=0000000000000000
FB=0840 [0000100001000000] SR=0000 R5=0 ROM=0000.0 PREG=0 RAMOP=- RAMREG=090 ROMOP=- ROMREG=13

0656 0AE0 WAIT D14
A=0000000000000000 B=0000000000030000 C=0000000000000000 D=0000000000001000 E=0000000000000000
FA=0000 [0000000000000000] KR=0100 [0000000100000000] EXT=00 COND=1 IDLE=1 IO=0000000000000000
FB=0840 [0000100001000000] SR=0000 R5=0 ROM=0000.0 PREG=0 RAMOP=- RAMREG=090 ROMOP=- ROMREG=13

0657 0820 ?KEY 20
A=0000000000000000 B=0000000000030000 C=0000000000000000 D=0000000000001000 E=0000000000000000
FA=0000 [0000000000000000] KR=0100 [0000000100000000] EXT=00 COND=1 IDLE=1 IO=0000000000000000
FB=0840 [0000100001000000] SR=0000 R5=0 ROM=0000.0 PREG=0 RAMOP=- RAMREG=090 ROMOP=- ROMREG=13

0658 1839 BRC 063C -01C
A=0000000000000000 B=0000000000030000 C=0000000000000000 D=0000000000001000 E=0000000000000000
FA=0000 [0000000000000000] KR=0100 [0000000100000000] EXT=00 COND=1 IDLE=1 IO=0000000000000000
FB=0840 [0000100001000000] SR=0000 R5=0 ROM=0000.0 PREG=0 RAMOP=- RAMREG=090 ROMOP=- ROMREG=13

063C 00C8 ?TFB 12
A=0000000000000000 B=0000000000030000 C=0000000000000000 D=0000000000001000 E=0000000000000000
FA=0000 [0000000000000000] KR=0100 [0000000100000000] EXT=00 COND=1 IDLE=1 IO=0000000000000000
FB=0840 [0000100001000000] SR=0000 R5=0 ROM=0000.0 PREG=0 RAMOP=- RAMREG=090 ROMOP=- ROMREG=13

063D 00A8 ?TFB 10
A=0000000000000000 B=0000000000030000 C=0000000000000000 D=0000000000001000 E=0000000000000000
FA=0000 [0000000000000000] KR=0100 [0000000100000000] EXT=00 COND=1 IDLE=1 IO=0000000000000000
FB=0840 [0000100001000000] SR=0000 R5=0 ROM=0000.0 PREG=0 RAMOP=- RAMREG=090 ROMOP=- ROMREG=13

063E 0AB0 WAIT D11
A=0000000000000000 B=0000000000030000 C=0000000000000000 D=0000000000001000 E=0000000000000000
FA=0000 [0000000000000000] KR=0100 [0000000100000000] EXT=00 COND=1 IDLE=1 IO=0000000000000000
FB=0840 [0000100001000000] SR=0000 R5=0 ROM=0000.0 PREG=0 RAMOP=- RAMREG=090 ROMOP=- ROMREG=13

063F 0A0B ?BUSY
A=0000000000000000 B=0000000000030000 C=0000000000000000 D=0000000000001000 E=0000000000000000
FA=0000 [0000000000000000] KR=0100 [0000000100000000] EXT=00 COND=1 IDLE=1 IO=0000000000000000
FB=0840 [0000100001000000] SR=0000 R5=0 ROM=0000.0 PREG=0 RAMOP=- RAMREG=090 ROMOP=- ROMREG=13

0640 1BCF BRC 0459 -1E7
A=0000000000000000 B=0000000000030000 C=0000000000000000 D=0000000000001000 E=0000000000000000
FA=0000 [0000000000000000] KR=0100 [0000000100000000] EXT=00 COND=1 IDLE=1 IO=0000000000000000
FB=0840 [0000100001000000] SR=0000 R5=0 ROM=0000.0 PREG=0 RAMOP=- RAMREG=090 ROMOP=- ROMREG=13

0459 0A80 WAIT D8
A=0000000000000000 B=0000000000030000 C=0000000000000000 D=0000000000001000 E=0000000000000000
FA=0000 [0000000000000000] KR=0100 [0000000100000000] EXT=00 COND=1 IDLE=1 IO=0000000000000000
FB=0840 [0000100001000000] SR=0000 R5=0 ROM=0000.0 PREG=0 RAMOP=- RAMREG=090 ROMOP=- ROMREG=13

045A 0A0B ?BUSY
A=0000000000000000 B=0000000000030000 C=0000000000000000 D=0000000000001000 E=0000000000000000
FA=0000 [0000000000000000] KR=0100 [0000000100000000] EXT=00 COND=1 IDLE=1 IO=0000000000000000
FB=0840 [0000100001000000] SR=0000 R5=0 ROM=0000.0 PREG=0 RAMOP=- RAMREG=090 ROMOP=- ROMREG=13

045B 13CC BRNC 0641 +1E6
A=0000000000000000 B=0000000000030000 C=0000000000000000 D=0000000000001000 E=0000000000000000
FA=0000 [0000000000000000] KR=0100 [0000000100000000] EXT=00 COND=0 IDLE=1 IO=0000000000000000
FB=0840 [0000100001000000] SR=0000 R5=0 ROM=0000.0 PREG=0 RAMOP=- RAMREG=090 ROMOP=- ROMREG=13

0641 0098 ?TFB 9
A=0000000000000000 B=0000000000030000 C=0000000000000000 D=0000000000001000 E=0000000000000000
FA=0000 [0000000000000000] KR=0100 [0000000100000000] EXT=00 COND=1 IDLE=1 IO=0000000000000000
FB=0840 [0000100001000000] SR=0000 R5=0 ROM=0000.0 PREG=0 RAMOP=- RAMREG=090 ROMOP=- ROMREG=13

0642 1828 BRC 0656 +014
A=0000000000000000 B=0000000000030000 C=0000000000000000 D=0000000000001000 E=0000000000000000
FA=0000 [0000000000000000] KR=0100 [0000000100000000] EXT=00 COND=1 IDLE=1 IO=0000000000000000
FB=0840 [0000100001000000] SR=0000 R5=0 ROM=0000.0 PREG=0 RAMOP=- RAMREG=090 ROMOP=- ROMREG=13

0656 0AE0 WAIT D14
A=0000000000000000 B=0000000000030000 C=0000000000000000 D=0000000000001000 E=0000000000000000
FA=0000 [0000000000000000] KR=0100 [0000000100000000] EXT=00 COND=1 IDLE=1 IO=0000000000000000
FB=0840 [0000100001000000] SR=0000 R5=0 ROM=0000.0 PREG=0 RAMOP=- RAMREG=090 ROMOP=- ROMREG=13

0657 0820 ?KEY 20
A=0000000000000000 B=0000000000030000 C=0000000000000000 D=0000000000001000 E=0000000000000000
FA=0000 [0000000000000000] KR=0100 [0000000100000000] EXT=00 COND=1 IDLE=1 IO=0000000000000000
FB=0840 [0000100001000000] SR=0000 R5=0 ROM=0000.0 PREG=0 RAMOP=- RAMREG=090 ROMOP=- ROMREG=13

0658 1839 BRC 063C -01C
A=0000000000000000 B=0000000000030000 C=0000000000000000 D=0000000000001000 E=0000000000000000
FA=0000 [0000000000000000] KR=0100 [0000000100000000] EXT=00 COND=1 IDLE=1 IO=0000000000000000
FB=0840 [0000100001000000] SR=0000 R5=0 ROM=0000.0 PREG=0 RAMOP=- RAMREG=090 ROMOP=- ROMREG=13

063C 00C8 ?TFB 12
A=0000000000000000 B=0000000000030000 C=0000000000000000 D=0000000000001000 E=0000000000000000
FA=0000 [0000000000000000] KR=0100 [0000000100000000] EXT=00 COND=1 IDLE=1 IO=0000000000000000
FB=0840 [0000100001000000] SR=0000 R5=0 ROM=0000.0 PREG=0 RAMOP=- RAMREG=090 ROMOP=- ROMREG=13

063D 00A8 ?TFB 10
A=0000000000000000 B=0000000000030000 C=0000000000000000 D=0000000000001000 E=0000000000000000
FA=0000 [0000000000000000] KR=0100 [0000000100000000] EXT=00 COND=1 IDLE=1 IO=0000000000000000
FB=0840 [0000100001000000] SR=0000 R5=0 ROM=0000.0 PREG=0 RAMOP=- RAMREG=090 ROMOP=- ROMREG=13

063E 0AB0 WAIT D11
A=0000000000000000 B=0000000000030000 C=0000000000000000 D=0000000000001000 E=0000000000000000
FA=0000 [0000000000000000] KR=0100 [0000000100000000] EXT=00 COND=1 IDLE=1 IO=0000000000000000
FB=0840 [0000100001000000] SR=0000 R5=0 ROM=0000.0 PREG=0 RAMOP=- RAMREG=090 ROMOP=- ROMREG=13

063F 0A0B ?BUSY
A=0000000000000000 B=0000000000030000 C=0000000000000000 D=0000000000001000 E=0000000000000000
FA=0000 [0000000000000000] KR=0100 [0000000100000000] EXT=00 COND=1 IDLE=1 IO=0000000000000000
FB=0840 [0000100001000000] SR=0000 R5=0 ROM=0000.0 PREG=0 RAMOP=- RAMREG=090 ROMOP=- ROMREG=13

0640 1BCF BRC 0459 -1E7
A=0000000000000000 B=0000000000030000 C=0000000000000000 D=0000000000001000 E=0000000000000000
FA=0000 [0000000000000000] KR=0100 [0000000100000000] EXT=00 COND=1 IDLE=1 IO=0000000000000000
FB=0840 [0000100001000000] SR=0000 R5=0 ROM=0000.0 PREG=0 RAMOP=- RAMREG=090 ROMOP=- ROMREG=13

0459 0A80 WAIT D8
A=0000000000000000 B=0000000000030000 C=0000000000000000 D=0000000000001000 E=0000000000000000
FA=0000 [0000000000000000] KR=0100 [0000000100000000] EXT=00 COND=1 IDLE=1 IO=0000000000000000
FB=0840 [0000100001000000] SR=0000 R5=0 ROM=0000.0 PREG=0 RAMOP=- RAMREG=090 ROMOP=- ROMREG=13

045A 0A0B ?BUSY
A=0000000000000000 B=0000000000030000 C=0000000000000000 D=0000000000001000 E=0000000000000000
FA=0000 [0000000000000000] KR=0100 [0000000100000000] EXT=00 COND=1 IDLE=1 IO=0000000000000000
FB=0840 [0000100001000000] SR=0000 R5=0 ROM=0000.0 PREG=0 RAMOP=- RAMREG=090 ROMOP=- ROMREG=13

045B 13CC BRNC 0641 +1E6
A=0000000000000000 B=0000000000030000 C=0000000000000000 D=0000000000001000 E=0000000000000000
FA=0000 [0000000000000000] KR=0100 [0000000100000000] EXT=00 COND=0 IDLE=1 IO=0000000000000000
FB=0840 [0000100001000000] SR=0000 R5=0 ROM=0000.0 PREG=0 RAMOP=- RAMREG=090 ROMOP=- ROMREG=13

0641 0098 ?TFB 9
A=0000000000000000 B=0000000000030000 C=0000000000000000 D=0000000000001000 E=0000000000000000
FA=0000 [0000000000000000] KR=0100 [0000000100000000] EXT=00 COND=1 IDLE=1 IO=0000000000000000
FB=0840 [0000100001000000] SR=0000 R5=0 ROM=0000.0 PREG=0 RAMOP=- RAMREG=090 ROMOP=- ROMREG=13

0642 1828 BRC 0656 +014
A=0000000000000000 B=0000000000030000 C=0000000000000000 D=0000000000001000 E=0000000000000000
FA=0000 [0000000000000000] KR=0100 [0000000100000000] EXT=00 COND=1 IDLE=1 IO=0000000000000000
FB=0840 [0000100001000000] SR=0000 R5=0 ROM=0000.0 PREG=0 RAMOP=- RAMREG=090 ROMOP=- ROMREG=13

0656 0AE0 WAIT D14
A=0000000000000000 B=0000000000030000 C=0000000000000000 D=0000000000001000 E=0000000000000000
FA=0000 [0000000000000000] KR=0100 [0000000100000000] EXT=00 COND=1 IDLE=1 IO=0000000000000000
FB=0840 [0000100001000000] SR=0000 R5=0 ROM=0000.0 PREG=0 RAMOP=- RAMREG=090 ROMOP=- ROMREG=13

0657 0820 ?KEY 20
A=0000000000000000 B=0000000000030000 C=0000000000000000 D=0000000000001000 E=0000000000000000
FA=0000 [0000000000000000] KR=0100 [0000000100000000] EXT=00 COND=1 IDLE=1 IO=0000000000000000
FB=0840 [0000100001000000] SR=0000 R5=0 ROM=0000.0 PREG=0 RAMOP=- RAMREG=090 ROMOP=- ROMREG=13

0658 1839 BRC 063C -01C
A=0000000000000000 B=0000000000030000 C=0000000000000000 D=0000000000001000 E=0000000000000000
FA=0000 [0000000000000000] KR=0100 [0000000100000000] EXT=00 COND=1 IDLE=1 IO=0000000000000000
FB=0840 [0000100001000000] SR=0000 R5=0 ROM=0000.0 PREG=0 RAMOP=- RAMREG=090 ROMOP=- ROMREG=13

063C 00C8 ?TFB 12
A=0000000000000000 B=0000000000030000 C=0000000000000000 D=0000000000001000 E=0000000000000000
FA=0000 [0000000000000000] KR=0100 [0000000100000000] EXT=00 COND=1 IDLE=1 IO=0000000000000000
FB=0840 [0000100001000000] SR=0000 R5=0 ROM=0000.0 PREG=0 RAMOP=- RAMREG=090 ROMOP=- ROMREG=13

063D 00A8 ?TFB 10
A=0000000000000000 B=0000000000030000 C=0000000000000000 D=0000000000001000 E=0000000000000000
FA=0000 [0000000000000000] KR=0100 [0000000100000000] EXT=00 COND=1 IDLE=1 IO=0000000000000000
FB=0840 [0000100001000000] SR=0000 R5=0 ROM=0000.0 PREG=0 RAMOP=- RAMREG=090 ROMOP=- ROMREG=13

063E 0AB0 WAIT D11
A=0000000000000000 B=0000000000030000 C=0000000000000000 D=0000000000001000 E=0000000000000000
FA=0000 [0000000000000000] KR=0100 [0000000100000000] EXT=00 COND=1 IDLE=1 IO=0000000000000000
FB=0840 [0000100001000000] SR=0000 R5=0 ROM=0000.0 PREG=0 RAMOP=- RAMREG=090 ROMOP=- ROMREG=13

063F 0A0B ?BUSY
A=0000000000000000 B=0000000000030000 C=0000000000000000 D=0000000000001000 E=0000000000000000
FA=0000 [0000000000000000] KR=0100 [0000000100000000] EXT=00 COND=1 IDLE=1 IO=0000000000000000
FB=0840 [0000100001000000] SR=0000 R5=0 ROM=0000.0 PREG=0 RAMOP=- RAMREG=090 ROMOP=- ROMREG=13

0640 1BCF BRC 0459 -1E7
A=0000000000000000 B=0000000000030000 C=0000000000000000 D=0000000000001000 E=0000000000000000
FA=0000 [0000000000000000] KR=0100 [0000000100000000] EXT=00 COND=1 IDLE=1 IO=0000000000000000
FB=0840 [0000100001000000] SR=0000 R5=0 ROM=0000.0 PREG=0 RAMOP=- RAMREG=090 ROMOP=- ROMREG=13

0459 0A80 WAIT D8
A=0000000000000000 B=0000000000030000 C=0000000000000000 D=0000000000001000 E=0000000000000000
FA=0000 [0000000000000000] KR=0100 [0000000100000000] EXT=00 COND=1 IDLE=1 IO=0000000000000000
FB=0840 [0000100001000000] SR=0000 R5=0 ROM=0000.0 PREG=0 RAMOP=- RAMREG=090 ROMOP=- ROMREG=13

045A 0A0B ?BUSY
A=0000000000000000 B=0000000000030000 C=0000000000000000 D=0000000000001000 E=0000000000000000
FA=0000 [0000000000000000] KR=0100 [0000000100000000] EXT=00 COND=1 IDLE=1 IO=0000000000000000
FB=0840 [0000100001000000] SR=0000 R5=0 ROM=0000.0 PREG=0 RAMOP=- RAMREG=090 ROMOP=- ROMREG=13

045B 13CC BRNC 0641 +1E6
A=0000000000000000 B=0000000000030000 C=0000000000000000 D=0000000000001000 E=0000000000000000
FA=0000 [0000000000000000] KR=0100 [0000000100000000] EXT=00 COND=0 IDLE=1 IO=0000000000000000
FB=0840 [0000100001000000] SR=0000 R5=0 ROM=0000.0 PREG=0 RAMOP=- RAMREG=090 ROMOP=- ROMREG=13

0641 0098 ?TFB 9
A=0000000000000000 B=0000000000030000 C=0000000000000000 D=0000000000001000 E=0000000000000000
FA=0000 [0000000000000000] KR=0100 [0000000100000000] EXT=00 COND=1 IDLE=1 IO=0000000000000000
FB=0840 [0000100001000000] SR=0000 R5=0 ROM=0000.0 PREG=0 RAMOP=- RAMREG=090 ROMOP=- ROMREG=13

0642 1828 BRC 0656 +014
A=0000000000000000 B=0000000000030000 C=0000000000000000 D=0000000000001000 E=0000000000000000
FA=0000 [0000000000000000] KR=0100 [0000000100000000] EXT=00 COND=1 IDLE=1 IO=0000000000000000
FB=0840 [0000100001000000] SR=0000 R5=0 ROM=0000.0 PREG=0 RAMOP=- RAMREG=090 ROMOP=- ROMREG=13

0656 0AE0 WAIT D14
A=0000000000000000 B=0000000000030000 C=0000000000000000 D=0000000000001000 E=0000000000000000
FA=0000 [0000000000000000] KR=0100 [0000000100000000] EXT=00 COND=1 IDLE=1 IO=0000000000000000
FB=0840 [0000100001000000] SR=0000 R5=0 ROM=0000.0 PREG=0 RAMOP=- RAMREG=090 ROMOP=- ROMREG=13

0657 0820 ?KEY 20
A=0000000000000000 B=0000000000030000 C=0000000000000000 D=0000000000001000 E=0000000000000000
FA=0000 [0000000000000000] KR=0100 [0000000100000000] EXT=00 COND=1 IDLE=1 IO=0000000000000000
FB=0840 [0000100001000000] SR=0000 R5=0 ROM=0000.0 PREG=0 RAMOP=- RAMREG=090 ROMOP=- ROMREG=13

0658 1839 BRC 063C -01C
A=0000000000000000 B=0000000000030000 C=0000000000000000 D=0000000000001000 E=0000000000000000
FA=0000 [0000000000000000] KR=0100 [0000000100000000] EXT=00 COND=1 IDLE=1 IO=0000000000000000
FB=0840 [0000100001000000] SR=0000 R5=0 ROM=0000.0 PREG=0 RAMOP=- RAMREG=090 ROMOP=- ROMREG=13

063C 00C8 ?TFB 12
A=0000000000000000 B=0000000000030000 C=0000000000000000 D=0000000000001000 E=0000000000000000
FA=0000 [0000000000000000] KR=0100 [0000000100000000] EXT=00 COND=1 IDLE=1 IO=0000000000000000
FB=0840 [0000100001000000] SR=0000 R5=0 ROM=0000.0 PREG=0 RAMOP=- RAMREG=090 ROMOP=- ROMREG=13

063D 00A8 ?TFB 10
A=0000000000000000 B=0000000000030000 C=0000000000000000 D=0000000000001000 E=0000000000000000
FA=0000 [0000000000000000] KR=0100 [0000000100000000] EXT=00 COND=1 IDLE=1 IO=0000000000000000
FB=0840 [0000100001000000] SR=0000 R5=0 ROM=0000.0 PREG=0 RAMOP=- RAMREG=090 ROMOP=- ROMREG=13

063E 0AB0 WAIT D11
A=0000000000000000 B=0000000000030000 C=0000000000000000 D=0000000000001000 E=0000000000000000
FA=0000 [0000000000000000] KR=0100 [0000000100000000] EXT=00 COND=1 IDLE=1 IO=0000000000000000
FB=0840 [0000100001000000] SR=0000 R5=0 ROM=0000.0 PREG=0 RAMOP=- RAMREG=090 ROMOP=- ROMREG=13

063F 0A0B ?BUSY
A=0000000000000000 B=0000000000030000 C=0000000000000000 D=0000000000001000 E=0000000000000000
FA=0000 [0000000000000000] KR=0100 [0000000100000000] EXT=00 COND=1 IDLE=1 IO=0000000000000000
FB=0840 [0000100001000000] SR=0000 R5=0 ROM=0000.0 PREG=0 RAMOP=- RAMREG=090 ROMOP=- ROMREG=13

0640 1BCF BRC 0459 -1E7
A=0000000000000000 B=0000000000030000 C=0000000000000000 D=0000000000001000 E=0000000000000000
FA=0000 [0000000000000000] KR=0100 [0000000100000000] EXT=00 COND=1 IDLE=1 IO=0000000000000000
FB=0840 [0000100001000000] SR=0000 R5=0 ROM=0000.0 PREG=0 RAMOP=- RAMREG=090 ROMOP=- ROMREG=13

0459 0A80 WAIT D8
A=0000000000000000 B=0000000000030000 C=0000000000000000 D=0000000000001000 E=0000000000000000
FA=0000 [0000000000000000] KR=0100 [0000000100000000] EXT=00 COND=1 IDLE=1 IO=0000000000000000
FB=0840 [0000100001000000] SR=0000 R5=0 ROM=0000.0 PREG=0 RAMOP=- RAMREG=090 ROMOP=- ROMREG=13

045A 0A0B ?BUSY
A=0000000000000000 B=0000000000030000 C=0000000000000000 D=0000000000001000 E=0000000000000000
FA=0000 [0000000000000000] KR=0100 [0000000100000000] EXT=00 COND=1 IDLE=1 IO=0000000000000000
FB=0840 [0000100001000000] SR=0000 R5=0 ROM=0000.0 PREG=0 RAMOP=- RAMREG=090 ROMOP=- ROMREG=13

045B 13CC BRNC 0641 +1E6
A=0000000000000000 B=0000000000030000 C=0000000000000000 D=0000000000001000 E=0000000000000000
FA=0000 [0000000000000000] KR=0100 [0000000100000000] EXT=00 COND=0 IDLE=1 IO=0000000000000000
FB=0840 [0000100001000000] SR=0000 R5=0 ROM=0000.0 PREG=0 RAMOP=- RAMREG=090 ROMOP=- ROMREG=13

0641 0098 ?TFB 9
A=0000000000000000 B=0000000000030000 C=0000000000000000 D=0000000000001000 E=0000000000000000
FA=0000 [0000000000000000] KR=0100 [0000000100000000] EXT=00 COND=1 IDLE=1 IO=0000000000000000
FB=0840 [0000100001000000] SR=0000 R5=0 ROM=0000.0 PREG=0 RAMOP=- RAMREG=090 ROMOP=- ROMREG=13

0642 1828 BRC 0656 +014
A=0000000000000000 B=0000000000030000 C=0000000000000000 D=0000000000001000 E=0000000000000000
FA=0000 [0000000000000000] KR=0100 [0000000100000000] EXT=00 COND=1 IDLE=1 IO=0000000000000000
FB=0840 [0000100001000000] SR=0000 R5=0 ROM=0000.0 PREG=0 RAMOP=- RAMREG=090 ROMOP=- ROMREG=13

0656 0AE0 WAIT D14
A=0000000000000000 B=0000000000030000 C=0000000000000000 D=0000000000001000 E=0000000000000000
FA=0000 [0000000000000000] KR=0100 [0000000100000000] EXT=00 COND=1 IDLE=1 IO=0000000000000000
FB=0840 [0000100001000000] SR=0000 R5=0 ROM=0000.0 PREG=0 RAMOP=- RAMREG=090 ROMOP=- ROMREG=13

0657 0820 ?KEY 20
A=0000000000000000 B=0000000000030000 C=0000000000000000 D=0000000000001000 E=0000000000000000
FA=0000 [0000000000000000] KR=0100 [0000000100000000] EXT=00 COND=1 IDLE=1 IO=0000000000000000
FB=0840 [0000100001000000] SR=0000 R5=0 ROM=0000.0 PREG=0 RAMOP=- RAMREG=090 ROMOP=- ROMREG=13

0658 1839 BRC 063C -01C
A=0000000000000000 B=0000000000030000 C=0000000000000000 D=0000000000001000 E=0000000000000000
FA=0000 [0000000000000000] KR=0100 [0000000100000000] EXT=00 COND=1 IDLE=1 IO=0000000000000000
FB=0840 [0000100001000000] SR=0000 R5=0 ROM=0000.0 PREG=0 RAMOP=- RAMREG=090 ROMOP=- ROMREG=13

063C 00C8 ?TFB 12
A=0000000000000000 B=0000000000030000 C=0000000000000000 D=0000000000001000 E=0000000000000000
FA=0000 [0000000000000000] KR=0100 [0000000100000000] EXT=00 COND=1 IDLE=1 IO=0000000000000000
FB=0840 [0000100001000000] SR=0000 R5=0 ROM=0000.0 PREG=0 RAMOP=- RAMREG=090 ROMOP=- ROMREG=13

063D 00A8 ?TFB 10
A=0000000000000000 B=0000000000030000 C=0000000000000000 D=0000000000001000 E=0000000000000000
FA=0000 [0000000000000000] KR=0100 [0000000100000000] EXT=00 COND=1 IDLE=1 IO=0000000000000000
FB=0840 [0000100001000000] SR=0000 R5=0 ROM=0000.0 PREG=0 RAMOP=- RAMREG=090 ROMOP=- ROMREG=13

063E 0AB0 WAIT D11
A=0000000000000000 B=0000000000030000 C=0000000000000000 D=0000000000001000 E=0000000000000000
FA=0000 [0000000000000000] KR=0100 [0000000100000000] EXT=00 COND=1 IDLE=1 IO=0000000000000000
FB=0840 [0000100001000000] SR=0000 R5=0 ROM=0000.0 PREG=0 RAMOP=- RAMREG=090 ROMOP=- ROMREG=13

063F 0A0B ?BUSY
A=0000000000000000 B=0000000000030000 C=0000000000000000 D=0000000000001000 E=0000000000000000
FA=0000 [0000000000000000] KR=0100 [0000000100000000] EXT=00 COND=1 IDLE=1 IO=0000000000000000
FB=0840 [0000100001000000] SR=0000 R5=0 ROM=0000.0 PREG=0 RAMOP=- RAMREG=090 ROMOP=- ROMREG=13

0640 1BCF BRC 0459 -1E7
A=0000000000000000 B=0000000000030000 C=0000000000000000 D=0000000000001000 E=0000000000000000
FA=0000 [0000000000000000] KR=0100 [0000000100000000] EXT=00 COND=1 IDLE=1 IO=0000000000000000
FB=0840 [0000100001000000] SR=0000 R5=0 ROM=0000.0 PREG=0 RAMOP=- RAMREG=090 ROMOP=- ROMREG=13

0459 0A80 WAIT D8
A=0000000000000000 B=0000000000030000 C=0000000000000000 D=0000000000001000 E=0000000000000000
FA=0000 [0000000000000000] KR=0100 [0000000100000000] EXT=00 COND=1 IDLE=1 IO=0000000000000000
FB=0840 [0000100001000000] SR=0000 R5=0 ROM=0000.0 PREG=0 RAMOP=- RAMREG=090 ROMOP=- ROMREG=13

045A 0A0B ?BUSY
A=0000000000000000 B=0000000000030000 C=0000000000000000 D=0000000000001000 E=0000000000000000
FA=0000 [0000000000000000] KR=0100 [0000000100000000] EXT=00 COND=1 IDLE=1 IO=0000000000000000
FB=0840 [0000100001000000] SR=0000 R5=0 ROM=0000.0 PREG=0 RAMOP=- RAMREG=090 ROMOP=- ROMREG=13

045B 13CC BRNC 0641 +1E6
A=0000000000000000 B=0000000000030000 C=0000000000000000 D=0000000000001000 E=0000000000000000
FA=0000 [0000000000000000] KR=0100 [0000000100000000] EXT=00 COND=0 IDLE=1 IO=0000000000000000
FB=0840 [0000100001000000] SR=0000 R5=0 ROM=0000.0 PREG=0 RAMOP=- RAMREG=090 ROMOP=- ROMREG=13

0641 0098 ?TFB 9
A=0000000000000000 B=0000000000030000 C=0000000000000000 D=0000000000001000 E=0000000000000000
FA=0000 [0000000000000000] KR=0100 [0000000100000000] EXT=00 COND=1 IDLE=1 IO=0000000000000000
FB=0840 [0000100001000000] SR=0000 R5=0 ROM=0000.0 PREG=0 RAMOP=- RAMREG=090 ROMOP=- ROMREG=13

0642 1828 BRC 0656 +014
A=0000000000000000 B=0000000000030000 C=0000000000000000 D=0000000000001000 E=0000000000000000
FA=0000 [0000000000000000] KR=0100 [0000000100000000] EXT=00 COND=1 IDLE=1 IO=0000000000000000
FB=0840 [0000100001000000] SR=0000 R5=0 ROM=0000.0 PREG=0 RAMOP=- RAMREG=090 ROMOP=- ROMREG=13

0656 0AE0 WAIT D14
A=0000000000000000 B=0000000000030000 C=0000000000000000 D=0000000000001000 E=0000000000000000
FA=0000 [0000000000000000] KR=0100 [0000000100000000] EXT=00 COND=1 IDLE=1 IO=0000000000000000
FB=0840 [0000100001000000] SR=0000 R5=0 ROM=0000.0 PREG=0 RAMOP=- RAMREG=090 ROMOP=- ROMREG=13

0657 0820 ?KEY 20
A=0000000000000000 B=0000000000030000 C=0000000000000000 D=0000000000001000 E=0000000000000000
FA=0000 [0000000000000000] KR=0100 [0000000100000000] EXT=00 COND=1 IDLE=1 IO=0000000000000000
FB=0840 [0000100001000000] SR=0000 R5=0 ROM=0000.0 PREG=0 RAMOP=- RAMREG=090 ROMOP=- ROMREG=13

0658 1839 BRC 063C -01C
A=0000000000000000 B=0000000000030000 C=0000000000000000 D=0000000000001000 E=0000000000000000
FA=0000 [0000000000000000] KR=0100 [0000000100000000] EXT=00 COND=1 IDLE=1 IO=0000000000000000
FB=0840 [0000100001000000] SR=0000 R5=0 ROM=0000.0 PREG=0 RAMOP=- RAMREG=090 ROMOP=- ROMREG=13

063C 00C8 ?TFB 12
A=0000000000000000 B=0000000000030000 C=0000000000000000 D=0000000000001000 E=0000000000000000
FA=0000 [0000000000000000] KR=0100 [0000000100000000] EXT=00 COND=1 IDLE=1 IO=0000000000000000
FB=0840 [0000100001000000] SR=0000 R5=0 ROM=0000.0 PREG=0 RAMOP=- RAMREG=090 ROMOP=- ROMREG=13

063D 00A8 ?TFB 10
A=0000000000000000 B=0000000000030000 C=0000000000000000 D=0000000000001000 E=0000000000000000
FA=0000 [0000000000000000] KR=0100 [0000000100000000] EXT=00 COND=1 IDLE=1 IO=0000000000000000
FB=0840 [0000100001000000] SR=0000 R5=0 ROM=0000.0 PREG=0 RAMOP=- RAMREG=090 ROMOP=- ROMREG=13

063E 0AB0 WAIT D11
A=0000000000000000 B=0000000000030000 C=0000000000000000 D=0000000000001000 E=0000000000000000
FA=0000 [0000000000000000] KR=0100 [0000000100000000] EXT=00 COND=1 IDLE=1 IO=0000000000000000
FB=0840 [0000100001000000] SR=0000 R5=0 ROM=0000.0 PREG=0 RAMOP=- RAMREG=090 ROMOP=- ROMREG=13

063F 0A0B ?BUSY
A=0000000000000000 B=0000000000030000 C=0000000000000000 D=0000000000001000 E=0000000000000000
FA=0000 [0000000000000000] KR=0100 [0000000100000000] EXT=00 COND=1 IDLE=1 IO=0000000000000000
FB=0840 [0000100001000000] SR=0000 R5=0 ROM=0000.0 PREG=0 RAMOP=- RAMREG=090 ROMOP=- ROMREG=13

0640 1BCF BRC 0459 -1E7
A=0000000000000000 B=0000000000030000 C=0000000000000000 D=0000000000001000 E=0000000000000000
FA=0000 [0000000000000000] KR=0100 [0000000100000000] EXT=00 COND=1 IDLE=1 IO=0000000000000000
FB=0840 [0000100001000000] SR=0000 R5=0 ROM=0000.0 PREG=0 RAMOP=- RAMREG=090 ROMOP=- ROMREG=13

0459 0A80 WAIT D8
A=0000000000000000 B=0000000000030000 C=0000000000000000 D=0000000000001000 E=0000000000000000
FA=0000 [0000000000000000] KR=0100 [0000000100000000] EXT=00 COND=1 IDLE=1 IO=0000000000000000
FB=0840 [0000100001000000] SR=0000 R5=0 ROM=0000.0 PREG=0 RAMOP=- RAMREG=090 ROMOP=- ROMREG=13

045A 0A0B ?BUSY
A=0000000000000000 B=0000000000030000 C=0000000000000000 D=0000000000001000 E=0000000000000000
FA=0000 [0000000000000000] KR=0100 [0000000100000000] EXT=00 COND=1 IDLE=1 IO=0000000000000000
FB=0840 [0000100001000000] SR=0000 R5=0 ROM=0000.0 PREG=0 RAMOP=- RAMREG=090 ROMOP=- ROMREG=13

045B 13CC BRNC 0641 +1E6
A=0000000000000000 B=0000000000030000 C=0000000000000000 D=0000000000001000 E=0000000000000000
FA=0000 [0000000000000000] KR=0100 [0000000100000000] EXT=00 COND=0 IDLE=1 IO=0000000000000000
FB=0840 [0000100001000000] SR=0000 R5=0 ROM=0000.0 PREG=0 RAMOP=- RAMREG=090 ROMOP=- ROMREG=13

0641 0098 ?TFB 9
A=0000000000000000 B=0000000000030000 C=0000000000000000 D=0000000000001000 E=0000000000000000
FA=0000 [0000000000000000] KR=0100 [0000000100000000] EXT=00 COND=1 IDLE=1 IO=0000000000000000
FB=0840 [0000100001000000] SR=0000 R5=0 ROM=0000.0 PREG=0 RAMOP=- RAMREG=090 ROMOP=- ROMREG=13

0642 1828 BRC 0656 +014
A=0000000000000000 B=0000000000030000 C=0000000000000000 D=0000000000001000 E=0000000000000000
FA=0000 [0000000000000000] KR=0100 [0000000100000000] EXT=00 COND=1 IDLE=1 IO=0000000000000000
FB=0840 [0000100001000000] SR=0000 R5=0 ROM=0000.0 PREG=0 RAMOP=- RAMREG=090 ROMOP=- ROMREG=13

0656 0AE0 WAIT D14
A=0000000000000000 B=0000000000030000 C=0000000000000000 D=0000000000001000 E=0000000000000000
FA=0000 [0000000000000000] KR=0100 [0000000100000000] EXT=00 COND=1 IDLE=1 IO=0000000000000000
FB=0840 [0000100001000000] SR=0000 R5=0 ROM=0000.0 PREG=0 RAMOP=- RAMREG=090 ROMOP=- ROMREG=13

0657 0820 ?KEY 20
A=0000000000000000 B=0000000000030000 C=0000000000000000 D=0000000000001000 E=0000000000000000
FA=0000 [0000000000000000] KR=0100 [0000000100000000] EXT=00 COND=1 IDLE=1 IO=0000000000000000
FB=0840 [0000100001000000] SR=0000 R5=0 ROM=0000.0 PREG=0 RAMOP=- RAMREG=090 ROMOP=- ROMREG=13

0658 1839 BRC 063C -01C
A=0000000000000000 B=0000000000030000 C=0000000000000000 D=0000000000001000 E=0000000000000000
FA=0000 [0000000000000000] KR=0100 [0000000100000000] EXT=00 COND=1 IDLE=1 IO=0000000000000000
FB=0840 [0000100001000000] SR=0000 R5=0 ROM=0000.0 PREG=0 RAMOP=- RAMREG=090 ROMOP=- ROMREG=13

063C 00C8 ?TFB 12
A=0000000000000000 B=0000000000030000 C=0000000000000000 D=0000000000001000 E=0000000000000000
FA=0000 [0000000000000000] KR=0100 [0000000100000000] EXT=00 COND=1 IDLE=1 IO=0000000000000000
FB=0840 [0000100001000000] SR=0000 R5=0 ROM=0000.0 PREG=0 RAMOP=- RAMREG=090 ROMOP=- ROMREG=13

063D 00A8 ?TFB 10
A=0000000000000000 B=0000000000030000 C=0000000000000000 D=0000000000001000 E=0000000000000000
FA=0000 [0000000000000000] KR=0100 [0000000100000000] EXT=00 COND=1 IDLE=1 IO=0000000000000000
FB=0840 [0000100001000000] SR=0000 R5=0 ROM=0000.0 PREG=0 RAMOP=- RAMREG=090 ROMOP=- ROMREG=13

063E 0AB0 WAIT D11
A=0000000000000000 B=0000000000030000 C=0000000000000000 D=0000000000001000 E=0000000000000000
FA=0000 [0000000000000000] KR=0100 [0000000100000000] EXT=00 COND=1 IDLE=1 IO=0000000000000000
FB=0840 [0000100001000000] SR=0000 R5=0 ROM=0000.0 PREG=0 RAMOP=- RAMREG=090 ROMOP=- ROMREG=13

063F 0A0B ?BUSY
A=0000000000000000 B=0000000000030000 C=0000000000000000 D=0000000000001000 E=0000000000000000
FA=0000 [0000000000000000] KR=0100 [0000000100000000] EXT=00 COND=1 IDLE=1 IO=0000000000000000
FB=0840 [0000100001000000] SR=0000 R5=0 ROM=0000.0 PREG=0 RAMOP=- RAMREG=090 ROMOP=- ROMREG=13

0640 1BCF BRC 0459 -1E7
A=0000000000000000 B=0000000000030000 C=0000000000000000 D=0000000000001000 E=0000000000000000
FA=0000 [0000000000000000] KR=0100 [0000000100000000] EXT=00 COND=1 IDLE=1 IO=0000000000000000
FB=0840 [0000100001000000] SR=0000 R5=0 ROM=0000.0 PREG=0 RAMOP=- RAMREG=090 ROMOP=- ROMREG=13

0459 0A80 WAIT D8
A=0000000000000000 B=0000000000030000 C=0000000000000000 D=0000000000001000 E=0000000000000000
FA=0000 [0000000000000000] KR=0100 [0000000100000000] EXT=00 COND=1 IDLE=1 IO=0000000000000000
FB=0840 [0000100001000000] SR=0000 R5=0 ROM=0000.0 PREG=0 RAMOP=- RAMREG=090 ROMOP=- ROMREG=13

045A 0A0B ?BUSY
A=0000000000000000 B=0000000000030000 C=0000000000000000 D=0000000000001000 E=0000000000000000
FA=0000 [0000000000000000] KR=0100 [0000000100000000] EXT=00 COND=1 IDLE=1 IO=0000000000000000
FB=0840 [0000100001000000] SR=0000 R5=0 ROM=0000.0 PREG=0 RAMOP=- RAMREG=090 ROMOP=- ROMREG=13

045B 13CC BRNC 0641 +1E6
A=0000000000000000 B=0000000000030000 C=0000000000000000 D=0000000000001000 E=0000000000000000
FA=0000 [0000000000000000] KR=0100 [0000000100000000] EXT=00 COND=0 IDLE=1 IO=0000000000000000
FB=0840 [0000100001000000] SR=0000 R5=0 ROM=0000.0 PREG=0 RAMOP=- RAMREG=090 ROMOP=- ROMREG=13

0641 0098 ?TFB 9
A=0000000000000000 B=0000000000030000 C=0000000000000000 D=0000000000001000 E=0000000000000000
FA=0000 [0000000000000000] KR=0100 [0000000100000000] EXT=00 COND=1 IDLE=1 IO=0000000000000000
FB=0840 [0000100001000000] SR=0000 R5=0 ROM=0000.0 PREG=0 RAMOP=- RAMREG=090 ROMOP=- ROMREG=13

0642 1828 BRC 0656 +014
A=0000000000000000 B=0000000000030000 C=0000000000000000 D=0000000000001000 E=0000000000000000
FA=0000 [0000000000000000] KR=0100 [0000000100000000] EXT=00 COND=1 IDLE=1 IO=0000000000000000
FB=0840 [0000100001000000] SR=0000 R5=0 ROM=0000.0 PREG=0 RAMOP=- RAMREG=090 ROMOP=- ROMREG=13

0656 0AE0 WAIT D14
A=0000000000000000 B=0000000000030000 C=0000000000000000 D=0000000000001000 E=0000000000000000
FA=0000 [0000000000000000] KR=0100 [0000000100000000] EXT=00 COND=1 IDLE=1 IO=0000000000000000
FB=0840 [0000100001000000] SR=0000 R5=0 ROM=0000.0 PREG=0 RAMOP=- RAMREG=090 ROMOP=- ROMREG=13

0657 0820 ?KEY 20
A=0000000000000000 B=0000000000030000 C=0000000000000000 D=0000000000001000 E=0000000000000000
FA=0000 [0000000000000000] KR=0100 [0000000100000000] EXT=00 COND=1 IDLE=1 IO=0000000000000000
FB=0840 [0000100001000000] SR=0000 R5=0 ROM=0000.0 PREG=0 RAMOP=- RAMREG=090 ROMOP=- ROMREG=13

0658 1839 BRC 063C -01C
A=0000000000000000 B=0000000000030000 C=0000000000000000 D=0000000000001000 E=0000000000000000
FA=0000 [0000000000000000] KR=0100 [0000000100000000] EXT=00 COND=1 IDLE=1 IO=0000000000000000
FB=0840 [0000100001000000] SR=0000 R5=0 ROM=0000.0 PREG=0 RAMOP=- RAMREG=090 ROMOP=- ROMREG=13

063C 00C8 ?TFB 12
A=0000000000000000 B=0000000000030000 C=0000000000000000 D=0000000000001000 E=0000000000000000
FA=0000 [0000000000000000] KR=0100 [0000000100000000] EXT=00 COND=1 IDLE=1 IO=0000000000000000
FB=0840 [0000100001000000] SR=0000 R5=0 ROM=0000.0 PREG=0 RAMOP=- RAMREG=090 ROMOP=- ROMREG=13

063D 00A8 ?TFB 10
A=0000000000000000 B=0000000000030000 C=0000000000000000 D=0000000000001000 E=0000000000000000
FA=0000 [0000000000000000] KR=0100 [0000000100000000] EXT=00 COND=1 IDLE=1 IO=0000000000000000
FB=0840 [0000100001000000] SR=0000 R5=0 ROM=0000.0 PREG=0 RAMOP=- RAMREG=090 ROMOP=- ROMREG=13

063E 0AB0 WAIT D11
A=0000000000000000 B=0000000000030000 C=0000000000000000 D=0000000000001000 E=0000000000000000
FA=0000 [0000000000000000] KR=0100 [0000000100000000] EXT=00 COND=1 IDLE=1 IO=0000000000000000
FB=0840 [0000100001000000] SR=0000 R5=0 ROM=0000.0 PREG=0 RAMOP=- RAMREG=090 ROMOP=- ROMREG=13

063F 0A0B ?BUSY
A=0000000000000000 B=0000000000030000 C=0000000000000000 D=0000000000001000 E=0000000000000000
FA=0000 [0000000000000000] KR=0100 [0000000100000000] EXT=00 COND=1 IDLE=1 IO=0000000000000000
FB=0840 [0000100001000000] SR=0000 R5=0 ROM=0000.0 PREG=0 RAMOP=- RAMREG=090 ROMOP=- ROMREG=13

0640 1BCF BRC 0459 -1E7
A=0000000000000000 B=0000000000030000 C=0000000000000000 D=0000000000001000 E=0000000000000000
FA=0000 [0000000000000000] KR=0100 [0000000100000000] EXT=00 COND=1 IDLE=1 IO=0000000000000000
FB=0840 [0000100001000000] SR=0000 R5=0 ROM=0000.0 PREG=0 RAMOP=- RAMREG=090 ROMOP=- ROMREG=13

0459 0A80 WAIT D8
A=0000000000000000 B=0000000000030000 C=0000000000000000 D=0000000000001000 E=0000000000000000
FA=0000 [0000000000000000] KR=0100 [0000000100000000] EXT=00 COND=1 IDLE=1 IO=0000000000000000
FB=0840 [0000100001000000] SR=0000 R5=0 ROM=0000.0 PREG=0 RAMOP=- RAMREG=090 ROMOP=- ROMREG=13

045A 0A0B ?BUSY
A=0000000000000000 B=0000000000030000 C=0000000000000000 D=0000000000001000 E=0000000000000000
FA=0000 [0000000000000000] KR=0100 [0000000100000000] EXT=00 COND=1 IDLE=1 IO=0000000000000000
FB=0840 [0000100001000000] SR=0000 R5=0 ROM=0000.0 PREG=0 RAMOP=- RAMREG=090 ROMOP=- ROMREG=13

045B 13CC BRNC 0641 +1E6
A=0000000000000000 B=0000000000030000 C=0000000000000000 D=0000000000001000 E=0000000000000000
FA=0000 [0000000000000000] KR=0100 [0000000100000000] EXT=00 COND=0 IDLE=1 IO=0000000000000000
FB=0840 [0000100001000000] SR=0000 R5=0 ROM=0000.0 PREG=0 RAMOP=- RAMREG=090 ROMOP=- ROMREG=13

0641 0098 ?TFB 9
A=0000000000000000 B=0000000000030000 C=0000000000000000 D=0000000000001000 E=0000000000000000
FA=0000 [0000000000000000] KR=0100 [0000000100000000] EXT=00 COND=1 IDLE=1 IO=0000000000000000
FB=0840 [0000100001000000] SR=0000 R5=0 ROM=0000.0 PREG=0 RAMOP=- RAMREG=090 ROMOP=- ROMREG=13

0642 1828 BRC 0656 +014
A=0000000000000000 B=0000000000030000 C=0000000000000000 D=0000000000001000 E=0000000000000000
FA=0000 [0000000000000000] KR=0100 [0000000100000000] EXT=00 COND=1 IDLE=1 IO=0000000000000000
FB=0840 [0000100001000000] SR=0000 R5=0 ROM=0000.0 PREG=0 RAMOP=- RAMREG=090 ROMOP=- ROMREG=13

0656 0AE0 WAIT D14
A=0000000000000000 B=0000000000030000 C=0000000000000000 D=0000000000001000 E=0000000000000000
FA=0000 [0000000000000000] KR=0100 [0000000100000000] EXT=00 COND=1 IDLE=1 IO=0000000000000000
FB=0840 [0000100001000000] SR=0000 R5=0 ROM=0000.0 PREG=0 RAMOP=- RAMREG=090 ROMOP=- ROMREG=13

0657 0820 ?KEY 20
A=0000000000000000 B=0000000000030000 C=0000000000000000 D=0000000000001000 E=0000000000000000
FA=0000 [0000000000000000] KR=0100 [0000000100000000] EXT=00 COND=1 IDLE=1 IO=0000000000000000
FB=0840 [0000100001000000] SR=0000 R5=0 ROM=0000.0 PREG=0 RAMOP=- RAMREG=090 ROMOP=- ROMREG=13

0658 1839 BRC 063C -01C
A=0000000000000000 B=0000000000030000 C=0000000000000000 D=0000000000001000 E=0000000000000000
FA=0000 [0000000000000000] KR=0100 [0000000100000000] EXT=00 COND=1 IDLE=1 IO=0000000000000000
FB=0840 [0000100001000000] SR=0000 R5=0 ROM=0000.0 PREG=0 RAMOP=- RAMREG=090 ROMOP=- ROMREG=13

063C 00C8 ?TFB 12
A=0000000000000000 B=0000000000030000 C=0000000000000000 D=0000000000001000 E=0000000000000000
FA=0000 [0000000000000000] KR=0100 [0000000100000000] EXT=00 COND=1 IDLE=1 IO=0000000000000000
FB=0840 [0000100001000000] SR=0000 R5=0 ROM=0000.0 PREG=0 RAMOP=- RAMREG=090 ROMOP=- ROMREG=13

063D 00A8 ?TFB 10
A=0000000000000000 B=0000000000030000 C=0000000000000000 D=0000000000001000 E=0000000000000000
FA=0000 [0000000000000000] KR=0100 [0000000100000000] EXT=00 COND=1 IDLE=1 IO=0000000000000000
FB=0840 [0000100001000000] SR=0000 R5=0 ROM=0000.0 PREG=0 RAMOP=- RAMREG=090 ROMOP=- ROMREG=13

063E 0AB0 WAIT D11
A=0000000000000000 B=0000000000030000 C=0000000000000000 D=0000000000001000 E=0000000000000000
FA=0000 [0000000000000000] KR=0100 [0000000100000000] EXT=00 COND=1 IDLE=1 IO=0000000000000000
FB=0840 [0000100001000000] SR=0000 R5=0 ROM=0000.0 PREG=0 RAMOP=- RAMREG=090 ROMOP=- ROMREG=13

063F 0A0B ?BUSY
A=0000000000000000 B=0000000000030000 C=0000000000000000 D=0000000000001000 E=0000000000000000
FA=0000 [0000000000000000] KR=0100 [0000000100000000] EXT=00 COND=1 IDLE=1 IO=0000000000000000
FB=0840 [0000100001000000] SR=0000 R5=0 ROM=0000.0 PREG=0 RAMOP=- RAMREG=090 ROMOP=- ROMREG=13

0640 1BCF BRC 0459 -1E7
A=0000000000000000 B=0000000000030000 C=0000000000000000 D=0000000000001000 E=0000000000000000
FA=0000 [0000000000000000] KR=0100 [0000000100000000] EXT=00 COND=1 IDLE=1 IO=0000000000000000
FB=0840 [0000100001000000] SR=0000 R5=0 ROM=0000.0 PREG=0 RAMOP=- RAMREG=090 ROMOP=- ROMREG=13

0459 0A80 WAIT D8
A=0000000000000000 B=0000000000030000 C=0000000000000000 D=0000000000001000 E=0000000000000000
FA=0000 [0000000000000000] KR=0100 [0000000100000000] EXT=00 COND=1 IDLE=1 IO=0000000000000000
FB=0840 [0000100001000000] SR=0000 R5=0 ROM=0000.0 PREG=0 RAMOP=- RAMREG=090 ROMOP=- ROMREG=13

045A 0A0B ?BUSY
A=0000000000000000 B=0000000000030000 C=0000000000000000 D=0000000000001000 E=0000000000000000
FA=0000 [0000000000000000] KR=0100 [0000000100000000] EXT=00 COND=1 IDLE=1 IO=0000000000000000
FB=0840 [0000100001000000] SR=0000 R5=0 ROM=0000.0 PREG=0 RAMOP=- RAMREG=090 ROMOP=- ROMREG=13

045B 13CC BRNC 0641 +1E6
A=0000000000000000 B=0000000000030000 C=0000000000000000 D=0000000000001000 E=0000000000000000
FA=0000 [0000000000000000] KR=0100 [0000000100000000] EXT=00 COND=0 IDLE=1 IO=0000000000000000
FB=0840 [0000100001000000] SR=0000 R5=0 ROM=0000.0 PREG=0 RAMOP=- RAMREG=090 ROMOP=- ROMREG=13

0641 0098 ?TFB 9
A=0000000000000000 B=0000000000030000 C=0000000000000000 D=0000000000001000 E=0000000000000000
FA=0000 [0000000000000000] KR=0100 [0000000100000000] EXT=00 COND=1 IDLE=1 IO=0000000000000000
FB=0840 [0000100001000000] SR=0000 R5=0 ROM=0000.0 PREG=0 RAMOP=- RAMREG=090 ROMOP=- ROMREG=13

0642 1828 BRC 0656 +014
A=0000000000000000 B=0000000000030000 C=0000000000000000 D=0000000000001000 E=0000000000000000
FA=0000 [0000000000000000] KR=0100 [0000000100000000] EXT=00 COND=1 IDLE=1 IO=0000000000000000
FB=0840 [0000100001000000] SR=0000 R5=0 ROM=0000.0 PREG=0 RAMOP=- RAMREG=090 ROMOP=- ROMREG=13

0656 0AE0 WAIT D14
A=0000000000000000 B=0000000000030000 C=0000000000000000 D=0000000000001000 E=0000000000000000
FA=0000 [0000000000000000] KR=0100 [0000000100000000] EXT=00 COND=1 IDLE=1 IO=0000000000000000
FB=0840 [0000100001000000] SR=0000 R5=0 ROM=0000.0 PREG=0 RAMOP=- RAMREG=090 ROMOP=- ROMREG=13

0657 0820 ?KEY 20
A=0000000000000000 B=0000000000030000 C=0000000000000000 D=0000000000001000 E=0000000000000000
FA=0000 [0000000000000000] KR=0100 [0000000100000000] EXT=00 COND=1 IDLE=1 IO=0000000000000000
FB=0840 [0000100001000000] SR=0000 R5=0 ROM=0000.0 PREG=0 RAMOP=- RAMREG=090 ROMOP=- ROMREG=13

0658 1839 BRC 063C -01C
A=0000000000000000 B=0000000000030000 C=0000000000000000 D=0000000000001000 E=0000000000000000
FA=0000 [0000000000000000] KR=0100 [0000000100000000] EXT=00 COND=1 IDLE=1 IO=0000000000000000
FB=0840 [0000100001000000] SR=0000 R5=0 ROM=0000.0 PREG=0 RAMOP=- RAMREG=090 ROMOP=- ROMREG=13

063C 00C8 ?TFB 12
A=0000000000000000 B=0000000000030000 C=0000000000000000 D=0000000000001000 E=0000000000000000
FA=0000 [0000000000000000] KR=0100 [0000000100000000] EXT=00 COND=1 IDLE=1 IO=0000000000000000
FB=0840 [0000100001000000] SR=0000 R5=0 ROM=0000.0 PREG=0 RAMOP=- RAMREG=090 ROMOP=- ROMREG=13

063D 00A8 ?TFB 10
A=0000000000000000 B=0000000000030000 C=0000000000000000 D=0000000000001000 E=0000000000000000
FA=0000 [0000000000000000] KR=0100 [0000000100000000] EXT=00 COND=1 IDLE=1 IO=0000000000000000
FB=0840 [0000100001000000] SR=0000 R5=0 ROM=0000.0 PREG=0 RAMOP=- RAMREG=090 ROMOP=- ROMREG=13

063E 0AB0 WAIT D11
A=0000000000000000 B=0000000000030000 C=0000000000000000 D=0000000000001000 E=0000000000000000
FA=0000 [0000000000000000] KR=0100 [0000000100000000] EXT=00 COND=1 IDLE=1 IO=0000000000000000
FB=0840 [0000100001000000] SR=0000 R5=0 ROM=0000.0 PREG=0 RAMOP=- RAMREG=090 ROMOP=- ROMREG=13

063F 0A0B ?BUSY
A=0000000000000000 B=0000000000030000 C=0000000000000000 D=0000000000001000 E=0000000000000000
FA=0000 [0000000000000000] KR=0100 [0000000100000000] EXT=00 COND=1 IDLE=1 IO=0000000000000000
FB=0840 [0000100001000000] SR=0000 R5=0 ROM=0000.0 PREG=0 RAMOP=- RAMREG=090 ROMOP=- ROMREG=13

0640 1BCF BRC 0459 -1E7
A=0000000000000000 B=0000000000030000 C=0000000000000000 D=0000000000001000 E=0000000000000000
FA=0000 [0000000000000000] KR=0100 [0000000100000000] EXT=00 COND=1 IDLE=1 IO=0000000000000000
FB=0840 [0000100001000000] SR=0000 R5=0 ROM=0000.0 PREG=0 RAMOP=- RAMREG=090 ROMOP=- ROMREG=13

0459 0A80 WAIT D8
A=0000000000000000 B=0000000000030000 C=0000000000000000 D=0000000000001000 E=0000000000000000
FA=0000 [0000000000000000] KR=0100 [0000000100000000] EXT=00 COND=1 IDLE=1 IO=0000000000000000
FB=0840 [0000100001000000] SR=0000 R5=0 ROM=0000.0 PREG=0 RAMOP=- RAMREG=090 ROMOP=- ROMREG=13

045A 0A0B ?BUSY
A=0000000000000000 B=0000000000030000 C=0000000000000000 D=0000000000001000 E=0000000000000000
FA=0000 [0000000000000000] KR=0100 [0000000100000000] EXT=00 COND=1 IDLE=1 IO=0000000000000000
FB=0840 [0000100001000000] SR=0000 R5=0 ROM=0000.0 PREG=0 RAMOP=- RAMREG=090 ROMOP=- ROMREG=13

045B 13CC BRNC 0641 +1E6
A=0000000000000000 B=0000000000030000 C=0000000000000000 D=0000000000001000 E=0000000000000000
FA=0000 [0000000000000000] KR=0100 [0000000100000000] EXT=00 COND=0 IDLE=1 IO=0000000000000000
FB=0840 [0000100001000000] SR=0000 R5=0 ROM=0000.0 PREG=0 RAMOP=- RAMREG=090 ROMOP=- ROMREG=13

0641 0098 ?TFB 9
A=0000000000000000 B=0000000000030000 C=0000000000000000 D=0000000000001000 E=0000000000000000
FA=0000 [0000000000000000] KR=0100 [0000000100000000] EXT=00 COND=1 IDLE=1 IO=0000000000000000
FB=0840 [0000100001000000] SR=0000 R5=0 ROM=0000.0 PREG=0 RAMOP=- RAMREG=090 ROMOP=- ROMREG=13

0642 1828 BRC 0656 +014
A=0000000000000000 B=0000000000030000 C=0000000000000000 D=0000000000001000 E=0000000000000000
FA=0000 [0000000000000000] KR=0100 [0000000100000000] EXT=00 COND=1 IDLE=1 IO=0000000000000000
FB=0840 [0000100001000000] SR=0000 R5=0 ROM=0000.0 PREG=0 RAMOP=- RAMREG=090 ROMOP=- ROMREG=13

0656 0AE0 WAIT D14
A=0000000000000000 B=0000000000030000 C=0000000000000000 D=0000000000001000 E=0000000000000000
FA=0000 [0000000000000000] KR=0100 [0000000100000000] EXT=00 COND=1 IDLE=1 IO=0000000000000000
FB=0840 [0000100001000000] SR=0000 R5=0 ROM=0000.0 PREG=0 RAMOP=- RAMREG=090 ROMOP=- ROMREG=13

0657 0820 ?KEY 20
A=0000000000000000 B=0000000000030000 C=0000000000000000 D=0000000000001000 E=0000000000000000
FA=0000 [0000000000000000] KR=0100 [0000000100000000] EXT=00 COND=1 IDLE=1 IO=0000000000000000
FB=0840 [0000100001000000] SR=0000 R5=0 ROM=0000.0 PREG=0 RAMOP=- RAMREG=090 ROMOP=- ROMREG=13

0658 1839 BRC 063C -01C
A=0000000000000000 B=0000000000030000 C=0000000000000000 D=0000000000001000 E=0000000000000000
FA=0000 [0000000000000000] KR=0100 [0000000100000000] EXT=00 COND=1 IDLE=1 IO=0000000000000000
FB=0840 [0000100001000000] SR=0000 R5=0 ROM=0000.0 PREG=0 RAMOP=- RAMREG=090 ROMOP=- ROMREG=13

063C 00C8 ?TFB 12
A=0000000000000000 B=0000000000030000 C=0000000000000000 D=0000000000001000 E=0000000000000000
FA=0000 [0000000000000000] KR=0100 [0000000100000000] EXT=00 COND=1 IDLE=1 IO=0000000000000000
FB=0840 [0000100001000000] SR=0000 R5=0 ROM=0000.0 PREG=0 RAMOP=- RAMREG=090 ROMOP=- ROMREG=13

063D 00A8 ?TFB 10
A=0000000000000000 B=0000000000030000 C=0000000000000000 D=0000000000001000 E=0000000000000000
FA=0000 [0000000000000000] KR=0100 [0000000100000000] EXT=00 COND=1 IDLE=1 IO=0000000000000000
FB=0840 [0000100001000000] SR=0000 R5=0 ROM=0000.0 PREG=0 RAMOP=- RAMREG=090 ROMOP=- ROMREG=13

063E 0AB0 WAIT D11
A=0000000000000000 B=0000000000030000 C=0000000000000000 D=0000000000001000 E=0000000000000000
FA=0000 [0000000000000000] KR=0100 [0000000100000000] EXT=00 COND=1 IDLE=1 IO=0000000000000000
FB=0840 [0000100001000000] SR=0000 R5=0 ROM=0000.0 PREG=0 RAMOP=- RAMREG=090 ROMOP=- ROMREG=13

063F 0A0B ?BUSY
A=0000000000000000 B=0000000000030000 C=0000000000000000 D=0000000000001000 E=0000000000000000
FA=0000 [0000000000000000] KR=0100 [0000000100000000] EXT=00 COND=1 IDLE=1 IO=0000000000000000
FB=0840 [0000100001000000] SR=0000 R5=0 ROM=0000.0 PREG=0 RAMOP=- RAMREG=090 ROMOP=- ROMREG=13

0640 1BCF BRC 0459 -1E7
A=0000000000000000 B=0000000000030000 C=0000000000000000 D=0000000000001000 E=0000000000000000
FA=0000 [0000000000000000] KR=0100 [0000000100000000] EXT=00 COND=1 IDLE=1 IO=0000000000000000
FB=0840 [0000100001000000] SR=0000 R5=0 ROM=0000.0 PREG=0 RAMOP=- RAMREG=090 ROMOP=- ROMREG=13

0459 0A80 WAIT D8
A=0000000000000000 B=0000000000030000 C=0000000000000000 D=0000000000001000 E=0000000000000000
FA=0000 [0000000000000000] KR=0100 [0000000100000000] EXT=00 COND=1 IDLE=1 IO=0000000000000000
FB=0840 [0000100001000000] SR=0000 R5=0 ROM=0000.0 PREG=0 RAMOP=- RAMREG=090 ROMOP=- ROMREG=13

045A 0A0B ?BUSY
A=0000000000000000 B=0000000000030000 C=0000000000000000 D=0000000000001000 E=0000000000000000
FA=0000 [0000000000000000] KR=0100 [0000000100000000] EXT=00 COND=1 IDLE=1 IO=0000000000000000
FB=0840 [0000100001000000] SR=0000 R5=0 ROM=0000.0 PREG=0 RAMOP=- RAMREG=090 ROMOP=- ROMREG=13

045B 13CC BRNC 0641 +1E6
A=0000000000000000 B=0000000000030000 C=0000000000000000 D=0000000000001000 E=0000000000000000
FA=0000 [0000000000000000] KR=0100 [0000000100000000] EXT=00 COND=0 IDLE=1 IO=0000000000000000
FB=0840 [0000100001000000] SR=0000 R5=0 ROM=0000.0 PREG=0 RAMOP=- RAMREG=090 ROMOP=- ROMREG=13

0641 0098 ?TFB 9
A=0000000000000000 B=0000000000030000 C=0000000000000000 D=0000000000001000 E=0000000000000000
FA=0000 [0000000000000000] KR=0100 [0000000100000000] EXT=00 COND=1 IDLE=1 IO=0000000000000000
FB=0840 [0000100001000000] SR=0000 R5=0 ROM=0000.0 PREG=0 RAMOP=- RAMREG=090 ROMOP=- ROMREG=13

0642 1828 BRC 0656 +014
A=0000000000000000 B=0000000000030000 C=0000000000000000 D=0000000000001000 E=0000000000000000
FA=0000 [0000000000000000] KR=0100 [0000000100000000] EXT=00 COND=1 IDLE=1 IO=0000000000000000
FB=0840 [0000100001000000] SR=0000 R5=0 ROM=0000.0 PREG=0 RAMOP=- RAMREG=090 ROMOP=- ROMREG=13

0656 0AE0 WAIT D14
A=0000000000000000 B=0000000000030000 C=0000000000000000 D=0000000000001000 E=0000000000000000
FA=0000 [0000000000000000] KR=0100 [0000000100000000] EXT=00 COND=1 IDLE=1 IO=0000000000000000
FB=0840 [0000100001000000] SR=0000 R5=0 ROM=0000.0 PREG=0 RAMOP=- RAMREG=090 ROMOP=- ROMREG=13

0657 0820 ?KEY 20
A=0000000000000000 B=0000000000030000 C=0000000000000000 D=0000000000001000 E=0000000000000000
FA=0000 [0000000000000000] KR=0100 [0000000100000000] EXT=00 COND=1 IDLE=1 IO=0000000000000000
FB=0840 [0000100001000000] SR=0000 R5=0 ROM=0000.0 PREG=0 RAMOP=- RAMREG=090 ROMOP=- ROMREG=13

0658 1839 BRC 063C -01C
A=0000000000000000 B=0000000000030000 C=0000000000000000 D=0000000000001000 E=0000000000000000
FA=0000 [0000000000000000] KR=0100 [0000000100000000] EXT=00 COND=1 IDLE=1 IO=0000000000000000
FB=0840 [0000100001000000] SR=0000 R5=0 ROM=0000.0 PREG=0 RAMOP=- RAMREG=090 ROMOP=- ROMREG=13

063C 00C8 ?TFB 12
A=0000000000000000 B=0000000000030000 C=0000000000000000 D=0000000000001000 E=0000000000000000
FA=0000 [0000000000000000] KR=0100 [0000000100000000] EXT=00 COND=1 IDLE=1 IO=0000000000000000
FB=0840 [0000100001000000] SR=0000 R5=0 ROM=0000.0 PREG=0 RAMOP=- RAMREG=090 ROMOP=- ROMREG=13

063D 00A8 ?TFB 10
A=0000000000000000 B=0000000000030000 C=0000000000000000 D=0000000000001000 E=0000000000000000
FA=0000 [0000000000000000] KR=0100 [0000000100000000] EXT=00 COND=1 IDLE=1 IO=0000000000000000
FB=0840 [0000100001000000] SR=0000 R5=0 ROM=0000.0 PREG=0 RAMOP=- RAMREG=090 ROMOP=- ROMREG=13

063E 0AB0 WAIT D11
A=0000000000000000 B=0000000000030000 C=0000000000000000 D=0000000000001000 E=0000000000000000
FA=0000 [0000000000000000] KR=0100 [0000000100000000] EXT=00 COND=1 IDLE=1 IO=0000000000000000
FB=0840 [0000100001000000] SR=0000 R5=0 ROM=0000.0 PREG=0 RAMOP=- RAMREG=090 ROMOP=- ROMREG=13

063F 0A0B ?BUSY
A=0000000000000000 B=0000000000030000 C=0000000000000000 D=0000000000001000 E=0000000000000000
FA=0000 [0000000000000000] KR=0100 [0000000100000000] EXT=00 COND=1 IDLE=1 IO=0000000000000000
FB=0840 [0000100001000000] SR=0000 R5=0 ROM=0000.0 PREG=0 RAMOP=- RAMREG=090 ROMOP=- ROMREG=13

0640 1BCF BRC 0459 -1E7
A=0000000000000000 B=0000000000030000 C=0000000000000000 D=0000000000001000 E=0000000000000000
FA=0000 [0000000000000000] KR=0100 [0000000100000000] EXT=00 COND=1 IDLE=1 IO=0000000000000000
FB=0840 [0000100001000000] SR=0000 R5=0 ROM=0000.0 PREG=0 RAMOP=- RAMREG=090 ROMOP=- ROMREG=13

0459 0A80 WAIT D8
A=0000000000000000 B=0000000000030000 C=0000000000000000 D=0000000000001000 E=0000000000000000
FA=0000 [0000000000000000] KR=0100 [0000000100000000] EXT=00 COND=1 IDLE=1 IO=0000000000000000
FB=0840 [0000100001000000] SR=0000 R5=0 ROM=0000.0 PREG=0 RAMOP=- RAMREG=090 ROMOP=- ROMREG=13

045A 0A0B ?BUSY
A=0000000000000000 B=0000000000030000 C=0000000000000000 D=0000000000001000 E=0000000000000000
FA=0000 [0000000000000000] KR=0100 [0000000100000000] EXT=00 COND=1 IDLE=1 IO=0000000000000000
FB=0840 [0000100001000000] SR=0000 R5=0 ROM=0000.0 PREG=0 RAMOP=- RAMREG=090 ROMOP=- ROMREG=13

045B 13CC BRNC 0641 +1E6
A=0000000000000000 B=0000000000030000 C=0000000000000000 D=0000000000001000 E=0000000000000000
FA=0000 [0000000000000000] KR=0100 [0000000100000000] EXT=00 COND=0 IDLE=1 IO=0000000000000000
FB=0840 [0000100001000000] SR=0000 R5=0 ROM=0000.0 PREG=0 RAMOP=- RAMREG=090 ROMOP=- ROMREG=13

0641 0098 ?TFB 9
A=0000000000000000 B=0000000000030000 C=0000000000000000 D=0000000000001000 E=0000000000000000
FA=0000 [0000000000000000] KR=0100 [0000000100000000] EXT=00 COND=1 IDLE=1 IO=0000000000000000
FB=0840 [0000100001000000] SR=0000 R5=0 ROM=0000.0 PREG=0 RAMOP=- RAMREG=090 ROMOP=- ROMREG=13

0642 1828 BRC 0656 +014
A=0000000000000000 B=0000000000030000 C=0000000000000000 D=0000000000001000 E=0000000000000000
FA=0000 [0000000000000000] KR=0100 [0000000100000000] EXT=00 COND=1 IDLE=1 IO=0000000000000000
FB=0840 [0000100001000000] SR=0000 R5=0 ROM=0000.0 PREG=0 RAMOP=- RAMREG=090 ROMOP=- ROMREG=13

0656 0AE0 WAIT D14
A=0000000000000000 B=0000000000030000 C=0000000000000000 D=0000000000001000 E=0000000000000000
FA=0000 [0000000000000000] KR=0100 [0000000100000000] EXT=00 COND=1 IDLE=1 IO=0000000000000000
FB=0840 [0000100001000000] SR=0000 R5=0 ROM=0000.0 PREG=0 RAMOP=- RAMREG=090 ROMOP=- ROMREG=13

0657 0820 ?KEY 20
A=0000000000000000 B=0000000000030000 C=0000000000000000 D=0000000000001000 E=0000000000000000
FA=0000 [0000000000000000] KR=0100 [0000000100000000] EXT=00 COND=1 IDLE=1 IO=0000000000000000
FB=0840 [0000100001000000] SR=0000 R5=0 ROM=0000.0 PREG=0 RAMOP=- RAMREG=090 ROMOP=- ROMREG=13

0658 1839 BRC 063C -01C
A=0000000000000000 B=0000000000030000 C=0000000000000000 D=0000000000001000 E=0000000000000000
FA=0000 [0000000000000000] KR=0100 [0000000100000000] EXT=00 COND=1 IDLE=1 IO=0000000000000000
FB=0840 [0000100001000000] SR=0000 R5=0 ROM=0000.0 PREG=0 RAMOP=- RAMREG=090 ROMOP=- ROMREG=13

063C 00C8 ?TFB 12
A=0000000000000000 B=0000000000030000 C=0000000000000000 D=0000000000001000 E=0000000000000000
FA=0000 [0000000000000000] KR=0100 [0000000100000000] EXT=00 COND=1 IDLE=1 IO=0000000000000000
FB=0840 [0000100001000000] SR=0000 R5=0 ROM=0000.0 PREG=0 RAMOP=- RAMREG=090 ROMOP=- ROMREG=13

063D 00A8 ?TFB 10
A=0000000000000000 B=0000000000030000 C=0000000000000000 D=0000000000001000 E=0000000000000000
FA=0000 [0000000000000000] KR=0100 [0000000100000000] EXT=00 COND=1 IDLE=1 IO=0000000000000000
FB=0840 [0000100001000000] SR=0000 R5=0 ROM=0000.0 PREG=0 RAMOP=- RAMREG=090 ROMOP=- ROMREG=13

063E 0AB0 WAIT D11
A=0000000000000000 B=0000000000030000 C=0000000000000000 D=0000000000001000 E=0000000000000000
FA=0000 [0000000000000000] KR=0100 [0000000100000000] EXT=00 COND=1 IDLE=1 IO=0000000000000000
FB=0840 [0000100001000000] SR=0000 R5=0 ROM=0000.0 PREG=0 RAMOP=- RAMREG=090 ROMOP=- ROMREG=13

063F 0A0B ?BUSY
A=0000000000000000 B=0000000000030000 C=0000000000000000 D=0000000000001000 E=0000000000000000
FA=0000 [0000000000000000] KR=0100 [0000000100000000] EXT=00 COND=1 IDLE=1 IO=0000000000000000
FB=0840 [0000100001000000] SR=0000 R5=0 ROM=0000.0 PREG=0 RAMOP=- RAMREG=090 ROMOP=- ROMREG=13

0640 1BCF BRC 0459 -1E7
A=0000000000000000 B=0000000000030000 C=0000000000000000 D=0000000000001000 E=0000000000000000
FA=0000 [0000000000000000] KR=0100 [0000000100000000] EXT=00 COND=1 IDLE=1 IO=0000000000000000
FB=0840 [0000100001000000] SR=0000 R5=0 ROM=0000.0 PREG=0 RAMOP=- RAMREG=090 ROMOP=- ROMREG=13

0459 0A80 WAIT D8
A=0000000000000000 B=0000000000030000 C=0000000000000000 D=0000000000001000 E=0000000000000000
FA=0000 [0000000000000000] KR=0100 [0000000100000000] EXT=00 COND=1 IDLE=1 IO=0000000000000000
FB=0840 [0000100001000000] SR=0000 R5=0 ROM=0000.0 PREG=0 RAMOP=- RAMREG=090 ROMOP=- ROMREG=13

045A 0A0B ?BUSY
A=0000000000000000 B=0000000000030000 C=0000000000000000 D=0000000000001000 E=0000000000000000
FA=0000 [0000000000000000] KR=0100 [0000000100000000] EXT=00 COND=1 IDLE=1 IO=0000000000000000
FB=0840 [0000100001000000] SR=0000 R5=0 ROM=0000.0 PREG=0 RAMOP=- RAMREG=090 ROMOP=- ROMREG=13

045B 13CC BRNC 0641 +1E6
A=0000000000000000 B=0000000000030000 C=0000000000000000 D=0000000000001000 E=0000000000000000
FA=0000 [0000000000000000] KR=0100 [0000000100000000] EXT=00 COND=0 IDLE=1 IO=0000000000000000
FB=0840 [0000100001000000] SR=0000 R5=0 ROM=0000.0 PREG=0 RAMOP=- RAMREG=090 ROMOP=- ROMREG=13

0641 0098 ?TFB 9
A=0000000000000000 B=0000000000030000 C=0000000000000000 D=0000000000001000 E=0000000000000000
FA=0000 [0000000000000000] KR=0100 [0000000100000000] EXT=00 COND=1 IDLE=1 IO=0000000000000000
FB=0840 [0000100001000000] SR=0000 R5=0 ROM=0000.0 PREG=0 RAMOP=- RAMREG=090 ROMOP=- ROMREG=13

0642 1828 BRC 0656 +014
A=0000000000000000 B=0000000000030000 C=0000000000000000 D=0000000000001000 E=0000000000000000
FA=0000 [0000000000000000] KR=0100 [0000000100000000] EXT=00 COND=1 IDLE=1 IO=0000000000000000
FB=0840 [0000100001000000] SR=0000 R5=0 ROM=0000.0 PREG=0 RAMOP=- RAMREG=090 ROMOP=- ROMREG=13

0656 0AE0 WAIT D14
A=0000000000000000 B=0000000000030000 C=0000000000000000 D=0000000000001000 E=0000000000000000
FA=0000 [0000000000000000] KR=0100 [0000000100000000] EXT=00 COND=1 IDLE=1 IO=0000000000000000
FB=0840 [0000100001000000] SR=0000 R5=0 ROM=0000.0 PREG=0 RAMOP=- RAMREG=090 ROMOP=- ROMREG=13

0657 0820 ?KEY 20
A=0000000000000000 B=0000000000030000 C=0000000000000000 D=0000000000001000 E=0000000000000000
FA=0000 [0000000000000000] KR=0100 [0000000100000000] EXT=00 COND=1 IDLE=1 IO=0000000000000000
FB=0840 [0000100001000000] SR=0000 R5=0 ROM=0000.0 PREG=0 RAMOP=- RAMREG=090 ROMOP=- ROMREG=13

0658 1839 BRC 063C -01C
A=0000000000000000 B=0000000000030000 C=0000000000000000 D=0000000000001000 E=0000000000000000
FA=0000 [0000000000000000] KR=0100 [0000000100000000] EXT=00 COND=1 IDLE=1 IO=0000000000000000
FB=0840 [0000100001000000] SR=0000 R5=0 ROM=0000.0 PREG=0 RAMOP=- RAMREG=090 ROMOP=- ROMREG=13

063C 00C8 ?TFB 12
A=0000000000000000 B=0000000000030000 C=0000000000000000 D=0000000000001000 E=0000000000000000
FA=0000 [0000000000000000] KR=0100 [0000000100000000] EXT=00 COND=1 IDLE=1 IO=0000000000000000
FB=0840 [0000100001000000] SR=0000 R5=0 ROM=0000.0 PREG=0 RAMOP=- RAMREG=090 ROMOP=- ROMREG=13

063D 00A8 ?TFB 10
A=0000000000000000 B=0000000000030000 C=0000000000000000 D=0000000000001000 E=0000000000000000
FA=0000 [0000000000000000] KR=0100 [0000000100000000] EXT=00 COND=1 IDLE=1 IO=0000000000000000
FB=0840 [0000100001000000] SR=0000 R5=0 ROM=0000.0 PREG=0 RAMOP=- RAMREG=090 ROMOP=- ROMREG=13

063E 0AB0 WAIT D11
A=0000000000000000 B=0000000000030000 C=0000000000000000 D=0000000000001000 E=0000000000000000
FA=0000 [0000000000000000] KR=0100 [0000000100000000] EXT=00 COND=1 IDLE=1 IO=0000000000000000
FB=0840 [0000100001000000] SR=0000 R5=0 ROM=0000.0 PREG=0 RAMOP=- RAMREG=090 ROMOP=- ROMREG=13

063F 0A0B ?BUSY
A=0000000000000000 B=0000000000030000 C=0000000000000000 D=0000000000001000 E=0000000000000000
FA=0000 [0000000000000000] KR=0100 [0000000100000000] EXT=00 COND=1 IDLE=1 IO=0000000000000000
FB=0840 [0000100001000000] SR=0000 R5=0 ROM=0000.0 PREG=0 RAMOP=- RAMREG=090 ROMOP=- ROMREG=13

0640 1BCF BRC 0459 -1E7
A=0000000000000000 B=0000000000030000 C=0000000000000000 D=0000000000001000 E=0000000000000000
FA=0000 [0000000000000000] KR=0100 [0000000100000000] EXT=00 COND=1 IDLE=1 IO=0000000000000000
FB=0840 [0000100001000000] SR=0000 R5=0 ROM=0000.0 PREG=0 RAMOP=- RAMREG=090 ROMOP=- ROMREG=13

0459 0A80 WAIT D8
A=0000000000000000 B=0000000000030000 C=0000000000000000 D=0000000000001000 E=0000000000000000
FA=0000 [0000000000000000] KR=0100 [0000000100000000] EXT=00 COND=1 IDLE=1 IO=0000000000000000
FB=0840 [0000100001000000] SR=0000 R5=0 ROM=0000.0 PREG=0 RAMOP=- RAMREG=090 ROMOP=- ROMREG=13

045A 0A0B ?BUSY
A=0000000000000000 B=0000000000030000 C=0000000000000000 D=0000000000001000 E=0000000000000000
FA=0000 [0000000000000000] KR=0100 [0000000100000000] EXT=00 COND=1 IDLE=1 IO=0000000000000000
FB=0840 [0000100001000000] SR=0000 R5=0 ROM=0000.0 PREG=0 RAMOP=- RAMREG=090 ROMOP=- ROMREG=13

045B 13CC BRNC 0641 +1E6
A=0000000000000000 B=0000000000030000 C=0000000000000000 D=0000000000001000 E=0000000000000000
FA=0000 [0000000000000000] KR=0100 [0000000100000000] EXT=00 COND=0 IDLE=1 IO=0000000000000000
FB=0840 [0000100001000000] SR=0000 R5=0 ROM=0000.0 PREG=0 RAMOP=- RAMREG=090 ROMOP=- ROMREG=13

0641 0098 ?TFB 9
A=0000000000000000 B=0000000000030000 C=0000000000000000 D=0000000000001000 E=0000000000000000
FA=0000 [0000000000000000] KR=0100 [0000000100000000] EXT=00 COND=1 IDLE=1 IO=0000000000000000
FB=0840 [0000100001000000] SR=0000 R5=0 ROM=0000.0 PREG=0 RAMOP=- RAMREG=090 ROMOP=- ROMREG=13

0642 1828 BRC 0656 +014
A=0000000000000000 B=0000000000030000 C=0000000000000000 D=0000000000001000 E=0000000000000000
FA=0000 [0000000000000000] KR=0100 [0000000100000000] EXT=00 COND=1 IDLE=1 IO=0000000000000000
FB=0840 [0000100001000000] SR=0000 R5=0 ROM=0000.0 PREG=0 RAMOP=- RAMREG=090 ROMOP=- ROMREG=13

0656 0AE0 WAIT D14
A=0000000000000000 B=0000000000030000 C=0000000000000000 D=0000000000001000 E=0000000000000000
FA=0000 [0000000000000000] KR=0100 [0000000100000000] EXT=00 COND=1 IDLE=1 IO=0000000000000000
FB=0840 [0000100001000000] SR=0000 R5=0 ROM=0000.0 PREG=0 RAMOP=- RAMREG=090 ROMOP=- ROMREG=13

0657 0820 ?KEY 20
A=0000000000000000 B=0000000000030000 C=0000000000000000 D=0000000000001000 E=0000000000000000
FA=0000 [0000000000000000] KR=0100 [0000000100000000] EXT=00 COND=1 IDLE=1 IO=0000000000000000
FB=0840 [0000100001000000] SR=0000 R5=0 ROM=0000.0 PREG=0 RAMOP=- RAMREG=090 ROMOP=- ROMREG=13

0658 1839 BRC 063C -01C
A=0000000000000000 B=0000000000030000 C=0000000000000000 D=0000000000001000 E=0000000000000000
FA=0000 [0000000000000000] KR=0100 [0000000100000000] EXT=00 COND=1 IDLE=1 IO=0000000000000000
FB=0840 [0000100001000000] SR=0000 R5=0 ROM=0000.0 PREG=0 RAMOP=- RAMREG=090 ROMOP=- ROMREG=13

063C 00C8 ?TFB 12
A=0000000000000000 B=0000000000030000 C=0000000000000000 D=0000000000001000 E=0000000000000000
FA=0000 [0000000000000000] KR=0100 [0000000100000000] EXT=00 COND=1 IDLE=1 IO=0000000000000000
FB=0840 [0000100001000000] SR=0000 R5=0 ROM=0000.0 PREG=0 RAMOP=- RAMREG=090 ROMOP=- ROMREG=13

063D 00A8 ?TFB 10
A=0000000000000000 B=0000000000030000 C=0000000000000000 D=0000000000001000 E=0000000000000000
FA=0000 [0000000000000000] KR=0100 [0000000100000000] EXT=00 COND=1 IDLE=1 IO=0000000000000000
FB=0840 [0000100001000000] SR=0000 R5=0 ROM=0000.0 PREG=0 RAMOP=- RAMREG=090 ROMOP=- ROMREG=13

063E 0AB0 WAIT D11
A=0000000000000000 B=0000000000030000 C=0000000000000000 D=0000000000001000 E=0000000000000000
FA=0000 [0000000000000000] KR=0100 [0000000100000000] EXT=00 COND=1 IDLE=1 IO=0000000000000000
FB=0840 [0000100001000000] SR=0000 R5=0 ROM=0000.0 PREG=0 RAMOP=- RAMREG=090 ROMOP=- ROMREG=13

063F 0A0B ?BUSY
A=0000000000000000 B=0000000000030000 C=0000000000000000 D=0000000000001000 E=0000000000000000
FA=0000 [0000000000000000] KR=0100 [0000000100000000] EXT=00 COND=1 IDLE=1 IO=0000000000000000
FB=0840 [0000100001000000] SR=0000 R5=0 ROM=0000.0 PREG=0 RAMOP=- RAMREG=090 ROMOP=- ROMREG=13

0640 1BCF BRC 0459 -1E7
A=0000000000000000 B=0000000000030000 C=0000000000000000 D=0000000000001000 E=0000000000000000
FA=0000 [0000000000000000] KR=0100 [0000000100000000] EXT=00 COND=1 IDLE=1 IO=0000000000000000
FB=0840 [0000100001000000] SR=0000 R5=0 ROM=0000.0 PREG=0 RAMOP=- RAMREG=090 ROMOP=- ROMREG=13

0459 0A80 WAIT D8
A=0000000000000000 B=0000000000030000 C=0000000000000000 D=0000000000001000 E=0000000000000000
FA=0000 [0000000000000000] KR=0100 [0000000100000000] EXT=00 COND=1 IDLE=1 IO=0000000000000000
FB=0840 [0000100001000000] SR=0000 R5=0 ROM=0000.0 PREG=0 RAMOP=- RAMREG=090 ROMOP=- ROMREG=13

045A 0A0B ?BUSY
A=0000000000000000 B=0000000000030000 C=0000000000000000 D=0000000000001000 E=0000000000000000
FA=0000 [0000000000000000] KR=0100 [0000000100000000] EXT=00 COND=1 IDLE=1 IO=0000000000000000
FB=0840 [0000100001000000] SR=0000 R5=0 ROM=0000.0 PREG=0 RAMOP=- RAMREG=090 ROMOP=- ROMREG=13

045B 13CC BRNC 0641 +1E6
A=0000000000000000 B=0000000000030000 C=0000000000000000 D=0000000000001000 E=0000000000000000
FA=0000 [0000000000000000] KR=0100 [0000000100000000] EXT=00 COND=0 IDLE=1 IO=0000000000000000
FB=0840 [0000100001000000] SR=0000 R5=0 ROM=0000.0 PREG=0 RAMOP=- RAMREG=090 ROMOP=- ROMREG=13

0641 0098 ?TFB 9
A=0000000000000000 B=0000000000030000 C=0000000000000000 D=0000000000001000 E=0000000000000000
FA=0000 [0000000000000000] KR=0100 [0000000100000000] EXT=00 COND=1 IDLE=1 IO=0000000000000000
FB=0840 [0000100001000000] SR=0000 R5=0 ROM=0000.0 PREG=0 RAMOP=- RAMREG=090 ROMOP=- ROMREG=13

0642 1828 BRC 0656 +014
A=0000000000000000 B=0000000000030000 C=0000000000000000 D=0000000000001000 E=0000000000000000
FA=0000 [0000000000000000] KR=0100 [0000000100000000] EXT=00 COND=1 IDLE=1 IO=0000000000000000
FB=0840 [0000100001000000] SR=0000 R5=0 ROM=0000.0 PREG=0 RAMOP=- RAMREG=090 ROMOP=- ROMREG=13

0656 0AE0 WAIT D14
A=0000000000000000 B=0000000000030000 C=0000000000000000 D=0000000000001000 E=0000000000000000
FA=0000 [0000000000000000] KR=0100 [0000000100000000] EXT=00 COND=1 IDLE=1 IO=0000000000000000
FB=0840 [0000100001000000] SR=0000 R5=0 ROM=0000.0 PREG=0 RAMOP=- RAMREG=090 ROMOP=- ROMREG=13

0657 0820 ?KEY 20
A=0000000000000000 B=0000000000030000 C=0000000000000000 D=0000000000001000 E=0000000000000000
FA=0000 [0000000000000000] KR=0100 [0000000100000000] EXT=00 COND=1 IDLE=1 IO=0000000000000000
FB=0840 [0000100001000000] SR=0000 R5=0 ROM=0000.0 PREG=0 RAMOP=- RAMREG=090 ROMOP=- ROMREG=13

0658 1839 BRC 063C -01C
A=0000000000000000 B=0000000000030000 C=0000000000000000 D=0000000000001000 E=0000000000000000
FA=0000 [0000000000000000] KR=0100 [0000000100000000] EXT=00 COND=1 IDLE=1 IO=0000000000000000
FB=0840 [0000100001000000] SR=0000 R5=0 ROM=0000.0 PREG=0 RAMOP=- RAMREG=090 ROMOP=- ROMREG=13

063C 00C8 ?TFB 12
A=0000000000000000 B=0000000000030000 C=0000000000000000 D=0000000000001000 E=0000000000000000
FA=0000 [0000000000000000] KR=0100 [0000000100000000] EXT=00 COND=1 IDLE=1 IO=0000000000000000
FB=0840 [0000100001000000] SR=0000 R5=0 ROM=0000.0 PREG=0 RAMOP=- RAMREG=090 ROMOP=- ROMREG=13

063D 00A8 ?TFB 10
A=0000000000000000 B=0000000000030000 C=0000000000000000 D=0000000000001000 E=0000000000000000
FA=0000 [0000000000000000] KR=0100 [0000000100000000] EXT=00 COND=1 IDLE=1 IO=0000000000000000
FB=0840 [0000100001000000] SR=0000 R5=0 ROM=0000.0 PREG=0 RAMOP=- RAMREG=090 ROMOP=- ROMREG=13

063E 0AB0 WAIT D11
A=0000000000000000 B=0000000000030000 C=0000000000000000 D=0000000000001000 E=0000000000000000
FA=0000 [0000000000000000] KR=0100 [0000000100000000] EXT=00 COND=1 IDLE=1 IO=0000000000000000
FB=0840 [0000100001000000] SR=0000 R5=0 ROM=0000.0 PREG=0 RAMOP=- RAMREG=090 ROMOP=- ROMREG=13

063F 0A0B ?BUSY
A=0000000000000000 B=0000000000030000 C=0000000000000000 D=0000000000001000 E=0000000000000000
FA=0000 [0000000000000000] KR=0100 [0000000100000000] EXT=00 COND=1 IDLE=1 IO=0000000000000000
FB=0840 [0000100001000000] SR=0000 R5=0 ROM=0000.0 PREG=0 RAMOP=- RAMREG=090 ROMOP=- ROMREG=13

0640 1BCF BRC 0459 -1E7
A=0000000000000000 B=0000000000030000 C=0000000000000000 D=0000000000001000 E=0000000000000000
FA=0000 [0000000000000000] KR=0100 [0000000100000000] EXT=00 COND=1 IDLE=1 IO=0000000000000000
FB=0840 [0000100001000000] SR=0000 R5=0 ROM=0000.0 PREG=0 RAMOP=- RAMREG=090 ROMOP=- ROMREG=13

0459 0A80 WAIT D8
A=0000000000000000 B=0000000000030000 C=0000000000000000 D=0000000000001000 E=0000000000000000
FA=0000 [0000000000000000] KR=0100 [0000000100000000] EXT=00 COND=1 IDLE=1 IO=0000000000000000
FB=0840 [0000100001000000] SR=0000 R5=0 ROM=0000.0 PREG=0 RAMOP=- RAMREG=090 ROMOP=- ROMREG=13

045A 0A0B ?BUSY
A=0000000000000000 B=0000000000030000 C=0000000000000000 D=0000000000001000 E=0000000000000000
FA=0000 [0000000000000000] KR=0100 [0000000100000000] EXT=00 COND=1 IDLE=1 IO=0000000000000000
FB=0840 [0000100001000000] SR=0000 R5=0 ROM=0000.0 PREG=0 RAMOP=- RAMREG=090 ROMOP=- ROMREG=13

045B 13CC BRNC 0641 +1E6
A=0000000000000000 B=0000000000030000 C=0000000000000000 D=0000000000001000 E=0000000000000000
FA=0000 [0000000000000000] KR=0100 [0000000100000000] EXT=00 COND=0 IDLE=1 IO=0000000000000000
FB=0840 [0000100001000000] SR=0000 R5=0 ROM=0000.0 PREG=0 RAMOP=- RAMREG=090 ROMOP=- ROMREG=13

0641 0098 ?TFB 9
A=0000000000000000 B=0000000000030000 C=0000000000000000 D=0000000000001000 E=0000000000000000
FA=0000 [0000000000000000] KR=0100 [0000000100000000] EXT=00 COND=1 IDLE=1 IO=0000000000000000
FB=0840 [0000100001000000] SR=0000 R5=0 ROM=0000.0 PREG=0 RAMOP=- RAMREG=090 ROMOP=- ROMREG=13

0642 1828 BRC 0656 +014
A=0000000000000000 B=0000000000030000 C=0000000000000000 D=0000000000001000 E=0000000000000000
FA=0000 [0000000000000000] KR=0100 [0000000100000000] EXT=00 COND=1 IDLE=1 IO=0000000000000000
FB=0840 [0000100001000000] SR=0000 R5=0 ROM=0000.0 PREG=0 RAMOP=- RAMREG=090 ROMOP=- ROMREG=13

0656 0AE0 WAIT D14
A=0000000000000000 B=0000000000030000 C=0000000000000000 D=0000000000001000 E=0000000000000000
FA=0000 [0000000000000000] KR=0100 [0000000100000000] EXT=00 COND=1 IDLE=1 IO=0000000000000000
FB=0840 [0000100001000000] SR=0000 R5=0 ROM=0000.0 PREG=0 RAMOP=- RAMREG=090 ROMOP=- ROMREG=13

0657 0820 ?KEY 20
A=0000000000000000 B=0000000000030000 C=0000000000000000 D=0000000000001000 E=0000000000000000
FA=0000 [0000000000000000] KR=0100 [0000000100000000] EXT=00 COND=1 IDLE=1 IO=0000000000000000
FB=0840 [0000100001000000] SR=0000 R5=0 ROM=0000.0 PREG=0 RAMOP=- RAMREG=090 ROMOP=- ROMREG=13

0658 1839 BRC 063C -01C
A=0000000000000000 B=0000000000030000 C=0000000000000000 D=0000000000001000 E=0000000000000000
FA=0000 [0000000000000000] KR=0100 [0000000100000000] EXT=00 COND=1 IDLE=1 IO=0000000000000000
FB=0840 [0000100001000000] SR=0000 R5=0 ROM=0000.0 PREG=0 RAMOP=- RAMREG=090 ROMOP=- ROMREG=13

063C 00C8 ?TFB 12
A=0000000000000000 B=0000000000030000 C=0000000000000000 D=0000000000001000 E=0000000000000000
FA=0000 [0000000000000000] KR=0100 [0000000100000000] EXT=00 COND=1 IDLE=1 IO=0000000000000000
FB=0840 [0000100001000000] SR=0000 R5=0 ROM=0000.0 PREG=0 RAMOP=- RAMREG=090 ROMOP=- ROMREG=13

063D 00A8 ?TFB 10
A=0000000000000000 B=0000000000030000 C=0000000000000000 D=0000000000001000 E=0000000000000000
FA=0000 [0000000000000000] KR=0100 [0000000100000000] EXT=00 COND=1 IDLE=1 IO=0000000000000000
FB=0840 [0000100001000000] SR=0000 R5=0 ROM=0000.0 PREG=0 RAMOP=- RAMREG=090 ROMOP=- ROMREG=13

063E 0AB0 WAIT D11
A=0000000000000000 B=0000000000030000 C=0000000000000000 D=0000000000001000 E=0000000000000000
FA=0000 [0000000000000000] KR=0100 [0000000100000000] EXT=00 COND=1 IDLE=1 IO=0000000000000000
FB=0840 [0000100001000000] SR=0000 R5=0 ROM=0000.0 PREG=0 RAMOP=- RAMREG=090 ROMOP=- ROMREG=13

063F 0A0B ?BUSY
A=0000000000000000 B=0000000000030000 C=0000000000000000 D=0000000000001000 E=0000000000000000
FA=0000 [0000000000000000] KR=0100 [0000000100000000] EXT=00 COND=1 IDLE=1 IO=0000000000000000
FB=0840 [0000100001000000] SR=0000 R5=0 ROM=0000.0 PREG=0 RAMOP=- RAMREG=090 ROMOP=- ROMREG=13

0640 1BCF BRC 0459 -1E7
A=0000000000000000 B=0000000000030000 C=0000000000000000 D=0000000000001000 E=0000000000000000
FA=0000 [0000000000000000] KR=0100 [0000000100000000] EXT=00 COND=1 IDLE=1 IO=0000000000000000
FB=0840 [0000100001000000] SR=0000 R5=0 ROM=0000.0 PREG=0 RAMOP=- RAMREG=090 ROMOP=- ROMREG=13

0459 0A80 WAIT D8
A=0000000000000000 B=0000000000030000 C=0000000000000000 D=0000000000001000 E=0000000000000000
FA=0000 [0000000000000000] KR=0100 [0000000100000000] EXT=00 COND=1 IDLE=1 IO=0000000000000000
FB=0840 [0000100001000000] SR=0000 R5=0 ROM=0000.0 PREG=0 RAMOP=- RAMREG=090 ROMOP=- ROMREG=13

045A 0A0B ?BUSY
A=0000000000000000 B=0000000000030000 C=0000000000000000 D=0000000000001000 E=0000000000000000
FA=0000 [0000000000000000] KR=0100 [0000000100000000] EXT=00 COND=1 IDLE=1 IO=0000000000000000
FB=0840 [0000100001000000] SR=0000 R5=0 ROM=0000.0 PREG=0 RAMOP=- RAMREG=090 ROMOP=- ROMREG=13

045B 13CC BRNC 0641 +1E6
A=0000000000000000 B=0000000000030000 C=0000000000000000 D=0000000000001000 E=0000000000000000
FA=0000 [0000000000000000] KR=0100 [0000000100000000] EXT=00 COND=0 IDLE=1 IO=0000000000000000
FB=0840 [0000100001000000] SR=0000 R5=0 ROM=0000.0 PREG=0 RAMOP=- RAMREG=090 ROMOP=- ROMREG=13

0641 0098 ?TFB 9
A=0000000000000000 B=0000000000030000 C=0000000000000000 D=0000000000001000 E=0000000000000000
FA=0000 [0000000000000000] KR=0100 [0000000100000000] EXT=00 COND=1 IDLE=1 IO=0000000000000000
FB=0840 [0000100001000000] SR=0000 R5=0 ROM=0000.0 PREG=0 RAMOP=- RAMREG=090 ROMOP=- ROMREG=13

0642 1828 BRC 0656 +014
A=0000000000000000 B=0000000000030000 C=0000000000000000 D=0000000000001000 E=0000000000000000
FA=0000 [0000000000000000] KR=0100 [0000000100000000] EXT=00 COND=1 IDLE=1 IO=0000000000000000
FB=0840 [0000100001000000] SR=0000 R5=0 ROM=0000.0 PREG=0 RAMOP=- RAMREG=090 ROMOP=- ROMREG=13

0656 0AE0 WAIT D14
A=0000000000000000 B=0000000000030000 C=0000000000000000 D=0000000000001000 E=0000000000000000
FA=0000 [0000000000000000] KR=0100 [0000000100000000] EXT=00 COND=1 IDLE=1 IO=0000000000000000
FB=0840 [0000100001000000] SR=0000 R5=0 ROM=0000.0 PREG=0 RAMOP=- RAMREG=090 ROMOP=- ROMREG=13

0657 0820 ?KEY 20
A=0000000000000000 B=0000000000030000 C=0000000000000000 D=0000000000001000 E=0000000000000000
FA=0000 [0000000000000000] KR=0100 [0000000100000000] EXT=00 COND=1 IDLE=1 IO=0000000000000000
FB=0840 [0000100001000000] SR=0000 R5=0 ROM=0000.0 PREG=0 RAMOP=- RAMREG=090 ROMOP=- ROMREG=13

0658 1839 BRC 063C -01C
A=0000000000000000 B=0000000000030000 C=0000000000000000 D=0000000000001000 E=0000000000000000
FA=0000 [0000000000000000] KR=0100 [0000000100000000] EXT=00 COND=1 IDLE=1 IO=0000000000000000
FB=0840 [0000100001000000] SR=0000 R5=0 ROM=0000.0 PREG=0 RAMOP=- RAMREG=090 ROMOP=- ROMREG=13

063C 00C8 ?TFB 12
A=0000000000000000 B=0000000000030000 C=0000000000000000 D=0000000000001000 E=0000000000000000
FA=0000 [0000000000000000] KR=0100 [0000000100000000] EXT=00 COND=1 IDLE=1 IO=0000000000000000
FB=0840 [0000100001000000] SR=0000 R5=0 ROM=0000.0 PREG=0 RAMOP=- RAMREG=090 ROMOP=- ROMREG=13

063D 00A8 ?TFB 10
A=0000000000000000 B=0000000000030000 C=0000000000000000 D=0000000000001000 E=0000000000000000
FA=0000 [0000000000000000] KR=0100 [0000000100000000] EXT=00 COND=1 IDLE=1 IO=0000000000000000
FB=0840 [0000100001000000] SR=0000 R5=0 ROM=0000.0 PREG=0 RAMOP=- RAMREG=090 ROMOP=- ROMREG=13

063E 0AB0 WAIT D11
A=0000000000000000 B=0000000000030000 C=0000000000000000 D=0000000000001000 E=0000000000000000
FA=0000 [0000000000000000] KR=0100 [0000000100000000] EXT=00 COND=1 IDLE=1 IO=0000000000000000
FB=0840 [0000100001000000] SR=0000 R5=0 ROM=0000.0 PREG=0 RAMOP=- RAMREG=090 ROMOP=- ROMREG=13

063F 0A0B ?BUSY
A=0000000000000000 B=0000000000030000 C=0000000000000000 D=0000000000001000 E=0000000000000000
FA=0000 [0000000000000000] KR=0100 [0000000100000000] EXT=00 COND=1 IDLE=1 IO=0000000000000000
FB=0840 [0000100001000000] SR=0000 R5=0 ROM=0000.0 PREG=0 RAMOP=- RAMREG=090 ROMOP=- ROMREG=13

0640 1BCF BRC 0459 -1E7
A=0000000000000000 B=0000000000030000 C=0000000000000000 D=0000000000001000 E=0000000000000000
FA=0000 [0000000000000000] KR=0100 [0000000100000000] EXT=00 COND=1 IDLE=1 IO=0000000000000000
FB=0840 [0000100001000000] SR=0000 R5=0 ROM=0000.0 PREG=0 RAMOP=- RAMREG=090 ROMOP=- ROMREG=13

0459 0A80 WAIT D8
A=0000000000000000 B=0000000000030000 C=0000000000000000 D=0000000000001000 E=0000000000000000
FA=0000 [0000000000000000] KR=0100 [0000000100000000] EXT=00 COND=1 IDLE=1 IO=0000000000000000
FB=0840 [0000100001000000] SR=0000 R5=0 ROM=0000.0 PREG=0 RAMOP=- RAMREG=090 ROMOP=- ROMREG=13

045A 0A0B ?BUSY
A=0000000000000000 B=0000000000030000 C=0000000000000000 D=0000000000001000 E=0000000000000000
FA=0000 [0000000000000000] KR=0100 [0000000100000000] EXT=00 COND=1 IDLE=1 IO=0000000000000000
FB=0840 [0000100001000000] SR=0000 R5=0 ROM=0000.0 PREG=0 RAMOP=- RAMREG=090 ROMOP=- ROMREG=13

045B 13CC BRNC 0641 +1E6
A=0000000000000000 B=0000000000030000 C=0000000000000000 D=0000000000001000 E=0000000000000000
FA=0000 [0000000000000000] KR=0100 [0000000100000000] EXT=00 COND=0 IDLE=1 IO=0000000000000000
FB=0840 [0000100001000000] SR=0000 R5=0 ROM=0000.0 PREG=0 RAMOP=- RAMREG=090 ROMOP=- ROMREG=13

0641 0098 ?TFB 9
A=0000000000000000 B=0000000000030000 C=0000000000000000 D=0000000000001000 E=0000000000000000
FA=0000 [0000000000000000] KR=0100 [0000000100000000] EXT=00 COND=1 IDLE=1 IO=0000000000000000
FB=0840 [0000100001000000] SR=0000 R5=0 ROM=0000.0 PREG=0 RAMOP=- RAMREG=090 ROMOP=- ROMREG=13

0642 1828 BRC 0656 +014
A=0000000000000000 B=0000000000030000 C=0000000000000000 D=0000000000001000 E=0000000000000000
FA=0000 [0000000000000000] KR=0100 [0000000100000000] EXT=00 COND=1 IDLE=1 IO=0000000000000000
FB=0840 [0000100001000000] SR=0000 R5=0 ROM=0000.0 PREG=0 RAMOP=- RAMREG=090 ROMOP=- ROMREG=13

0656 0AE0 WAIT D14
A=0000000000000000 B=0000000000030000 C=0000000000000000 D=0000000000001000 E=0000000000000000
FA=0000 [0000000000000000] KR=0100 [0000000100000000] EXT=00 COND=1 IDLE=1 IO=0000000000000000
FB=0840 [0000100001000000] SR=0000 R5=0 ROM=0000.0 PREG=0 RAMOP=- RAMREG=090 ROMOP=- ROMREG=13

0657 0820 ?KEY 20
A=0000000000000000 B=0000000000030000 C=0000000000000000 D=0000000000001000 E=0000000000000000
FA=0000 [0000000000000000] KR=0100 [0000000100000000] EXT=00 COND=1 IDLE=1 IO=0000000000000000
FB=0840 [0000100001000000] SR=0000 R5=0 ROM=0000.0 PREG=0 RAMOP=- RAMREG=090 ROMOP=- ROMREG=13

0658 1839 BRC 063C -01C
A=0000000000000000 B=0000000000030000 C=0000000000000000 D=0000000000001000 E=0000000000000000
FA=0000 [0000000000000000] KR=0100 [0000000100000000] EXT=00 COND=1 IDLE=1 IO=0000000000000000
FB=0840 [0000100001000000] SR=0000 R5=0 ROM=0000.0 PREG=0 RAMOP=- RAMREG=090 ROMOP=- ROMREG=13

063C 00C8 ?TFB 12
A=0000000000000000 B=0000000000030000 C=0000000000000000 D=0000000000001000 E=0000000000000000
FA=0000 [0000000000000000] KR=0100 [0000000100000000] EXT=00 COND=1 IDLE=1 IO=0000000000000000
FB=0840 [0000100001000000] SR=0000 R5=0 ROM=0000.0 PREG=0 RAMOP=- RAMREG=090 ROMOP=- ROMREG=13

063D 00A8 ?TFB 10
A=0000000000000000 B=0000000000030000 C=0000000000000000 D=0000000000001000 E=0000000000000000
FA=0000 [0000000000000000] KR=0100 [0000000100000000] EXT=00 COND=1 IDLE=1 IO=0000000000000000
FB=0840 [0000100001000000] SR=0000 R5=0 ROM=0000.0 PREG=0 RAMOP=- RAMREG=090 ROMOP=- ROMREG=13

063E 0AB0 WAIT D11
A=0000000000000000 B=0000000000030000 C=0000000000000000 D=0000000000001000 E=0000000000000000
FA=0000 [0000000000000000] KR=0100 [0000000100000000] EXT=00 COND=1 IDLE=1 IO=0000000000000000
FB=0840 [0000100001000000] SR=0000 R5=0 ROM=0000.0 PREG=0 RAMOP=- RAMREG=090 ROMOP=- ROMREG=13

063F 0A0B ?BUSY
A=0000000000000000 B=0000000000030000 C=0000000000000000 D=0000000000001000 E=0000000000000000
FA=0000 [0000000000000000] KR=0100 [0000000100000000] EXT=00 COND=1 IDLE=1 IO=0000000000000000
FB=0840 [0000100001000000] SR=0000 R5=0 ROM=0000.0 PREG=0 RAMOP=- RAMREG=090 ROMOP=- ROMREG=13

0640 1BCF BRC 0459 -1E7
A=0000000000000000 B=0000000000030000 C=0000000000000000 D=0000000000001000 E=0000000000000000
FA=0000 [0000000000000000] KR=0100 [0000000100000000] EXT=00 COND=1 IDLE=1 IO=0000000000000000
FB=0840 [0000100001000000] SR=0000 R5=0 ROM=0000.0 PREG=0 RAMOP=- RAMREG=090 ROMOP=- ROMREG=13

0459 0A80 WAIT D8
A=0000000000000000 B=0000000000030000 C=0000000000000000 D=0000000000001000 E=0000000000000000
FA=0000 [0000000000000000] KR=0100 [0000000100000000] EXT=00 COND=1 IDLE=1 IO=0000000000000000
FB=0840 [0000100001000000] SR=0000 R5=0 ROM=0000.0 PREG=0 RAMOP=- RAMREG=090 ROMOP=- ROMREG=13

045A 0A0B ?BUSY
A=0000000000000000 B=0000000000030000 C=0000000000000000 D=0000000000001000 E=0000000000000000
FA=0000 [0000000000000000] KR=0100 [0000000100000000] EXT=00 COND=1 IDLE=1 IO=0000000000000000
FB=0840 [0000100001000000] SR=0000 R5=0 ROM=0000.0 PREG=0 RAMOP=- RAMREG=090 ROMOP=- ROMREG=13

045B 13CC BRNC 0641 +1E6
A=0000000000000000 B=0000000000030000 C=0000000000000000 D=0000000000001000 E=0000000000000000
FA=0000 [0000000000000000] KR=0100 [0000000100000000] EXT=00 COND=0 IDLE=1 IO=0000000000000000
FB=0840 [0000100001000000] SR=0000 R5=0 ROM=0000.0 PREG=0 RAMOP=- RAMREG=090 ROMOP=- ROMREG=13

0641 0098 ?TFB 9
A=0000000000000000 B=0000000000030000 C=0000000000000000 D=0000000000001000 E=0000000000000000
FA=0000 [0000000000000000] KR=0100 [0000000100000000] EXT=00 COND=1 IDLE=1 IO=0000000000000000
FB=0840 [0000100001000000] SR=0000 R5=0 ROM=0000.0 PREG=0 RAMOP=- RAMREG=090 ROMOP=- ROMREG=13

0642 1828 BRC 0656 +014
A=0000000000000000 B=0000000000030000 C=0000000000000000 D=0000000000001000 E=0000000000000000
FA=0000 [0000000000000000] KR=0100 [0000000100000000] EXT=00 COND=1 IDLE=1 IO=0000000000000000
FB=0840 [0000100001000000] SR=0000 R5=0 ROM=0000.0 PREG=0 RAMOP=- RAMREG=090 ROMOP=- ROMREG=13

0656 0AE0 WAIT D14
A=0000000000000000 B=0000000000030000 C=0000000000000000 D=0000000000001000 E=0000000000000000
FA=0000 [0000000000000000] KR=0100 [0000000100000000] EXT=00 COND=1 IDLE=1 IO=0000000000000000
FB=0840 [0000100001000000] SR=0000 R5=0 ROM=0000.0 PREG=0 RAMOP=- RAMREG=090 ROMOP=- ROMREG=13

0657 0820 ?KEY 20
A=0000000000000000 B=0000000000030000 C=0000000000000000 D=0000000000001000 E=0000000000000000
FA=0000 [0000000000000000] KR=0100 [0000000100000000] EXT=00 COND=1 IDLE=1 IO=0000000000000000
FB=0840 [0000100001000000] SR=0000 R5=0 ROM=0000.0 PREG=0 RAMOP=- RAMREG=090 ROMOP=- ROMREG=13

0658 1839 BRC 063C -01C
A=0000000000000000 B=0000000000030000 C=0000000000000000 D=0000000000001000 E=0000000000000000
FA=0000 [0000000000000000] KR=0100 [0000000100000000] EXT=00 COND=1 IDLE=1 IO=0000000000000000
FB=0840 [0000100001000000] SR=0000 R5=0 ROM=0000.0 PREG=0 RAMOP=- RAMREG=090 ROMOP=- ROMREG=13

063C 00C8 ?TFB 12
A=0000000000000000 B=0000000000030000 C=0000000000000000 D=0000000000001000 E=0000000000000000
FA=0000 [0000000000000000] KR=0100 [0000000100000000] EXT=00 COND=1 IDLE=1 IO=0000000000000000
FB=0840 [0000100001000000] SR=0000 R5=0 ROM=0000.0 PREG=0 RAMOP=- RAMREG=090 ROMOP=- ROMREG=13

063D 00A8 ?TFB 10
A=0000000000000000 B=0000000000030000 C=0000000000000000 D=0000000000001000 E=0000000000000000
FA=0000 [0000000000000000] KR=0100 [0000000100000000] EXT=00 COND=1 IDLE=1 IO=0000000000000000
FB=0840 [0000100001000000] SR=0000 R5=0 ROM=0000.0 PREG=0 RAMOP=- RAMREG=090 ROMOP=- ROMREG=13

063E 0AB0 WAIT D11
A=0000000000000000 B=0000000000030000 C=0000000000000000 D=0000000000001000 E=0000000000000000
FA=0000 [0000000000000000] KR=0100 [0000000100000000] EXT=00 COND=1 IDLE=1 IO=0000000000000000
FB=0840 [0000100001000000] SR=0000 R5=0 ROM=0000.0 PREG=0 RAMOP=- RAMREG=090 ROMOP=- ROMREG=13

063F 0A0B ?BUSY
A=0000000000000000 B=0000000000030000 C=0000000000000000 D=0000000000001000 E=0000000000000000
FA=0000 [0000000000000000] KR=0100 [0000000100000000] EXT=00 COND=1 IDLE=1 IO=0000000000000000
FB=0840 [0000100001000000] SR=0000 R5=0 ROM=0000.0 PREG=0 RAMOP=- RAMREG=090 ROMOP=- ROMREG=13

0640 1BCF BRC 0459 -1E7
A=0000000000000000 B=0000000000030000 C=0000000000000000 D=0000000000001000 E=0000000000000000
FA=0000 [0000000000000000] KR=0100 [0000000100000000] EXT=00 COND=1 IDLE=1 IO=0000000000000000
FB=0840 [0000100001000000] SR=0000 R5=0 ROM=0000.0 PREG=0 RAMOP=- RAMREG=090 ROMOP=- ROMREG=13

0459 0A80 WAIT D8
A=0000000000000000 B=0000000000030000 C=0000000000000000 D=0000000000001000 E=0000000000000000
FA=0000 [0000000000000000] KR=0100 [0000000100000000] EXT=00 COND=1 IDLE=1 IO=0000000000000000
FB=0840 [0000100001000000] SR=0000 R5=0 ROM=0000.0 PREG=0 RAMOP=- RAMREG=090 ROMOP=- ROMREG=13

045A 0A0B ?BUSY
A=0000000000000000 B=0000000000030000 C=0000000000000000 D=0000000000001000 E=0000000000000000
FA=0000 [0000000000000000] KR=0100 [0000000100000000] EXT=00 COND=1 IDLE=1 IO=0000000000000000
FB=0840 [0000100001000000] SR=0000 R5=0 ROM=0000.0 PREG=0 RAMOP=- RAMREG=090 ROMOP=- ROMREG=13

045B 13CC BRNC 0641 +1E6
A=0000000000000000 B=0000000000030000 C=0000000000000000 D=0000000000001000 E=0000000000000000
FA=0000 [0000000000000000] KR=0100 [0000000100000000] EXT=00 COND=0 IDLE=1 IO=0000000000000000
FB=0840 [0000100001000000] SR=0000 R5=0 ROM=0000.0 PREG=0 RAMOP=- RAMREG=090 ROMOP=- ROMREG=13

0641 0098 ?TFB 9
A=0000000000000000 B=0000000000030000 C=0000000000000000 D=0000000000001000 E=0000000000000000
FA=0000 [0000000000000000] KR=0100 [0000000100000000] EXT=00 COND=1 IDLE=1 IO=0000000000000000
FB=0840 [0000100001000000] SR=0000 R5=0 ROM=0000.0 PREG=0 RAMOP=- RAMREG=090 ROMOP=- ROMREG=13

0642 1828 BRC 0656 +014
A=0000000000000000 B=0000000000030000 C=0000000000000000 D=0000000000001000 E=0000000000000000
FA=0000 [0000000000000000] KR=0100 [0000000100000000] EXT=00 COND=1 IDLE=1 IO=0000000000000000
FB=0840 [0000100001000000] SR=0000 R5=0 ROM=0000.0 PREG=0 RAMOP=- RAMREG=090 ROMOP=- ROMREG=13

0656 0AE0 WAIT D14
A=0000000000000000 B=0000000000030000 C=0000000000000000 D=0000000000001000 E=0000000000000000
FA=0000 [0000000000000000] KR=0100 [0000000100000000] EXT=00 COND=1 IDLE=1 IO=0000000000000000
FB=0840 [0000100001000000] SR=0000 R5=0 ROM=0000.0 PREG=0 RAMOP=- RAMREG=090 ROMOP=- ROMREG=13

0657 0820 ?KEY 20
A=0000000000000000 B=0000000000030000 C=0000000000000000 D=0000000000001000 E=0000000000000000
FA=0000 [0000000000000000] KR=0100 [0000000100000000] EXT=00 COND=1 IDLE=1 IO=0000000000000000
FB=0840 [0000100001000000] SR=0000 R5=0 ROM=0000.0 PREG=0 RAMOP=- RAMREG=090 ROMOP=- ROMREG=13

0658 1839 BRC 063C -01C
A=0000000000000000 B=0000000000030000 C=0000000000000000 D=0000000000001000 E=0000000000000000
FA=0000 [0000000000000000] KR=0100 [0000000100000000] EXT=00 COND=1 IDLE=1 IO=0000000000000000
FB=0840 [0000100001000000] SR=0000 R5=0 ROM=0000.0 PREG=0 RAMOP=- RAMREG=090 ROMOP=- ROMREG=13

063C 00C8 ?TFB 12
A=0000000000000000 B=0000000000030000 C=0000000000000000 D=0000000000001000 E=0000000000000000
FA=0000 [0000000000000000] KR=0100 [0000000100000000] EXT=00 COND=1 IDLE=1 IO=0000000000000000
FB=0840 [0000100001000000] SR=0000 R5=0 ROM=0000.0 PREG=0 RAMOP=- RAMREG=090 ROMOP=- ROMREG=13

063D 00A8 ?TFB 10
A=0000000000000000 B=0000000000030000 C=0000000000000000 D=0000000000001000 E=0000000000000000
FA=0000 [0000000000000000] KR=0100 [0000000100000000] EXT=00 COND=1 IDLE=1 IO=0000000000000000
FB=0840 [0000100001000000] SR=0000 R5=0 ROM=0000.0 PREG=0 RAMOP=- RAMREG=090 ROMOP=- ROMREG=13

063E 0AB0 WAIT D11
A=0000000000000000 B=0000000000030000 C=0000000000000000 D=0000000000001000 E=0000000000000000
FA=0000 [0000000000000000] KR=0100 [0000000100000000] EXT=00 COND=1 IDLE=1 IO=0000000000000000
FB=0840 [0000100001000000] SR=0000 R5=0 ROM=0000.0 PREG=0 RAMOP=- RAMREG=090 ROMOP=- ROMREG=13

063F 0A0B ?BUSY
A=0000000000000000 B=0000000000030000 C=0000000000000000 D=0000000000001000 E=0000000000000000
FA=0000 [0000000000000000] KR=0100 [0000000100000000] EXT=00 COND=1 IDLE=1 IO=0000000000000000
FB=0840 [0000100001000000] SR=0000 R5=0 ROM=0000.0 PREG=0 RAMOP=- RAMREG=090 ROMOP=- ROMREG=13

0640 1BCF BRC 0459 -1E7
A=0000000000000000 B=0000000000030000 C=0000000000000000 D=0000000000001000 E=0000000000000000
FA=0000 [0000000000000000] KR=0100 [0000000100000000] EXT=00 COND=1 IDLE=1 IO=0000000000000000
FB=0840 [0000100001000000] SR=0000 R5=0 ROM=0000.0 PREG=0 RAMOP=- RAMREG=090 ROMOP=- ROMREG=13

0459 0A80 WAIT D8
A=0000000000000000 B=0000000000030000 C=0000000000000000 D=0000000000001000 E=0000000000000000
FA=0000 [0000000000000000] KR=0100 [0000000100000000] EXT=00 COND=1 IDLE=1 IO=0000000000000000
FB=0840 [0000100001000000] SR=0000 R5=0 ROM=0000.0 PREG=0 RAMOP=- RAMREG=090 ROMOP=- ROMREG=13

045A 0A0B ?BUSY
A=0000000000000000 B=0000000000030000 C=0000000000000000 D=0000000000001000 E=0000000000000000
FA=0000 [0000000000000000] KR=0100 [0000000100000000] EXT=00 COND=1 IDLE=1 IO=0000000000000000
FB=0840 [0000100001000000] SR=0000 R5=0 ROM=0000.0 PREG=0 RAMOP=- RAMREG=090 ROMOP=- ROMREG=13

045B 13CC BRNC 0641 +1E6
A=0000000000000000 B=0000000000030000 C=0000000000000000 D=0000000000001000 E=0000000000000000
FA=0000 [0000000000000000] KR=0100 [0000000100000000] EXT=00 COND=0 IDLE=1 IO=0000000000000000
FB=0840 [0000100001000000] SR=0000 R5=0 ROM=0000.0 PREG=0 RAMOP=- RAMREG=090 ROMOP=- ROMREG=13

0641 0098 ?TFB 9
A=0000000000000000 B=0000000000030000 C=0000000000000000 D=0000000000001000 E=0000000000000000
FA=0000 [0000000000000000] KR=0100 [0000000100000000] EXT=00 COND=1 IDLE=1 IO=0000000000000000
FB=0840 [0000100001000000] SR=0000 R5=0 ROM=0000.0 PREG=0 RAMOP=- RAMREG=090 ROMOP=- ROMREG=13

0642 1828 BRC 0656 +014
A=0000000000000000 B=0000000000030000 C=0000000000000000 D=0000000000001000 E=0000000000000000
FA=0000 [0000000000000000] KR=0100 [0000000100000000] EXT=00 COND=1 IDLE=1 IO=0000000000000000
FB=0840 [0000100001000000] SR=0000 R5=0 ROM=0000.0 PREG=0 RAMOP=- RAMREG=090 ROMOP=- ROMREG=13

0656 0AE0 WAIT D14
A=0000000000000000 B=0000000000030000 C=0000000000000000 D=0000000000001000 E=0000000000000000
FA=0000 [0000000000000000] KR=0100 [0000000100000000] EXT=00 COND=1 IDLE=1 IO=0000000000000000
FB=0840 [0000100001000000] SR=0000 R5=0 ROM=0000.0 PREG=0 RAMOP=- RAMREG=090 ROMOP=- ROMREG=13

0657 0820 ?KEY 20
A=0000000000000000 B=0000000000030000 C=0000000000000000 D=0000000000001000 E=0000000000000000
FA=0000 [0000000000000000] KR=0100 [0000000100000000] EXT=00 COND=1 IDLE=1 IO=0000000000000000
FB=0840 [0000100001000000] SR=0000 R5=0 ROM=0000.0 PREG=0 RAMOP=- RAMREG=090 ROMOP=- ROMREG=13

0658 1839 BRC 063C -01C
A=0000000000000000 B=0000000000030000 C=0000000000000000 D=0000000000001000 E=0000000000000000
FA=0000 [0000000000000000] KR=0100 [0000000100000000] EXT=00 COND=1 IDLE=1 IO=0000000000000000
FB=0840 [0000100001000000] SR=0000 R5=0 ROM=0000.0 PREG=0 RAMOP=- RAMREG=090 ROMOP=- ROMREG=13

063C 00C8 ?TFB 12
A=0000000000000000 B=0000000000030000 C=0000000000000000 D=0000000000001000 E=0000000000000000
FA=0000 [0000000000000000] KR=0100 [0000000100000000] EXT=00 COND=1 IDLE=1 IO=0000000000000000
FB=0840 [0000100001000000] SR=0000 R5=0 ROM=0000.0 PREG=0 RAMOP=- RAMREG=090 ROMOP=- ROMREG=13

063D 00A8 ?TFB 10
A=0000000000000000 B=0000000000030000 C=0000000000000000 D=0000000000001000 E=0000000000000000
FA=0000 [0000000000000000] KR=0100 [0000000100000000] EXT=00 COND=1 IDLE=1 IO=0000000000000000
FB=0840 [0000100001000000] SR=0000 R5=0 ROM=0000.0 PREG=0 RAMOP=- RAMREG=090 ROMOP=- ROMREG=13

063E 0AB0 WAIT D11
A=0000000000000000 B=0000000000030000 C=0000000000000000 D=0000000000001000 E=0000000000000000
FA=0000 [0000000000000000] KR=0100 [0000000100000000] EXT=00 COND=1 IDLE=1 IO=0000000000000000
FB=0840 [0000100001000000] SR=0000 R5=0 ROM=0000.0 PREG=0 RAMOP=- RAMREG=090 ROMOP=- ROMREG=13

063F 0A0B ?BUSY
A=0000000000000000 B=0000000000030000 C=0000000000000000 D=0000000000001000 E=0000000000000000
FA=0000 [0000000000000000] KR=0100 [0000000100000000] EXT=00 COND=1 IDLE=1 IO=0000000000000000
FB=0840 [0000100001000000] SR=0000 R5=0 ROM=0000.0 PREG=0 RAMOP=- RAMREG=090 ROMOP=- ROMREG=13

0640 1BCF BRC 0459 -1E7
A=0000000000000000 B=0000000000030000 C=0000000000000000 D=0000000000001000 E=0000000000000000
FA=0000 [0000000000000000] KR=0100 [0000000100000000] EXT=00 COND=1 IDLE=1 IO=0000000000000000
FB=0840 [0000100001000000] SR=0000 R5=0 ROM=0000.0 PREG=0 RAMOP=- RAMREG=090 ROMOP=- ROMREG=13

0459 0A80 WAIT D8
A=0000000000000000 B=0000000000030000 C=0000000000000000 D=0000000000001000 E=0000000000000000
FA=0000 [0000000000000000] KR=0100 [0000000100000000] EXT=00 COND=1 IDLE=1 IO=0000000000000000
FB=0840 [0000100001000000] SR=0000 R5=0 ROM=0000.0 PREG=0 RAMOP=- RAMREG=090 ROMOP=- ROMREG=13

045A 0A0B ?BUSY
A=0000000000000000 B=0000000000030000 C=0000000000000000 D=0000000000001000 E=0000000000000000
FA=0000 [0000000000000000] KR=0100 [0000000100000000] EXT=00 COND=1 IDLE=1 IO=0000000000000000
FB=0840 [0000100001000000] SR=0000 R5=0 ROM=0000.0 PREG=0 RAMOP=- RAMREG=090 ROMOP=- ROMREG=13

045B 13CC BRNC 0641 +1E6
A=0000000000000000 B=0000000000030000 C=0000000000000000 D=0000000000001000 E=0000000000000000
FA=0000 [0000000000000000] KR=0100 [0000000100000000] EXT=00 COND=0 IDLE=1 IO=0000000000000000
FB=0840 [0000100001000000] SR=0000 R5=0 ROM=0000.0 PREG=0 RAMOP=- RAMREG=090 ROMOP=- ROMREG=13

0641 0098 ?TFB 9
A=0000000000000000 B=0000000000030000 C=0000000000000000 D=0000000000001000 E=0000000000000000
FA=0000 [0000000000000000] KR=0100 [0000000100000000] EXT=00 COND=1 IDLE=1 IO=0000000000000000
FB=0840 [0000100001000000] SR=0000 R5=0 ROM=0000.0 PREG=0 RAMOP=- RAMREG=090 ROMOP=- ROMREG=13

0642 1828 BRC 0656 +014
A=0000000000000000 B=0000000000030000 C=0000000000000000 D=0000000000001000 E=0000000000000000
FA=0000 [0000000000000000] KR=0100 [0000000100000000] EXT=00 COND=1 IDLE=1 IO=0000000000000000
FB=0840 [0000100001000000] SR=0000 R5=0 ROM=0000.0 PREG=0 RAMOP=- RAMREG=090 ROMOP=- ROMREG=13

0656 0AE0 WAIT D14
A=0000000000000000 B=0000000000030000 C=0000000000000000 D=0000000000001000 E=0000000000000000
FA=0000 [0000000000000000] KR=0100 [0000000100000000] EXT=00 COND=1 IDLE=1 IO=0000000000000000
FB=0840 [0000100001000000] SR=0000 R5=0 ROM=0000.0 PREG=0 RAMOP=- RAMREG=090 ROMOP=- ROMREG=13

0657 0820 ?KEY 20
A=0000000000000000 B=0000000000030000 C=0000000000000000 D=0000000000001000 E=0000000000000000
FA=0000 [0000000000000000] KR=0100 [0000000100000000] EXT=00 COND=1 IDLE=1 IO=0000000000000000
FB=0840 [0000100001000000] SR=0000 R5=0 ROM=0000.0 PREG=0 RAMOP=- RAMREG=090 ROMOP=- ROMREG=13

0658 1839 BRC 063C -01C
A=0000000000000000 B=0000000000030000 C=0000000000000000 D=0000000000001000 E=0000000000000000
FA=0000 [0000000000000000] KR=0100 [0000000100000000] EXT=00 COND=1 IDLE=1 IO=0000000000000000
FB=0840 [0000100001000000] SR=0000 R5=0 ROM=0000.0 PREG=0 RAMOP=- RAMREG=090 ROMOP=- ROMREG=13

063C 00C8 ?TFB 12
A=0000000000000000 B=0000000000030000 C=0000000000000000 D=0000000000001000 E=0000000000000000
FA=0000 [0000000000000000] KR=0100 [0000000100000000] EXT=00 COND=1 IDLE=1 IO=0000000000000000
FB=0840 [0000100001000000] SR=0000 R5=0 ROM=0000.0 PREG=0 RAMOP=- RAMREG=090 ROMOP=- ROMREG=13

063D 00A8 ?TFB 10
A=0000000000000000 B=0000000000030000 C=0000000000000000 D=0000000000001000 E=0000000000000000
FA=0000 [0000000000000000] KR=0100 [0000000100000000] EXT=00 COND=1 IDLE=1 IO=0000000000000000
FB=0840 [0000100001000000] SR=0000 R5=0 ROM=0000.0 PREG=0 RAMOP=- RAMREG=090 ROMOP=- ROMREG=13

063E 0AB0 WAIT D11
A=0000000000000000 B=0000000000030000 C=0000000000000000 D=0000000000001000 E=0000000000000000
FA=0000 [0000000000000000] KR=0100 [0000000100000000] EXT=00 COND=1 IDLE=1 IO=0000000000000000
FB=0840 [0000100001000000] SR=0000 R5=0 ROM=0000.0 PREG=0 RAMOP=- RAMREG=090 ROMOP=- ROMREG=13

063F 0A0B ?BUSY
A=0000000000000000 B=0000000000030000 C=0000000000000000 D=0000000000001000 E=0000000000000000
FA=0000 [0000000000000000] KR=0100 [0000000100000000] EXT=00 COND=1 IDLE=1 IO=0000000000000000
FB=0840 [0000100001000000] SR=0000 R5=0 ROM=0000.0 PREG=0 RAMOP=- RAMREG=090 ROMOP=- ROMREG=13

0640 1BCF BRC 0459 -1E7
A=0000000000000000 B=0000000000030000 C=0000000000000000 D=0000000000001000 E=0000000000000000
FA=0000 [0000000000000000] KR=0100 [0000000100000000] EXT=00 COND=1 IDLE=1 IO=0000000000000000
FB=0840 [0000100001000000] SR=0000 R5=0 ROM=0000.0 PREG=0 RAMOP=- RAMREG=090 ROMOP=- ROMREG=13

0459 0A80 WAIT D8
A=0000000000000000 B=0000000000030000 C=0000000000000000 D=0000000000001000 E=0000000000000000
FA=0000 [0000000000000000] KR=0100 [0000000100000000] EXT=00 COND=1 IDLE=1 IO=0000000000000000
FB=0840 [0000100001000000] SR=0000 R5=0 ROM=0000.0 PREG=0 RAMOP=- RAMREG=090 ROMOP=- ROMREG=13

045A 0A0B ?BUSY
A=0000000000000000 B=0000000000030000 C=0000000000000000 D=0000000000001000 E=0000000000000000
FA=0000 [0000000000000000] KR=0100 [0000000100000000] EXT=00 COND=1 IDLE=1 IO=0000000000000000
FB=0840 [0000100001000000] SR=0000 R5=0 ROM=0000.0 PREG=0 RAMOP=- RAMREG=090 ROMOP=- ROMREG=13

045B 13CC BRNC 0641 +1E6
A=0000000000000000 B=0000000000030000 C=0000000000000000 D=0000000000001000 E=0000000000000000
FA=0000 [0000000000000000] KR=0100 [0000000100000000] EXT=00 COND=0 IDLE=1 IO=0000000000000000
FB=0840 [0000100001000000] SR=0000 R5=0 ROM=0000.0 PREG=0 RAMOP=- RAMREG=090 ROMOP=- ROMREG=13

0641 0098 ?TFB 9
A=0000000000000000 B=0000000000030000 C=0000000000000000 D=0000000000001000 E=0000000000000000
FA=0000 [0000000000000000] KR=0100 [0000000100000000] EXT=00 COND=1 IDLE=1 IO=0000000000000000
FB=0840 [0000100001000000] SR=0000 R5=0 ROM=0000.0 PREG=0 RAMOP=- RAMREG=090 ROMOP=- ROMREG=13

0642 1828 BRC 0656 +014
A=0000000000000000 B=0000000000030000 C=0000000000000000 D=0000000000001000 E=0000000000000000
FA=0000 [0000000000000000] KR=0100 [0000000100000000] EXT=00 COND=1 IDLE=1 IO=0000000000000000
FB=0840 [0000100001000000] SR=0000 R5=0 ROM=0000.0 PREG=0 RAMOP=- RAMREG=090 ROMOP=- ROMREG=13

0656 0AE0 WAIT D14
A=0000000000000000 B=0000000000030000 C=0000000000000000 D=0000000000001000 E=0000000000000000
FA=0000 [0000000000000000] KR=0100 [0000000100000000] EXT=00 COND=1 IDLE=1 IO=0000000000000000
FB=0840 [0000100001000000] SR=0000 R5=0 ROM=0000.0 PREG=0 RAMOP=- RAMREG=090 ROMOP=- ROMREG=13

0657 0820 ?KEY 20
A=0000000000000000 B=0000000000030000 C=0000000000000000 D=0000000000001000 E=0000000000000000
FA=0000 [0000000000000000] KR=0100 [0000000100000000] EXT=00 COND=1 IDLE=1 IO=0000000000000000
FB=0840 [0000100001000000] SR=0000 R5=0 ROM=0000.0 PREG=0 RAMOP=- RAMREG=090 ROMOP=- ROMREG=13

0658 1839 BRC 063C -01C
A=0000000000000000 B=0000000000030000 C=0000000000000000 D=0000000000001000 E=0000000000000000
FA=0000 [0000000000000000] KR=0100 [0000000100000000] EXT=00 COND=1 IDLE=1 IO=0000000000000000
FB=0840 [0000100001000000] SR=0000 R5=0 ROM=0000.0 PREG=0 RAMOP=- RAMREG=090 ROMOP=- ROMREG=13

063C 00C8 ?TFB 12
A=0000000000000000 B=0000000000030000 C=0000000000000000 D=0000000000001000 E=0000000000000000
FA=0000 [0000000000000000] KR=0100 [0000000100000000] EXT=00 COND=1 IDLE=1 IO=0000000000000000
FB=0840 [0000100001000000] SR=0000 R5=0 ROM=0000.0 PREG=0 RAMOP=- RAMREG=090 ROMOP=- ROMREG=13

063D 00A8 ?TFB 10
A=0000000000000000 B=0000000000030000 C=0000000000000000 D=0000000000001000 E=0000000000000000
FA=0000 [0000000000000000] KR=0100 [0000000100000000] EXT=00 COND=1 IDLE=1 IO=0000000000000000
FB=0840 [0000100001000000] SR=0000 R5=0 ROM=0000.0 PREG=0 RAMOP=- RAMREG=090 ROMOP=- ROMREG=13

063E 0AB0 WAIT D11
A=0000000000000000 B=0000000000030000 C=0000000000000000 D=0000000000001000 E=0000000000000000
FA=0000 [0000000000000000] KR=0100 [0000000100000000] EXT=00 COND=1 IDLE=1 IO=0000000000000000
FB=0840 [0000100001000000] SR=0000 R5=0 ROM=0000.0 PREG=0 RAMOP=- RAMREG=090 ROMOP=- ROMREG=13

063F 0A0B ?BUSY
A=0000000000000000 B=0000000000030000 C=0000000000000000 D=0000000000001000 E=0000000000000000
FA=0000 [0000000000000000] KR=0100 [0000000100000000] EXT=00 COND=1 IDLE=1 IO=0000000000000000
FB=0840 [0000100001000000] SR=0000 R5=0 ROM=0000.0 PREG=0 RAMOP=- RAMREG=090 ROMOP=- ROMREG=13

0640 1BCF BRC 0459 -1E7
A=0000000000000000 B=0000000000030000 C=0000000000000000 D=0000000000001000 E=0000000000000000
FA=0000 [0000000000000000] KR=0100 [0000000100000000] EXT=00 COND=1 IDLE=1 IO=0000000000000000
FB=0840 [0000100001000000] SR=0000 R5=0 ROM=0000.0 PREG=0 RAMOP=- RAMREG=090 ROMOP=- ROMREG=13

0459 0A80 WAIT D8
A=0000000000000000 B=0000000000030000 C=0000000000000000 D=0000000000001000 E=0000000000000000
FA=0000 [0000000000000000] KR=0100 [0000000100000000] EXT=00 COND=1 IDLE=1 IO=0000000000000000
FB=0840 [0000100001000000] SR=0000 R5=0 ROM=0000.0 PREG=0 RAMOP=- RAMREG=090 ROMOP=- ROMREG=13

045A 0A0B ?BUSY
A=0000000000000000 B=0000000000030000 C=0000000000000000 D=0000000000001000 E=0000000000000000
FA=0000 [0000000000000000] KR=0100 [0000000100000000] EXT=00 COND=1 IDLE=1 IO=0000000000000000
FB=0840 [0000100001000000] SR=0000 R5=0 ROM=0000.0 PREG=0 RAMOP=- RAMREG=090 ROMOP=- ROMREG=13

045B 13CC BRNC 0641 +1E6
A=0000000000000000 B=0000000000030000 C=0000000000000000 D=0000000000001000 E=0000000000000000
FA=0000 [0000000000000000] KR=0100 [0000000100000000] EXT=00 COND=0 IDLE=1 IO=0000000000000000
FB=0840 [0000100001000000] SR=0000 R5=0 ROM=0000.0 PREG=0 RAMOP=- RAMREG=090 ROMOP=- ROMREG=13

0641 0098 ?TFB 9
A=0000000000000000 B=0000000000030000 C=0000000000000000 D=0000000000001000 E=0000000000000000
FA=0000 [0000000000000000] KR=0100 [0000000100000000] EXT=00 COND=1 IDLE=1 IO=0000000000000000
FB=0840 [0000100001000000] SR=0000 R5=0 ROM=0000.0 PREG=0 RAMOP=- RAMREG=090 ROMOP=- ROMREG=13

0642 1828 BRC 0656 +014
A=0000000000000000 B=0000000000030000 C=0000000000000000 D=0000000000001000 E=0000000000000000
FA=0000 [0000000000000000] KR=0100 [0000000100000000] EXT=00 COND=1 IDLE=1 IO=0000000000000000
FB=0840 [0000100001000000] SR=0000 R5=0 ROM=0000.0 PREG=0 RAMOP=- RAMREG=090 ROMOP=- ROMREG=13

0656 0AE0 WAIT D14
A=0000000000000000 B=0000000000030000 C=0000000000000000 D=0000000000001000 E=0000000000000000
FA=0000 [0000000000000000] KR=0100 [0000000100000000] EXT=00 COND=1 IDLE=1 IO=0000000000000000
FB=0840 [0000100001000000] SR=0000 R5=0 ROM=0000.0 PREG=0 RAMOP=- RAMREG=090 ROMOP=- ROMREG=13

0657 0820 ?KEY 20
A=0000000000000000 B=0000000000030000 C=0000000000000000 D=0000000000001000 E=0000000000000000
FA=0000 [0000000000000000] KR=0100 [0000000100000000] EXT=00 COND=1 IDLE=1 IO=0000000000000000
FB=0840 [0000100001000000] SR=0000 R5=0 ROM=0000.0 PREG=0 RAMOP=- RAMREG=090 ROMOP=- ROMREG=13

0658 1839 BRC 063C -01C
A=0000000000000000 B=0000000000030000 C=0000000000000000 D=0000000000001000 E=0000000000000000
FA=0000 [0000000000000000] KR=0100 [0000000100000000] EXT=00 COND=1 IDLE=1 IO=0000000000000000
FB=0840 [0000100001000000] SR=0000 R5=0 ROM=0000.0 PREG=0 RAMOP=- RAMREG=090 ROMOP=- ROMREG=13

063C 00C8 ?TFB 12
A=0000000000000000 B=0000000000030000 C=0000000000000000 D=0000000000001000 E=0000000000000000
FA=0000 [0000000000000000] KR=0100 [0000000100000000] EXT=00 COND=1 IDLE=1 IO=0000000000000000
FB=0840 [0000100001000000] SR=0000 R5=0 ROM=0000.0 PREG=0 RAMOP=- RAMREG=090 ROMOP=- ROMREG=13

063D 00A8 ?TFB 10
A=0000000000000000 B=0000000000030000 C=0000000000000000 D=0000000000001000 E=0000000000000000
FA=0000 [0000000000000000] KR=0100 [0000000100000000] EXT=00 COND=1 IDLE=1 IO=0000000000000000
FB=0840 [0000100001000000] SR=0000 R5=0 ROM=0000.0 PREG=0 RAMOP=- RAMREG=090 ROMOP=- ROMREG=13

063E 0AB0 WAIT D11
A=0000000000000000 B=0000000000030000 C=0000000000000000 D=0000000000001000 E=0000000000000000
FA=0000 [0000000000000000] KR=0100 [0000000100000000] EXT=00 COND=1 IDLE=1 IO=0000000000000000
FB=0840 [0000100001000000] SR=0000 R5=0 ROM=0000.0 PREG=0 RAMOP=- RAMREG=090 ROMOP=- ROMREG=13

063F 0A0B ?BUSY
A=0000000000000000 B=0000000000030000 C=0000000000000000 D=0000000000001000 E=0000000000000000
FA=0000 [0000000000000000] KR=0100 [0000000100000000] EXT=00 COND=1 IDLE=1 IO=0000000000000000
FB=0840 [0000100001000000] SR=0000 R5=0 ROM=0000.0 PREG=0 RAMOP=- RAMREG=090 ROMOP=- ROMREG=13

0640 1BCF BRC 0459 -1E7
A=0000000000000000 B=0000000000030000 C=0000000000000000 D=0000000000001000 E=0000000000000000
FA=0000 [0000000000000000] KR=0100 [0000000100000000] EXT=00 COND=1 IDLE=1 IO=0000000000000000
FB=0840 [0000100001000000] SR=0000 R5=0 ROM=0000.0 PREG=0 RAMOP=- RAMREG=090 ROMOP=- ROMREG=13

0459 0A80 WAIT D8
A=0000000000000000 B=0000000000030000 C=0000000000000000 D=0000000000001000 E=0000000000000000
FA=0000 [0000000000000000] KR=0100 [0000000100000000] EXT=00 COND=1 IDLE=1 IO=0000000000000000
FB=0840 [0000100001000000] SR=0000 R5=0 ROM=0000.0 PREG=0 RAMOP=- RAMREG=090 ROMOP=- ROMREG=13

045A 0A0B ?BUSY
A=0000000000000000 B=0000000000030000 C=0000000000000000 D=0000000000001000 E=0000000000000000
FA=0000 [0000000000000000] KR=0100 [0000000100000000] EXT=00 COND=1 IDLE=1 IO=0000000000000000
FB=0840 [0000100001000000] SR=0000 R5=0 ROM=0000.0 PREG=0 RAMOP=- RAMREG=090 ROMOP=- ROMREG=13

045B 13CC BRNC 0641 +1E6
A=0000000000000000 B=0000000000030000 C=0000000000000000 D=0000000000001000 E=0000000000000000
FA=0000 [0000000000000000] KR=0100 [0000000100000000] EXT=00 COND=0 IDLE=1 IO=0000000000000000
FB=0840 [0000100001000000] SR=0000 R5=0 ROM=0000.0 PREG=0 RAMOP=- RAMREG=090 ROMOP=- ROMREG=13

0641 0098 ?TFB 9
A=0000000000000000 B=0000000000030000 C=0000000000000000 D=0000000000001000 E=0000000000000000
FA=0000 [0000000000000000] KR=0100 [0000000100000000] EXT=00 COND=1 IDLE=1 IO=0000000000000000
FB=0840 [0000100001000000] SR=0000 R5=0 ROM=0000.0 PREG=0 RAMOP=- RAMREG=090 ROMOP=- ROMREG=13

0642 1828 BRC 0656 +014
A=0000000000000000 B=0000000000030000 C=0000000000000000 D=0000000000001000 E=0000000000000000
FA=0000 [0000000000000000] KR=0100 [0000000100000000] EXT=00 COND=1 IDLE=1 IO=0000000000000000
FB=0840 [0000100001000000] SR=0000 R5=0 ROM=0000.0 PREG=0 RAMOP=- RAMREG=090 ROMOP=- ROMREG=13

0656 0AE0 WAIT D14
A=0000000000000000 B=0000000000030000 C=0000000000000000 D=0000000000001000 E=0000000000000000
FA=0000 [0000000000000000] KR=0100 [0000000100000000] EXT=00 COND=1 IDLE=1 IO=0000000000000000
FB=0840 [0000100001000000] SR=0000 R5=0 ROM=0000.0 PREG=0 RAMOP=- RAMREG=090 ROMOP=- ROMREG=13

0657 0820 ?KEY 20
A=0000000000000000 B=0000000000030000 C=0000000000000000 D=0000000000001000 E=0000000000000000
FA=0000 [0000000000000000] KR=0100 [0000000100000000] EXT=00 COND=1 IDLE=1 IO=0000000000000000
FB=0840 [0000100001000000] SR=0000 R5=0 ROM=0000.0 PREG=0 RAMOP=- RAMREG=090 ROMOP=- ROMREG=13

0658 1839 BRC 063C -01C
A=0000000000000000 B=0000000000030000 C=0000000000000000 D=0000000000001000 E=0000000000000000
FA=0000 [0000000000000000] KR=0100 [0000000100000000] EXT=00 COND=1 IDLE=1 IO=0000000000000000
FB=0840 [0000100001000000] SR=0000 R5=0 ROM=0000.0 PREG=0 RAMOP=- RAMREG=090 ROMOP=- ROMREG=13

063C 00C8 ?TFB 12
A=0000000000000000 B=0000000000030000 C=0000000000000000 D=0000000000001000 E=0000000000000000
FA=0000 [0000000000000000] KR=0100 [0000000100000000] EXT=00 COND=1 IDLE=1 IO=0000000000000000
FB=0840 [0000100001000000] SR=0000 R5=0 ROM=0000.0 PREG=0 RAMOP=- RAMREG=090 ROMOP=- ROMREG=13

063D 00A8 ?TFB 10
A=0000000000000000 B=0000000000030000 C=0000000000000000 D=0000000000001000 E=0000000000000000
FA=0000 [0000000000000000] KR=0100 [0000000100000000] EXT=00 COND=1 IDLE=1 IO=0000000000000000
FB=0840 [0000100001000000] SR=0000 R5=0 ROM=0000.0 PREG=0 RAMOP=- RAMREG=090 ROMOP=- ROMREG=13

063E 0AB0 WAIT D11
A=0000000000000000 B=0000000000030000 C=0000000000000000 D=0000000000001000 E=0000000000000000
FA=0000 [0000000000000000] KR=0100 [0000000100000000] EXT=00 COND=1 IDLE=1 IO=0000000000000000
FB=0840 [0000100001000000] SR=0000 R5=0 ROM=0000.0 PREG=0 RAMOP=- RAMREG=090 ROMOP=- ROMREG=13

063F 0A0B ?BUSY
A=0000000000000000 B=0000000000030000 C=0000000000000000 D=0000000000001000 E=0000000000000000
FA=0000 [0000000000000000] KR=0100 [0000000100000000] EXT=00 COND=1 IDLE=1 IO=0000000000000000
FB=0840 [0000100001000000] SR=0000 R5=0 ROM=0000.0 PREG=0 RAMOP=- RAMREG=090 ROMOP=- ROMREG=13

0640 1BCF BRC 0459 -1E7
A=0000000000000000 B=0000000000030000 C=0000000000000000 D=0000000000001000 E=0000000000000000
FA=0000 [0000000000000000] KR=0100 [0000000100000000] EXT=00 COND=1 IDLE=1 IO=0000000000000000
FB=0840 [0000100001000000] SR=0000 R5=0 ROM=0000.0 PREG=0 RAMOP=- RAMREG=090 ROMOP=- ROMREG=13

0459 0A80 WAIT D8
A=0000000000000000 B=0000000000030000 C=0000000000000000 D=0000000000001000 E=0000000000000000
FA=0000 [0000000000000000] KR=0100 [0000000100000000] EXT=00 COND=1 IDLE=1 IO=0000000000000000
FB=0840 [0000100001000000] SR=0000 R5=0 ROM=0000.0 PREG=0 RAMOP=- RAMREG=090 ROMOP=- ROMREG=13

045A 0A0B ?BUSY
A=0000000000000000 B=0000000000030000 C=0000000000000000 D=0000000000001000 E=0000000000000000
FA=0000 [0000000000000000] KR=0100 [0000000100000000] EXT=00 COND=1 IDLE=1 IO=0000000000000000
FB=0840 [0000100001000000] SR=0000 R5=0 ROM=0000.0 PREG=0 RAMOP=- RAMREG=090 ROMOP=- ROMREG=13

045B 13CC BRNC 0641 +1E6
A=0000000000000000 B=0000000000030000 C=0000000000000000 D=0000000000001000 E=0000000000000000
FA=0000 [0000000000000000] KR=0100 [0000000100000000] EXT=00 COND=0 IDLE=1 IO=0000000000000000
FB=0840 [0000100001000000] SR=0000 R5=0 ROM=0000.0 PREG=0 RAMOP=- RAMREG=090 ROMOP=- ROMREG=13

0641 0098 ?TFB 9
A=0000000000000000 B=0000000000030000 C=0000000000000000 D=0000000000001000 E=0000000000000000
FA=0000 [0000000000000000] KR=0100 [0000000100000000] EXT=00 COND=1 IDLE=1 IO=0000000000000000
FB=0840 [0000100001000000] SR=0000 R5=0 ROM=0000.0 PREG=0 RAMOP=- RAMREG=090 ROMOP=- ROMREG=13

0642 1828 BRC 0656 +014
A=0000000000000000 B=0000000000030000 C=0000000000000000 D=0000000000001000 E=0000000000000000
FA=0000 [0000000000000000] KR=0100 [0000000100000000] EXT=00 COND=1 IDLE=1 IO=0000000000000000
FB=0840 [0000100001000000] SR=0000 R5=0 ROM=0000.0 PREG=0 RAMOP=- RAMREG=090 ROMOP=- ROMREG=13

0656 0AE0 WAIT D14
A=0000000000000000 B=0000000000030000 C=0000000000000000 D=0000000000001000 E=0000000000000000
FA=0000 [0000000000000000] KR=0100 [0000000100000000] EXT=00 COND=1 IDLE=1 IO=0000000000000000
FB=0840 [0000100001000000] SR=0000 R5=0 ROM=0000.0 PREG=0 RAMOP=- RAMREG=090 ROMOP=- ROMREG=13

0657 0820 ?KEY 20
A=0000000000000000 B=0000000000030000 C=0000000000000000 D=0000000000001000 E=0000000000000000
FA=0000 [0000000000000000] KR=0100 [0000000100000000] EXT=00 COND=1 IDLE=1 IO=0000000000000000
FB=0840 [0000100001000000] SR=0000 R5=0 ROM=0000.0 PREG=0 RAMOP=- RAMREG=090 ROMOP=- ROMREG=13

0658 1839 BRC 063C -01C
A=0000000000000000 B=0000000000030000 C=0000000000000000 D=0000000000001000 E=0000000000000000
FA=0000 [0000000000000000] KR=0100 [0000000100000000] EXT=00 COND=1 IDLE=1 IO=0000000000000000
FB=0840 [0000100001000000] SR=0000 R5=0 ROM=0000.0 PREG=0 RAMOP=- RAMREG=090 ROMOP=- ROMREG=13

063C 00C8 ?TFB 12
A=0000000000000000 B=0000000000030000 C=0000000000000000 D=0000000000001000 E=0000000000000000
FA=0000 [0000000000000000] KR=0100 [0000000100000000] EXT=00 COND=1 IDLE=1 IO=0000000000000000
FB=0840 [0000100001000000] SR=0000 R5=0 ROM=0000.0 PREG=0 RAMOP=- RAMREG=090 ROMOP=- ROMREG=13

063D 00A8 ?TFB 10
A=0000000000000000 B=0000000000030000 C=0000000000000000 D=0000000000001000 E=0000000000000000
FA=0000 [0000000000000000] KR=0100 [0000000100000000] EXT=00 COND=1 IDLE=1 IO=0000000000000000
FB=0840 [0000100001000000] SR=0000 R5=0 ROM=0000.0 PREG=0 RAMOP=- RAMREG=090 ROMOP=- ROMREG=13

063E 0AB0 WAIT D11
A=0000000000000000 B=0000000000030000 C=0000000000000000 D=0000000000001000 E=0000000000000000
FA=0000 [0000000000000000] KR=0100 [0000000100000000] EXT=00 COND=1 IDLE=1 IO=0000000000000000
FB=0840 [0000100001000000] SR=0000 R5=0 ROM=0000.0 PREG=0 RAMOP=- RAMREG=090 ROMOP=- ROMREG=13

063F 0A0B ?BUSY
A=0000000000000000 B=0000000000030000 C=0000000000000000 D=0000000000001000 E=0000000000000000
FA=0000 [0000000000000000] KR=0100 [0000000100000000] EXT=00 COND=1 IDLE=1 IO=0000000000000000
FB=0840 [0000100001000000] SR=0000 R5=0 ROM=0000.0 PREG=0 RAMOP=- RAMREG=090 ROMOP=- ROMREG=13

0640 1BCF BRC 0459 -1E7
A=0000000000000000 B=0000000000030000 C=0000000000000000 D=0000000000001000 E=0000000000000000
FA=0000 [0000000000000000] KR=0100 [0000000100000000] EXT=00 COND=1 IDLE=1 IO=0000000000000000
FB=0840 [0000100001000000] SR=0000 R5=0 ROM=0000.0 PREG=0 RAMOP=- RAMREG=090 ROMOP=- ROMREG=13

0459 0A80 WAIT D8
A=0000000000000000 B=0000000000030000 C=0000000000000000 D=0000000000001000 E=0000000000000000
FA=0000 [0000000000000000] KR=0100 [0000000100000000] EXT=00 COND=1 IDLE=1 IO=0000000000000000
FB=0840 [0000100001000000] SR=0000 R5=0 ROM=0000.0 PREG=0 RAMOP=- RAMREG=090 ROMOP=- ROMREG=13

045A 0A0B ?BUSY
A=0000000000000000 B=0000000000030000 C=0000000000000000 D=0000000000001000 E=0000000000000000
FA=0000 [0000000000000000] KR=0100 [0000000100000000] EXT=00 COND=1 IDLE=1 IO=0000000000000000
FB=0840 [0000100001000000] SR=0000 R5=0 ROM=0000.0 PREG=0 RAMOP=- RAMREG=090 ROMOP=- ROMREG=13

045B 13CC BRNC 0641 +1E6
A=0000000000000000 B=0000000000030000 C=0000000000000000 D=0000000000001000 E=0000000000000000
FA=0000 [0000000000000000] KR=0100 [0000000100000000] EXT=00 COND=0 IDLE=1 IO=0000000000000000
FB=0840 [0000100001000000] SR=0000 R5=0 ROM=0000.0 PREG=0 RAMOP=- RAMREG=090 ROMOP=- ROMREG=13

0641 0098 ?TFB 9
A=0000000000000000 B=0000000000030000 C=0000000000000000 D=0000000000001000 E=0000000000000000
FA=0000 [0000000000000000] KR=0100 [0000000100000000] EXT=00 COND=1 IDLE=1 IO=0000000000000000
FB=0840 [0000100001000000] SR=0000 R5=0 ROM=0000.0 PREG=0 RAMOP=- RAMREG=090 ROMOP=- ROMREG=13

0642 1828 BRC 0656 +014
A=0000000000000000 B=0000000000030000 C=0000000000000000 D=0000000000001000 E=0000000000000000
FA=0000 [0000000000000000] KR=0100 [0000000100000000] EXT=00 COND=1 IDLE=1 IO=0000000000000000
FB=0840 [0000100001000000] SR=0000 R5=0 ROM=0000.0 PREG=0 RAMOP=- RAMREG=090 ROMOP=- ROMREG=13

0656 0AE0 WAIT D14
A=0000000000000000 B=0000000000030000 C=0000000000000000 D=0000000000001000 E=0000000000000000
FA=0000 [0000000000000000] KR=0100 [0000000100000000] EXT=00 COND=1 IDLE=1 IO=0000000000000000
FB=0840 [0000100001000000] SR=0000 R5=0 ROM=0000.0 PREG=0 RAMOP=- RAMREG=090 ROMOP=- ROMREG=13

0657 0820 ?KEY 20
A=0000000000000000 B=0000000000030000 C=0000000000000000 D=0000000000001000 E=0000000000000000
FA=0000 [0000000000000000] KR=0100 [0000000100000000] EXT=00 COND=1 IDLE=1 IO=0000000000000000
FB=0840 [0000100001000000] SR=0000 R5=0 ROM=0000.0 PREG=0 RAMOP=- RAMREG=090 ROMOP=- ROMREG=13

0658 1839 BRC 063C -01C
A=0000000000000000 B=0000000000030000 C=0000000000000000 D=0000000000001000 E=0000000000000000
FA=0000 [0000000000000000] KR=0100 [0000000100000000] EXT=00 COND=1 IDLE=1 IO=0000000000000000
FB=0840 [0000100001000000] SR=0000 R5=0 ROM=0000.0 PREG=0 RAMOP=- RAMREG=090 ROMOP=- ROMREG=13

063C 00C8 ?TFB 12
A=0000000000000000 B=0000000000030000 C=0000000000000000 D=0000000000001000 E=0000000000000000
FA=0000 [0000000000000000] KR=0100 [0000000100000000] EXT=00 COND=1 IDLE=1 IO=0000000000000000
FB=0840 [0000100001000000] SR=0000 R5=0 ROM=0000.0 PREG=0 RAMOP=- RAMREG=090 ROMOP=- ROMREG=13

063D 00A8 ?TFB 10
A=0000000000000000 B=0000000000030000 C=0000000000000000 D=0000000000001000 E=0000000000000000
FA=0000 [0000000000000000] KR=0100 [0000000100000000] EXT=00 COND=1 IDLE=1 IO=0000000000000000
FB=0840 [0000100001000000] SR=0000 R5=0 ROM=0000.0 PREG=0 RAMOP=- RAMREG=090 ROMOP=- ROMREG=13

063E 0AB0 WAIT D11
A=0000000000000000 B=0000000000030000 C=0000000000000000 D=0000000000001000 E=0000000000000000
FA=0000 [0000000000000000] KR=0100 [0000000100000000] EXT=00 COND=1 IDLE=1 IO=0000000000000000
FB=0840 [0000100001000000] SR=0000 R5=0 ROM=0000.0 PREG=0 RAMOP=- RAMREG=090 ROMOP=- ROMREG=13

063F 0A0B ?BUSY
A=0000000000000000 B=0000000000030000 C=0000000000000000 D=0000000000001000 E=0000000000000000
FA=0000 [0000000000000000] KR=0100 [0000000100000000] EXT=00 COND=1 IDLE=1 IO=0000000000000000
FB=0840 [0000100001000000] SR=0000 R5=0 ROM=0000.0 PREG=0 RAMOP=- RAMREG=090 ROMOP=- ROMREG=13

0640 1BCF BRC 0459 -1E7
A=0000000000000000 B=0000000000030000 C=0000000000000000 D=0000000000001000 E=0000000000000000
FA=0000 [0000000000000000] KR=0100 [0000000100000000] EXT=00 COND=1 IDLE=1 IO=0000000000000000
FB=0840 [0000100001000000] SR=0000 R5=0 ROM=0000.0 PREG=0 RAMOP=- RAMREG=090 ROMOP=- ROMREG=13

0459 0A80 WAIT D8
A=0000000000000000 B=0000000000030000 C=0000000000000000 D=0000000000001000 E=0000000000000000
FA=0000 [0000000000000000] KR=0100 [0000000100000000] EXT=00 COND=1 IDLE=1 IO=0000000000000000
FB=0840 [0000100001000000] SR=0000 R5=0 ROM=0000.0 PREG=0 RAMOP=- RAMREG=090 ROMOP=- ROMREG=13

045A 0A0B ?BUSY
A=0000000000000000 B=0000000000030000 C=0000000000000000 D=0000000000001000 E=0000000000000000
FA=0000 [0000000000000000] KR=0100 [0000000100000000] EXT=00 COND=1 IDLE=1 IO=0000000000000000
FB=0840 [0000100001000000] SR=0000 R5=0 ROM=0000.0 PREG=0 RAMOP=- RAMREG=090 ROMOP=- ROMREG=13

045B 13CC BRNC 0641 +1E6
A=0000000000000000 B=0000000000030000 C=0000000000000000 D=0000000000001000 E=0000000000000000
FA=0000 [0000000000000000] KR=0100 [0000000100000000] EXT=00 COND=0 IDLE=1 IO=0000000000000000
FB=0840 [0000100001000000] SR=0000 R5=0 ROM=0000.0 PREG=0 RAMOP=- RAMREG=090 ROMOP=- ROMREG=13

0641 0098 ?TFB 9
A=0000000000000000 B=0000000000030000 C=0000000000000000 D=0000000000001000 E=0000000000000000
FA=0000 [0000000000000000] KR=0100 [0000000100000000] EXT=00 COND=1 IDLE=1 IO=0000000000000000
FB=0840 [0000100001000000] SR=0000 R5=0 ROM=0000.0 PREG=0 RAMOP=- RAMREG=090 ROMOP=- ROMREG=13

0642 1828 BRC 0656 +014
A=0000000000000000 B=0000000000030000 C=0000000000000000 D=0000000000001000 E=0000000000000000
FA=0000 [0000000000000000] KR=0100 [0000000100000000] EXT=00 COND=1 IDLE=1 IO=0000000000000000
FB=0840 [0000100001000000] SR=0000 R5=0 ROM=0000.0 PREG=0 RAMOP=- RAMREG=090 ROMOP=- ROMREG=13

0656 0AE0 WAIT D14
A=0000000000000000 B=0000000000030000 C=0000000000000000 D=0000000000001000 E=0000000000000000
FA=0000 [0000000000000000] KR=0100 [0000000100000000] EXT=00 COND=1 IDLE=1 IO=0000000000000000
FB=0840 [0000100001000000] SR=0000 R5=0 ROM=0000.0 PREG=0 RAMOP=- RAMREG=090 ROMOP=- ROMREG=13

0657 0820 ?KEY 20
A=0000000000000000 B=0000000000030000 C=0000000000000000 D=0000000000001000 E=0000000000000000
FA=0000 [0000000000000000] KR=0100 [0000000100000000] EXT=00 COND=1 IDLE=1 IO=0000000000000000
FB=0840 [0000100001000000] SR=0000 R5=0 ROM=0000.0 PREG=0 RAMOP=- RAMREG=090 ROMOP=- ROMREG=13

0658 1839 BRC 063C -01C
A=0000000000000000 B=0000000000030000 C=0000000000000000 D=0000000000001000 E=0000000000000000
FA=0000 [0000000000000000] KR=0100 [0000000100000000] EXT=00 COND=1 IDLE=1 IO=0000000000000000
FB=0840 [0000100001000000] SR=0000 R5=0 ROM=0000.0 PREG=0 RAMOP=- RAMREG=090 ROMOP=- ROMREG=13

063C 00C8 ?TFB 12
A=0000000000000000 B=0000000000030000 C=0000000000000000 D=0000000000001000 E=0000000000000000
FA=0000 [0000000000000000] KR=0100 [0000000100000000] EXT=00 COND=1 IDLE=1 IO=0000000000000000
FB=0840 [0000100001000000] SR=0000 R5=0 ROM=0000.0 PREG=0 RAMOP=- RAMREG=090 ROMOP=- ROMREG=13

063D 00A8 ?TFB 10
A=0000000000000000 B=0000000000030000 C=0000000000000000 D=0000000000001000 E=0000000000000000
FA=0000 [0000000000000000] KR=0100 [0000000100000000] EXT=00 COND=1 IDLE=1 IO=0000000000000000
FB=0840 [0000100001000000] SR=0000 R5=0 ROM=0000.0 PREG=0 RAMOP=- RAMREG=090 ROMOP=- ROMREG=13

063E 0AB0 WAIT D11
A=0000000000000000 B=0000000000030000 C=0000000000000000 D=0000000000001000 E=0000000000000000
FA=0000 [0000000000000000] KR=0100 [0000000100000000] EXT=00 COND=1 IDLE=1 IO=0000000000000000
FB=0840 [0000100001000000] SR=0000 R5=0 ROM=0000.0 PREG=0 RAMOP=- RAMREG=090 ROMOP=- ROMREG=13

063F 0A0B ?BUSY
A=0000000000000000 B=0000000000030000 C=0000000000000000 D=0000000000001000 E=0000000000000000
FA=0000 [0000000000000000] KR=0100 [0000000100000000] EXT=00 COND=1 IDLE=1 IO=0000000000000000
FB=0840 [0000100001000000] SR=0000 R5=0 ROM=0000.0 PREG=0 RAMOP=- RAMREG=090 ROMOP=- ROMREG=13

0640 1BCF BRC 0459 -1E7
A=0000000000000000 B=0000000000030000 C=0000000000000000 D=0000000000001000 E=0000000000000000
FA=0000 [0000000000000000] KR=0100 [0000000100000000] EXT=00 COND=1 IDLE=1 IO=0000000000000000
FB=0840 [0000100001000000] SR=0000 R5=0 ROM=0000.0 PREG=0 RAMOP=- RAMREG=090 ROMOP=- ROMREG=13

0459 0A80 WAIT D8
A=0000000000000000 B=0000000000030000 C=0000000000000000 D=0000000000001000 E=0000000000000000
FA=0000 [0000000000000000] KR=0100 [0000000100000000] EXT=00 COND=1 IDLE=1 IO=0000000000000000
FB=0840 [0000100001000000] SR=0000 R5=0 ROM=0000.0 PREG=0 RAMOP=- RAMREG=090 ROMOP=- ROMREG=13

045A 0A0B ?BUSY
A=0000000000000000 B=0000000000030000 C=0000000000000000 D=0000000000001000 E=0000000000000000
FA=0000 [0000000000000000] KR=0100 [0000000100000000] EXT=00 COND=1 IDLE=1 IO=0000000000000000
FB=0840 [0000100001000000] SR=0000 R5=0 ROM=0000.0 PREG=0 RAMOP=- RAMREG=090 ROMOP=- ROMREG=13

045B 13CC BRNC 0641 +1E6
A=0000000000000000 B=0000000000030000 C=0000000000000000 D=0000000000001000 E=0000000000000000
FA=0000 [0000000000000000] KR=0100 [0000000100000000] EXT=00 COND=0 IDLE=1 IO=0000000000000000
FB=0840 [0000100001000000] SR=0000 R5=0 ROM=0000.0 PREG=0 RAMOP=- RAMREG=090 ROMOP=- ROMREG=13

0641 0098 ?TFB 9
A=0000000000000000 B=0000000000030000 C=0000000000000000 D=0000000000001000 E=0000000000000000
FA=0000 [0000000000000000] KR=0100 [0000000100000000] EXT=00 COND=1 IDLE=1 IO=0000000000000000
FB=0840 [0000100001000000] SR=0000 R5=0 ROM=0000.0 PREG=0 RAMOP=- RAMREG=090 ROMOP=- ROMREG=13

0642 1828 BRC 0656 +014
A=0000000000000000 B=0000000000030000 C=0000000000000000 D=0000000000001000 E=0000000000000000
FA=0000 [0000000000000000] KR=0100 [0000000100000000] EXT=00 COND=1 IDLE=1 IO=0000000000000000
FB=0840 [0000100001000000] SR=0000 R5=0 ROM=0000.0 PREG=0 RAMOP=- RAMREG=090 ROMOP=- ROMREG=13

0656 0AE0 WAIT D14
A=0000000000000000 B=0000000000030000 C=0000000000000000 D=0000000000001000 E=0000000000000000
FA=0000 [0000000000000000] KR=0100 [0000000100000000] EXT=00 COND=1 IDLE=1 IO=0000000000000000
FB=0840 [0000100001000000] SR=0000 R5=0 ROM=0000.0 PREG=0 RAMOP=- RAMREG=090 ROMOP=- ROMREG=13

0657 0820 ?KEY 20
A=0000000000000000 B=0000000000030000 C=0000000000000000 D=0000000000001000 E=0000000000000000
FA=0000 [0000000000000000] KR=0100 [0000000100000000] EXT=00 COND=1 IDLE=1 IO=0000000000000000
FB=0840 [0000100001000000] SR=0000 R5=0 ROM=0000.0 PREG=0 RAMOP=- RAMREG=090 ROMOP=- ROMREG=13

0658 1839 BRC 063C -01C
A=0000000000000000 B=0000000000030000 C=0000000000000000 D=0000000000001000 E=0000000000000000
FA=0000 [0000000000000000] KR=0100 [0000000100000000] EXT=00 COND=1 IDLE=1 IO=0000000000000000
FB=0840 [0000100001000000] SR=0000 R5=0 ROM=0000.0 PREG=0 RAMOP=- RAMREG=090 ROMOP=- ROMREG=13

063C 00C8 ?TFB 12
A=0000000000000000 B=0000000000030000 C=0000000000000000 D=0000000000001000 E=0000000000000000
FA=0000 [0000000000000000] KR=0100 [0000000100000000] EXT=00 COND=1 IDLE=1 IO=0000000000000000
FB=0840 [0000100001000000] SR=0000 R5=0 ROM=0000.0 PREG=0 RAMOP=- RAMREG=090 ROMOP=- ROMREG=13

063D 00A8 ?TFB 10
A=0000000000000000 B=0000000000030000 C=0000000000000000 D=0000000000001000 E=0000000000000000
FA=0000 [0000000000000000] KR=0100 [0000000100000000] EXT=00 COND=1 IDLE=1 IO=0000000000000000
FB=0840 [0000100001000000] SR=0000 R5=0 ROM=0000.0 PREG=0 RAMOP=- RAMREG=090 ROMOP=- ROMREG=13

063E 0AB0 WAIT D11
A=0000000000000000 B=0000000000030000 C=0000000000000000 D=0000000000001000 E=0000000000000000
FA=0000 [0000000000000000] KR=0100 [0000000100000000] EXT=00 COND=1 IDLE=1 IO=0000000000000000
FB=0840 [0000100001000000] SR=0000 R5=0 ROM=0000.0 PREG=0 RAMOP=- RAMREG=090 ROMOP=- ROMREG=13

063F 0A0B ?BUSY
A=0000000000000000 B=0000000000030000 C=0000000000000000 D=0000000000001000 E=0000000000000000
FA=0000 [0000000000000000] KR=0100 [0000000100000000] EXT=00 COND=1 IDLE=1 IO=0000000000000000
FB=0840 [0000100001000000] SR=0000 R5=0 ROM=0000.0 PREG=0 RAMOP=- RAMREG=090 ROMOP=- ROMREG=13

0640 1BCF BRC 0459 -1E7
A=0000000000000000 B=0000000000030000 C=0000000000000000 D=0000000000001000 E=0000000000000000
FA=0000 [0000000000000000] KR=0100 [0000000100000000] EXT=00 COND=1 IDLE=1 IO=0000000000000000
FB=0840 [0000100001000000] SR=0000 R5=0 ROM=0000.0 PREG=0 RAMOP=- RAMREG=090 ROMOP=- ROMREG=13

0459 0A80 WAIT D8
A=0000000000000000 B=0000000000030000 C=0000000000000000 D=0000000000001000 E=0000000000000000
FA=0000 [0000000000000000] KR=0100 [0000000100000000] EXT=00 COND=1 IDLE=1 IO=0000000000000000
FB=0840 [0000100001000000] SR=0000 R5=0 ROM=0000.0 PREG=0 RAMOP=- RAMREG=090 ROMOP=- ROMREG=13

045A 0A0B ?BUSY
A=0000000000000000 B=0000000000030000 C=0000000000000000 D=0000000000001000 E=0000000000000000
FA=0000 [0000000000000000] KR=0100 [0000000100000000] EXT=00 COND=1 IDLE=1 IO=0000000000000000
FB=0840 [0000100001000000] SR=0000 R5=0 ROM=0000.0 PREG=0 RAMOP=- RAMREG=090 ROMOP=- ROMREG=13

045B 13CC BRNC 0641 +1E6
A=0000000000000000 B=0000000000030000 C=0000000000000000 D=0000000000001000 E=0000000000000000
FA=0000 [0000000000000000] KR=0100 [0000000100000000] EXT=00 COND=0 IDLE=1 IO=0000000000000000
FB=0840 [0000100001000000] SR=0000 R5=0 ROM=0000.0 PREG=0 RAMOP=- RAMREG=090 ROMOP=- ROMREG=13

0641 0098 ?TFB 9
A=0000000000000000 B=0000000000030000 C=0000000000000000 D=0000000000001000 E=0000000000000000
FA=0000 [0000000000000000] KR=0100 [0000000100000000] EXT=00 COND=1 IDLE=1 IO=0000000000000000
FB=0840 [0000100001000000] SR=0000 R5=0 ROM=0000.0 PREG=0 RAMOP=- RAMREG=090 ROMOP=- ROMREG=13

0642 1828 BRC 0656 +014
A=0000000000000000 B=0000000000030000 C=0000000000000000 D=0000000000001000 E=0000000000000000
FA=0000 [0000000000000000] KR=0100 [0000000100000000] EXT=00 COND=1 IDLE=1 IO=0000000000000000
FB=0840 [0000100001000000] SR=0000 R5=0 ROM=0000.0 PREG=0 RAMOP=- RAMREG=090 ROMOP=- ROMREG=13

0656 0AE0 WAIT D14
A=0000000000000000 B=0000000000030000 C=0000000000000000 D=0000000000001000 E=0000000000000000
FA=0000 [0000000000000000] KR=0100 [0000000100000000] EXT=00 COND=1 IDLE=1 IO=0000000000000000
FB=0840 [0000100001000000] SR=0000 R5=0 ROM=0000.0 PREG=0 RAMOP=- RAMREG=090 ROMOP=- ROMREG=13

0657 0820 ?KEY 20
A=0000000000000000 B=0000000000030000 C=0000000000000000 D=0000000000001000 E=0000000000000000
FA=0000 [0000000000000000] KR=0100 [0000000100000000] EXT=00 COND=1 IDLE=1 IO=0000000000000000
FB=0840 [0000100001000000] SR=0000 R5=0 ROM=0000.0 PREG=0 RAMOP=- RAMREG=090 ROMOP=- ROMREG=13

0658 1839 BRC 063C -01C
A=0000000000000000 B=0000000000030000 C=0000000000000000 D=0000000000001000 E=0000000000000000
FA=0000 [0000000000000000] KR=0100 [0000000100000000] EXT=00 COND=1 IDLE=1 IO=0000000000000000
FB=0840 [0000100001000000] SR=0000 R5=0 ROM=0000.0 PREG=0 RAMOP=- RAMREG=090 ROMOP=- ROMREG=13

063C 00C8 ?TFB 12
A=0000000000000000 B=0000000000030000 C=0000000000000000 D=0000000000001000 E=0000000000000000
FA=0000 [0000000000000000] KR=0100 [0000000100000000] EXT=00 COND=1 IDLE=1 IO=0000000000000000
FB=0840 [0000100001000000] SR=0000 R5=0 ROM=0000.0 PREG=0 RAMOP=- RAMREG=090 ROMOP=- ROMREG=13

063D 00A8 ?TFB 10
A=0000000000000000 B=0000000000030000 C=0000000000000000 D=0000000000001000 E=0000000000000000
FA=0000 [0000000000000000] KR=0100 [0000000100000000] EXT=00 COND=1 IDLE=1 IO=0000000000000000
FB=0840 [0000100001000000] SR=0000 R5=0 ROM=0000.0 PREG=0 RAMOP=- RAMREG=090 ROMOP=- ROMREG=13

063E 0AB0 WAIT D11
A=0000000000000000 B=0000000000030000 C=0000000000000000 D=0000000000001000 E=0000000000000000
FA=0000 [0000000000000000] KR=0100 [0000000100000000] EXT=00 COND=1 IDLE=1 IO=0000000000000000
FB=0840 [0000100001000000] SR=0000 R5=0 ROM=0000.0 PREG=0 RAMOP=- RAMREG=090 ROMOP=- ROMREG=13

063F 0A0B ?BUSY
A=0000000000000000 B=0000000000030000 C=0000000000000000 D=0000000000001000 E=0000000000000000
FA=0000 [0000000000000000] KR=0100 [0000000100000000] EXT=00 COND=1 IDLE=1 IO=0000000000000000
FB=0840 [0000100001000000] SR=0000 R5=0 ROM=0000.0 PREG=0 RAMOP=- RAMREG=090 ROMOP=- ROMREG=13

0640 1BCF BRC 0459 -1E7
A=0000000000000000 B=0000000000030000 C=0000000000000000 D=0000000000001000 E=0000000000000000
FA=0000 [0000000000000000] KR=0100 [0000000100000000] EXT=00 COND=1 IDLE=1 IO=0000000000000000
FB=0840 [0000100001000000] SR=0000 R5=0 ROM=0000.0 PREG=0 RAMOP=- RAMREG=090 ROMOP=- ROMREG=13

0459 0A80 WAIT D8
A=0000000000000000 B=0000000000030000 C=0000000000000000 D=0000000000001000 E=0000000000000000
FA=0000 [0000000000000000] KR=0100 [0000000100000000] EXT=00 COND=1 IDLE=1 IO=0000000000000000
FB=0840 [0000100001000000] SR=0000 R5=0 ROM=0000.0 PREG=0 RAMOP=- RAMREG=090 ROMOP=- ROMREG=13

045A 0A0B ?BUSY
A=0000000000000000 B=0000000000030000 C=0000000000000000 D=0000000000001000 E=0000000000000000
FA=0000 [0000000000000000] KR=0100 [0000000100000000] EXT=00 COND=1 IDLE=1 IO=0000000000000000
FB=0840 [0000100001000000] SR=0000 R5=0 ROM=0000.0 PREG=0 RAMOP=- RAMREG=090 ROMOP=- ROMREG=13

045B 13CC BRNC 0641 +1E6
A=0000000000000000 B=0000000000030000 C=0000000000000000 D=0000000000001000 E=0000000000000000
FA=0000 [0000000000000000] KR=0100 [0000000100000000] EXT=00 COND=0 IDLE=1 IO=0000000000000000
FB=0840 [0000100001000000] SR=0000 R5=0 ROM=0000.0 PREG=0 RAMOP=- RAMREG=090 ROMOP=- ROMREG=13

0641 0098 ?TFB 9
A=0000000000000000 B=0000000000030000 C=0000000000000000 D=0000000000001000 E=0000000000000000
FA=0000 [0000000000000000] KR=0100 [0000000100000000] EXT=00 COND=1 IDLE=1 IO=0000000000000000
FB=0840 [0000100001000000] SR=0000 R5=0 ROM=0000.0 PREG=0 RAMOP=- RAMREG=090 ROMOP=- ROMREG=13

0642 1828 BRC 0656 +014
A=0000000000000000 B=0000000000030000 C=0000000000000000 D=0000000000001000 E=0000000000000000
FA=0000 [0000000000000000] KR=0100 [0000000100000000] EXT=00 COND=1 IDLE=1 IO=0000000000000000
FB=0840 [0000100001000000] SR=0000 R5=0 ROM=0000.0 PREG=0 RAMOP=- RAMREG=090 ROMOP=- ROMREG=13

0656 0AE0 WAIT D14
A=0000000000000000 B=0000000000030000 C=0000000000000000 D=0000000000001000 E=0000000000000000
FA=0000 [0000000000000000] KR=0100 [0000000100000000] EXT=00 COND=1 IDLE=1 IO=0000000000000000
FB=0840 [0000100001000000] SR=0000 R5=0 ROM=0000.0 PREG=0 RAMOP=- RAMREG=090 ROMOP=- ROMREG=13

0657 0820 ?KEY 20
A=0000000000000000 B=0000000000030000 C=0000000000000000 D=0000000000001000 E=0000000000000000
FA=0000 [0000000000000000] KR=0100 [0000000100000000] EXT=00 COND=1 IDLE=1 IO=0000000000000000
FB=0840 [0000100001000000] SR=0000 R5=0 ROM=0000.0 PREG=0 RAMOP=- RAMREG=090 ROMOP=- ROMREG=13

0658 1839 BRC 063C -01C
A=0000000000000000 B=0000000000030000 C=0000000000000000 D=0000000000001000 E=0000000000000000
FA=0000 [0000000000000000] KR=0100 [0000000100000000] EXT=00 COND=1 IDLE=1 IO=0000000000000000
FB=0840 [0000100001000000] SR=0000 R5=0 ROM=0000.0 PREG=0 RAMOP=- RAMREG=090 ROMOP=- ROMREG=13

063C 00C8 ?TFB 12
A=0000000000000000 B=0000000000030000 C=0000000000000000 D=0000000000001000 E=0000000000000000
FA=0000 [0000000000000000] KR=0100 [0000000100000000] EXT=00 COND=1 IDLE=1 IO=0000000000000000
FB=0840 [0000100001000000] SR=0000 R5=0 ROM=0000.0 PREG=0 RAMOP=- RAMREG=090 ROMOP=- ROMREG=13

063D 00A8 ?TFB 10
A=0000000000000000 B=0000000000030000 C=0000000000000000 D=0000000000001000 E=0000000000000000
FA=0000 [0000000000000000] KR=0100 [0000000100000000] EXT=00 COND=1 IDLE=1 IO=0000000000000000
FB=0840 [0000100001000000] SR=0000 R5=0 ROM=0000.0 PREG=0 RAMOP=- RAMREG=090 ROMOP=- ROMREG=13

063E 0AB0 WAIT D11
A=0000000000000000 B=0000000000030000 C=0000000000000000 D=0000000000001000 E=0000000000000000
FA=0000 [0000000000000000] KR=0100 [0000000100000000] EXT=00 COND=1 IDLE=1 IO=0000000000000000
FB=0840 [0000100001000000] SR=0000 R5=0 ROM=0000.0 PREG=0 RAMOP=- RAMREG=090 ROMOP=- ROMREG=13

063F 0A0B ?BUSY
A=0000000000000000 B=0000000000030000 C=0000000000000000 D=0000000000001000 E=0000000000000000
FA=0000 [0000000000000000] KR=0100 [0000000100000000] EXT=00 COND=1 IDLE=1 IO=0000000000000000
FB=0840 [0000100001000000] SR=0000 R5=0 ROM=0000.0 PREG=0 RAMOP=- RAMREG=090 ROMOP=- ROMREG=13

0640 1BCF BRC 0459 -1E7
A=0000000000000000 B=0000000000030000 C=0000000000000000 D=0000000000001000 E=0000000000000000
FA=0000 [0000000000000000] KR=0100 [0000000100000000] EXT=00 COND=1 IDLE=1 IO=0000000000000000
FB=0840 [0000100001000000] SR=0000 R5=0 ROM=0000.0 PREG=0 RAMOP=- RAMREG=090 ROMOP=- ROMREG=13

0459 0A80 WAIT D8
A=0000000000000000 B=0000000000030000 C=0000000000000000 D=0000000000001000 E=0000000000000000
FA=0000 [0000000000000000] KR=0100 [0000000100000000] EXT=00 COND=1 IDLE=1 IO=0000000000000000
FB=0840 [0000100001000000] SR=0000 R5=0 ROM=0000.0 PREG=0 RAMOP=- RAMREG=090 ROMOP=- ROMREG=13

045A 0A0B ?BUSY
A=0000000000000000 B=0000000000030000 C=0000000000000000 D=0000000000001000 E=0000000000000000
FA=0000 [0000000000000000] KR=0100 [0000000100000000] EXT=00 COND=1 IDLE=1 IO=0000000000000000
FB=0840 [0000100001000000] SR=0000 R5=0 ROM=0000.0 PREG=0 RAMOP=- RAMREG=090 ROMOP=- ROMREG=13

045B 13CC BRNC 0641 +1E6
A=0000000000000000 B=0000000000030000 C=0000000000000000 D=0000000000001000 E=0000000000000000
FA=0000 [0000000000000000] KR=0100 [0000000100000000] EXT=00 COND=0 IDLE=1 IO=0000000000000000
FB=0840 [0000100001000000] SR=0000 R5=0 ROM=0000.0 PREG=0 RAMOP=- RAMREG=090 ROMOP=- ROMREG=13

0641 0098 ?TFB 9
A=0000000000000000 B=0000000000030000 C=0000000000000000 D=0000000000001000 E=0000000000000000
FA=0000 [0000000000000000] KR=0100 [0000000100000000] EXT=00 COND=1 IDLE=1 IO=0000000000000000
FB=0840 [0000100001000000] SR=0000 R5=0 ROM=0000.0 PREG=0 RAMOP=- RAMREG=090 ROMOP=- ROMREG=13

0642 1828 BRC 0656 +014
A=0000000000000000 B=0000000000030000 C=0000000000000000 D=0000000000001000 E=0000000000000000
FA=0000 [0000000000000000] KR=0100 [0000000100000000] EXT=00 COND=1 IDLE=1 IO=0000000000000000
FB=0840 [0000100001000000] SR=0000 R5=0 ROM=0000.0 PREG=0 RAMOP=- RAMREG=090 ROMOP=- ROMREG=13

0656 0AE0 WAIT D14
A=0000000000000000 B=0000000000030000 C=0000000000000000 D=0000000000001000 E=0000000000000000
FA=0000 [0000000000000000] KR=0100 [0000000100000000] EXT=00 COND=1 IDLE=1 IO=0000000000000000
FB=0840 [0000100001000000] SR=0000 R5=0 ROM=0000.0 PREG=0 RAMOP=- RAMREG=090 ROMOP=- ROMREG=13

0657 0820 ?KEY 20
A=0000000000000000 B=0000000000030000 C=0000000000000000 D=0000000000001000 E=0000000000000000
FA=0000 [0000000000000000] KR=0100 [0000000100000000] EXT=00 COND=1 IDLE=1 IO=0000000000000000
FB=0840 [0000100001000000] SR=0000 R5=0 ROM=0000.0 PREG=0 RAMOP=- RAMREG=090 ROMOP=- ROMREG=13

0658 1839 BRC 063C -01C
A=0000000000000000 B=0000000000030000 C=0000000000000000 D=0000000000001000 E=0000000000000000
FA=0000 [0000000000000000] KR=0100 [0000000100000000] EXT=00 COND=1 IDLE=1 IO=0000000000000000
FB=0840 [0000100001000000] SR=0000 R5=0 ROM=0000.0 PREG=0 RAMOP=- RAMREG=090 ROMOP=- ROMREG=13

063C 00C8 ?TFB 12
A=0000000000000000 B=0000000000030000 C=0000000000000000 D=0000000000001000 E=0000000000000000
FA=0000 [0000000000000000] KR=0100 [0000000100000000] EXT=00 COND=1 IDLE=1 IO=0000000000000000
FB=0840 [0000100001000000] SR=0000 R5=0 ROM=0000.0 PREG=0 RAMOP=- RAMREG=090 ROMOP=- ROMREG=13

063D 00A8 ?TFB 10
A=0000000000000000 B=0000000000030000 C=0000000000000000 D=0000000000001000 E=0000000000000000
FA=0000 [0000000000000000] KR=0100 [0000000100000000] EXT=00 COND=1 IDLE=1 IO=0000000000000000
FB=0840 [0000100001000000] SR=0000 R5=0 ROM=0000.0 PREG=0 RAMOP=- RAMREG=090 ROMOP=- ROMREG=13

063E 0AB0 WAIT D11
A=0000000000000000 B=0000000000030000 C=0000000000000000 D=0000000000001000 E=0000000000000000
FA=0000 [0000000000000000] KR=0100 [0000000100000000] EXT=00 COND=1 IDLE=1 IO=0000000000000000
FB=0840 [0000100001000000] SR=0000 R5=0 ROM=0000.0 PREG=0 RAMOP=- RAMREG=090 ROMOP=- ROMREG=13

063F 0A0B ?BUSY
A=0000000000000000 B=0000000000030000 C=0000000000000000 D=0000000000001000 E=0000000000000000
FA=0000 [0000000000000000] KR=0100 [0000000100000000] EXT=00 COND=1 IDLE=1 IO=0000000000000000
FB=0840 [0000100001000000] SR=0000 R5=0 ROM=0000.0 PREG=0 RAMOP=- RAMREG=090 ROMOP=- ROMREG=13

0640 1BCF BRC 0459 -1E7
A=0000000000000000 B=0000000000030000 C=0000000000000000 D=0000000000001000 E=0000000000000000
FA=0000 [0000000000000000] KR=0100 [0000000100000000] EXT=00 COND=1 IDLE=1 IO=0000000000000000
FB=0840 [0000100001000000] SR=0000 R5=0 ROM=0000.0 PREG=0 RAMOP=- RAMREG=090 ROMOP=- ROMREG=13

0459 0A80 WAIT D8
A=0000000000000000 B=0000000000030000 C=0000000000000000 D=0000000000001000 E=0000000000000000
FA=0000 [0000000000000000] KR=0100 [0000000100000000] EXT=00 COND=1 IDLE=1 IO=0000000000000000
FB=0840 [0000100001000000] SR=0000 R5=0 ROM=0000.0 PREG=0 RAMOP=- RAMREG=090 ROMOP=- ROMREG=13

045A 0A0B ?BUSY
A=0000000000000000 B=0000000000030000 C=0000000000000000 D=0000000000001000 E=0000000000000000
FA=0000 [0000000000000000] KR=0100 [0000000100000000] EXT=00 COND=1 IDLE=1 IO=0000000000000000
FB=0840 [0000100001000000] SR=0000 R5=0 ROM=0000.0 PREG=0 RAMOP=- RAMREG=090 ROMOP=- ROMREG=13

045B 13CC BRNC 0641 +1E6
A=0000000000000000 B=0000000000030000 C=0000000000000000 D=0000000000001000 E=0000000000000000
FA=0000 [0000000000000000] KR=0100 [0000000100000000] EXT=00 COND=0 IDLE=1 IO=0000000000000000
FB=0840 [0000100001000000] SR=0000 R5=0 ROM=0000.0 PREG=0 RAMOP=- RAMREG=090 ROMOP=- ROMREG=13

0641 0098 ?TFB 9
A=0000000000000000 B=0000000000030000 C=0000000000000000 D=0000000000001000 E=0000000000000000
FA=0000 [0000000000000000] KR=0100 [0000000100000000] EXT=00 COND=1 IDLE=1 IO=0000000000000000
FB=0840 [0000100001000000] SR=0000 R5=0 ROM=0000.0 PREG=0 RAMOP=- RAMREG=090 ROMOP=- ROMREG=13

0642 1828 BRC 0656 +014
A=0000000000000000 B=0000000000030000 C=0000000000000000 D=0000000000001000 E=0000000000000000
FA=0000 [0000000000000000] KR=0100 [0000000100000000] EXT=00 COND=1 IDLE=1 IO=0000000000000000
FB=0840 [0000100001000000] SR=0000 R5=0 ROM=0000.0 PREG=0 RAMOP=- RAMREG=090 ROMOP=- ROMREG=13

0656 0AE0 WAIT D14
A=0000000000000000 B=0000000000030000 C=0000000000000000 D=0000000000001000 E=0000000000000000
FA=0000 [0000000000000000] KR=0100 [0000000100000000] EXT=00 COND=1 IDLE=1 IO=0000000000000000
FB=0840 [0000100001000000] SR=0000 R5=0 ROM=0000.0 PREG=0 RAMOP=- RAMREG=090 ROMOP=- ROMREG=13

0657 0820 ?KEY 20
A=0000000000000000 B=0000000000030000 C=0000000000000000 D=0000000000001000 E=0000000000000000
FA=0000 [0000000000000000] KR=0100 [0000000100000000] EXT=00 COND=1 IDLE=1 IO=0000000000000000
FB=0840 [0000100001000000] SR=0000 R5=0 ROM=0000.0 PREG=0 RAMOP=- RAMREG=090 ROMOP=- ROMREG=13

0658 1839 BRC 063C -01C
A=0000000000000000 B=0000000000030000 C=0000000000000000 D=0000000000001000 E=0000000000000000
FA=0000 [0000000000000000] KR=0100 [0000000100000000] EXT=00 COND=1 IDLE=1 IO=0000000000000000
FB=0840 [0000100001000000] SR=0000 R5=0 ROM=0000.0 PREG=0 RAMOP=- RAMREG=090 ROMOP=- ROMREG=13

063C 00C8 ?TFB 12
A=0000000000000000 B=0000000000030000 C=0000000000000000 D=0000000000001000 E=0000000000000000
FA=0000 [0000000000000000] KR=0100 [0000000100000000] EXT=00 COND=1 IDLE=1 IO=0000000000000000
FB=0840 [0000100001000000] SR=0000 R5=0 ROM=0000.0 PREG=0 RAMOP=- RAMREG=090 ROMOP=- ROMREG=13

063D 00A8 ?TFB 10
A=0000000000000000 B=0000000000030000 C=0000000000000000 D=0000000000001000 E=0000000000000000
FA=0000 [0000000000000000] KR=0100 [0000000100000000] EXT=00 COND=1 IDLE=1 IO=0000000000000000
FB=0840 [0000100001000000] SR=0000 R5=0 ROM=0000.0 PREG=0 RAMOP=- RAMREG=090 ROMOP=- ROMREG=13

063E 0AB0 WAIT D11
A=0000000000000000 B=0000000000030000 C=0000000000000000 D=0000000000001000 E=0000000000000000
FA=0000 [0000000000000000] KR=0100 [0000000100000000] EXT=00 COND=1 IDLE=1 IO=0000000000000000
FB=0840 [0000100001000000] SR=0000 R5=0 ROM=0000.0 PREG=0 RAMOP=- RAMREG=090 ROMOP=- ROMREG=13

063F 0A0B ?BUSY
A=0000000000000000 B=0000000000030000 C=0000000000000000 D=0000000000001000 E=0000000000000000
FA=0000 [0000000000000000] KR=0100 [0000000100000000] EXT=00 COND=1 IDLE=1 IO=0000000000000000
FB=0840 [0000100001000000] SR=0000 R5=0 ROM=0000.0 PREG=0 RAMOP=- RAMREG=090 ROMOP=- ROMREG=13

0640 1BCF BRC 0459 -1E7
A=0000000000000000 B=0000000000030000 C=0000000000000000 D=0000000000001000 E=0000000000000000
FA=0000 [0000000000000000] KR=0100 [0000000100000000] EXT=00 COND=1 IDLE=1 IO=0000000000000000
FB=0840 [0000100001000000] SR=0000 R5=0 ROM=0000.0 PREG=0 RAMOP=- RAMREG=090 ROMOP=- ROMREG=13

0459 0A80 WAIT D8
A=0000000000000000 B=0000000000030000 C=0000000000000000 D=0000000000001000 E=0000000000000000
FA=0000 [0000000000000000] KR=0100 [0000000100000000] EXT=00 COND=1 IDLE=1 IO=0000000000000000
FB=0840 [0000100001000000] SR=0000 R5=0 ROM=0000.0 PREG=0 RAMOP=- RAMREG=090 ROMOP=- ROMREG=13

045A 0A0B ?BUSY
A=0000000000000000 B=0000000000030000 C=0000000000000000 D=0000000000001000 E=0000000000000000
FA=0000 [0000000000000000] KR=0100 [0000000100000000] EXT=00 COND=1 IDLE=1 IO=0000000000000000
FB=0840 [0000100001000000] SR=0000 R5=0 ROM=0000.0 PREG=0 RAMOP=- RAMREG=090 ROMOP=- ROMREG=13

045B 13CC BRNC 0641 +1E6
A=0000000000000000 B=0000000000030000 C=0000000000000000 D=0000000000001000 E=0000000000000000
FA=0000 [0000000000000000] KR=0100 [0000000100000000] EXT=00 COND=0 IDLE=1 IO=0000000000000000
FB=0840 [0000100001000000] SR=0000 R5=0 ROM=0000.0 PREG=0 RAMOP=- RAMREG=090 ROMOP=- ROMREG=13

0641 0098 ?TFB 9
A=0000000000000000 B=0000000000030000 C=0000000000000000 D=0000000000001000 E=0000000000000000
FA=0000 [0000000000000000] KR=0100 [0000000100000000] EXT=00 COND=1 IDLE=1 IO=0000000000000000
FB=0840 [0000100001000000] SR=0000 R5=0 ROM=0000.0 PREG=0 RAMOP=- RAMREG=090 ROMOP=- ROMREG=13

0642 1828 BRC 0656 +014
A=0000000000000000 B=0000000000030000 C=0000000000000000 D=0000000000001000 E=0000000000000000
FA=0000 [0000000000000000] KR=0100 [0000000100000000] EXT=00 COND=1 IDLE=1 IO=0000000000000000
FB=0840 [0000100001000000] SR=0000 R5=0 ROM=0000.0 PREG=0 RAMOP=- RAMREG=090 ROMOP=- ROMREG=13

0656 0AE0 WAIT D14
A=0000000000000000 B=0000000000030000 C=0000000000000000 D=0000000000001000 E=0000000000000000
FA=0000 [0000000000000000] KR=0100 [0000000100000000] EXT=00 COND=1 IDLE=1 IO=0000000000000000
FB=0840 [0000100001000000] SR=0000 R5=0 ROM=0000.0 PREG=0 RAMOP=- RAMREG=090 ROMOP=- ROMREG=13

0657 0820 ?KEY 20
A=0000000000000000 B=0000000000030000 C=0000000000000000 D=0000000000001000 E=0000000000000000
FA=0000 [0000000000000000] KR=0100 [0000000100000000] EXT=00 COND=1 IDLE=1 IO=0000000000000000
FB=0840 [0000100001000000] SR=0000 R5=0 ROM=0000.0 PREG=0 RAMOP=- RAMREG=090 ROMOP=- ROMREG=13

0658 1839 BRC 063C -01C
A=0000000000000000 B=0000000000030000 C=0000000000000000 D=0000000000001000 E=0000000000000000
FA=0000 [0000000000000000] KR=0100 [0000000100000000] EXT=00 COND=1 IDLE=1 IO=0000000000000000
FB=0840 [0000100001000000] SR=0000 R5=0 ROM=0000.0 PREG=0 RAMOP=- RAMREG=090 ROMOP=- ROMREG=13

063C 00C8 ?TFB 12
A=0000000000000000 B=0000000000030000 C=0000000000000000 D=0000000000001000 E=0000000000000000
FA=0000 [0000000000000000] KR=0100 [0000000100000000] EXT=00 COND=1 IDLE=1 IO=0000000000000000
FB=0840 [0000100001000000] SR=0000 R5=0 ROM=0000.0 PREG=0 RAMOP=- RAMREG=090 ROMOP=- ROMREG=13

063D 00A8 ?TFB 10
A=0000000000000000 B=0000000000030000 C=0000000000000000 D=0000000000001000 E=0000000000000000
FA=0000 [0000000000000000] KR=0100 [0000000100000000] EXT=00 COND=1 IDLE=1 IO=0000000000000000
FB=0840 [0000100001000000] SR=0000 R5=0 ROM=0000.0 PREG=0 RAMOP=- RAMREG=090 ROMOP=- ROMREG=13

063E 0AB0 WAIT D11
A=0000000000000000 B=0000000000030000 C=0000000000000000 D=0000000000001000 E=0000000000000000
FA=0000 [0000000000000000] KR=0100 [0000000100000000] EXT=00 COND=1 IDLE=1 IO=0000000000000000
FB=0840 [0000100001000000] SR=0000 R5=0 ROM=0000.0 PREG=0 RAMOP=- RAMREG=090 ROMOP=- ROMREG=13

063F 0A0B ?BUSY
A=0000000000000000 B=0000000000030000 C=0000000000000000 D=0000000000001000 E=0000000000000000
FA=0000 [0000000000000000] KR=0100 [0000000100000000] EXT=00 COND=1 IDLE=1 IO=0000000000000000
FB=0840 [0000100001000000] SR=0000 R5=0 ROM=0000.0 PREG=0 RAMOP=- RAMREG=090 ROMOP=- ROMREG=13

0640 1BCF BRC 0459 -1E7
A=0000000000000000 B=0000000000030000 C=0000000000000000 D=0000000000001000 E=0000000000000000
FA=0000 [0000000000000000] KR=0100 [0000000100000000] EXT=00 COND=1 IDLE=1 IO=0000000000000000
FB=0840 [0000100001000000] SR=0000 R5=0 ROM=0000.0 PREG=0 RAMOP=- RAMREG=090 ROMOP=- ROMREG=13

0459 0A80 WAIT D8
A=0000000000000000 B=0000000000030000 C=0000000000000000 D=0000000000001000 E=0000000000000000
FA=0000 [0000000000000000] KR=0100 [0000000100000000] EXT=00 COND=1 IDLE=1 IO=0000000000000000
FB=0840 [0000100001000000] SR=0000 R5=0 ROM=0000.0 PREG=0 RAMOP=- RAMREG=090 ROMOP=- ROMREG=13

045A 0A0B ?BUSY
A=0000000000000000 B=0000000000030000 C=0000000000000000 D=0000000000001000 E=0000000000000000
FA=0000 [0000000000000000] KR=0100 [0000000100000000] EXT=00 COND=1 IDLE=1 IO=0000000000000000
FB=0840 [0000100001000000] SR=0000 R5=0 ROM=0000.0 PREG=0 RAMOP=- RAMREG=090 ROMOP=- ROMREG=13

045B 13CC BRNC 0641 +1E6
A=0000000000000000 B=0000000000030000 C=0000000000000000 D=0000000000001000 E=0000000000000000
FA=0000 [0000000000000000] KR=0100 [0000000100000000] EXT=00 COND=0 IDLE=1 IO=0000000000000000
FB=0840 [0000100001000000] SR=0000 R5=0 ROM=0000.0 PREG=0 RAMOP=- RAMREG=090 ROMOP=- ROMREG=13

0641 0098 ?TFB 9
A=0000000000000000 B=0000000000030000 C=0000000000000000 D=0000000000001000 E=0000000000000000
FA=0000 [0000000000000000] KR=0100 [0000000100000000] EXT=00 COND=1 IDLE=1 IO=0000000000000000
FB=0840 [0000100001000000] SR=0000 R5=0 ROM=0000.0 PREG=0 RAMOP=- RAMREG=090 ROMOP=- ROMREG=13

0642 1828 BRC 0656 +014
A=0000000000000000 B=0000000000030000 C=0000000000000000 D=0000000000001000 E=0000000000000000
FA=0000 [0000000000000000] KR=0100 [0000000100000000] EXT=00 COND=1 IDLE=1 IO=0000000000000000
FB=0840 [0000100001000000] SR=0000 R5=0 ROM=0000.0 PREG=0 RAMOP=- RAMREG=090 ROMOP=- ROMREG=13

0656 0AE0 WAIT D14
A=0000000000000000 B=0000000000030000 C=0000000000000000 D=0000000000001000 E=0000000000000000
FA=0000 [0000000000000000] KR=0100 [0000000100000000] EXT=00 COND=1 IDLE=1 IO=0000000000000000
FB=0840 [0000100001000000] SR=0000 R5=0 ROM=0000.0 PREG=0 RAMOP=- RAMREG=090 ROMOP=- ROMREG=13

0657 0820 ?KEY 20
A=0000000000000000 B=0000000000030000 C=0000000000000000 D=0000000000001000 E=0000000000000000
FA=0000 [0000000000000000] KR=0100 [0000000100000000] EXT=00 COND=1 IDLE=1 IO=0000000000000000
FB=0840 [0000100001000000] SR=0000 R5=0 ROM=0000.0 PREG=0 RAMOP=- RAMREG=090 ROMOP=- ROMREG=13

0658 1839 BRC 063C -01C
A=0000000000000000 B=0000000000030000 C=0000000000000000 D=0000000000001000 E=0000000000000000
FA=0000 [0000000000000000] KR=0100 [0000000100000000] EXT=00 COND=1 IDLE=1 IO=0000000000000000
FB=0840 [0000100001000000] SR=0000 R5=0 ROM=0000.0 PREG=0 RAMOP=- RAMREG=090 ROMOP=- ROMREG=13

063C 00C8 ?TFB 12
A=0000000000000000 B=0000000000030000 C=0000000000000000 D=0000000000001000 E=0000000000000000
FA=0000 [0000000000000000] KR=0100 [0000000100000000] EXT=00 COND=1 IDLE=1 IO=0000000000000000
FB=0840 [0000100001000000] SR=0000 R5=0 ROM=0000.0 PREG=0 RAMOP=- RAMREG=090 ROMOP=- ROMREG=13

063D 00A8 ?TFB 10
A=0000000000000000 B=0000000000030000 C=0000000000000000 D=0000000000001000 E=0000000000000000
FA=0000 [0000000000000000] KR=0100 [0000000100000000] EXT=00 COND=1 IDLE=1 IO=0000000000000000
FB=0840 [0000100001000000] SR=0000 R5=0 ROM=0000.0 PREG=0 RAMOP=- RAMREG=090 ROMOP=- ROMREG=13

063E 0AB0 WAIT D11
A=0000000000000000 B=0000000000030000 C=0000000000000000 D=0000000000001000 E=0000000000000000
FA=0000 [0000000000000000] KR=0100 [0000000100000000] EXT=00 COND=1 IDLE=1 IO=0000000000000000
FB=0840 [0000100001000000] SR=0000 R5=0 ROM=0000.0 PREG=0 RAMOP=- RAMREG=090 ROMOP=- ROMREG=13

063F 0A0B ?BUSY
A=0000000000000000 B=0000000000030000 C=0000000000000000 D=0000000000001000 E=0000000000000000
FA=0000 [0000000000000000] KR=0100 [0000000100000000] EXT=00 COND=1 IDLE=1 IO=0000000000000000
FB=0840 [0000100001000000] SR=0000 R5=0 ROM=0000.0 PREG=0 RAMOP=- RAMREG=090 ROMOP=- ROMREG=13

0640 1BCF BRC 0459 -1E7
A=0000000000000000 B=0000000000030000 C=0000000000000000 D=0000000000001000 E=0000000000000000
FA=0000 [0000000000000000] KR=0100 [0000000100000000] EXT=00 COND=1 IDLE=1 IO=0000000000000000
FB=0840 [0000100001000000] SR=0000 R5=0 ROM=0000.0 PREG=0 RAMOP=- RAMREG=090 ROMOP=- ROMREG=13

0459 0A80 WAIT D8
A=0000000000000000 B=0000000000030000 C=0000000000000000 D=0000000000001000 E=0000000000000000
FA=0000 [0000000000000000] KR=0100 [0000000100000000] EXT=00 COND=1 IDLE=1 IO=0000000000000000
FB=0840 [0000100001000000] SR=0000 R5=0 ROM=0000.0 PREG=0 RAMOP=- RAMREG=090 ROMOP=- ROMREG=13

045A 0A0B ?BUSY
A=0000000000000000 B=0000000000030000 C=0000000000000000 D=0000000000001000 E=0000000000000000
FA=0000 [0000000000000000] KR=0100 [0000000100000000] EXT=00 COND=1 IDLE=1 IO=0000000000000000
FB=0840 [0000100001000000] SR=0000 R5=0 ROM=0000.0 PREG=0 RAMOP=- RAMREG=090 ROMOP=- ROMREG=13

045B 13CC BRNC 0641 +1E6
A=0000000000000000 B=0000000000030000 C=0000000000000000 D=0000000000001000 E=0000000000000000
FA=0000 [0000000000000000] KR=0100 [0000000100000000] EXT=00 COND=0 IDLE=1 IO=0000000000000000
FB=0840 [0000100001000000] SR=0000 R5=0 ROM=0000.0 PREG=0 RAMOP=- RAMREG=090 ROMOP=- ROMREG=13

0641 0098 ?TFB 9
A=0000000000000000 B=0000000000030000 C=0000000000000000 D=0000000000001000 E=0000000000000000
FA=0000 [0000000000000000] KR=0100 [0000000100000000] EXT=00 COND=1 IDLE=1 IO=0000000000000000
FB=0840 [0000100001000000] SR=0000 R5=0 ROM=0000.0 PREG=0 RAMOP=- RAMREG=090 ROMOP=- ROMREG=13

0642 1828 BRC 0656 +014
A=0000000000000000 B=0000000000030000 C=0000000000000000 D=0000000000001000 E=0000000000000000
FA=0000 [0000000000000000] KR=0100 [0000000100000000] EXT=00 COND=1 IDLE=1 IO=0000000000000000
FB=0840 [0000100001000000] SR=0000 R5=0 ROM=0000.0 PREG=0 RAMOP=- RAMREG=090 ROMOP=- ROMREG=13

0656 0AE0 WAIT D14
A=0000000000000000 B=0000000000030000 C=0000000000000000 D=0000000000001000 E=0000000000000000
FA=0000 [0000000000000000] KR=0100 [0000000100000000] EXT=00 COND=1 IDLE=1 IO=0000000000000000
FB=0840 [0000100001000000] SR=0000 R5=0 ROM=0000.0 PREG=0 RAMOP=- RAMREG=090 ROMOP=- ROMREG=13

0657 0820 ?KEY 20
A=0000000000000000 B=0000000000030000 C=0000000000000000 D=0000000000001000 E=0000000000000000
FA=0000 [0000000000000000] KR=0100 [0000000100000000] EXT=00 COND=1 IDLE=1 IO=0000000000000000
FB=0840 [0000100001000000] SR=0000 R5=0 ROM=0000.0 PREG=0 RAMOP=- RAMREG=090 ROMOP=- ROMREG=13

0658 1839 BRC 063C -01C
A=0000000000000000 B=0000000000030000 C=0000000000000000 D=0000000000001000 E=0000000000000000
FA=0000 [0000000000000000] KR=0100 [0000000100000000] EXT=00 COND=1 IDLE=1 IO=0000000000000000
FB=0840 [0000100001000000] SR=0000 R5=0 ROM=0000.0 PREG=0 RAMOP=- RAMREG=090 ROMOP=- ROMREG=13

063C 00C8 ?TFB 12
A=0000000000000000 B=0000000000030000 C=0000000000000000 D=0000000000001000 E=0000000000000000
FA=0000 [0000000000000000] KR=0100 [0000000100000000] EXT=00 COND=1 IDLE=1 IO=0000000000000000
FB=0840 [0000100001000000] SR=0000 R5=0 ROM=0000.0 PREG=0 RAMOP=- RAMREG=090 ROMOP=- ROMREG=13

063D 00A8 ?TFB 10
A=0000000000000000 B=0000000000030000 C=0000000000000000 D=0000000000001000 E=0000000000000000
FA=0000 [0000000000000000] KR=0100 [0000000100000000] EXT=00 COND=1 IDLE=1 IO=0000000000000000
FB=0840 [0000100001000000] SR=0000 R5=0 ROM=0000.0 PREG=0 RAMOP=- RAMREG=090 ROMOP=- ROMREG=13

063E 0AB0 WAIT D11
A=0000000000000000 B=0000000000030000 C=0000000000000000 D=0000000000001000 E=0000000000000000
FA=0000 [0000000000000000] KR=0100 [0000000100000000] EXT=00 COND=1 IDLE=1 IO=0000000000000000
FB=0840 [0000100001000000] SR=0000 R5=0 ROM=0000.0 PREG=0 RAMOP=- RAMREG=090 ROMOP=- ROMREG=13

063F 0A0B ?BUSY
A=0000000000000000 B=0000000000030000 C=0000000000000000 D=0000000000001000 E=0000000000000000
FA=0000 [0000000000000000] KR=0100 [0000000100000000] EXT=00 COND=1 IDLE=1 IO=0000000000000000
FB=0840 [0000100001000000] SR=0000 R5=0 ROM=0000.0 PREG=0 RAMOP=- RAMREG=090 ROMOP=- ROMREG=13

0640 1BCF BRC 0459 -1E7
A=0000000000000000 B=0000000000030000 C=0000000000000000 D=0000000000001000 E=0000000000000000
FA=0000 [0000000000000000] KR=0100 [0000000100000000] EXT=00 COND=1 IDLE=1 IO=0000000000000000
FB=0840 [0000100001000000] SR=0000 R5=0 ROM=0000.0 PREG=0 RAMOP=- RAMREG=090 ROMOP=- ROMREG=13

0459 0A80 WAIT D8
A=0000000000000000 B=0000000000030000 C=0000000000000000 D=0000000000001000 E=0000000000000000
FA=0000 [0000000000000000] KR=0100 [0000000100000000] EXT=00 COND=1 IDLE=1 IO=0000000000000000
FB=0840 [0000100001000000] SR=0000 R5=0 ROM=0000.0 PREG=0 RAMOP=- RAMREG=090 ROMOP=- ROMREG=13

045A 0A0B ?BUSY
A=0000000000000000 B=0000000000030000 C=0000000000000000 D=0000000000001000 E=0000000000000000
FA=0000 [0000000000000000] KR=0100 [0000000100000000] EXT=00 COND=1 IDLE=1 IO=0000000000000000
FB=0840 [0000100001000000] SR=0000 R5=0 ROM=0000.0 PREG=0 RAMOP=- RAMREG=090 ROMOP=- ROMREG=13

045B 13CC BRNC 0641 +1E6
A=0000000000000000 B=0000000000030000 C=0000000000000000 D=0000000000001000 E=0000000000000000
FA=0000 [0000000000000000] KR=0100 [0000000100000000] EXT=00 COND=0 IDLE=1 IO=0000000000000000
FB=0840 [0000100001000000] SR=0000 R5=0 ROM=0000.0 PREG=0 RAMOP=- RAMREG=090 ROMOP=- ROMREG=13

0641 0098 ?TFB 9
A=0000000000000000 B=0000000000030000 C=0000000000000000 D=0000000000001000 E=0000000000000000
FA=0000 [0000000000000000] KR=0100 [0000000100000000] EXT=00 COND=1 IDLE=1 IO=0000000000000000
FB=0840 [0000100001000000] SR=0000 R5=0 ROM=0000.0 PREG=0 RAMOP=- RAMREG=090 ROMOP=- ROMREG=13

0642 1828 BRC 0656 +014
A=0000000000000000 B=0000000000030000 C=0000000000000000 D=0000000000001000 E=0000000000000000
FA=0000 [0000000000000000] KR=0100 [0000000100000000] EXT=00 COND=1 IDLE=1 IO=0000000000000000
FB=0840 [0000100001000000] SR=0000 R5=0 ROM=0000.0 PREG=0 RAMOP=- RAMREG=090 ROMOP=- ROMREG=13

0656 0AE0 WAIT D14
A=0000000000000000 B=0000000000030000 C=0000000000000000 D=0000000000001000 E=0000000000000000
FA=0000 [0000000000000000] KR=0100 [0000000100000000] EXT=00 COND=1 IDLE=1 IO=0000000000000000
FB=0840 [0000100001000000] SR=0000 R5=0 ROM=0000.0 PREG=0 RAMOP=- RAMREG=090 ROMOP=- ROMREG=13

0657 0820 ?KEY 20
A=0000000000000000 B=0000000000030000 C=0000000000000000 D=0000000000001000 E=0000000000000000
FA=0000 [0000000000000000] KR=0100 [0000000100000000] EXT=00 COND=1 IDLE=1 IO=0000000000000000
FB=0840 [0000100001000000] SR=0000 R5=0 ROM=0000.0 PREG=0 RAMOP=- RAMREG=090 ROMOP=- ROMREG=13

0658 1839 BRC 063C -01C
A=0000000000000000 B=0000000000030000 C=0000000000000000 D=0000000000001000 E=0000000000000000
FA=0000 [0000000000000000] KR=0100 [0000000100000000] EXT=00 COND=1 IDLE=1 IO=0000000000000000
FB=0840 [0000100001000000] SR=0000 R5=0 ROM=0000.0 PREG=0 RAMOP=- RAMREG=090 ROMOP=- ROMREG=13

063C 00C8 ?TFB 12
A=0000000000000000 B=0000000000030000 C=0000000000000000 D=0000000000001000 E=0000000000000000
FA=0000 [0000000000000000] KR=0100 [0000000100000000] EXT=00 COND=1 IDLE=1 IO=0000000000000000
FB=0840 [0000100001000000] SR=0000 R5=0 ROM=0000.0 PREG=0 RAMOP=- RAMREG=090 ROMOP=- ROMREG=13

063D 00A8 ?TFB 10
A=0000000000000000 B=0000000000030000 C=0000000000000000 D=0000000000001000 E=0000000000000000
FA=0000 [0000000000000000] KR=0100 [0000000100000000] EXT=00 COND=1 IDLE=1 IO=0000000000000000
FB=0840 [0000100001000000] SR=0000 R5=0 ROM=0000.0 PREG=0 RAMOP=- RAMREG=090 ROMOP=- ROMREG=13

063E 0AB0 WAIT D11
A=0000000000000000 B=0000000000030000 C=0000000000000000 D=0000000000001000 E=0000000000000000
FA=0000 [0000000000000000] KR=0100 [0000000100000000] EXT=00 COND=1 IDLE=1 IO=0000000000000000
FB=0840 [0000100001000000] SR=0000 R5=0 ROM=0000.0 PREG=0 RAMOP=- RAMREG=090 ROMOP=- ROMREG=13

063F 0A0B ?BUSY
A=0000000000000000 B=0000000000030000 C=0000000000000000 D=0000000000001000 E=0000000000000000
FA=0000 [0000000000000000] KR=0100 [0000000100000000] EXT=00 COND=1 IDLE=1 IO=0000000000000000
FB=0840 [0000100001000000] SR=0000 R5=0 ROM=0000.0 PREG=0 RAMOP=- RAMREG=090 ROMOP=- ROMREG=13

0640 1BCF BRC 0459 -1E7
A=0000000000000000 B=0000000000030000 C=0000000000000000 D=0000000000001000 E=0000000000000000
FA=0000 [0000000000000000] KR=0100 [0000000100000000] EXT=00 COND=1 IDLE=1 IO=0000000000000000
FB=0840 [0000100001000000] SR=0000 R5=0 ROM=0000.0 PREG=0 RAMOP=- RAMREG=090 ROMOP=- ROMREG=13

0459 0A80 WAIT D8
A=0000000000000000 B=0000000000030000 C=0000000000000000 D=0000000000001000 E=0000000000000000
FA=0000 [0000000000000000] KR=0100 [0000000100000000] EXT=00 COND=1 IDLE=1 IO=0000000000000000
FB=0840 [0000100001000000] SR=0000 R5=0 ROM=0000.0 PREG=0 RAMOP=- RAMREG=090 ROMOP=- ROMREG=13

045A 0A0B ?BUSY
A=0000000000000000 B=0000000000030000 C=0000000000000000 D=0000000000001000 E=0000000000000000
FA=0000 [0000000000000000] KR=0100 [0000000100000000] EXT=00 COND=1 IDLE=1 IO=0000000000000000
FB=0840 [0000100001000000] SR=0000 R5=0 ROM=0000.0 PREG=0 RAMOP=- RAMREG=090 ROMOP=- ROMREG=13

045B 13CC BRNC 0641 +1E6
A=0000000000000000 B=0000000000030000 C=0000000000000000 D=0000000000001000 E=0000000000000000
FA=0000 [0000000000000000] KR=0100 [0000000100000000] EXT=00 COND=0 IDLE=1 IO=0000000000000000
FB=0840 [0000100001000000] SR=0000 R5=0 ROM=0000.0 PREG=0 RAMOP=- RAMREG=090 ROMOP=- ROMREG=13

0641 0098 ?TFB 9
A=0000000000000000 B=0000000000030000 C=0000000000000000 D=0000000000001000 E=0000000000000000
FA=0000 [0000000000000000] KR=0100 [0000000100000000] EXT=00 COND=1 IDLE=1 IO=0000000000000000
FB=0840 [0000100001000000] SR=0000 R5=0 ROM=0000.0 PREG=0 RAMOP=- RAMREG=090 ROMOP=- ROMREG=13

0642 1828 BRC 0656 +014
A=0000000000000000 B=0000000000030000 C=0000000000000000 D=0000000000001000 E=0000000000000000
FA=0000 [0000000000000000] KR=0100 [0000000100000000] EXT=00 COND=1 IDLE=1 IO=0000000000000000
FB=0840 [0000100001000000] SR=0000 R5=0 ROM=0000.0 PREG=0 RAMOP=- RAMREG=090 ROMOP=- ROMREG=13

0656 0AE0 WAIT D14
A=0000000000000000 B=0000000000030000 C=0000000000000000 D=0000000000001000 E=0000000000000000
FA=0000 [0000000000000000] KR=0100 [0000000100000000] EXT=00 COND=1 IDLE=1 IO=0000000000000000
FB=0840 [0000100001000000] SR=0000 R5=0 ROM=0000.0 PREG=0 RAMOP=- RAMREG=090 ROMOP=- ROMREG=13

0657 0820 ?KEY 20
A=0000000000000000 B=0000000000030000 C=0000000000000000 D=0000000000001000 E=0000000000000000
FA=0000 [0000000000000000] KR=0100 [0000000100000000] EXT=00 COND=1 IDLE=1 IO=0000000000000000
FB=0840 [0000100001000000] SR=0000 R5=0 ROM=0000.0 PREG=0 RAMOP=- RAMREG=090 ROMOP=- ROMREG=13

0658 1839 BRC 063C -01C
A=0000000000000000 B=0000000000030000 C=0000000000000000 D=0000000000001000 E=0000000000000000
FA=0000 [0000000000000000] KR=0100 [0000000100000000] EXT=00 COND=1 IDLE=1 IO=0000000000000000
FB=0840 [0000100001000000] SR=0000 R5=0 ROM=0000.0 PREG=0 RAMOP=- RAMREG=090 ROMOP=- ROMREG=13

063C 00C8 ?TFB 12
A=0000000000000000 B=0000000000030000 C=0000000000000000 D=0000000000001000 E=0000000000000000
FA=0000 [0000000000000000] KR=0100 [0000000100000000] EXT=00 COND=1 IDLE=1 IO=0000000000000000
FB=0840 [0000100001000000] SR=0000 R5=0 ROM=0000.0 PREG=0 RAMOP=- RAMREG=090 ROMOP=- ROMREG=13

063D 00A8 ?TFB 10
A=0000000000000000 B=0000000000030000 C=0000000000000000 D=0000000000001000 E=0000000000000000
FA=0000 [0000000000000000] KR=0100 [0000000100000000] EXT=00 COND=1 IDLE=1 IO=0000000000000000
FB=0840 [0000100001000000] SR=0000 R5=0 ROM=0000.0 PREG=0 RAMOP=- RAMREG=090 ROMOP=- ROMREG=13

063E 0AB0 WAIT D11
A=0000000000000000 B=0000000000030000 C=0000000000000000 D=0000000000001000 E=0000000000000000
FA=0000 [0000000000000000] KR=0100 [0000000100000000] EXT=00 COND=1 IDLE=1 IO=0000000000000000
FB=0840 [0000100001000000] SR=0000 R5=0 ROM=0000.0 PREG=0 RAMOP=- RAMREG=090 ROMOP=- ROMREG=13

063F 0A0B ?BUSY
A=0000000000000000 B=0000000000030000 C=0000000000000000 D=0000000000001000 E=0000000000000000
FA=0000 [0000000000000000] KR=0100 [0000000100000000] EXT=00 COND=1 IDLE=1 IO=0000000000000000
FB=0840 [0000100001000000] SR=0000 R5=0 ROM=0000.0 PREG=0 RAMOP=- RAMREG=090 ROMOP=- ROMREG=13

0640 1BCF BRC 0459 -1E7
A=0000000000000000 B=0000000000030000 C=0000000000000000 D=0000000000001000 E=0000000000000000
FA=0000 [0000000000000000] KR=0100 [0000000100000000] EXT=00 COND=1 IDLE=1 IO=0000000000000000
FB=0840 [0000100001000000] SR=0000 R5=0 ROM=0000.0 PREG=0 RAMOP=- RAMREG=090 ROMOP=- ROMREG=13

0459 0A80 WAIT D8
A=0000000000000000 B=0000000000030000 C=0000000000000000 D=0000000000001000 E=0000000000000000
FA=0000 [0000000000000000] KR=0100 [0000000100000000] EXT=00 COND=1 IDLE=1 IO=0000000000000000
FB=0840 [0000100001000000] SR=0000 R5=0 ROM=0000.0 PREG=0 RAMOP=- RAMREG=090 ROMOP=- ROMREG=13

045A 0A0B ?BUSY
A=0000000000000000 B=0000000000030000 C=0000000000000000 D=0000000000001000 E=0000000000000000
FA=0000 [0000000000000000] KR=0100 [0000000100000000] EXT=00 COND=1 IDLE=1 IO=0000000000000000
FB=0840 [0000100001000000] SR=0000 R5=0 ROM=0000.0 PREG=0 RAMOP=- RAMREG=090 ROMOP=- ROMREG=13

045B 13CC BRNC 0641 +1E6
A=0000000000000000 B=0000000000030000 C=0000000000000000 D=0000000000001000 E=0000000000000000
FA=0000 [0000000000000000] KR=0100 [0000000100000000] EXT=00 COND=0 IDLE=1 IO=0000000000000000
FB=0840 [0000100001000000] SR=0000 R5=0 ROM=0000.0 PREG=0 RAMOP=- RAMREG=090 ROMOP=- ROMREG=13

0641 0098 ?TFB 9
A=0000000000000000 B=0000000000030000 C=0000000000000000 D=0000000000001000 E=0000000000000000
FA=0000 [0000000000000000] KR=0100 [0000000100000000] EXT=00 COND=1 IDLE=1 IO=0000000000000000
FB=0840 [0000100001000000] SR=0000 R5=0 ROM=0000.0 PREG=0 RAMOP=- RAMREG=090 ROMOP=- ROMREG=13

0642 1828 BRC 0656 +014
A=0000000000000000 B=0000000000030000 C=0000000000000000 D=0000000000001000 E=0000000000000000
FA=0000 [0000000000000000] KR=0100 [0000000100000000] EXT=00 COND=1 IDLE=1 IO=0000000000000000
FB=0840 [0000100001000000] SR=0000 R5=0 ROM=0000.0 PREG=0 RAMOP=- RAMREG=090 ROMOP=- ROMREG=13

0656 0AE0 WAIT D14
A=0000000000000000 B=0000000000030000 C=0000000000000000 D=0000000000001000 E=0000000000000000
FA=0000 [0000000000000000] KR=0100 [0000000100000000] EXT=00 COND=1 IDLE=1 IO=0000000000000000
FB=0840 [0000100001000000] SR=0000 R5=0 ROM=0000.0 PREG=0 RAMOP=- RAMREG=090 ROMOP=- ROMREG=13

0657 0820 ?KEY 20
A=0000000000000000 B=0000000000030000 C=0000000000000000 D=0000000000001000 E=0000000000000000
FA=0000 [0000000000000000] KR=0100 [0000000100000000] EXT=00 COND=1 IDLE=1 IO=0000000000000000
FB=0840 [0000100001000000] SR=0000 R5=0 ROM=0000.0 PREG=0 RAMOP=- RAMREG=090 ROMOP=- ROMREG=13

0658 1839 BRC 063C -01C
A=0000000000000000 B=0000000000030000 C=0000000000000000 D=0000000000001000 E=0000000000000000
FA=0000 [0000000000000000] KR=0100 [0000000100000000] EXT=00 COND=1 IDLE=1 IO=0000000000000000
FB=0840 [0000100001000000] SR=0000 R5=0 ROM=0000.0 PREG=0 RAMOP=- RAMREG=090 ROMOP=- ROMREG=13

063C 00C8 ?TFB 12
A=0000000000000000 B=0000000000030000 C=0000000000000000 D=0000000000001000 E=0000000000000000
FA=0000 [0000000000000000] KR=0100 [0000000100000000] EXT=00 COND=1 IDLE=1 IO=0000000000000000
FB=0840 [0000100001000000] SR=0000 R5=0 ROM=0000.0 PREG=0 RAMOP=- RAMREG=090 ROMOP=- ROMREG=13

063D 00A8 ?TFB 10
A=0000000000000000 B=0000000000030000 C=0000000000000000 D=0000000000001000 E=0000000000000000
FA=0000 [0000000000000000] KR=0100 [0000000100000000] EXT=00 COND=1 IDLE=1 IO=0000000000000000
FB=0840 [0000100001000000] SR=0000 R5=0 ROM=0000.0 PREG=0 RAMOP=- RAMREG=090 ROMOP=- ROMREG=13

063E 0AB0 WAIT D11
A=0000000000000000 B=0000000000030000 C=0000000000000000 D=0000000000001000 E=0000000000000000
FA=0000 [0000000000000000] KR=0100 [0000000100000000] EXT=00 COND=1 IDLE=1 IO=0000000000000000
FB=0840 [0000100001000000] SR=0000 R5=0 ROM=0000.0 PREG=0 RAMOP=- RAMREG=090 ROMOP=- ROMREG=13

063F 0A0B ?BUSY
A=0000000000000000 B=0000000000030000 C=0000000000000000 D=0000000000001000 E=0000000000000000
FA=0000 [0000000000000000] KR=0100 [0000000100000000] EXT=00 COND=1 IDLE=1 IO=0000000000000000
FB=0840 [0000100001000000] SR=0000 R5=0 ROM=0000.0 PREG=0 RAMOP=- RAMREG=090 ROMOP=- ROMREG=13

0640 1BCF BRC 0459 -1E7
A=0000000000000000 B=0000000000030000 C=0000000000000000 D=0000000000001000 E=0000000000000000
FA=0000 [0000000000000000] KR=0100 [0000000100000000] EXT=00 COND=1 IDLE=1 IO=0000000000000000
FB=0840 [0000100001000000] SR=0000 R5=0 ROM=0000.0 PREG=0 RAMOP=- RAMREG=090 ROMOP=- ROMREG=13

0459 0A80 WAIT D8
A=0000000000000000 B=0000000000030000 C=0000000000000000 D=0000000000001000 E=0000000000000000
FA=0000 [0000000000000000] KR=0100 [0000000100000000] EXT=00 COND=1 IDLE=1 IO=0000000000000000
FB=0840 [0000100001000000] SR=0000 R5=0 ROM=0000.0 PREG=0 RAMOP=- RAMREG=090 ROMOP=- ROMREG=13

045A 0A0B ?BUSY
A=0000000000000000 B=0000000000030000 C=0000000000000000 D=0000000000001000 E=0000000000000000
FA=0000 [0000000000000000] KR=0100 [0000000100000000] EXT=00 COND=1 IDLE=1 IO=0000000000000000
FB=0840 [0000100001000000] SR=0000 R5=0 ROM=0000.0 PREG=0 RAMOP=- RAMREG=090 ROMOP=- ROMREG=13

045B 13CC BRNC 0641 +1E6
A=0000000000000000 B=0000000000030000 C=0000000000000000 D=0000000000001000 E=0000000000000000
FA=0000 [0000000000000000] KR=0100 [0000000100000000] EXT=00 COND=0 IDLE=1 IO=0000000000000000
FB=0840 [0000100001000000] SR=0000 R5=0 ROM=0000.0 PREG=0 RAMOP=- RAMREG=090 ROMOP=- ROMREG=13

0641 0098 ?TFB 9
A=0000000000000000 B=0000000000030000 C=0000000000000000 D=0000000000001000 E=0000000000000000
FA=0000 [0000000000000000] KR=0100 [0000000100000000] EXT=00 COND=1 IDLE=1 IO=0000000000000000
FB=0840 [0000100001000000] SR=0000 R5=0 ROM=0000.0 PREG=0 RAMOP=- RAMREG=090 ROMOP=- ROMREG=13

0642 1828 BRC 0656 +014
A=0000000000000000 B=0000000000030000 C=0000000000000000 D=0000000000001000 E=0000000000000000
FA=0000 [0000000000000000] KR=0100 [0000000100000000] EXT=00 COND=1 IDLE=1 IO=0000000000000000
FB=0840 [0000100001000000] SR=0000 R5=0 ROM=0000.0 PREG=0 RAMOP=- RAMREG=090 ROMOP=- ROMREG=13

0656 0AE0 WAIT D14
A=0000000000000000 B=0000000000030000 C=0000000000000000 D=0000000000001000 E=0000000000000000
FA=0000 [0000000000000000] KR=0100 [0000000100000000] EXT=00 COND=1 IDLE=1 IO=0000000000000000
FB=0840 [0000100001000000] SR=0000 R5=0 ROM=0000.0 PREG=0 RAMOP=- RAMREG=090 ROMOP=- ROMREG=13

0657 0820 ?KEY 20
A=0000000000000000 B=0000000000030000 C=0000000000000000 D=0000000000001000 E=0000000000000000
FA=0000 [0000000000000000] KR=0100 [0000000100000000] EXT=00 COND=1 IDLE=1 IO=0000000000000000
FB=0840 [0000100001000000] SR=0000 R5=0 ROM=0000.0 PREG=0 RAMOP=- RAMREG=090 ROMOP=- ROMREG=13

0658 1839 BRC 063C -01C
A=0000000000000000 B=0000000000030000 C=0000000000000000 D=0000000000001000 E=0000000000000000
FA=0000 [0000000000000000] KR=0100 [0000000100000000] EXT=00 COND=1 IDLE=1 IO=0000000000000000
FB=0840 [0000100001000000] SR=0000 R5=0 ROM=0000.0 PREG=0 RAMOP=- RAMREG=090 ROMOP=- ROMREG=13

063C 00C8 ?TFB 12
A=0000000000000000 B=0000000000030000 C=0000000000000000 D=0000000000001000 E=0000000000000000
FA=0000 [0000000000000000] KR=0100 [0000000100000000] EXT=00 COND=1 IDLE=1 IO=0000000000000000
FB=0840 [0000100001000000] SR=0000 R5=0 ROM=0000.0 PREG=0 RAMOP=- RAMREG=090 ROMOP=- ROMREG=13

063D 00A8 ?TFB 10
A=0000000000000000 B=0000000000030000 C=0000000000000000 D=0000000000001000 E=0000000000000000
FA=0000 [0000000000000000] KR=0100 [0000000100000000] EXT=00 COND=1 IDLE=1 IO=0000000000000000
FB=0840 [0000100001000000] SR=0000 R5=0 ROM=0000.0 PREG=0 RAMOP=- RAMREG=090 ROMOP=- ROMREG=13

063E 0AB0 WAIT D11
A=0000000000000000 B=0000000000030000 C=0000000000000000 D=0000000000001000 E=0000000000000000
FA=0000 [0000000000000000] KR=0100 [0000000100000000] EXT=00 COND=1 IDLE=1 IO=0000000000000000
FB=0840 [0000100001000000] SR=0000 R5=0 ROM=0000.0 PREG=0 RAMOP=- RAMREG=090 ROMOP=- ROMREG=13

063F 0A0B ?BUSY
A=0000000000000000 B=0000000000030000 C=0000000000000000 D=0000000000001000 E=0000000000000000
FA=0000 [0000000000000000] KR=0100 [0000000100000000] EXT=00 COND=1 IDLE=1 IO=0000000000000000
FB=0840 [0000100001000000] SR=0000 R5=0 ROM=0000.0 PREG=0 RAMOP=- RAMREG=090 ROMOP=- ROMREG=13

0640 1BCF BRC 0459 -1E7
A=0000000000000000 B=0000000000030000 C=0000000000000000 D=0000000000001000 E=0000000000000000
FA=0000 [0000000000000000] KR=0100 [0000000100000000] EXT=00 COND=1 IDLE=1 IO=0000000000000000
FB=0840 [0000100001000000] SR=0000 R5=0 ROM=0000.0 PREG=0 RAMOP=- RAMREG=090 ROMOP=- ROMREG=13

0459 0A80 WAIT D8
A=0000000000000000 B=0000000000030000 C=0000000000000000 D=0000000000001000 E=0000000000000000
FA=0000 [0000000000000000] KR=0100 [0000000100000000] EXT=00 COND=1 IDLE=1 IO=0000000000000000
FB=0840 [0000100001000000] SR=0000 R5=0 ROM=0000.0 PREG=0 RAMOP=- RAMREG=090 ROMOP=- ROMREG=13

045A 0A0B ?BUSY
A=0000000000000000 B=0000000000030000 C=0000000000000000 D=0000000000001000 E=0000000000000000
FA=0000 [0000000000000000] KR=0100 [0000000100000000] EXT=00 COND=1 IDLE=1 IO=0000000000000000
FB=0840 [0000100001000000] SR=0000 R5=0 ROM=0000.0 PREG=0 RAMOP=- RAMREG=090 ROMOP=- ROMREG=13

045B 13CC BRNC 0641 +1E6
A=0000000000000000 B=0000000000030000 C=0000000000000000 D=0000000000001000 E=0000000000000000
FA=0000 [0000000000000000] KR=0100 [0000000100000000] EXT=00 COND=0 IDLE=1 IO=0000000000000000
FB=0840 [0000100001000000] SR=0000 R5=0 ROM=0000.0 PREG=0 RAMOP=- RAMREG=090 ROMOP=- ROMREG=13

0641 0098 ?TFB 9
A=0000000000000000 B=0000000000030000 C=0000000000000000 D=0000000000001000 E=0000000000000000
FA=0000 [0000000000000000] KR=0100 [0000000100000000] EXT=00 COND=1 IDLE=1 IO=0000000000000000
FB=0840 [0000100001000000] SR=0000 R5=0 ROM=0000.0 PREG=0 RAMOP=- RAMREG=090 ROMOP=- ROMREG=13

0642 1828 BRC 0656 +014
A=0000000000000000 B=0000000000030000 C=0000000000000000 D=0000000000001000 E=0000000000000000
FA=0000 [0000000000000000] KR=0100 [0000000100000000] EXT=00 COND=1 IDLE=1 IO=0000000000000000
FB=0840 [0000100001000000] SR=0000 R5=0 ROM=0000.0 PREG=0 RAMOP=- RAMREG=090 ROMOP=- ROMREG=13

0656 0AE0 WAIT D14
A=0000000000000000 B=0000000000030000 C=0000000000000000 D=0000000000001000 E=0000000000000000
FA=0000 [0000000000000000] KR=0100 [0000000100000000] EXT=00 COND=1 IDLE=1 IO=0000000000000000
FB=0840 [0000100001000000] SR=0000 R5=0 ROM=0000.0 PREG=0 RAMOP=- RAMREG=090 ROMOP=- ROMREG=13

0657 0820 ?KEY 20
A=0000000000000000 B=0000000000030000 C=0000000000000000 D=0000000000001000 E=0000000000000000
FA=0000 [0000000000000000] KR=0100 [0000000100000000] EXT=00 COND=1 IDLE=1 IO=0000000000000000
FB=0840 [0000100001000000] SR=0000 R5=0 ROM=0000.0 PREG=0 RAMOP=- RAMREG=090 ROMOP=- ROMREG=13

0658 1839 BRC 063C -01C
A=0000000000000000 B=0000000000030000 C=0000000000000000 D=0000000000001000 E=0000000000000000
FA=0000 [0000000000000000] KR=0100 [0000000100000000] EXT=00 COND=1 IDLE=1 IO=0000000000000000
FB=0840 [0000100001000000] SR=0000 R5=0 ROM=0000.0 PREG=0 RAMOP=- RAMREG=090 ROMOP=- ROMREG=13

063C 00C8 ?TFB 12
A=0000000000000000 B=0000000000030000 C=0000000000000000 D=0000000000001000 E=0000000000000000
FA=0000 [0000000000000000] KR=0100 [0000000100000000] EXT=00 COND=1 IDLE=1 IO=0000000000000000
FB=0840 [0000100001000000] SR=0000 R5=0 ROM=0000.0 PREG=0 RAMOP=- RAMREG=090 ROMOP=- ROMREG=13

063D 00A8 ?TFB 10
A=0000000000000000 B=0000000000030000 C=0000000000000000 D=0000000000001000 E=0000000000000000
FA=0000 [0000000000000000] KR=0100 [0000000100000000] EXT=00 COND=1 IDLE=1 IO=0000000000000000
FB=0840 [0000100001000000] SR=0000 R5=0 ROM=0000.0 PREG=0 RAMOP=- RAMREG=090 ROMOP=- ROMREG=13

063E 0AB0 WAIT D11
A=0000000000000000 B=0000000000030000 C=0000000000000000 D=0000000000001000 E=0000000000000000
FA=0000 [0000000000000000] KR=0100 [0000000100000000] EXT=00 COND=1 IDLE=1 IO=0000000000000000
FB=0840 [0000100001000000] SR=0000 R5=0 ROM=0000.0 PREG=0 RAMOP=- RAMREG=090 ROMOP=- ROMREG=13

063F 0A0B ?BUSY
A=0000000000000000 B=0000000000030000 C=0000000000000000 D=0000000000001000 E=0000000000000000
FA=0000 [0000000000000000] KR=0100 [0000000100000000] EXT=00 COND=1 IDLE=1 IO=0000000000000000
FB=0840 [0000100001000000] SR=0000 R5=0 ROM=0000.0 PREG=0 RAMOP=- RAMREG=090 ROMOP=- ROMREG=13

0640 1BCF BRC 0459 -1E7
A=0000000000000000 B=0000000000030000 C=0000000000000000 D=0000000000001000 E=0000000000000000
FA=0000 [0000000000000000] KR=0100 [0000000100000000] EXT=00 COND=1 IDLE=1 IO=0000000000000000
FB=0840 [0000100001000000] SR=0000 R5=0 ROM=0000.0 PREG=0 RAMOP=- RAMREG=090 ROMOP=- ROMREG=13

0459 0A80 WAIT D8
A=0000000000000000 B=0000000000030000 C=0000000000000000 D=0000000000001000 E=0000000000000000
FA=0000 [0000000000000000] KR=0100 [0000000100000000] EXT=00 COND=1 IDLE=1 IO=0000000000000000
FB=0840 [0000100001000000] SR=0000 R5=0 ROM=0000.0 PREG=0 RAMOP=- RAMREG=090 ROMOP=- ROMREG=13

045A 0A0B ?BUSY
A=0000000000000000 B=0000000000030000 C=0000000000000000 D=0000000000001000 E=0000000000000000
FA=0000 [0000000000000000] KR=0100 [0000000100000000] EXT=00 COND=1 IDLE=1 IO=0000000000000000
FB=0840 [0000100001000000] SR=0000 R5=0 ROM=0000.0 PREG=0 RAMOP=- RAMREG=090 ROMOP=- ROMREG=13

045B 13CC BRNC 0641 +1E6
A=0000000000000000 B=0000000000030000 C=0000000000000000 D=0000000000001000 E=0000000000000000
FA=0000 [0000000000000000] KR=0100 [0000000100000000] EXT=00 COND=0 IDLE=1 IO=0000000000000000
FB=0840 [0000100001000000] SR=0000 R5=0 ROM=0000.0 PREG=0 RAMOP=- RAMREG=090 ROMOP=- ROMREG=13

0641 0098 ?TFB 9
A=0000000000000000 B=0000000000030000 C=0000000000000000 D=0000000000001000 E=0000000000000000
FA=0000 [0000000000000000] KR=0100 [0000000100000000] EXT=00 COND=1 IDLE=1 IO=0000000000000000
FB=0840 [0000100001000000] SR=0000 R5=0 ROM=0000.0 PREG=0 RAMOP=- RAMREG=090 ROMOP=- ROMREG=13

0642 1828 BRC 0656 +014
A=0000000000000000 B=0000000000030000 C=0000000000000000 D=0000000000001000 E=0000000000000000
FA=0000 [0000000000000000] KR=0100 [0000000100000000] EXT=00 COND=1 IDLE=1 IO=0000000000000000
FB=0840 [0000100001000000] SR=0000 R5=0 ROM=0000.0 PREG=0 RAMOP=- RAMREG=090 ROMOP=- ROMREG=13

0656 0AE0 WAIT D14
A=0000000000000000 B=0000000000030000 C=0000000000000000 D=0000000000001000 E=0000000000000000
FA=0000 [0000000000000000] KR=0100 [0000000100000000] EXT=00 COND=1 IDLE=1 IO=0000000000000000
FB=0840 [0000100001000000] SR=0000 R5=0 ROM=0000.0 PREG=0 RAMOP=- RAMREG=090 ROMOP=- ROMREG=13

0657 0820 ?KEY 20
A=0000000000000000 B=0000000000030000 C=0000000000000000 D=0000000000001000 E=0000000000000000
FA=0000 [0000000000000000] KR=0100 [0000000100000000] EXT=00 COND=1 IDLE=1 IO=0000000000000000
FB=0840 [0000100001000000] SR=0000 R5=0 ROM=0000.0 PREG=0 RAMOP=- RAMREG=090 ROMOP=- ROMREG=13

0658 1839 BRC 063C -01C
A=0000000000000000 B=0000000000030000 C=0000000000000000 D=0000000000001000 E=0000000000000000
FA=0000 [0000000000000000] KR=0100 [0000000100000000] EXT=00 COND=1 IDLE=1 IO=0000000000000000
FB=0840 [0000100001000000] SR=0000 R5=0 ROM=0000.0 PREG=0 RAMOP=- RAMREG=090 ROMOP=- ROMREG=13

063C 00C8 ?TFB 12
A=0000000000000000 B=0000000000030000 C=0000000000000000 D=0000000000001000 E=0000000000000000
FA=0000 [0000000000000000] KR=0100 [0000000100000000] EXT=00 COND=1 IDLE=1 IO=0000000000000000
FB=0840 [0000100001000000] SR=0000 R5=0 ROM=0000.0 PREG=0 RAMOP=- RAMREG=090 ROMOP=- ROMREG=13

063D 00A8 ?TFB 10
A=0000000000000000 B=0000000000030000 C=0000000000000000 D=0000000000001000 E=0000000000000000
FA=0000 [0000000000000000] KR=0100 [0000000100000000] EXT=00 COND=1 IDLE=1 IO=0000000000000000
FB=0840 [0000100001000000] SR=0000 R5=0 ROM=0000.0 PREG=0 RAMOP=- RAMREG=090 ROMOP=- ROMREG=13

063E 0AB0 WAIT D11
A=0000000000000000 B=0000000000030000 C=0000000000000000 D=0000000000001000 E=0000000000000000
FA=0000 [0000000000000000] KR=0100 [0000000100000000] EXT=00 COND=1 IDLE=1 IO=0000000000000000
FB=0840 [0000100001000000] SR=0000 R5=0 ROM=0000.0 PREG=0 RAMOP=- RAMREG=090 ROMOP=- ROMREG=13

063F 0A0B ?BUSY
A=0000000000000000 B=0000000000030000 C=0000000000000000 D=0000000000001000 E=0000000000000000
FA=0000 [0000000000000000] KR=0100 [0000000100000000] EXT=00 COND=1 IDLE=1 IO=0000000000000000
FB=0840 [0000100001000000] SR=0000 R5=0 ROM=0000.0 PREG=0 RAMOP=- RAMREG=090 ROMOP=- ROMREG=13

0640 1BCF BRC 0459 -1E7
A=0000000000000000 B=0000000000030000 C=0000000000000000 D=0000000000001000 E=0000000000000000
FA=0000 [0000000000000000] KR=0100 [0000000100000000] EXT=00 COND=1 IDLE=1 IO=0000000000000000
FB=0840 [0000100001000000] SR=0000 R5=0 ROM=0000.0 PREG=0 RAMOP=- RAMREG=090 ROMOP=- ROMREG=13

0459 0A80 WAIT D8
A=0000000000000000 B=0000000000030000 C=0000000000000000 D=0000000000001000 E=0000000000000000
FA=0000 [0000000000000000] KR=0100 [0000000100000000] EXT=00 COND=1 IDLE=1 IO=0000000000000000
FB=0840 [0000100001000000] SR=0000 R5=0 ROM=0000.0 PREG=0 RAMOP=- RAMREG=090 ROMOP=- ROMREG=13

045A 0A0B ?BUSY
A=0000000000000000 B=0000000000030000 C=0000000000000000 D=0000000000001000 E=0000000000000000
FA=0000 [0000000000000000] KR=0100 [0000000100000000] EXT=00 COND=1 IDLE=1 IO=0000000000000000
FB=0840 [0000100001000000] SR=0000 R5=0 ROM=0000.0 PREG=0 RAMOP=- RAMREG=090 ROMOP=- ROMREG=13

045B 13CC BRNC 0641 +1E6
A=0000000000000000 B=0000000000030000 C=0000000000000000 D=0000000000001000 E=0000000000000000
FA=0000 [0000000000000000] KR=0100 [0000000100000000] EXT=00 COND=0 IDLE=1 IO=0000000000000000
FB=0840 [0000100001000000] SR=0000 R5=0 ROM=0000.0 PREG=0 RAMOP=- RAMREG=090 ROMOP=- ROMREG=13

0641 0098 ?TFB 9
A=0000000000000000 B=0000000000030000 C=0000000000000000 D=0000000000001000 E=0000000000000000
FA=0000 [0000000000000000] KR=0100 [0000000100000000] EXT=00 COND=1 IDLE=1 IO=0000000000000000
FB=0840 [0000100001000000] SR=0000 R5=0 ROM=0000.0 PREG=0 RAMOP=- RAMREG=090 ROMOP=- ROMREG=13

0642 1828 BRC 0656 +014
A=0000000000000000 B=0000000000030000 C=0000000000000000 D=0000000000001000 E=0000000000000000
FA=0000 [0000000000000000] KR=0100 [0000000100000000] EXT=00 COND=1 IDLE=1 IO=0000000000000000
FB=0840 [0000100001000000] SR=0000 R5=0 ROM=0000.0 PREG=0 RAMOP=- RAMREG=090 ROMOP=- ROMREG=13

0656 0AE0 WAIT D14
A=0000000000000000 B=0000000000030000 C=0000000000000000 D=0000000000001000 E=0000000000000000
FA=0000 [0000000000000000] KR=0100 [0000000100000000] EXT=00 COND=1 IDLE=1 IO=0000000000000000
FB=0840 [0000100001000000] SR=0000 R5=0 ROM=0000.0 PREG=0 RAMOP=- RAMREG=090 ROMOP=- ROMREG=13

0657 0820 ?KEY 20
A=0000000000000000 B=0000000000030000 C=0000000000000000 D=0000000000001000 E=0000000000000000
FA=0000 [0000000000000000] KR=0100 [0000000100000000] EXT=00 COND=1 IDLE=1 IO=0000000000000000
FB=0840 [0000100001000000] SR=0000 R5=0 ROM=0000.0 PREG=0 RAMOP=- RAMREG=090 ROMOP=- ROMREG=13

0658 1839 BRC 063C -01C
A=0000000000000000 B=0000000000030000 C=0000000000000000 D=0000000000001000 E=0000000000000000
FA=0000 [0000000000000000] KR=0100 [0000000100000000] EXT=00 COND=1 IDLE=1 IO=0000000000000000
FB=0840 [0000100001000000] SR=0000 R5=0 ROM=0000.0 PREG=0 RAMOP=- RAMREG=090 ROMOP=- ROMREG=13

063C 00C8 ?TFB 12
A=0000000000000000 B=0000000000030000 C=0000000000000000 D=0000000000001000 E=0000000000000000
FA=0000 [0000000000000000] KR=0100 [0000000100000000] EXT=00 COND=1 IDLE=1 IO=0000000000000000
FB=0840 [0000100001000000] SR=0000 R5=0 ROM=0000.0 PREG=0 RAMOP=- RAMREG=090 ROMOP=- ROMREG=13

063D 00A8 ?TFB 10
A=0000000000000000 B=0000000000030000 C=0000000000000000 D=0000000000001000 E=0000000000000000
FA=0000 [0000000000000000] KR=0100 [0000000100000000] EXT=00 COND=1 IDLE=1 IO=0000000000000000
FB=0840 [0000100001000000] SR=0000 R5=0 ROM=0000.0 PREG=0 RAMOP=- RAMREG=090 ROMOP=- ROMREG=13

063E 0AB0 WAIT D11
A=0000000000000000 B=0000000000030000 C=0000000000000000 D=0000000000001000 E=0000000000000000
FA=0000 [0000000000000000] KR=0100 [0000000100000000] EXT=00 COND=1 IDLE=1 IO=0000000000000000
FB=0840 [0000100001000000] SR=0000 R5=0 ROM=0000.0 PREG=0 RAMOP=- RAMREG=090 ROMOP=- ROMREG=13

063F 0A0B ?BUSY
A=0000000000000000 B=0000000000030000 C=0000000000000000 D=0000000000001000 E=0000000000000000
FA=0000 [0000000000000000] KR=0100 [0000000100000000] EXT=00 COND=1 IDLE=1 IO=0000000000000000
FB=0840 [0000100001000000] SR=0000 R5=0 ROM=0000.0 PREG=0 RAMOP=- RAMREG=090 ROMOP=- ROMREG=13

0640 1BCF BRC 0459 -1E7
A=0000000000000000 B=0000000000030000 C=0000000000000000 D=0000000000001000 E=0000000000000000
FA=0000 [0000000000000000] KR=0100 [0000000100000000] EXT=00 COND=1 IDLE=1 IO=0000000000000000
FB=0840 [0000100001000000] SR=0000 R5=0 ROM=0000.0 PREG=0 RAMOP=- RAMREG=090 ROMOP=- ROMREG=13

0459 0A80 WAIT D8
A=0000000000000000 B=0000000000030000 C=0000000000000000 D=0000000000001000 E=0000000000000000
FA=0000 [0000000000000000] KR=0100 [0000000100000000] EXT=00 COND=1 IDLE=1 IO=0000000000000000
FB=0840 [0000100001000000] SR=0000 R5=0 ROM=0000.0 PREG=0 RAMOP=- RAMREG=090 ROMOP=- ROMREG=13

045A 0A0B ?BUSY
A=0000000000000000 B=0000000000030000 C=0000000000000000 D=0000000000001000 E=0000000000000000
FA=0000 [0000000000000000] KR=0100 [0000000100000000] EXT=00 COND=1 IDLE=1 IO=0000000000000000
FB=0840 [0000100001000000] SR=0000 R5=0 ROM=0000.0 PREG=0 RAMOP=- RAMREG=090 ROMOP=- ROMREG=13

045B 13CC BRNC 0641 +1E6
A=0000000000000000 B=0000000000030000 C=0000000000000000 D=0000000000001000 E=0000000000000000
FA=0000 [0000000000000000] KR=0100 [0000000100000000] EXT=00 COND=0 IDLE=1 IO=0000000000000000
FB=0840 [0000100001000000] SR=0000 R5=0 ROM=0000.0 PREG=0 RAMOP=- RAMREG=090 ROMOP=- ROMREG=13

0641 0098 ?TFB 9
A=0000000000000000 B=0000000000030000 C=0000000000000000 D=0000000000001000 E=0000000000000000
FA=0000 [0000000000000000] KR=0100 [0000000100000000] EXT=00 COND=1 IDLE=1 IO=0000000000000000
FB=0840 [0000100001000000] SR=0000 R5=0 ROM=0000.0 PREG=0 RAMOP=- RAMREG=090 ROMOP=- ROMREG=13

0642 1828 BRC 0656 +014
A=0000000000000000 B=0000000000030000 C=0000000000000000 D=0000000000001000 E=0000000000000000
FA=0000 [0000000000000000] KR=0100 [0000000100000000] EXT=00 COND=1 IDLE=1 IO=0000000000000000
FB=0840 [0000100001000000] SR=0000 R5=0 ROM=0000.0 PREG=0 RAMOP=- RAMREG=090 ROMOP=- ROMREG=13

0656 0AE0 WAIT D14
A=0000000000000000 B=0000000000030000 C=0000000000000000 D=0000000000001000 E=0000000000000000
FA=0000 [0000000000000000] KR=0100 [0000000100000000] EXT=00 COND=1 IDLE=1 IO=0000000000000000
FB=0840 [0000100001000000] SR=0000 R5=0 ROM=0000.0 PREG=0 RAMOP=- RAMREG=090 ROMOP=- ROMREG=13

0657 0820 ?KEY 20
A=0000000000000000 B=0000000000030000 C=0000000000000000 D=0000000000001000 E=0000000000000000
FA=0000 [0000000000000000] KR=0100 [0000000100000000] EXT=00 COND=1 IDLE=1 IO=0000000000000000
FB=0840 [0000100001000000] SR=0000 R5=0 ROM=0000.0 PREG=0 RAMOP=- RAMREG=090 ROMOP=- ROMREG=13

0658 1839 BRC 063C -01C
A=0000000000000000 B=0000000000030000 C=0000000000000000 D=0000000000001000 E=0000000000000000
FA=0000 [0000000000000000] KR=0100 [0000000100000000] EXT=00 COND=1 IDLE=1 IO=0000000000000000
FB=0840 [0000100001000000] SR=0000 R5=0 ROM=0000.0 PREG=0 RAMOP=- RAMREG=090 ROMOP=- ROMREG=13

063C 00C8 ?TFB 12
A=0000000000000000 B=0000000000030000 C=0000000000000000 D=0000000000001000 E=0000000000000000
FA=0000 [0000000000000000] KR=0100 [0000000100000000] EXT=00 COND=1 IDLE=1 IO=0000000000000000
FB=0840 [0000100001000000] SR=0000 R5=0 ROM=0000.0 PREG=0 RAMOP=- RAMREG=090 ROMOP=- ROMREG=13

063D 00A8 ?TFB 10
A=0000000000000000 B=0000000000030000 C=0000000000000000 D=0000000000001000 E=0000000000000000
FA=0000 [0000000000000000] KR=0100 [0000000100000000] EXT=00 COND=1 IDLE=1 IO=0000000000000000
FB=0840 [0000100001000000] SR=0000 R5=0 ROM=0000.0 PREG=0 RAMOP=- RAMREG=090 ROMOP=- ROMREG=13

063E 0AB0 WAIT D11
A=0000000000000000 B=0000000000030000 C=0000000000000000 D=0000000000001000 E=0000000000000000
FA=0000 [0000000000000000] KR=0100 [0000000100000000] EXT=00 COND=1 IDLE=1 IO=0000000000000000
FB=0840 [0000100001000000] SR=0000 R5=0 ROM=0000.0 PREG=0 RAMOP=- RAMREG=090 ROMOP=- ROMREG=13

063F 0A0B ?BUSY
A=0000000000000000 B=0000000000030000 C=0000000000000000 D=0000000000001000 E=0000000000000000
FA=0000 [0000000000000000] KR=0100 [0000000100000000] EXT=00 COND=1 IDLE=1 IO=0000000000000000
FB=0840 [0000100001000000] SR=0000 R5=0 ROM=0000.0 PREG=0 RAMOP=- RAMREG=090 ROMOP=- ROMREG=13

0640 1BCF BRC 0459 -1E7
A=0000000000000000 B=0000000000030000 C=0000000000000000 D=0000000000001000 E=0000000000000000
FA=0000 [0000000000000000] KR=0100 [0000000100000000] EXT=00 COND=1 IDLE=1 IO=0000000000000000
FB=0840 [0000100001000000] SR=0000 R5=0 ROM=0000.0 PREG=0 RAMOP=- RAMREG=090 ROMOP=- ROMREG=13

0459 0A80 WAIT D8
A=0000000000000000 B=0000000000030000 C=0000000000000000 D=0000000000001000 E=0000000000000000
FA=0000 [0000000000000000] KR=0100 [0000000100000000] EXT=00 COND=1 IDLE=1 IO=0000000000000000
FB=0840 [0000100001000000] SR=0000 R5=0 ROM=0000.0 PREG=0 RAMOP=- RAMREG=090 ROMOP=- ROMREG=13

045A 0A0B ?BUSY
A=0000000000000000 B=0000000000030000 C=0000000000000000 D=0000000000001000 E=0000000000000000
FA=0000 [0000000000000000] KR=0100 [0000000100000000] EXT=00 COND=1 IDLE=1 IO=0000000000000000
FB=0840 [0000100001000000] SR=0000 R5=0 ROM=0000.0 PREG=0 RAMOP=- RAMREG=090 ROMOP=- ROMREG=13

045B 13CC BRNC 0641 +1E6
A=0000000000000000 B=0000000000030000 C=0000000000000000 D=0000000000001000 E=0000000000000000
FA=0000 [0000000000000000] KR=0100 [0000000100000000] EXT=00 COND=0 IDLE=1 IO=0000000000000000
FB=0840 [0000100001000000] SR=0000 R5=0 ROM=0000.0 PREG=0 RAMOP=- RAMREG=090 ROMOP=- ROMREG=13

0641 0098 ?TFB 9
A=0000000000000000 B=0000000000030000 C=0000000000000000 D=0000000000001000 E=0000000000000000
FA=0000 [0000000000000000] KR=0100 [0000000100000000] EXT=00 COND=1 IDLE=1 IO=0000000000000000
FB=0840 [0000100001000000] SR=0000 R5=0 ROM=0000.0 PREG=0 RAMOP=- RAMREG=090 ROMOP=- ROMREG=13

0642 1828 BRC 0656 +014
A=0000000000000000 B=0000000000030000 C=0000000000000000 D=0000000000001000 E=0000000000000000
FA=0000 [0000000000000000] KR=0100 [0000000100000000] EXT=00 COND=1 IDLE=1 IO=0000000000000000
FB=0840 [0000100001000000] SR=0000 R5=0 ROM=0000.0 PREG=0 RAMOP=- RAMREG=090 ROMOP=- ROMREG=13

0656 0AE0 WAIT D14
A=0000000000000000 B=0000000000030000 C=0000000000000000 D=0000000000001000 E=0000000000000000
FA=0000 [0000000000000000] KR=0100 [0000000100000000] EXT=00 COND=1 IDLE=1 IO=0000000000000000
FB=0840 [0000100001000000] SR=0000 R5=0 ROM=0000.0 PREG=0 RAMOP=- RAMREG=090 ROMOP=- ROMREG=13

0657 0820 ?KEY 20
A=0000000000000000 B=0000000000030000 C=0000000000000000 D=0000000000001000 E=0000000000000000
FA=0000 [0000000000000000] KR=0100 [0000000100000000] EXT=00 COND=1 IDLE=1 IO=0000000000000000
FB=0840 [0000100001000000] SR=0000 R5=0 ROM=0000.0 PREG=0 RAMOP=- RAMREG=090 ROMOP=- ROMREG=13

0658 1839 BRC 063C -01C
A=0000000000000000 B=0000000000030000 C=0000000000000000 D=0000000000001000 E=0000000000000000
FA=0000 [0000000000000000] KR=0100 [0000000100000000] EXT=00 COND=1 IDLE=1 IO=0000000000000000
FB=0840 [0000100001000000] SR=0000 R5=0 ROM=0000.0 PREG=0 RAMOP=- RAMREG=090 ROMOP=- ROMREG=13

063C 00C8 ?TFB 12
A=0000000000000000 B=0000000000030000 C=0000000000000000 D=0000000000001000 E=0000000000000000
FA=0000 [0000000000000000] KR=0100 [0000000100000000] EXT=00 COND=1 IDLE=1 IO=0000000000000000
FB=0840 [0000100001000000] SR=0000 R5=0 ROM=0000.0 PREG=0 RAMOP=- RAMREG=090 ROMOP=- ROMREG=13

063D 00A8 ?TFB 10
A=0000000000000000 B=0000000000030000 C=0000000000000000 D=0000000000001000 E=0000000000000000
FA=0000 [0000000000000000] KR=0100 [0000000100000000] EXT=00 COND=1 IDLE=1 IO=0000000000000000
FB=0840 [0000100001000000] SR=0000 R5=0 ROM=0000.0 PREG=0 RAMOP=- RAMREG=090 ROMOP=- ROMREG=13

063E 0AB0 WAIT D11
A=0000000000000000 B=0000000000030000 C=0000000000000000 D=0000000000001000 E=0000000000000000
FA=0000 [0000000000000000] KR=0100 [0000000100000000] EXT=00 COND=1 IDLE=1 IO=0000000000000000
FB=0840 [0000100001000000] SR=0000 R5=0 ROM=0000.0 PREG=0 RAMOP=- RAMREG=090 ROMOP=- ROMREG=13

063F 0A0B ?BUSY
A=0000000000000000 B=0000000000030000 C=0000000000000000 D=0000000000001000 E=0000000000000000
FA=0000 [0000000000000000] KR=0100 [0000000100000000] EXT=00 COND=1 IDLE=1 IO=0000000000000000
FB=0840 [0000100001000000] SR=0000 R5=0 ROM=0000.0 PREG=0 RAMOP=- RAMREG=090 ROMOP=- ROMREG=13

0640 1BCF BRC 0459 -1E7
A=0000000000000000 B=0000000000030000 C=0000000000000000 D=0000000000001000 E=0000000000000000
FA=0000 [0000000000000000] KR=0100 [0000000100000000] EXT=00 COND=1 IDLE=1 IO=0000000000000000
FB=0840 [0000100001000000] SR=0000 R5=0 ROM=0000.0 PREG=0 RAMOP=- RAMREG=090 ROMOP=- ROMREG=13

0459 0A80 WAIT D8
A=0000000000000000 B=0000000000030000 C=0000000000000000 D=0000000000001000 E=0000000000000000
FA=0000 [0000000000000000] KR=0100 [0000000100000000] EXT=00 COND=1 IDLE=1 IO=0000000000000000
FB=0840 [0000100001000000] SR=0000 R5=0 ROM=0000.0 PREG=0 RAMOP=- RAMREG=090 ROMOP=- ROMREG=13

045A 0A0B ?BUSY
A=0000000000000000 B=0000000000030000 C=0000000000000000 D=0000000000001000 E=0000000000000000
FA=0000 [0000000000000000] KR=0100 [0000000100000000] EXT=00 COND=1 IDLE=1 IO=0000000000000000
FB=0840 [0000100001000000] SR=0000 R5=0 ROM=0000.0 PREG=0 RAMOP=- RAMREG=090 ROMOP=- ROMREG=13

045B 13CC BRNC 0641 +1E6
A=0000000000000000 B=0000000000030000 C=0000000000000000 D=0000000000001000 E=0000000000000000
FA=0000 [0000000000000000] KR=0100 [0000000100000000] EXT=00 COND=0 IDLE=1 IO=0000000000000000
FB=0840 [0000100001000000] SR=0000 R5=0 ROM=0000.0 PREG=0 RAMOP=- RAMREG=090 ROMOP=- ROMREG=13

0641 0098 ?TFB 9
A=0000000000000000 B=0000000000030000 C=0000000000000000 D=0000000000001000 E=0000000000000000
FA=0000 [0000000000000000] KR=0100 [0000000100000000] EXT=00 COND=1 IDLE=1 IO=0000000000000000
FB=0840 [0000100001000000] SR=0000 R5=0 ROM=0000.0 PREG=0 RAMOP=- RAMREG=090 ROMOP=- ROMREG=13

0642 1828 BRC 0656 +014
A=0000000000000000 B=0000000000030000 C=0000000000000000 D=0000000000001000 E=0000000000000000
FA=0000 [0000000000000000] KR=0100 [0000000100000000] EXT=00 COND=1 IDLE=1 IO=0000000000000000
FB=0840 [0000100001000000] SR=0000 R5=0 ROM=0000.0 PREG=0 RAMOP=- RAMREG=090 ROMOP=- ROMREG=13

0656 0AE0 WAIT D14
A=0000000000000000 B=0000000000030000 C=0000000000000000 D=0000000000001000 E=0000000000000000
FA=0000 [0000000000000000] KR=0100 [0000000100000000] EXT=00 COND=1 IDLE=1 IO=0000000000000000
FB=0840 [0000100001000000] SR=0000 R5=0 ROM=0000.0 PREG=0 RAMOP=- RAMREG=090 ROMOP=- ROMREG=13

0657 0820 ?KEY 20
A=0000000000000000 B=0000000000030000 C=0000000000000000 D=0000000000001000 E=0000000000000000
FA=0000 [0000000000000000] KR=0100 [0000000100000000] EXT=00 COND=1 IDLE=1 IO=0000000000000000
FB=0840 [0000100001000000] SR=0000 R5=0 ROM=0000.0 PREG=0 RAMOP=- RAMREG=090 ROMOP=- ROMREG=13

0658 1839 BRC 063C -01C
A=0000000000000000 B=0000000000030000 C=0000000000000000 D=0000000000001000 E=0000000000000000
FA=0000 [0000000000000000] KR=0100 [0000000100000000] EXT=00 COND=1 IDLE=1 IO=0000000000000000
FB=0840 [0000100001000000] SR=0000 R5=0 ROM=0000.0 PREG=0 RAMOP=- RAMREG=090 ROMOP=- ROMREG=13

063C 00C8 ?TFB 12
A=0000000000000000 B=0000000000030000 C=0000000000000000 D=0000000000001000 E=0000000000000000
FA=0000 [0000000000000000] KR=0100 [0000000100000000] EXT=00 COND=1 IDLE=1 IO=0000000000000000
FB=0840 [0000100001000000] SR=0000 R5=0 ROM=0000.0 PREG=0 RAMOP=- RAMREG=090 ROMOP=- ROMREG=13

063D 00A8 ?TFB 10
A=0000000000000000 B=0000000000030000 C=0000000000000000 D=0000000000001000 E=0000000000000000
FA=0000 [0000000000000000] KR=0100 [0000000100000000] EXT=00 COND=1 IDLE=1 IO=0000000000000000
FB=0840 [0000100001000000] SR=0000 R5=0 ROM=0000.0 PREG=0 RAMOP=- RAMREG=090 ROMOP=- ROMREG=13

063E 0AB0 WAIT D11
A=0000000000000000 B=0000000000030000 C=0000000000000000 D=0000000000001000 E=0000000000000000
FA=0000 [0000000000000000] KR=0100 [0000000100000000] EXT=00 COND=1 IDLE=1 IO=0000000000000000
FB=0840 [0000100001000000] SR=0000 R5=0 ROM=0000.0 PREG=0 RAMOP=- RAMREG=090 ROMOP=- ROMREG=13

063F 0A0B ?BUSY
A=0000000000000000 B=0000000000030000 C=0000000000000000 D=0000000000001000 E=0000000000000000
FA=0000 [0000000000000000] KR=0100 [0000000100000000] EXT=00 COND=1 IDLE=1 IO=0000000000000000
FB=0840 [0000100001000000] SR=0000 R5=0 ROM=0000.0 PREG=0 RAMOP=- RAMREG=090 ROMOP=- ROMREG=13

0640 1BCF BRC 0459 -1E7
A=0000000000000000 B=0000000000030000 C=0000000000000000 D=0000000000001000 E=0000000000000000
FA=0000 [0000000000000000] KR=0100 [0000000100000000] EXT=00 COND=1 IDLE=1 IO=0000000000000000
FB=0840 [0000100001000000] SR=0000 R5=0 ROM=0000.0 PREG=0 RAMOP=- RAMREG=090 ROMOP=- ROMREG=13

0459 0A80 WAIT D8
A=0000000000000000 B=0000000000030000 C=0000000000000000 D=0000000000001000 E=0000000000000000
FA=0000 [0000000000000000] KR=0100 [0000000100000000] EXT=00 COND=1 IDLE=1 IO=0000000000000000
FB=0840 [0000100001000000] SR=0000 R5=0 ROM=0000.0 PREG=0 RAMOP=- RAMREG=090 ROMOP=- ROMREG=13

045A 0A0B ?BUSY
A=0000000000000000 B=0000000000030000 C=0000000000000000 D=0000000000001000 E=0000000000000000
FA=0000 [0000000000000000] KR=0100 [0000000100000000] EXT=00 COND=1 IDLE=1 IO=0000000000000000
FB=0840 [0000100001000000] SR=0000 R5=0 ROM=0000.0 PREG=0 RAMOP=- RAMREG=090 ROMOP=- ROMREG=13

045B 13CC BRNC 0641 +1E6
A=0000000000000000 B=0000000000030000 C=0000000000000000 D=0000000000001000 E=0000000000000000
FA=0000 [0000000000000000] KR=0100 [0000000100000000] EXT=00 COND=0 IDLE=1 IO=0000000000000000
FB=0840 [0000100001000000] SR=0000 R5=0 ROM=0000.0 PREG=0 RAMOP=- RAMREG=090 ROMOP=- ROMREG=13

0641 0098 ?TFB 9
A=0000000000000000 B=0000000000030000 C=0000000000000000 D=0000000000001000 E=0000000000000000
FA=0000 [0000000000000000] KR=0100 [0000000100000000] EXT=00 COND=1 IDLE=1 IO=0000000000000000
FB=0840 [0000100001000000] SR=0000 R5=0 ROM=0000.0 PREG=0 RAMOP=- RAMREG=090 ROMOP=- ROMREG=13

0642 1828 BRC 0656 +014
A=0000000000000000 B=0000000000030000 C=0000000000000000 D=0000000000001000 E=0000000000000000
FA=0000 [0000000000000000] KR=0100 [0000000100000000] EXT=00 COND=1 IDLE=1 IO=0000000000000000
FB=0840 [0000100001000000] SR=0000 R5=0 ROM=0000.0 PREG=0 RAMOP=- RAMREG=090 ROMOP=- ROMREG=13

0656 0AE0 WAIT D14
A=0000000000000000 B=0000000000030000 C=0000000000000000 D=0000000000001000 E=0000000000000000
FA=0000 [0000000000000000] KR=0100 [0000000100000000] EXT=00 COND=1 IDLE=1 IO=0000000000000000
FB=0840 [0000100001000000] SR=0000 R5=0 ROM=0000.0 PREG=0 RAMOP=- RAMREG=090 ROMOP=- ROMREG=13

0657 0820 ?KEY 20
A=0000000000000000 B=0000000000030000 C=0000000000000000 D=0000000000001000 E=0000000000000000
FA=0000 [0000000000000000] KR=0100 [0000000100000000] EXT=00 COND=1 IDLE=1 IO=0000000000000000
FB=0840 [0000100001000000] SR=0000 R5=0 ROM=0000.0 PREG=0 RAMOP=- RAMREG=090 ROMOP=- ROMREG=13

0658 1839 BRC 063C -01C
A=0000000000000000 B=0000000000030000 C=0000000000000000 D=0000000000001000 E=0000000000000000
FA=0000 [0000000000000000] KR=0100 [0000000100000000] EXT=00 COND=1 IDLE=1 IO=0000000000000000
FB=0840 [0000100001000000] SR=0000 R5=0 ROM=0000.0 PREG=0 RAMOP=- RAMREG=090 ROMOP=- ROMREG=13

063C 00C8 ?TFB 12
A=0000000000000000 B=0000000000030000 C=0000000000000000 D=0000000000001000 E=0000000000000000
FA=0000 [0000000000000000] KR=0100 [0000000100000000] EXT=00 COND=1 IDLE=1 IO=0000000000000000
FB=0840 [0000100001000000] SR=0000 R5=0 ROM=0000.0 PREG=0 RAMOP=- RAMREG=090 ROMOP=- ROMREG=13

063D 00A8 ?TFB 10
A=0000000000000000 B=0000000000030000 C=0000000000000000 D=0000000000001000 E=0000000000000000
FA=0000 [0000000000000000] KR=0100 [0000000100000000] EXT=00 COND=1 IDLE=1 IO=0000000000000000
FB=0840 [0000100001000000] SR=0000 R5=0 ROM=0000.0 PREG=0 RAMOP=- RAMREG=090 ROMOP=- ROMREG=13

063E 0AB0 WAIT D11
A=0000000000000000 B=0000000000030000 C=0000000000000000 D=0000000000001000 E=0000000000000000
FA=0000 [0000000000000000] KR=0100 [0000000100000000] EXT=00 COND=1 IDLE=1 IO=0000000000000000
FB=0840 [0000100001000000] SR=0000 R5=0 ROM=0000.0 PREG=0 RAMOP=- RAMREG=090 ROMOP=- ROMREG=13

063F 0A0B ?BUSY
A=0000000000000000 B=0000000000030000 C=0000000000000000 D=0000000000001000 E=0000000000000000
FA=0000 [0000000000000000] KR=0100 [0000000100000000] EXT=00 COND=1 IDLE=1 IO=0000000000000000
FB=0840 [0000100001000000] SR=0000 R5=0 ROM=0000.0 PREG=0 RAMOP=- RAMREG=090 ROMOP=- ROMREG=13

0640 1BCF BRC 0459 -1E7
A=0000000000000000 B=0000000000030000 C=0000000000000000 D=0000000000001000 E=0000000000000000
FA=0000 [0000000000000000] KR=0100 [0000000100000000] EXT=00 COND=1 IDLE=1 IO=0000000000000000
FB=0840 [0000100001000000] SR=0000 R5=0 ROM=0000.0 PREG=0 RAMOP=- RAMREG=090 ROMOP=- ROMREG=13

0459 0A80 WAIT D8
A=0000000000000000 B=0000000000030000 C=0000000000000000 D=0000000000001000 E=0000000000000000
FA=0000 [0000000000000000] KR=0100 [0000000100000000] EXT=00 COND=1 IDLE=1 IO=0000000000000000
FB=0840 [0000100001000000] SR=0000 R5=0 ROM=0000.0 PREG=0 RAMOP=- RAMREG=090 ROMOP=- ROMREG=13

045A 0A0B ?BUSY
A=0000000000000000 B=0000000000030000 C=0000000000000000 D=0000000000001000 E=0000000000000000
FA=0000 [0000000000000000] KR=0100 [0000000100000000] EXT=00 COND=1 IDLE=1 IO=0000000000000000
FB=0840 [0000100001000000] SR=0000 R5=0 ROM=0000.0 PREG=0 RAMOP=- RAMREG=090 ROMOP=- ROMREG=13

045B 13CC BRNC 0641 +1E6
A=0000000000000000 B=0000000000030000 C=0000000000000000 D=0000000000001000 E=0000000000000000
FA=0000 [0000000000000000] KR=0100 [0000000100000000] EXT=00 COND=0 IDLE=1 IO=0000000000000000
FB=0840 [0000100001000000] SR=0000 R5=0 ROM=0000.0 PREG=0 RAMOP=- RAMREG=090 ROMOP=- ROMREG=13

0641 0098 ?TFB 9
A=0000000000000000 B=0000000000030000 C=0000000000000000 D=0000000000001000 E=0000000000000000
FA=0000 [0000000000000000] KR=0100 [0000000100000000] EXT=00 COND=1 IDLE=1 IO=0000000000000000
FB=0840 [0000100001000000] SR=0000 R5=0 ROM=0000.0 PREG=0 RAMOP=- RAMREG=090 ROMOP=- ROMREG=13

0642 1828 BRC 0656 +014
A=0000000000000000 B=0000000000030000 C=0000000000000000 D=0000000000001000 E=0000000000000000
FA=0000 [0000000000000000] KR=0100 [0000000100000000] EXT=00 COND=1 IDLE=1 IO=0000000000000000
FB=0840 [0000100001000000] SR=0000 R5=0 ROM=0000.0 PREG=0 RAMOP=- RAMREG=090 ROMOP=- ROMREG=13

0656 0AE0 WAIT D14
A=0000000000000000 B=0000000000030000 C=0000000000000000 D=0000000000001000 E=0000000000000000
FA=0000 [0000000000000000] KR=0100 [0000000100000000] EXT=00 COND=1 IDLE=1 IO=0000000000000000
FB=0840 [0000100001000000] SR=0000 R5=0 ROM=0000.0 PREG=0 RAMOP=- RAMREG=090 ROMOP=- ROMREG=13

0657 0820 ?KEY 20
A=0000000000000000 B=0000000000030000 C=0000000000000000 D=0000000000001000 E=0000000000000000
FA=0000 [0000000000000000] KR=0100 [0000000100000000] EXT=00 COND=1 IDLE=1 IO=0000000000000000
FB=0840 [0000100001000000] SR=0000 R5=0 ROM=0000.0 PREG=0 RAMOP=- RAMREG=090 ROMOP=- ROMREG=13

0658 1839 BRC 063C -01C
A=0000000000000000 B=0000000000030000 C=0000000000000000 D=0000000000001000 E=0000000000000000
FA=0000 [0000000000000000] KR=0100 [0000000100000000] EXT=00 COND=1 IDLE=1 IO=0000000000000000
FB=0840 [0000100001000000] SR=0000 R5=0 ROM=0000.0 PREG=0 RAMOP=- RAMREG=090 ROMOP=- ROMREG=13

063C 00C8 ?TFB 12
A=0000000000000000 B=0000000000030000 C=0000000000000000 D=0000000000001000 E=0000000000000000
FA=0000 [0000000000000000] KR=0100 [0000000100000000] EXT=00 COND=1 IDLE=1 IO=0000000000000000
FB=0840 [0000100001000000] SR=0000 R5=0 ROM=0000.0 PREG=0 RAMOP=- RAMREG=090 ROMOP=- ROMREG=13

063D 00A8 ?TFB 10
A=0000000000000000 B=0000000000030000 C=0000000000000000 D=0000000000001000 E=0000000000000000
FA=0000 [0000000000000000] KR=0100 [0000000100000000] EXT=00 COND=1 IDLE=1 IO=0000000000000000
FB=0840 [0000100001000000] SR=0000 R5=0 ROM=0000.0 PREG=0 RAMOP=- RAMREG=090 ROMOP=- ROMREG=13

063E 0AB0 WAIT D11
A=0000000000000000 B=0000000000030000 C=0000000000000000 D=0000000000001000 E=0000000000000000
FA=0000 [0000000000000000] KR=0100 [0000000100000000] EXT=00 COND=1 IDLE=1 IO=0000000000000000
FB=0840 [0000100001000000] SR=0000 R5=0 ROM=0000.0 PREG=0 RAMOP=- RAMREG=090 ROMOP=- ROMREG=13

063F 0A0B ?BUSY
A=0000000000000000 B=0000000000030000 C=0000000000000000 D=0000000000001000 E=0000000000000000
FA=0000 [0000000000000000] KR=0100 [0000000100000000] EXT=00 COND=1 IDLE=1 IO=0000000000000000
FB=0840 [0000100001000000] SR=0000 R5=0 ROM=0000.0 PREG=0 RAMOP=- RAMREG=090 ROMOP=- ROMREG=13

0640 1BCF BRC 0459 -1E7
A=0000000000000000 B=0000000000030000 C=0000000000000000 D=0000000000001000 E=0000000000000000
FA=0000 [0000000000000000] KR=0100 [0000000100000000] EXT=00 COND=1 IDLE=1 IO=0000000000000000
FB=0840 [0000100001000000] SR=0000 R5=0 ROM=0000.0 PREG=0 RAMOP=- RAMREG=090 ROMOP=- ROMREG=13

0459 0A80 WAIT D8
A=0000000000000000 B=0000000000030000 C=0000000000000000 D=0000000000001000 E=0000000000000000
FA=0000 [0000000000000000] KR=0100 [0000000100000000] EXT=00 COND=1 IDLE=1 IO=0000000000000000
FB=0840 [0000100001000000] SR=0000 R5=0 ROM=0000.0 PREG=0 RAMOP=- RAMREG=090 ROMOP=- ROMREG=13

045A 0A0B ?BUSY
A=0000000000000000 B=0000000000030000 C=0000000000000000 D=0000000000001000 E=0000000000000000
FA=0000 [0000000000000000] KR=0100 [0000000100000000] EXT=00 COND=1 IDLE=1 IO=0000000000000000
FB=0840 [0000100001000000] SR=0000 R5=0 ROM=0000.0 PREG=0 RAMOP=- RAMREG=090 ROMOP=- ROMREG=13

045B 13CC BRNC 0641 +1E6
A=0000000000000000 B=0000000000030000 C=0000000000000000 D=0000000000001000 E=0000000000000000
FA=0000 [0000000000000000] KR=0100 [0000000100000000] EXT=00 COND=0 IDLE=1 IO=0000000000000000
FB=0840 [0000100001000000] SR=0000 R5=0 ROM=0000.0 PREG=0 RAMOP=- RAMREG=090 ROMOP=- ROMREG=13

0641 0098 ?TFB 9
A=0000000000000000 B=0000000000030000 C=0000000000000000 D=0000000000001000 E=0000000000000000
FA=0000 [0000000000000000] KR=0100 [0000000100000000] EXT=00 COND=1 IDLE=1 IO=0000000000000000
FB=0840 [0000100001000000] SR=0000 R5=0 ROM=0000.0 PREG=0 RAMOP=- RAMREG=090 ROMOP=- ROMREG=13

0642 1828 BRC 0656 +014
A=0000000000000000 B=0000000000030000 C=0000000000000000 D=0000000000001000 E=0000000000000000
FA=0000 [0000000000000000] KR=0100 [0000000100000000] EXT=00 COND=1 IDLE=1 IO=0000000000000000
FB=0840 [0000100001000000] SR=0000 R5=0 ROM=0000.0 PREG=0 RAMOP=- RAMREG=090 ROMOP=- ROMREG=13

0656 0AE0 WAIT D14
A=0000000000000000 B=0000000000030000 C=0000000000000000 D=0000000000001000 E=0000000000000000
FA=0000 [0000000000000000] KR=0100 [0000000100000000] EXT=00 COND=1 IDLE=1 IO=0000000000000000
FB=0840 [0000100001000000] SR=0000 R5=0 ROM=0000.0 PREG=0 RAMOP=- RAMREG=090 ROMOP=- ROMREG=13

0657 0820 ?KEY 20
A=0000000000000000 B=0000000000030000 C=0000000000000000 D=0000000000001000 E=0000000000000000
FA=0000 [0000000000000000] KR=0100 [0000000100000000] EXT=00 COND=1 IDLE=1 IO=0000000000000000
FB=0840 [0000100001000000] SR=0000 R5=0 ROM=0000.0 PREG=0 RAMOP=- RAMREG=090 ROMOP=- ROMREG=13

0658 1839 BRC 063C -01C
A=0000000000000000 B=0000000000030000 C=0000000000000000 D=0000000000001000 E=0000000000000000
FA=0000 [0000000000000000] KR=0180 [0000000110000000] EXT=00 COND=0 IDLE=1 IO=0000000000000000
FB=0840 [0000100001000000] SR=0000 R5=0 ROM=0000.0 PREG=0 RAMOP=- RAMREG=090 ROMOP=- ROMREG=13

0659 0AE0 WAIT D14
A=0000000000000000 B=0000000000030000 C=0000000000000000 D=0000000000001000 E=0000000000000000
FA=0000 [0000000000000000] KR=0180 [0000000110000000] EXT=00 COND=1 IDLE=1 IO=0000000000000000
FB=0840 [0000100001000000] SR=0000 R5=0 ROM=0000.0 PREG=0 RAMOP=- RAMREG=090 ROMOP=- ROMREG=13

065A 0820 ?KEY 20
A=0000000000000000 B=0000000000030000 C=0000000000000000 D=0000000000001000 E=0000000000000000
FA=0000 [0000000000000000] KR=0180 [0000000110000000] EXT=00 COND=1 IDLE=1 IO=0000000000000000
FB=0840 [0000100001000000] SR=0000 R5=0 ROM=0000.0 PREG=0 RAMOP=- RAMREG=090 ROMOP=- ROMREG=13

065B 183F BRC 063C -01F
A=0000000000000000 B=0000000000030000 C=0000000000000000 D=0000000000001000 E=0000000000000000
FA=0000 [0000000000000000] KR=0180 [0000000110000000] EXT=00 COND=0 IDLE=1 IO=0000000000000000
FB=0840 [0000100001000000] SR=0000 R5=0 ROM=0000.0 PREG=0 RAMOP=- RAMREG=090 ROMOP=- ROMREG=13

065C 0A45 ?TFKR 4
A=0000000000000000 B=0000000000030000 C=0000000000000000 D=0000000000001000 E=0000000000000000
FA=0000 [0000000000000000] KR=0180 [0000000110000000] EXT=00 COND=1 IDLE=1 IO=0000000000000000
FB=0840 [0000100001000000] SR=0000 R5=0 ROM=0000.0 PREG=0 RAMOP=- RAMREG=090 ROMOP=- ROMREG=13

065D 0A55 ?TFKR 5
A=0000000000000000 B=0000000000030000 C=0000000000000000 D=0000000000001000 E=0000000000000000
FA=0000 [0000000000000000] KR=0180 [0000000110000000] EXT=00 COND=1 IDLE=1 IO=0000000000000000
FB=0840 [0000100001000000] SR=0000 R5=0 ROM=0000.0 PREG=0 RAMOP=- RAMREG=090 ROMOP=- ROMREG=13

065E 0A65 ?TFKR 6
A=0000000000000000 B=0000000000030000 C=0000000000000000 D=0000000000001000 E=0000000000000000
FA=0000 [0000000000000000] KR=0180 [0000000110000000] EXT=00 COND=1 IDLE=1 IO=0000000000000000
FB=0840 [0000100001000000] SR=0000 R5=0 ROM=0000.0 PREG=0 RAMOP=- RAMREG=090 ROMOP=- ROMREG=13

065F 0A75 ?TFKR 7
A=0000000000000000 B=0000000000030000 C=0000000000000000 D=0000000000001000 E=0000000000000000
FA=0000 [0000000000000000] KR=0180 [0000000110000000] EXT=00 COND=1 IDLE=1 IO=0000000000000000
FB=0840 [0000100001000000] SR=0000 R5=0 ROM=0000.0 PREG=0 RAMOP=- RAMREG=090 ROMOP=- ROMREG=13

0660 1849 BRC 063C -024
A=0000000000000000 B=0000000000030000 C=0000000000000000 D=0000000000001000 E=0000000000000000
FA=0000 [0000000000000000] KR=0180 [0000000110000000] EXT=00 COND=0 IDLE=1 IO=0000000000000000
FB=0840 [0000100001000000] SR=0000 R5=0 ROM=0000.0 PREG=0 RAMOP=- RAMREG=090 ROMOP=- ROMREG=13

0661 0A01 ZERO IDLE
A=0000000000000000 B=0000000000030000 C=0000000000000000 D=0000000000001000 E=0000000000000000
FA=0000 [0000000000000000] KR=0180 [0000000110000000] EXT=00 COND=1 IDLE=1 IO=0000000000000000
FB=0840 [0000100001000000] SR=0000 R5=0 ROM=0000.0 PREG=0 RAMOP=- RAMREG=090 ROMOP=- ROMREG=13

0662 0619 IO=0-B EXP
A=0000000000000000 B=0000000000030000 C=0000000000000000 D=0000000000001000 E=0000000000000000
FA=0000 [0000000000000000] KR=0180 [0000000110000000] EXT=00 COND=1 IDLE=0 IO=0000000000000000
FB=0840 [0000100001000000] SR=0000 R5=0 ROM=0000.0 PREG=0 RAMOP=- RAMREG=090 ROMOP=- ROMREG=13

0663 1806 BRC 0666 +003
A=0000000000000000 B=0000000000030000 C=0000000000000000 D=0000000000001000 E=0000000000000000
FA=0000 [0000000000000000] KR=0180 [0000000110000000] EXT=00 COND=1 IDLE=0 IO=0000000000000000
FB=0840 [0000100001000000] SR=0000 R5=0 ROM=0000.0 PREG=0 RAMOP=- RAMREG=090 ROMOP=- ROMREG=13

0666 0A75 ?TFKR 7
A=0000000000000000 B=0000000000030000 C=0000000000000000 D=0000000000001000 E=0000000000000000
FA=0000 [0000000000000000] KR=0180 [0000000110000000] EXT=00 COND=1 IDLE=0 IO=0000000000000000
FB=0840 [0000100001000000] SR=0000 R5=0 ROM=0000.0 PREG=0 RAMOP=- RAMREG=090 ROMOP=- ROMREG=13

0667 1816 BRC 0672 +00B
A=0000000000000000 B=0000000000030000 C=0000000000000000 D=0000000000001000 E=0000000000000000
FA=0000 [0000000000000000] KR=0180 [0000000110000000] EXT=00 COND=0 IDLE=0 IO=0000000000000000
FB=0840 [0000100001000000] SR=0000 R5=0 ROM=0000.0 PREG=0 RAMOP=- RAMREG=090 ROMOP=- ROMREG=13

0668 0A65 ?TFKR 6
A=0000000000000000 B=0000000000030000 C=0000000000000000 D=0000000000001000 E=0000000000000000
FA=0000 [0000000000000000] KR=0180 [0000000110000000] EXT=00 COND=1 IDLE=0 IO=0000000000000000
FB=0840 [0000100001000000] SR=0000 R5=0 ROM=0000.0 PREG=0 RAMOP=- RAMREG=090 ROMOP=- ROMREG=13

0669 1812 BRC 0672 +009
A=0000000000000000 B=0000000000030000 C=0000000000000000 D=0000000000001000 E=0000000000000000
FA=0000 [0000000000000000] KR=0180 [0000000110000000] EXT=00 COND=1 IDLE=0 IO=0000000000000000
FB=0840 [0000100001000000] SR=0000 R5=0 ROM=0000.0 PREG=0 RAMOP=- RAMREG=090 ROMOP=- ROMREG=13

0672 0AA5 ?TFKR 10
A=0000000000000000 B=0000000000030000 C=0000000000000000 D=0000000000001000 E=0000000000000000
FA=0000 [0000000000000000] KR=0180 [0000000110000000] EXT=00 COND=1 IDLE=0 IO=0000000000000000
FB=0840 [0000100001000000] SR=0000 R5=0 ROM=0000.0 PREG=0 RAMOP=- RAMREG=090 ROMOP=- ROMREG=13

0673 180C BRC 0679 +006
A=0000000000000000 B=0000000000030000 C=0000000000000000 D=0000000000001000 E=0000000000000000
FA=0000 [0000000000000000] KR=0180 [0000000110000000] EXT=00 COND=1 IDLE=0 IO=0000000000000000
FB=0840 [0000100001000000] SR=0000 R5=0 ROM=0000.0 PREG=0 RAMOP=- RAMREG=090 ROMOP=- ROMREG=13

0679 0090 ?TFA 9
A=0000000000000000 B=0000000000030000 C=0000000000000000 D=0000000000001000 E=0000000000000000
FA=0000 [0000000000000000] KR=0180 [0000000110000000] EXT=00 COND=1 IDLE=0 IO=0000000000000000
FB=0840 [0000100001000000] SR=0000 R5=0 ROM=0000.0 PREG=0 RAMOP=- RAMREG=090 ROMOP=- ROMREG=13

067A 181E BRC 0689 +00F
A=0000000000000000 B=0000000000030000 C=0000000000000000 D=0000000000001000 E=0000000000000000
FA=0000 [0000000000000000] KR=0180 [0000000110000000] EXT=00 COND=1 IDLE=0 IO=0000000000000000
FB=0840 [0000100001000000] SR=0000 R5=0 ROM=0000.0 PREG=0 RAMOP=- RAMREG=090 ROMOP=- ROMREG=13

0689 00A8 ?TFB 10
A=0000000000000000 B=0000000000030000 C=0000000000000000 D=0000000000001000 E=0000000000000000
FA=0000 [0000000000000000] KR=0180 [0000000110000000] EXT=00 COND=1 IDLE=0 IO=0000000000000000
FB=0840 [0000100001000000] SR=0000 R5=0 ROM=0000.0 PREG=0 RAMOP=- RAMREG=090 ROMOP=- ROMREG=13

068A 1628 BRNC 099E +314
A=0000000000000000 B=0000000000030000 C=0000000000000000 D=0000000000001000 E=0000000000000000
FA=0000 [0000000000000000] KR=0180 [0000000110000000] EXT=00 COND=1 IDLE=0 IO=0000000000000000
FB=0840 [0000100001000000] SR=0000 R5=0 ROM=0000.0 PREG=0 RAMOP=- RAMREG=090 ROMOP=- ROMREG=13

068B 0A10 WAIT D1
A=0000000000000000 B=0000000000030000 C=0000000000000000 D=0000000000001000 E=0000000000000000
FA=0000 [0000000000000000] KR=0180 [0000000110000000] EXT=00 COND=1 IDLE=0 IO=0000000000000000
FB=0840 [0000100001000000] SR=0000 R5=0 ROM=0000.0 PREG=0 RAMOP=- RAMREG=090 ROMOP=- ROMREG=13

068C 08FB ?KEY FB
A=0000000000000000 B=0000000000030000 C=0000000000000000 D=0000000000001000 E=0000000000000000
FA=0000 [0000000000000000] KR=0180 [0000000110000000] EXT=00 COND=1 IDLE=0 IO=0000000000000000
FB=0840 [0000100001000000] SR=0000 R5=0 ROM=0000.0 PREG=0 RAMOP=- RAMREG=090 ROMOP=- ROMREG=13

068D 182A BRC 06A2 +015
A=0000000000000000 B=0000000000030000 C=0000000000000000 D=0000000000001000 E=0000000000000000
FA=0000 [0000000000000000] KR=0180 [0000000110000000] EXT=00 COND=0 IDLE=0 IO=0000000000000000
FB=0840 [0000100001000000] SR=0000 R5=0 ROM=0000.0 PREG=0 RAMOP=- RAMREG=090 ROMOP=- ROMREG=13

068E 0A97 R5= 9
A=0000000000000000 B=0000000000030000 C=0000000000000000 D=0000000000001000 E=0000000000000000
FA=0000 [0000000000000000] KR=0180 [0000000110000000] EXT=00 COND=1 IDLE=0 IO=0000000000000000
FB=0840 [0000100001000000] SR=0000 R5=0 ROM=0000.0 PREG=0 RAMOP=- RAMREG=090 ROMOP=- ROMREG=13

068F 02F6 D=R5 DPT
A=0000000000000000 B=0000000000030000 C=0000000000000000 D=0000000000001000 E=0000000000000000
FA=0000 [0000000000000000] KR=0180 [0000000110000000] EXT=00 COND=1 IDLE=0 IO=0000000000000000
FB=0840 [0000100001000000] SR=0000 R5=9 ROM=0000.0 PREG=0 RAMOP=- RAMREG=090 ROMOP=- ROMREG=13

0690 0131 IO=D+0 ALL
A=0000000000000000 B=0000000000030000 C=0000000000000000 D=0000000000001009 E=0000000000000000
FA=0000 [0000000000000000] KR=0180 [0000000110000000] EXT=00 COND=1 IDLE=0 IO=0000000000000000
FB=0840 [0000100001000000] SR=0000 R5=9 ROM=0000.0 PREG=0 RAMOP=- RAMREG=090 ROMOP=- ROMREG=13

0691 0A1F RCLF
A=0000000000000000 B=0000000000030000 C=0000000000000000 D=0000000000001009 E=0000000000000000
FA=0000 [0000000000000000] KR=0180 [0000000110000000] EXT=00 COND=1 IDLE=0 IO=0000000000001009
FB=0840 [0000100001000000] SR=0000 R5=9 ROM=0000.0 PREG=0 RAMOP=- RAMREG=090 ROMOP=- ROMREG=13

0692 06D6 D=LOAD EXP
A=0000000000000000 B=0000000000030000 C=0000000000000000 D=0000000000001009 E=0000000000000000
FA=0000 [0000000000000000] KR=0180 [0000000110000000] EXT=00 COND=1 IDLE=0 IO=0000000000000000
FB=0840 [0000100001000000] SR=0000 R5=9 ROM=0000.0 PREG=0 RAMOP=- RAMREG=090 ROMOP=0 ROMREG=09

0693 067E D=SRD EXP
A=0000000000000000 B=0000000000030000 C=0000000000000000 D=0000000000001049 E=0000000000000000
FA=0000 [0000000000000000] KR=0180 [0000000110000000] EXT=00 COND=1 IDLE=0 IO=0000000000000000
FB=0840 [0000100001000000] SR=0000 R5=4 ROM=0000.0 PREG=0 RAMOP=- RAMREG=090 ROMOP=- ROMREG=09

0694 0A1F RCLF
A=0000000000000000 B=0000000000030000 C=0000000000000000 D=0000000000001009 E=0000000000000000
FA=0000 [0000000000000000] KR=0180 [0000000110000000] EXT=00 COND=1 IDLE=0 IO=0000000000000000
FB=0840 [0000100001000000] SR=0000 R5=4 ROM=0000.0 PREG=0 RAMOP=- RAMREG=090 ROMOP=- ROMREG=09

0695 09D6 D=LOAD MANT
A=0000000000000000 B=0000000000030000 C=0000000000000000 D=0000000000001009 E=0000000000000000
FA=0000 [0000000000000000] KR=0180 [0000000110000000] EXT=00 COND=1 IDLE=0 IO=0000000000000000
FB=0840 [0000100001000000] SR=0000 R5=4 ROM=0000.0 PREG=0 RAMOP=- RAMREG=090 ROMOP=0 ROMREG=00

0696 02F6 D=R5 DPT
A=0000000000000000 B=0000000000030000 C=0000000000000000 D=0000000000000009 E=0000000000000000
FA=0000 [0000000000000000] KR=0180 [0000000110000000] EXT=00 COND=1 IDLE=0 IO=0000000000000000
FB=0840 [0000100001000000] SR=0000 R5=0 ROM=0000.0 PREG=0 RAMOP=- RAMREG=090 ROMOP=- ROMREG=00

0697 0239 IO=0-D DPT
A=0000000000000000 B=0000000000030000 C=0000000000000000 D=0000000000000000 E=0000000000000000
FA=0000 [0000000000000000] KR=0180 [0000000110000000] EXT=00 COND=1 IDLE=0 IO=0000000000000000
FB=0840 [0000100001000000] SR=0000 R5=0 ROM=0000.0 PREG=0 RAMOP=- RAMREG=090 ROMOP=- ROMREG=00

0698 0639 IO=0-D EXP
A=0000000000000000 B=0000000000030000 C=0000000000000000 D=0000000000000000 E=0000000000000000
FA=0000 [0000000000000000] KR=0180 [0000000110000000] EXT=00 COND=1 IDLE=0 IO=0000000000000000
FB=0840 [0000100001000000] SR=0000 R5=0 ROM=0000.0 PREG=0 RAMOP=- RAMREG=090 ROMOP=- ROMREG=00

0699 1012 BRNC 06A2 +009
A=0000000000000000 B=0000000000030000 C=0000000000000000 D=0000000000000000 E=0000000000000000
FA=0000 [0000000000000000] KR=0180 [0000000110000000] EXT=00 COND=1 IDLE=0 IO=0000000000000000
FB=0840 [0000100001000000] SR=0000 R5=0 ROM=0000.0 PREG=0 RAMOP=- RAMREG=090 ROMOP=- ROMREG=00

069A 0A00 WAIT D0
A=0000000000000000 B=0000000000030000 C=0000000000000000 D=0000000000000000 E=0000000000000000
FA=0000 [0000000000000000] KR=0180 [0000000110000000] EXT=00 COND=1 IDLE=0 IO=0000000000000000
FB=0840 [0000100001000000] SR=0000 R5=0 ROM=0000.0 PREG=0 RAMOP=- RAMREG=090 ROMOP=- ROMREG=00

069B 08FB ?KEY FB
A=0000000000000000 B=0000000000030000 C=0000000000000000 D=0000000000000000 E=0000000000000000
FA=0000 [0000000000000000] KR=0180 [0000000110000000] EXT=00 COND=1 IDLE=0 IO=0000000000000000
FB=0840 [0000100001000000] SR=0000 R5=0 ROM=0000.0 PREG=0 RAMOP=- RAMREG=090 ROMOP=- ROMREG=00

069C 1798 BRNC 0A68 +3CC
A=0000000000000000 B=0000000000030000 C=0000000000000000 D=0000000000000000 E=0000000000000000
FA=0000 [0000000000000000] KR=0180 [0000000110000000] EXT=00 COND=1 IDLE=0 IO=0000000000000000
FB=0840 [0000100001000000] SR=0000 R5=0 ROM=0000.0 PREG=0 RAMOP=- RAMREG=090 ROMOP=- ROMREG=00

069D 09D5 EXCD MANT
A=0000000000000000 B=0000000000030000 C=0000000000000000 D=0000000000000000 E=0000000000000000
FA=0000 [0000000000000000] KR=0180 [0000000110000000] EXT=00 COND=1 IDLE=0 IO=0000000000000000
FB=0840 [0000100001000000] SR=0000 R5=0 ROM=0000.0 PREG=0 RAMOP=- RAMREG=090 ROMOP=- ROMREG=00

069E 0E2C C=C-1 MMSD1
A=0000000000000000 B=0000000000030000 C=0000000000000000 D=0000000000000000 E=0000000000000000
FA=0000 [0000000000000000] KR=0180 [0000000110000000] EXT=00 COND=1 IDLE=0 IO=0000000000000000
FB=0840 [0000100001000000] SR=0000 R5=0 ROM=0000.0 PREG=0 RAMOP=- RAMREG=090 ROMOP=- ROMREG=00

069F 0E2C C=C-1 MMSD1
A=0000000000000000 B=0000000000030000 C=9000000000000000 D=0000000000000000 E=0000000000000000
FA=0000 [0000000000000000] KR=0180 [0000000110000000] EXT=00 COND=0 IDLE=0 IO=0000000000000000
FB=0840 [0000100001000000] SR=0000 R5=9 ROM=0000.0 PREG=0 RAMOP=- RAMREG=090 ROMOP=- ROMREG=00

06A0 09D5 EXCD MANT
A=0000000000000000 B=0000000000030000 C=8000000000000000 D=0000000000000000 E=0000000000000000
FA=0000 [0000000000000000] KR=0180 [0000000110000000] EXT=00 COND=0 IDLE=0 IO=0000000000000000
FB=0840 [0000100001000000] SR=0000 R5=8 ROM=0000.0 PREG=0 RAMOP=- RAMREG=090 ROMOP=- ROMREG=00

06A1 1F8E BRC 0A68 +3C7
A=0000000000000000 B=0000000000030000 C=0000000000000000 D=8000000000000000 E=0000000000000000
FA=0000 [0000000000000000] KR=0180 [0000000110000000] EXT=00 COND=0 IDLE=0 IO=0000000000000000
FB=0840 [0000100001000000] SR=0000 R5=0 ROM=0000.0 PREG=0 RAMOP=- RAMREG=090 ROMOP=- ROMREG=00

06A2 0066 FA=FB 6
A=0000000000000000 B=0000000000030000 C=0000000000000000 D=8000000000000000 E=0000000000000000
FA=0000 [0000000000000000] KR=0180 [0000000110000000] EXT=00 COND=1 IDLE=0 IO=0000000000000000
FB=0840 [0000100001000000] SR=0000 R5=0 ROM=0000.0 PREG=0 RAMOP=- RAMREG=090 ROMOP=- ROMREG=00

06A3 0069 SFB 6
A=0000000000000000 B=0000000000030000 C=0000000000000000 D=8000000000000000 E=0000000000000000
FA=0040 [0000000001000000] KR=0180 [0000000110000000] EXT=00 COND=1 IDLE=0 IO=0000000000000000
FB=0840 [0000100001000000] SR=0000 R5=0 ROM=0000.0 PREG=0 RAMOP=- RAMREG=090 ROMOP=- ROMREG=00

06A4 0050 ?TFA 5
A=0000000000000000 B=0000000000030000 C=0000000000000000 D=8000000000000000 E=0000000000000000
FA=0040 [0000000001000000] KR=0180 [0000000110000000] EXT=00 COND=1 IDLE=0 IO=0000000000000000
FB=0840 [0000100001000000] SR=0000 R5=0 ROM=0000.0 PREG=0 RAMOP=- RAMREG=090 ROMOP=- ROMREG=00

06A5 0052 ZFA 5
A=0000000000000000 B=0000000000030000 C=0000000000000000 D=8000000000000000 E=0000000000000000
FA=0040 [0000000001000000] KR=0180 [0000000110000000] EXT=00 COND=1 IDLE=0 IO=0000000000000000
FB=0840 [0000100001000000] SR=0000 R5=0 ROM=0000.0 PREG=0 RAMOP=- RAMREG=090 ROMOP=- ROMREG=00

06A6 1717 BRNC 031B -38B
A=0000000000000000 B=0000000000030000 C=0000000000000000 D=8000000000000000 E=0000000000000000
FA=0040 [0000000001000000] KR=0180 [0000000110000000] EXT=00 COND=1 IDLE=0 IO=0000000000000000
FB=0840 [0000100001000000] SR=0000 R5=0 ROM=0000.0 PREG=0 RAMOP=- RAMREG=090 ROMOP=- ROMREG=00

06A7 00C8 ?TFB 12
A=0000000000000000 B=0000000000030000 C=0000000000000000 D=8000000000000000 E=0000000000000000
FA=0040 [0000000001000000] KR=0180 [0000000110000000] EXT=00 COND=1 IDLE=0 IO=0000000000000000
FB=0840 [0000100001000000] SR=0000 R5=0 ROM=0000.0 PREG=0 RAMOP=- RAMREG=090 ROMOP=- ROMREG=00

06A8 1066 BRNC 06DB +033
A=0000000000000000 B=0000000000030000 C=0000000000000000 D=8000000000000000 E=0000000000000000
FA=0040 [0000000001000000] KR=0180 [0000000110000000] EXT=00 COND=1 IDLE=0 IO=0000000000000000
FB=0840 [0000100001000000] SR=0000 R5=0 ROM=0000.0 PREG=0 RAMOP=- RAMREG=090 ROMOP=- ROMREG=00

06A9 0A0D XKRSR
A=0000000000000000 B=0000000000030000 C=0000000000000000 D=8000000000000000 E=0000000000000000
FA=0040 [0000000001000000] KR=0180 [0000000110000000] EXT=00 COND=1 IDLE=0 IO=0000000000000000
FB=0840 [0000100001000000] SR=0000 R5=0 ROM=0000.0 PREG=0 RAMOP=- RAMREG=090 ROMOP=- ROMREG=00

06AA 0A0C EXTKR
A=0000000000000000 B=0000000000030000 C=0000000000000000 D=8000000000000000 E=0000000000000000
FA=0040 [0000000001000000] KR=0000 [0000000000000000] EXT=00 COND=1 IDLE=0 IO=0000000000000000
FB=0840 [0000100001000000] SR=0180 R5=0 ROM=0000.0 PREG=0 RAMOP=- RAMREG=090 ROMOP=- ROMREG=00

06AB 0085 SFKR 8
A=0000000000000000 B=0000000000030000 C=0000000000000000 D=8000000000000000 E=0000000000000000
FA=0040 [0000000001000000] KR=0000 [0000000000000000] EXT=00 COND=1 IDLE=0 IO=0000000000000000
FB=0840 [0000100001000000] SR=0180 R5=0 ROM=0000.0 PREG=0 RAMOP=- RAMREG=090 ROMOP=- ROMREG=00

06AC 0A0D XKRSR
A=0000000000000000 B=0000000000030000 C=0000000000000000 D=8000000000000000 E=0000000000000000
FA=0040 [0000000001000000] KR=0100 [0000000100000000] EXT=00 COND=1 IDLE=0 IO=0000000000000000
FB=0840 [0000100001000000] SR=0180 R5=0 ROM=0000.0 PREG=0 RAMOP=- RAMREG=090 ROMOP=- ROMREG=00

06AD 0A75 ?TFKR 7
A=0000000000000000 B=0000000000030000 C=0000000000000000 D=8000000000000000 E=0000000000000000
FA=0040 [0000000001000000] KR=0180 [0000000110000000] EXT=00 COND=1 IDLE=0 IO=0000000000000000
FB=0840 [0000100001000000] SR=0100 R5=0 ROM=0000.0 PREG=0 RAMOP=- RAMREG=090 ROMOP=- ROMREG=00

06AE 0A65 ?TFKR 6
A=0000000000000000 B=0000000000030000 C=0000000000000000 D=8000000000000000 E=0000000000000000
FA=0040 [0000000001000000] KR=0180 [0000000110000000] EXT=00 COND=0 IDLE=0 IO=0000000000000000
FB=0840 [0000100001000000] SR=0100 R5=0 ROM=0000.0 PREG=0 RAMOP=- RAMREG=090 ROMOP=- ROMREG=00

06AF 0A55 ?TFKR 5
A=0000000000000000 B=0000000000030000 C=0000000000000000 D=8000000000000000 E=0000000000000000
FA=0040 [0000000001000000] KR=0180 [0000000110000000] EXT=00 COND=0 IDLE=0 IO=0000000000000000
FB=0840 [0000100001000000] SR=0100 R5=0 ROM=0000.0 PREG=0 RAMOP=- RAMREG=090 ROMOP=- ROMREG=00

06B0 1FBD BRC 02D2 -3DE
A=0000000000000000 B=0000000000030000 C=0000000000000000 D=8000000000000000 E=0000000000000000
FA=0040 [0000000001000000] KR=0180 [0000000110000000] EXT=00 COND=0 IDLE=0 IO=0000000000000000
FB=0840 [0000100001000000] SR=0100 R5=0 ROM=0000.0 PREG=0 RAMOP=- RAMREG=090 ROMOP=- ROMREG=00

06B1 0015 PREG
A=0000000000000000 B=0000000000030000 C=0000000000000000 D=8000000000000000 E=0000000000000000
FA=0040 [0000000001000000] KR=0180 [0000000110000000] EXT=00 COND=1 IDLE=0 IO=0000000000000000
FB=0840 [0000100001000000] SR=0100 R5=0 ROM=0000.0 PREG=0 RAMOP=- RAMREG=090 ROMOP=- ROMREG=00

06B2 0A0C EXTKR
A=0000000000000000 B=0000000000030000 C=0000000000000000 D=8000000000000000 E=0000000000000000
FA=0040 [0000000001000000] KR=0180 [0000000110000000] EXT=00 COND=1 IDLE=0 IO=0000000000000000
FB=0840 [0000100001000000] SR=0100 R5=0 ROM=0000.0 PREG=1 RAMOP=- RAMREG=090 ROMOP=- ROMREG=00

0018 1CF2 BRC 0291 +279
A=0000000000000000 B=0000000000030000 C=0000000000000000 D=8000000000000000 E=0000000000000000
FA=0040 [0000000001000000] KR=0000 [0000000000000000] EXT=00 COND=1 IDLE=0 IO=0000000000000000
FB=0840 [0000100001000000] SR=0100 R5=0 ROM=0000.0 PREG=0 RAMOP=- RAMREG=090 ROMOP=- ROMREG=00

0291 0A1F RCLF
A=0000000000000000 B=0000000000030000 C=0000000000000000 D=8000000000000000 E=0000000000000000
FA=0040 [0000000001000000] KR=0000 [0000000000000000] EXT=00 COND=1 IDLE=0 IO=0000000000000000
FB=0840 [0000100001000000] SR=0100 R5=0 ROM=0000.0 PREG=0 RAMOP=- RAMREG=090 ROMOP=- ROMREG=00

0292 01D6 D=LOAD ALL
A=0000000000000000 B=0000000000030000 C=0000000000000000 D=8000000000000000 E=0000000000000000
FA=0040 [0000000001000000] KR=0000 [0000000000000000] EXT=00 COND=1 IDLE=0 IO=0000000000000000
FB=0840 [0000100001000000] SR=0100 R5=0 ROM=0000.0 PREG=0 RAMOP=- RAMREG=090 ROMOP=0 ROMREG=00

0293 09DE D=0 MANT
A=0000000000000000 B=0000000000030000 C=0000000000000000 D=0000000000000000 E=0000000000000000
FA=0040 [0000000001000000] KR=0000 [0000000000000000] EXT=00 COND=1 IDLE=0 IO=0000000000000000
FB=0840 [0000100001000000] SR=0100 R5=0 ROM=0000.0 PREG=0 RAMOP=- RAMREG=090 ROMOP=- ROMREG=00

0294 00B9 SFB 11
A=0000000000000000 B=0000000000030000 C=0000000000000000 D=0000000000000000 E=0000000000000000
FA=0040 [0000000001000000] KR=0000 [0000000000000000] EXT=00 COND=1 IDLE=0 IO=0000000000000000
FB=0840 [0000100001000000] SR=0100 R5=0 ROM=0000.0 PREG=0 RAMOP=- RAMREG=090 ROMOP=- ROMREG=00

0295 0A0F STOF
A=0000000000000000 B=0000000000030000 C=0000000000000000 D=0000000000000000 E=0000000000000000
FA=0040 [0000000001000000] KR=0000 [0000000000000000] EXT=00 COND=1 IDLE=0 IO=0000000000000000
FB=0840 [0000100001000000] SR=0100 R5=0 ROM=0000.0 PREG=0 RAMOP=- RAMREG=090 ROMOP=- ROMREG=00

0296 0131 IO=D+0 ALL
A=0000000000000000 B=0000000000030000 C=0000000000000000 D=0000000000000000 E=0000000000000000
FA=0040 [0000000001000000] KR=0000 [0000000000000000] EXT=00 COND=1 IDLE=0 IO=0000000000000000
FB=0840 [0000100001000000] SR=0100 R5=0 ROM=0000.0 PREG=0 RAMOP=- RAMREG=090 ROMOP=1 ROMREG=00

0297 0AF7 R5= 15
A=0000000000000000 B=0000000000030000 C=0000000000000000 D=0000000000000000 E=0000000000000000
FA=0040 [0000000001000000] KR=0000 [0000000000000000] EXT=00 COND=1 IDLE=0 IO=0000000000000000
FB=0840 [0000100001000000] SR=0100 R5=0 ROM=0000.0 PREG=0 RAMOP=- RAMREG=090 ROMOP=- ROMREG=00

0298 02F3 B=R5 DPT
A=0000000000000000 B=0000000000030000 C=0000000000000000 D=0000000000000000 E=0000000000000000
FA=0040 [0000000001000000] KR=0000 [0000000000000000] EXT=00 COND=1 IDLE=0 IO=0000000000000000
FB=0840 [0000100001000000] SR=0100 R5=F ROM=0000.0 PREG=0 RAMOP=- RAMREG=090 ROMOP=- ROMREG=00

0299 0111 IO=B+0 ALL
A=0000000000000000 B=000000000003000F C=0000000000000000 D=0000000000000000 E=0000000000000000
FA=0040 [0000000001000000] KR=0000 [0000000000000000] EXT=00 COND=1 IDLE=0 IO=0000000000000000
FB=0840 [0000100001000000] SR=0100 R5=F ROM=0000.0 PREG=0 RAMOP=- RAMREG=090 ROMOP=- ROMREG=00

029A 0A0F STOF
A=0000000000000000 B=000000000003000F C=0000000000000000 D=0000000000000000 E=0000000000000000
FA=0040 [0000000001000000] KR=0000 [0000000000000000] EXT=00 COND=1 IDLE=0 IO=000000000003000F
FB=0840 [0000100001000000] SR=0100 R5=F ROM=0000.0 PREG=0 RAMOP=- RAMREG=090 ROMOP=- ROMREG=00

029B 0A97 R5= 9
A=0000000000000000 B=000000000003000F C=0000000000000000 D=0000000000000000 E=0000000000000000
FA=0040 [0000000001000000] KR=0000 [0000000000000000] EXT=00 COND=1 IDLE=0 IO=0000000000000000
FB=0840 [0000100001000000] SR=0100 R5=F ROM=0000.0 PREG=0 RAMOP=- RAMREG=090 ROMOP=1 ROMREG=15

029C 02F3 B=R5 DPT
A=0000000000000000 B=000000000003000F C=0000000000000000 D=0000000000000000 E=0000000000000000
FA=0040 [0000000001000000] KR=0000 [0000000000000000] EXT=00 COND=1 IDLE=0 IO=0000000000000000
FB=0840 [0000100001000000] SR=0100 R5=9 ROM=0000.0 PREG=0 RAMOP=- RAMREG=090 ROMOP=1 ROMREG=15

029D 0111 IO=B+0 ALL
A=0000000000000000 B=0000000000030009 C=0000000000000000 D=0000000000000000 E=0000000000000000
FA=0040 [0000000001000000] KR=0000 [0000000000000000] EXT=00 COND=1 IDLE=0 IO=0000000000000000
FB=0840 [0000100001000000] SR=0100 R5=9 ROM=0000.0 PREG=0 RAMOP=- RAMREG=090 ROMOP=- ROMREG=15

029E 0A1F RCLF
A=0000000000000000 B=0000000000030009 C=0000000000000000 D=0000000000000000 E=0000000000000000
FA=0040 [0000000001000000] KR=0000 [0000000000000000] EXT=00 COND=1 IDLE=0 IO=0000000000030009
FB=0840 [0000100001000000] SR=0100 R5=9 ROM=0000.0 PREG=0 RAMOP=- RAMREG=090 ROMOP=- ROMREG=15

029F 01D6 D=LOAD ALL
A=0000000000000000 B=0000000000030009 C=0000000000000000 D=0000000000000000 E=0000000000000000
FA=0040 [0000000001000000] KR=0000 [0000000000000000] EXT=00 COND=1 IDLE=0 IO=0000000000000000
FB=0840 [0000100001000000] SR=0100 R5=9 ROM=0000.0 PREG=0 RAMOP=- RAMREG=090 ROMOP=0 ROMREG=09

02A0 09DE D=0 MANT
A=0000000000000000 B=0000000000030009 C=0000000000000000 D=0000000000000046 E=0000000000000000
FA=0040 [0000000001000000] KR=0000 [0000000000000000] EXT=00 COND=1 IDLE=0 IO=0000000000000000
FB=0840 [0000100001000000] SR=0100 R5=6 ROM=0000.0 PREG=0 RAMOP=- RAMREG=090 ROMOP=- ROMREG=09

02A1 0111 IO=B+0 ALL
A=0000000000000000 B=0000000000030009 C=0000000000000000 D=0000000000000046 E=0000000000000000
FA=0040 [0000000001000000] KR=0000 [0000000000000000] EXT=00 COND=1 IDLE=0 IO=0000000000000000
FB=0840 [0000100001000000] SR=0100 R5=0 ROM=0000.0 PREG=0 RAMOP=- RAMREG=090 ROMOP=- ROMREG=09

02A2 0A0F STOF
A=0000000000000000 B=0000000000030009 C=0000000000000000 D=0000000000000046 E=0000000000000000
FA=0040 [0000000001000000] KR=0000 [0000000000000000] EXT=00 COND=1 IDLE=0 IO=0000000000030009
FB=0840 [0000100001000000] SR=0100 R5=9 ROM=0000.0 PREG=0 RAMOP=- RAMREG=090 ROMOP=- ROMREG=09

02A3 0131 IO=D+0 ALL
A=0000000000000000 B=0000000000030009 C=0000000000000000 D=0000000000000046 E=0000000000000000
FA=0040 [0000000001000000] KR=0000 [0000000000000000] EXT=00 COND=1 IDLE=0 IO=0000000000000000
FB=0840 [0000100001000000] SR=0100 R5=9 ROM=0000.0 PREG=0 RAMOP=- RAMREG=090 ROMOP=1 ROMREG=09

02A4 00A8 ?TFB 10
A=0000000000000000 B=0000000000030009 C=0000000000000000 D=0000000000000046 E=0000000000000000
FA=0040 [0000000001000000] KR=0000 [0000000000000000] EXT=00 COND=1 IDLE=0 IO=0000000000000046
FB=0840 [0000100001000000] SR=0100 R5=6 ROM=0000.0 PREG=0 RAMOP=- RAMREG=090 ROMOP=- ROMREG=09

02A5 00AA ZFB 10
A=0000000000000000 B=0000000000030009 C=0000000000000000 D=0000000000000046 E=0000000000000000
FA=0040 [0000000001000000] KR=0000 [0000000000000000] EXT=00 COND=1 IDLE=0 IO=0000000000000000
FB=0840 [0000100001000000] SR=0100 R5=6 ROM=0000.0 PREG=0 RAMOP=- RAMREG=090 ROMOP=- ROMREG=09

02A6 10E3 BRNC 0235 -071
A=0000000000000000 B=0000000000030009 C=0000000000000000 D=0000000000000046 E=0000000000000000
FA=0040 [0000000001000000] KR=0000 [0000000000000000] EXT=00 COND=1 IDLE=0 IO=0000000000000000
FB=0840 [0000100001000000] SR=0100 R5=6 ROM=0000.0 PREG=0 RAMOP=- RAMREG=090 ROMOP=- ROMREG=09

02A7 00A0 ?TFA 10
A=0000000000000000 B=0000000000030009 C=0000000000000000 D=0000000000000046 E=0000000000000000
FA=0040 [0000000001000000] KR=0000 [0000000000000000] EXT=00 COND=1 IDLE=0 IO=0000000000000000
FB=0840 [0000100001000000] SR=0100 R5=6 ROM=0000.0 PREG=0 RAMOP=- RAMREG=090 ROMOP=- ROMREG=09

02A8 1804 BRC 02AA +002
A=0000000000000000 B=0000000000030009 C=0000000000000000 D=0000000000000046 E=0000000000000000
FA=0040 [0000000001000000] KR=0000 [0000000000000000] EXT=00 COND=1 IDLE=0 IO=0000000000000000
FB=0840 [0000100001000000] SR=0100 R5=6 ROM=0000.0 PREG=0 RAMOP=- RAMREG=090 ROMOP=- ROMREG=09

02AA 0082 ZFA 8
A=0000000000000000 B=0000000000030009 C=0000000000000000 D=0000000000000046 E=0000000000000000
FA=0040 [0000000001000000] KR=0000 [0000000000000000] EXT=00 COND=1 IDLE=0 IO=0000000000000000
FB=0840 [0000100001000000] SR=0100 R5=6 ROM=0000.0 PREG=0 RAMOP=- RAMREG=090 ROMOP=- ROMREG=09

02AB 1883 BRC 026A -041
A=0000000000000000 B=0000000000030009 C=0000000000000000 D=0000000000000046 E=0000000000000000
FA=0040 [0000000001000000] KR=0000 [0000000000000000] EXT=00 COND=1 IDLE=0 IO=0000000000000000
FB=0840 [0000100001000000] SR=0100 R5=6 ROM=0000.0 PREG=0 RAMOP=- RAMREG=090 ROMOP=- ROMREG=09

026A 00A8 ?TFB 10
A=0000000000000000 B=0000000000030009 C=0000000000000000 D=0000000000000046 E=0000000000000000
FA=0040 [0000000001000000] KR=0000 [0000000000000000] EXT=00 COND=1 IDLE=0 IO=0000000000000000
FB=0840 [0000100001000000] SR=0100 R5=6 ROM=0000.0 PREG=0 RAMOP=- RAMREG=090 ROMOP=- ROMREG=09

026B 1750 BRNC 0613 +3A8
A=0000000000000000 B=0000000000030009 C=0000000000000000 D=0000000000000046 E=0000000000000000
FA=0040 [0000000001000000] KR=0000 [0000000000000000] EXT=00 COND=1 IDLE=0 IO=0000000000000000
FB=0840 [0000100001000000] SR=0100 R5=6 ROM=0000.0 PREG=0 RAMOP=- RAMREG=090 ROMOP=- ROMREG=09

026C 00A9 SFB 10
A=0000000000000000 B=0000000000030009 C=0000000000000000 D=0000000000000046 E=0000000000000000
FA=0040 [0000000001000000] KR=0000 [0000000000000000] EXT=00 COND=1 IDLE=0 IO=0000000000000000
FB=0840 [0000100001000000] SR=0100 R5=6 ROM=0000.0 PREG=0 RAMOP=- RAMREG=090 ROMOP=- ROMREG=09

026D 0058 ?TFB 5
A=0000000000000000 B=0000000000030009 C=0000000000000000 D=0000000000000046 E=0000000000000000
FA=0040 [0000000001000000] KR=0000 [0000000000000000] EXT=00 COND=1 IDLE=0 IO=0000000000000000
FB=0C40 [0000110001000000] SR=0100 R5=6 ROM=0000.0 PREG=0 RAMOP=- RAMREG=090 ROMOP=- ROMREG=09

026E 10E0 BRNC 02DE +070
A=0000000000000000 B=0000000000030009 C=0000000000000000 D=0000000000000046 E=0000000000000000
FA=0040 [0000000001000000] KR=0000 [0000000000000000] EXT=00 COND=1 IDLE=0 IO=0000000000000000
FB=0C40 [0000110001000000] SR=0100 R5=6 ROM=0000.0 PREG=0 RAMOP=- RAMREG=090 ROMOP=- ROMREG=09

026F 1AA9 BRC 011B -154
A=0000000000000000 B=0000000000030009 C=0000000000000000 D=0000000000000046 E=0000000000000000
FA=0040 [0000000001000000] KR=0000 [0000000000000000] EXT=00 COND=1 IDLE=0 IO=0000000000000000
FB=0C40 [0000110001000000] SR=0100 R5=6 ROM=0000.0 PREG=0 RAMOP=- RAMREG=090 ROMOP=- ROMREG=09

011B 0A97 R5= 9
A=0000000000000000 B=0000000000030009 C=0000000000000000 D=0000000000000046 E=0000000000000000
FA=0040 [0000000001000000] KR=0000 [0000000000000000] EXT=00 COND=1 IDLE=0 IO=0000000000000000
FB=0C40 [0000110001000000] SR=0100 R5=6 ROM=0000.0 PREG=0 RAMOP=- RAMREG=090 ROMOP=- ROMREG=09

011C 02F3 B=R5 DPT
A=0000000000000000 B=0000000000030009 C=0000000000000000 D=0000000000000046 E=0000000000000000
FA=0040 [0000000001000000] KR=0000 [0000000000000000] EXT=00 COND=1 IDLE=0 IO=0000000000000000
FB=0C40 [0000110001000000] SR=0100 R5=9 ROM=0000.0 PREG=0 RAMOP=- RAMREG=090 ROMOP=- ROMREG=09

011D 0289 IO=A-B DPT
A=0000000000000000 B=0000000000030009 C=0000000000000000 D=0000000000000046 E=0000000000000000
FA=0040 [0000000001000000] KR=0000 [0000000000000000] EXT=00 COND=1 IDLE=0 IO=0000000000000000
FB=0C40 [0000110001000000] SR=0100 R5=9 ROM=0000.0 PREG=0 RAMOP=- RAMREG=090 ROMOP=- ROMREG=09

011E 1C4A BRC 0343 +225
A=0000000000000000 B=0000000000030009 C=0000000000000000 D=0000000000000046 E=0000000000000000
FA=0040 [0000000001000000] KR=0000 [0000000000000000] EXT=00 COND=0 IDLE=0 IO=0000000000000007
FB=0C40 [0000110001000000] SR=0100 R5=7 ROM=0000.0 PREG=0 RAMOP=- RAMREG=090 ROMOP=- ROMREG=09

011F 02D2 EXAB DPT
A=0000000000000000 B=0000000000030009 C=0000000000000000 D=0000000000000046 E=0000000000000000
FA=0040 [0000000001000000] KR=0000 [0000000000000000] EXT=00 COND=1 IDLE=0 IO=0000000000000000
FB=0C40 [0000110001000000] SR=0100 R5=7 ROM=0000.0 PREG=0 RAMOP=- RAMREG=090 ROMOP=- ROMREG=09

0120 0ED3 B=1 MMSD1
A=0000000000000009 B=0000000000030000 C=0000000000000000 D=0000000000000046 E=0000000000000000
FA=0040 [0000000001000000] KR=0000 [0000000000000000] EXT=00 COND=1 IDLE=0 IO=0000000000000000
FB=0C40 [0000110001000000] SR=0100 R5=0 ROM=0000.0 PREG=0 RAMOP=- RAMREG=090 ROMOP=- ROMREG=09

0121 095B B=SRB MANT
A=0000000000000009 B=1000000000000000 C=0000000000000000 D=0000000000000046 E=0000000000000000
FA=0040 [0000000001000000] KR=0000 [0000000000000000] EXT=00 COND=1 IDLE=0 IO=0000000000000000
FB=0C40 [0000110001000000] SR=0100 R5=1 ROM=0000.0 PREG=0 RAMOP=- RAMREG=090 ROMOP=- ROMREG=09

0122 0300 A=A+1 DPT1
A=0000000000000009 B=0100000000000000 C=0000000000000000 D=0000000000000046 E=0000000000000000
FA=0040 [0000000001000000] KR=0000 [0000000000000000] EXT=00 COND=1 IDLE=0 IO=0000000000000000
FB=0C40 [0000110001000000] SR=0100 R5=0 ROM=0000.0 PREG=0 RAMOP=- RAMREG=090 ROMOP=- ROMREG=09

0123 0409 IO=A-12 DPTC
A=000000000000000A B=0100000000000000 C=0000000000000000 D=0000000000000046 E=0000000000000000
FA=0040 [0000000001000000] KR=0000 [0000000000000000] EXT=00 COND=1 IDLE=0 IO=0000000000000000
FB=0C40 [0000110001000000] SR=0100 R5=A ROM=0000.0 PREG=0 RAMOP=- RAMREG=090 ROMOP=- ROMREG=09

0124 1007 BRNC 0121 -003
A=000000000000000A B=0100000000000000 C=0000000000000000 D=0000000000000046 E=0000000000000000
FA=0040 [0000000001000000] KR=0000 [0000000000000000] EXT=00 COND=0 IDLE=0 IO=000000000000000E
FB=0C40 [0000110001000000] SR=0100 R5=E ROM=0000.0 PREG=0 RAMOP=- RAMREG=090 ROMOP=- ROMREG=09

0121 095B B=SRB MANT
A=000000000000000A B=0100000000000000 C=0000000000000000 D=0000000000000046 E=0000000000000000
FA=0040 [0000000001000000] KR=0000 [0000000000000000] EXT=00 COND=1 IDLE=0 IO=0000000000000000
FB=0C40 [0000110001000000] SR=0100 R5=E ROM=0000.0 PREG=0 RAMOP=- RAMREG=090 ROMOP=- ROMREG=09

0122 0300 A=A+1 DPT1
A=000000000000000A B=0010000000000000 C=0000000000000000 D=0000000000000046 E=0000000000000000
FA=0040 [0000000001000000] KR=0000 [0000000000000000] EXT=00 COND=1 IDLE=0 IO=0000000000000000
FB=0C40 [0000110001000000] SR=0100 R5=0 ROM=0000.0 PREG=0 RAMOP=- RAMREG=090 ROMOP=- ROMREG=09

0123 0409 IO=A-12 DPTC
A=000000000000000B B=0010000000000000 C=0000000000000000 D=0000000000000046 E=0000000000000000
FA=0040 [0000000001000000] KR=0000 [0000000000000000] EXT=00 COND=1 IDLE=0 IO=0000000000000000
FB=0C40 [0000110001000000] SR=0100 R5=B ROM=0000.0 PREG=0 RAMOP=- RAMREG=090 ROMOP=- ROMREG=09

0124 1007 BRNC 0121 -003
A=000000000000000B B=0010000000000000 C=0000000000000000 D=0000000000000046 E=0000000000000000
FA=0040 [0000000001000000] KR=0000 [0000000000000000] EXT=00 COND=0 IDLE=0 IO=000000000000000F
FB=0C40 [0000110001000000] SR=0100 R5=F ROM=0000.0 PREG=0 RAMOP=- RAMREG=090 ROMOP=- ROMREG=09

0121 095B B=SRB MANT
A=000000000000000B B=0010000000000000 C=0000000000000000 D=0000000000000046 E=0000000000000000
FA=0040 [0000000001000000] KR=0000 [0000000000000000] EXT=00 COND=1 IDLE=0 IO=0000000000000000
FB=0C40 [0000110001000000] SR=0100 R5=F ROM=0000.0 PREG=0 RAMOP=- RAMREG=090 ROMOP=- ROMREG=09

0122 0300 A=A+1 DPT1
A=000000000000000B B=0001000000000000 C=0000000000000000 D=0000000000000046 E=0000000000000000
FA=0040 [0000000001000000] KR=0000 [0000000000000000] EXT=00 COND=1 IDLE=0 IO=0000000000000000
FB=0C40 [0000110001000000] SR=0100 R5=0 ROM=0000.0 PREG=0 RAMOP=- RAMREG=090 ROMOP=- ROMREG=09

0123 0409 IO=A-12 DPTC
A=000000000000000C B=0001000000000000 C=0000000000000000 D=0000000000000046 E=0000000000000000
FA=0040 [0000000001000000] KR=0000 [0000000000000000] EXT=00 COND=1 IDLE=0 IO=0000000000000000
FB=0C40 [0000110001000000] SR=0100 R5=C ROM=0000.0 PREG=0 RAMOP=- RAMREG=090 ROMOP=- ROMREG=09

0124 1007 BRNC 0121 -003
A=000000000000000C B=0001000000000000 C=0000000000000000 D=0000000000000046 E=0000000000000000
FA=0040 [0000000001000000] KR=0000 [0000000000000000] EXT=00 COND=1 IDLE=0 IO=0000000000000000
FB=0C40 [0000110001000000] SR=0100 R5=0 ROM=0000.0 PREG=0 RAMOP=- RAMREG=090 ROMOP=- ROMREG=09

0125 02D2 EXAB DPT
A=000000000000000C B=0001000000000000 C=0000000000000000 D=0000000000000046 E=0000000000000000
FA=0040 [0000000001000000] KR=0000 [0000000000000000] EXT=00 COND=1 IDLE=0 IO=0000000000000000
FB=0C40 [0000110001000000] SR=0100 R5=0 ROM=0000.0 PREG=0 RAMOP=- RAMREG=090 ROMOP=- ROMREG=09

0126 095B B=SRB MANT
A=0000000000000000 B=000100000000000C C=0000000000000000 D=0000000000000046 E=0000000000000000
FA=0040 [0000000001000000] KR=0000 [0000000000000000] EXT=00 COND=1 IDLE=0 IO=0000000000000000
FB=0C40 [0000110001000000] SR=0100 R5=0 ROM=0000.0 PREG=0 RAMOP=- RAMREG=090 ROMOP=- ROMREG=09

0127 0989 IO=A-B MANT
A=0000000000000000 B=000010000000000C C=0000000000000000 D=0000000000000046 E=0000000000000000
FA=0040 [0000000001000000] KR=0000 [0000000000000000] EXT=00 COND=1 IDLE=0 IO=0000000000000000
FB=0C40 [0000110001000000] SR=0100 R5=0 ROM=0000.0 PREG=0 RAMOP=- RAMREG=090 ROMOP=- ROMREG=09

0128 1C36 BRC 0343 +21B
A=0000000000000000 B=000010000000000C C=0000000000000000 D=0000000000000046 E=0000000000000000
FA=0040 [0000000001000000] KR=0000 [0000000000000000] EXT=00 COND=0 IDLE=0 IO=9999900000000000
FB=0C40 [0000110001000000] SR=0100 R5=0 ROM=0000.0 PREG=0 RAMOP=- RAMREG=090 ROMOP=- ROMREG=09

0129 00A8 ?TFB 10
A=0000000000000000 B=000010000000000C C=0000000000000000 D=0000000000000046 E=0000000000000000
FA=0040 [0000000001000000] KR=0000 [0000000000000000] EXT=00 COND=1 IDLE=0 IO=0000000000000000
FB=0C40 [0000110001000000] SR=0100 R5=0 ROM=0000.0 PREG=0 RAMOP=- RAMREG=090 ROMOP=- ROMREG=09

012A 1368 BRNC 02DE +1B4
A=0000000000000000 B=000010000000000C C=0000000000000000 D=0000000000000046 E=0000000000000000
FA=0040 [0000000001000000] KR=0000 [0000000000000000] EXT=00 COND=0 IDLE=0 IO=0000000000000000
FB=0C40 [0000110001000000] SR=0100 R5=0 ROM=0000.0 PREG=0 RAMOP=- RAMREG=090 ROMOP=- ROMREG=09

02DE 0008 ?TFB 0
A=0000000000000000 B=000010000000000C C=0000000000000000 D=0000000000000046 E=0000000000000000
FA=0040 [0000000001000000] KR=0000 [0000000000000000] EXT=00 COND=1 IDLE=0 IO=0000000000000000
FB=0C40 [0000110001000000] SR=0100 R5=0 ROM=0000.0 PREG=0 RAMOP=- RAMREG=090 ROMOP=- ROMREG=09

02DF 17B4 BRNC 06B9 +3DA
A=0000000000000000 B=000010000000000C C=0000000000000000 D=0000000000000046 E=0000000000000000
FA=0040 [0000000001000000] KR=0000 [0000000000000000] EXT=00 COND=1 IDLE=0 IO=0000000000000000
FB=0C40 [0000110001000000] SR=0100 R5=0 ROM=0000.0 PREG=0 RAMOP=- RAMREG=090 ROMOP=- ROMREG=09

02E0 00F8 ?TFB 15
A=0000000000000000 B=000010000000000C C=0000000000000000 D=0000000000000046 E=0000000000000000
FA=0040 [0000000001000000] KR=0000 [0000000000000000] EXT=00 COND=1 IDLE=0 IO=0000000000000000
FB=0C40 [0000110001000000] SR=0100 R5=0 ROM=0000.0 PREG=0 RAMOP=- RAMREG=090 ROMOP=- ROMREG=09

02E1 0078 ?TFB 7
A=0000000000000000 B=000010000000000C C=0000000000000000 D=0000000000000046 E=0000000000000000
FA=0040 [0000000001000000] KR=0000 [0000000000000000] EXT=00 COND=1 IDLE=0 IO=0000000000000000
FB=0C40 [0000110001000000] SR=0100 R5=0 ROM=0000.0 PREG=0 RAMOP=- RAMREG=090 ROMOP=- ROMREG=09

02E2 0030 ?TFA 3
A=0000000000000000 B=000010000000000C C=0000000000000000 D=0000000000000046 E=0000000000000000
FA=0040 [0000000001000000] KR=0000 [0000000000000000] EXT=00 COND=1 IDLE=0 IO=0000000000000000
FB=0C40 [0000110001000000] SR=0100 R5=0 ROM=0000.0 PREG=0 RAMOP=- RAMREG=090 ROMOP=- ROMREG=09

02E3 00A2 ZFA 10
A=0000000000000000 B=000010000000000C C=0000000000000000 D=0000000000000046 E=0000000000000000
FA=0040 [0000000001000000] KR=0000 [0000000000000000] EXT=00 COND=1 IDLE=0 IO=0000000000000000
FB=0C40 [0000110001000000] SR=0100 R5=0 ROM=0000.0 PREG=0 RAMOP=- RAMREG=090 ROMOP=- ROMREG=09

02E4 01DB B=0 ALL
A=0000000000000000 B=000010000000000C C=0000000000000000 D=0000000000000046 E=0000000000000000
FA=0040 [0000000001000000] KR=0000 [0000000000000000] EXT=00 COND=1 IDLE=0 IO=0000000000000000
FB=0C40 [0000110001000000] SR=0100 R5=0 ROM=0000.0 PREG=0 RAMOP=- RAMREG=090 ROMOP=- ROMREG=09

02E5 0DD6 D=1 MLSD1
A=0000000000000000 B=0000000000000000 C=0000000000000000 D=0000000000000046 E=0000000000000000
FA=0040 [0000000001000000] KR=0000 [0000000000000000] EXT=00 COND=1 IDLE=0 IO=0000000000000000
FB=0C40 [0000110001000000] SR=0100 R5=0 ROM=0000.0 PREG=0 RAMOP=- RAMREG=090 ROMOP=- ROMREG=09

02E6 001A ZFB 1
A=0000000000000000 B=0000000000000000 C=0000000000000000 D=0000000000001006 E=0000000000000000
FA=0040 [0000000001000000] KR=0000 [0000000000000000] EXT=00 COND=1 IDLE=0 IO=0000000000000000
FB=0C40 [0000110001000000] SR=0100 R5=1 ROM=0000.0 PREG=0 RAMOP=- RAMREG=090 ROMOP=- ROMREG=09

02E7 1008 BRNC 02EB +004
A=0000000000000000 B=0000000000000000 C=0000000000000000 D=0000000000001006 E=0000000000000000
FA=0040 [0000000001000000] KR=0000 [0000000000000000] EXT=00 COND=1 IDLE=0 IO=0000000000000000
FB=0C40 [0000110001000000] SR=0100 R5=1 ROM=0000.0 PREG=0 RAMOP=- RAMREG=090 ROMOP=- ROMREG=09

02E8 0709 IO=A-1 EXP1
A=0000000000000000 B=0000000000000000 C=0000000000000000 D=0000000000001006 E=0000000000000000
FA=0040 [0000000001000000] KR=0000 [0000000000000000] EXT=00 COND=1 IDLE=0 IO=0000000000000000
FB=0C40 [0000110001000000] SR=0100 R5=1 ROM=0000.0 PREG=0 RAMOP=- RAMREG=090 ROMOP=- ROMREG=09

02E9 0A37 R5= 3
A=0000000000000000 B=0000000000000000 C=0000000000000000 D=0000000000001006 E=0000000000000000
FA=0040 [0000000001000000] KR=0000 [0000000000000000] EXT=00 COND=0 IDLE=0 IO=0000000000000990
FB=0C40 [0000110001000000] SR=0100 R5=9 ROM=0000.0 PREG=0 RAMOP=- RAMREG=090 ROMOP=- ROMREG=09

02EA 1014 BRNC 02F4 +00A
A=0000000000000000 B=0000000000000000 C=0000000000000000 D=0000000000001006 E=0000000000000000
FA=0040 [0000000001000000] KR=0000 [0000000000000000] EXT=00 COND=0 IDLE=0 IO=0000000000000000
FB=0C40 [0000110001000000] SR=0100 R5=3 ROM=0000.0 PREG=0 RAMOP=- RAMREG=090 ROMOP=- ROMREG=09

02F4 02F3 B=R5 DPT
A=0000000000000000 B=0000000000000000 C=0000000000000000 D=0000000000001006 E=0000000000000000
FA=0040 [0000000001000000] KR=0000 [0000000000000000] EXT=00 COND=1 IDLE=0 IO=0000000000000000
FB=0C40 [0000110001000000] SR=0100 R5=3 ROM=0000.0 PREG=0 RAMOP=- RAMREG=090 ROMOP=- ROMREG=09

02F5 0283 B=A+B DPT
A=0000000000000000 B=0000000000000003 C=0000000000000000 D=0000000000001006 E=0000000000000000
FA=0040 [0000000001000000] KR=0000 [0000000000000000] EXT=00 COND=1 IDLE=0 IO=0000000000000000
FB=0C40 [0000110001000000] SR=0100 R5=3 ROM=0000.0 PREG=0 RAMOP=- RAMREG=090 ROMOP=- ROMREG=09

02F6 0020 ?TFA 2
A=0000000000000000 B=0000000000000003 C=0000000000000000 D=0000000000001006 E=0000000000000000
FA=0040 [0000000001000000] KR=0000 [0000000000000000] EXT=00 COND=1 IDLE=0 IO=0000000000000000
FB=0C40 [0000110001000000] SR=0100 R5=3 ROM=0000.0 PREG=0 RAMOP=- RAMREG=090 ROMOP=- ROMREG=09

02F7 0A37 R5= 3
A=0000000000000000 B=0000000000000003 C=0000000000000000 D=0000000000001006 E=0000000000000000
FA=0040 [0000000001000000] KR=0000 [0000000000000000] EXT=00 COND=1 IDLE=0 IO=0000000000000000
FB=0C40 [0000110001000000] SR=0100 R5=3 ROM=0000.0 PREG=0 RAMOP=- RAMREG=090 ROMOP=- ROMREG=09

02F8 1804 BRC 02FA +002
A=0000000000000000 B=0000000000000003 C=0000000000000000 D=0000000000001006 E=0000000000000000
FA=0040 [0000000001000000] KR=0000 [0000000000000000] EXT=00 COND=1 IDLE=0 IO=0000000000000000
FB=0C40 [0000110001000000] SR=0100 R5=3 ROM=0000.0 PREG=0 RAMOP=- RAMREG=090 ROMOP=- ROMREG=09

02FA 09F3 B=R5 MANT
A=0000000000000000 B=0000000000000003 C=0000000000000000 D=0000000000001006 E=0000000000000000
FA=0040 [0000000001000000] KR=0000 [0000000000000000] EXT=00 COND=1 IDLE=0 IO=0000000000000000
FB=0C40 [0000110001000000] SR=0100 R5=3 ROM=0000.0 PREG=0 RAMOP=- RAMREG=090 ROMOP=- ROMREG=09

02FB 0206 D=A+0 DPT
A=0000000000000000 B=0000000000003003 C=0000000000000000 D=0000000000001006 E=0000000000000000
FA=0040 [0000000001000000] KR=0000 [0000000000000000] EXT=00 COND=1 IDLE=0 IO=0000000000000000
FB=0C40 [0000110001000000] SR=0100 R5=3 ROM=0000.0 PREG=0 RAMOP=- RAMREG=090 ROMOP=- ROMREG=09

02FC 0A27 R5= 2
A=0000000000000000 B=0000000000003003 C=0000000000000000 D=0000000000001000 E=0000000000000000
FA=0040 [0000000001000000] KR=0000 [0000000000000000] EXT=00 COND=1 IDLE=0 IO=0000000000000000
FB=0C40 [0000110001000000] SR=0100 R5=0 ROM=0000.0 PREG=0 RAMOP=- RAMREG=090 ROMOP=- ROMREG=09

02FD 02F0 A=R5 DPT
A=0000000000000000 B=0000000000003003 C=0000000000000000 D=0000000000001000 E=0000000000000000
FA=0040 [0000000001000000] KR=0000 [0000000000000000] EXT=00 COND=1 IDLE=0 IO=0000000000000000
FB=0C40 [0000110001000000] SR=0100 R5=2 ROM=0000.0 PREG=0 RAMOP=- RAMREG=090 ROMOP=- ROMREG=09

02FE 0C76 D=SLD MAEX
A=0000000000000002 B=0000000000003003 C=0000000000000000 D=0000000000001000 E=0000000000000000
FA=0040 [0000000001000000] KR=0000 [0000000000000000] EXT=00 COND=1 IDLE=0 IO=0000000000000000
FB=0C40 [0000110001000000] SR=0100 R5=2 ROM=0000.0 PREG=0 RAMOP=- RAMREG=090 ROMOP=- ROMREG=09

02FF 0953 B=SLB MANT
A=0000000000000002 B=0000000000003003 C=0000000000000000 D=0000000000010000 E=0000000000000000
FA=0040 [0000000001000000] KR=0000 [0000000000000000] EXT=00 COND=1 IDLE=0 IO=0000000000000000
FB=0C40 [0000110001000000] SR=0100 R5=0 ROM=0000.0 PREG=0 RAMOP=- RAMREG=090 ROMOP=- ROMREG=09

0300 0300 A=A+1 DPT1
A=0000000000000002 B=0000000000030003 C=0000000000000000 D=0000000000010000 E=0000000000000000
FA=0040 [0000000001000000] KR=0000 [0000000000000000] EXT=00 COND=1 IDLE=0 IO=0000000000000000
FB=0C40 [0000110001000000] SR=0100 R5=3 ROM=0000.0 PREG=0 RAMOP=- RAMREG=090 ROMOP=- ROMREG=09

0301 0409 IO=A-12 DPTC
A=0000000000000003 B=0000000000030003 C=0000000000000000 D=0000000000010000 E=0000000000000000
FA=0040 [0000000001000000] KR=0000 [0000000000000000] EXT=00 COND=1 IDLE=0 IO=0000000000000000
FB=0C40 [0000110001000000] SR=0100 R5=3 ROM=0000.0 PREG=0 RAMOP=- RAMREG=090 ROMOP=- ROMREG=09

0302 1806 BRC 0305 +003
A=0000000000000003 B=0000000000030003 C=0000000000000000 D=0000000000010000 E=0000000000000000
FA=0040 [0000000001000000] KR=0000 [0000000000000000] EXT=00 COND=0 IDLE=0 IO=0000000000000007
FB=0C40 [0000110001000000] SR=0100 R5=7 ROM=0000.0 PREG=0 RAMOP=- RAMREG=090 ROMOP=- ROMREG=09

0303 0289 IO=A-B DPT
A=0000000000000003 B=0000000000030003 C=0000000000000000 D=0000000000010000 E=0000000000000000
FA=0040 [0000000001000000] KR=0000 [0000000000000000] EXT=00 COND=1 IDLE=0 IO=0000000000000000
FB=0C40 [0000110001000000] SR=0100 R5=7 ROM=0000.0 PREG=0 RAMOP=- RAMREG=090 ROMOP=- ROMREG=09

0304 100D BRNC 02FE -006
A=0000000000000003 B=0000000000030003 C=0000000000000000 D=0000000000010000 E=0000000000000000
FA=0040 [0000000001000000] KR=0000 [0000000000000000] EXT=00 COND=1 IDLE=0 IO=0000000000000000
FB=0C40 [0000110001000000] SR=0100 R5=0 ROM=0000.0 PREG=0 RAMOP=- RAMREG=090 ROMOP=- ROMREG=09

0305 0230 A=D+0 DPT
A=0000000000000003 B=0000000000030003 C=0000000000000000 D=0000000000010000 E=0000000000000000
FA=0040 [0000000001000000] KR=0000 [0000000000000000] EXT=00 COND=1 IDLE=0 IO=0000000000000000
FB=0C40 [0000110001000000] SR=0100 R5=0 ROM=0000.0 PREG=0 RAMOP=- RAMREG=090 ROMOP=- ROMREG=09

0306 00A8 ?TFB 10
A=0000000000000000 B=0000000000030003 C=0000000000000000 D=0000000000010000 E=0000000000000000
FA=0040 [0000000001000000] KR=0000 [0000000000000000] EXT=00 COND=1 IDLE=0 IO=0000000000000000
FB=0C40 [0000110001000000] SR=0100 R5=0 ROM=0000.0 PREG=0 RAMOP=- RAMREG=090 ROMOP=- ROMREG=09

0307 00AA ZFB 10
A=0000000000000000 B=0000000000030003 C=0000000000000000 D=0000000000010000 E=0000000000000000
FA=0040 [0000000001000000] KR=0000 [0000000000000000] EXT=00 COND=0 IDLE=0 IO=0000000000000000
FB=0C40 [0000110001000000] SR=0100 R5=0 ROM=0000.0 PREG=0 RAMOP=- RAMREG=090 ROMOP=- ROMREG=09

0308 1004 BRNC 030A +002
A=0000000000000000 B=0000000000030003 C=0000000000000000 D=0000000000010000 E=0000000000000000
FA=0040 [0000000001000000] KR=0000 [0000000000000000] EXT=00 COND=0 IDLE=0 IO=0000000000000000
FB=0840 [0000100001000000] SR=0100 R5=0 ROM=0000.0 PREG=0 RAMOP=- RAMREG=090 ROMOP=- ROMREG=09

030A 09B9 IO=A-D MANT
A=0000000000000000 B=0000000000030003 C=0000000000000000 D=0000000000010000 E=0000000000000000
FA=0040 [0000000001000000] KR=0000 [0000000000000000] EXT=00 COND=1 IDLE=0 IO=0000000000000000
FB=0840 [0000100001000000] SR=0100 R5=0 ROM=0000.0 PREG=0 RAMOP=- RAMREG=090 ROMOP=- ROMREG=09

030B 15FE BRNC 060A +2FF
A=0000000000000000 B=0000000000030003 C=0000000000000000 D=0000000000010000 E=0000000000000000
FA=0040 [0000000001000000] KR=0000 [0000000000000000] EXT=00 COND=0 IDLE=0 IO=9999999999990000
FB=0840 [0000100001000000] SR=0100 R5=0 ROM=0000.0 PREG=0 RAMOP=- RAMREG=090 ROMOP=- ROMREG=09

060A 0619 IO=0-B EXP
A=0000000000000000 B=0000000000030003 C=0000000000000000 D=0000000000010000 E=0000000000000000
FA=0040 [0000000001000000] KR=0000 [0000000000000000] EXT=00 COND=1 IDLE=0 IO=0000000000000000
FB=0840 [0000100001000000] SR=0100 R5=0 ROM=0000.0 PREG=0 RAMOP=- RAMREG=090 ROMOP=- ROMREG=09

060B 1818 BRC 0617 +00C
A=0000000000000000 B=0000000000030003 C=0000000000000000 D=0000000000010000 E=0000000000000000
FA=0040 [0000000001000000] KR=0000 [0000000000000000] EXT=00 COND=1 IDLE=0 IO=0000000000000000
FB=0840 [0000100001000000] SR=0100 R5=0 ROM=0000.0 PREG=0 RAMOP=- RAMREG=090 ROMOP=- ROMREG=09

0617 0309 IO=A-1 DPT1
A=0000000000000000 B=0000000000030003 C=0000000000000000 D=0000000000010000 E=0000000000000000
FA=0040 [0000000001000000] KR=0000 [0000000000000000] EXT=00 COND=1 IDLE=0 IO=0000000000000000
FB=0840 [0000100001000000] SR=0100 R5=0 ROM=0000.0 PREG=0 RAMOP=- RAMREG=090 ROMOP=- ROMREG=09

0618 180A BRC 061D +005
A=0000000000000000 B=0000000000030003 C=0000000000000000 D=0000000000010000 E=0000000000000000
FA=0040 [0000000001000000] KR=0000 [0000000000000000] EXT=00 COND=0 IDLE=0 IO=000000000000000F
FB=0840 [0000100001000000] SR=0100 R5=F ROM=0000.0 PREG=0 RAMOP=- RAMREG=090 ROMOP=- ROMREG=09

0619 0058 ?TFB 5
A=0000000000000000 B=0000000000030003 C=0000000000000000 D=0000000000010000 E=0000000000000000
FA=0040 [0000000001000000] KR=0000 [0000000000000000] EXT=00 COND=1 IDLE=0 IO=0000000000000000
FB=0840 [0000100001000000] SR=0100 R5=F ROM=0000.0 PREG=0 RAMOP=- RAMREG=090 ROMOP=- ROMREG=09

061A 0048 ?TFB 4
A=0000000000000000 B=0000000000030003 C=0000000000000000 D=0000000000010000 E=0000000000000000
FA=0040 [0000000001000000] KR=0000 [0000000000000000] EXT=00 COND=1 IDLE=0 IO=0000000000000000
FB=0840 [0000100001000000] SR=0100 R5=F ROM=0000.0 PREG=0 RAMOP=- RAMREG=090 ROMOP=- ROMREG=09

061B 1004 BRNC 061D +002
A=0000000000000000 B=0000000000030003 C=0000000000000000 D=0000000000010000 E=0000000000000000
FA=0040 [0000000001000000] KR=0000 [0000000000000000] EXT=00 COND=1 IDLE=0 IO=0000000000000000
FB=0840 [0000100001000000] SR=0100 R5=F ROM=0000.0 PREG=0 RAMOP=- RAMREG=090 ROMOP=- ROMREG=09

061C 02DB B=0 DPT
A=0000000000000000 B=0000000000030003 C=0000000000000000 D=0000000000010000 E=0000000000000000
FA=0040 [0000000001000000] KR=0000 [0000000000000000] EXT=00 COND=1 IDLE=0 IO=0000000000000000
FB=0840 [0000100001000000] SR=0100 R5=F ROM=0000.0 PREG=0 RAMOP=- RAMREG=090 ROMOP=- ROMREG=09

061D 0050 ?TFA 5
A=0000000000000000 B=0000000000030000 C=0000000000000000 D=0000000000010000 E=0000000000000000
FA=0040 [0000000001000000] KR=0000 [0000000000000000] EXT=00 COND=1 IDLE=0 IO=0000000000000000
FB=0840 [0000100001000000] SR=0100 R5=0 ROM=0000.0 PREG=0 RAMOP=- RAMREG=090 ROMOP=- ROMREG=09

061E 0052 ZFA 5
A=0000000000000000 B=0000000000030000 C=0000000000000000 D=0000000000010000 E=0000000000000000
FA=0040 [0000000001000000] KR=0000 [0000000000000000] EXT=00 COND=1 IDLE=0 IO=0000000000000000
FB=0840 [0000100001000000] SR=0100 R5=0 ROM=0000.0 PREG=0 RAMOP=- RAMREG=090 ROMOP=- ROMREG=09

061F 1267 BRNC 04EC -133
A=0000000000000000 B=0000000000030000 C=0000000000000000 D=0000000000010000 E=0000000000000000
FA=0040 [0000000001000000] KR=0000 [0000000000000000] EXT=00 COND=1 IDLE=0 IO=0000000000000000
FB=0840 [0000100001000000] SR=0100 R5=0 ROM=0000.0 PREG=0 RAMOP=- RAMREG=090 ROMOP=- ROMREG=09

0620 00E8 ?TFB 14
A=0000000000000000 B=0000000000030000 C=0000000000000000 D=0000000000010000 E=0000000000000000
FA=0040 [0000000001000000] KR=0000 [0000000000000000] EXT=00 COND=1 IDLE=0 IO=0000000000000000
FB=0840 [0000100001000000] SR=0100 R5=0 ROM=0000.0 PREG=0 RAMOP=- RAMREG=090 ROMOP=- ROMREG=09

0621 1257 BRNC 04F6 -12B
A=0000000000000000 B=0000000000030000 C=0000000000000000 D=0000000000010000 E=0000000000000000
FA=0040 [0000000001000000] KR=0000 [0000000000000000] EXT=00 COND=1 IDLE=0 IO=0000000000000000
FB=0840 [0000100001000000] SR=0100 R5=0 ROM=0000.0 PREG=0 RAMOP=- RAMREG=090 ROMOP=- ROMREG=09

0622 0008 ?TFB 0
A=0000000000000000 B=0000000000030000 C=0000000000000000 D=0000000000010000 E=0000000000000000
FA=0040 [0000000001000000] KR=0000 [0000000000000000] EXT=00 COND=1 IDLE=0 IO=0000000000000000
FB=0840 [0000100001000000] SR=0100 R5=0 ROM=0000.0 PREG=0 RAMOP=- RAMREG=090 ROMOP=- ROMREG=09

0623 133C BRNC 07C1 +19E
A=0000000000000000 B=0000000000030000 C=0000000000000000 D=0000000000010000 E=0000000000000000
FA=0040 [0000000001000000] KR=0000 [0000000000000000] EXT=00 COND=1 IDLE=0 IO=0000000000000000
FB=0840 [0000100001000000] SR=0100 R5=0 ROM=0000.0 PREG=0 RAMOP=- RAMREG=090 ROMOP=- ROMREG=09

0624 0DD6 D=1 MLSD1
A=0000000000000000 B=0000000000030000 C=0000000000000000 D=0000000000010000 E=0000000000000000
FA=0040 [0000000001000000] KR=0000 [0000000000000000] EXT=00 COND=1 IDLE=0 IO=0000000000000000
FB=0840 [0000100001000000] SR=0100 R5=0 ROM=0000.0 PREG=0 RAMOP=- RAMREG=090 ROMOP=- ROMREG=09

0625 00DA ZFB 13
A=0000000000000000 B=0000000000030000 C=0000000000000000 D=0000000000001000 E=0000000000000000
FA=0040 [0000000001000000] KR=0000 [0000000000000000] EXT=00 COND=1 IDLE=0 IO=0000000000000000
FB=0840 [0000100001000000] SR=0100 R5=1 ROM=0000.0 PREG=0 RAMOP=- RAMREG=090 ROMOP=- ROMREG=09

0626 0213 B=B+0 DPT
A=0000000000000000 B=0000000000030000 C=0000000000000000 D=0000000000001000 E=0000000000000000
FA=0040 [0000000001000000] KR=0000 [0000000000000000] EXT=00 COND=1 IDLE=0 IO=0000000000000000
FB=0840 [0000100001000000] SR=0100 R5=1 ROM=0000.0 PREG=0 RAMOP=- RAMREG=090 ROMOP=- ROMREG=09

0627 0A98 PRTSTEP
A=0000000000000000 B=0000000000030000 C=0000000000000000 D=0000000000001000 E=0000000000000000
FA=0040 [0000000001000000] KR=0000 [0000000000000000] EXT=00 COND=1 IDLE=0 IO=0000000000000000
FB=0840 [0000100001000000] SR=0100 R5=0 ROM=0000.0 PREG=0 RAMOP=- RAMREG=090 ROMOP=- ROMREG=09

0628 0A0B ?BUSY
A=0000000000000000 B=0000000000030000 C=0000000000000000 D=0000000000001000 E=0000000000000000
FA=0040 [0000000001000000] KR=0000 [0000000000000000] EXT=00 COND=1 IDLE=0 IO=0000000000000000
FB=0840 [0000100001000000] SR=0100 R5=0 ROM=0000.0 PREG=0 RAMOP=- RAMREG=090 ROMOP=- ROMREG=09

0629 1005 BRNC 0627 -002
A=0000000000000000 B=0000000000030000 C=0000000000000000 D=0000000000001000 E=0000000000000000
FA=0040 [0000000001000000] KR=0000 [0000000000000000] EXT=00 COND=1 IDLE=0 IO=0000000000000000
FB=0840 [0000100001000000] SR=0100 R5=0 ROM=0000.0 PREG=0 RAMOP=- RAMREG=090 ROMOP=- ROMREG=09

062A 0A10 WAIT D1
A=0000000000000000 B=0000000000030000 C=0000000000000000 D=0000000000001000 E=0000000000000000
FA=0040 [0000000001000000] KR=0000 [0000000000000000] EXT=00 COND=1 IDLE=0 IO=0000000000000000
FB=0840 [0000100001000000] SR=0100 R5=0 ROM=0000.0 PREG=0 RAMOP=- RAMREG=090 ROMOP=- ROMREG=09

062B 0A09 SET IDLE
A=0000000000000000 B=0000000000030000 C=0000000000000000 D=0000000000001000 E=0000000000000000
FA=0040 [0000000001000000] KR=0000 [0000000000000000] EXT=00 COND=1 IDLE=0 IO=0000000000000000
FB=0840 [0000100001000000] SR=0100 R5=0 ROM=0000.0 PREG=0 RAMOP=- RAMREG=090 ROMOP=- ROMREG=09

062C 0AE0 WAIT D14
A=0000000000000000 B=0000000000030000 C=0000000000000000 D=0000000000001000 E=0000000000000000
FA=0040 [0000000001000000] KR=0000 [0000000000000000] EXT=00 COND=1 IDLE=1 IO=0000000000000000
FB=0840 [0000100001000000] SR=0100 R5=0 ROM=0000.0 PREG=0 RAMOP=- RAMREG=090 ROMOP=- ROMREG=09

062D 0820 ?KEY 20
A=0000000000000000 B=0000000000030000 C=0000000000000000 D=0000000000001000 E=0000000000000000
FA=0040 [0000000001000000] KR=0000 [0000000000000000] EXT=00 COND=1 IDLE=1 IO=0000000000000000
FB=0840 [0000100001000000] SR=0100 R5=0 ROM=0000.0 PREG=0 RAMOP=- RAMREG=090 ROMOP=- ROMREG=09

062E 180C BRC 0634 +006
A=0000000000000000 B=0000000000030000 C=0000000000000000 D=0000000000001000 E=0000000000000000
FA=0040 [0000000001000000] KR=0180 [0000000110000000] EXT=00 COND=0 IDLE=1 IO=0000000000000000
FB=0840 [0000100001000000] SR=0100 R5=0 ROM=0000.0 PREG=0 RAMOP=- RAMREG=090 ROMOP=- ROMREG=09

062F 0A45 ?TFKR 4
A=0000000000000000 B=0000000000030000 C=0000000000000000 D=0000000000001000 E=0000000000000000
FA=0040 [0000000001000000] KR=0180 [0000000110000000] EXT=00 COND=1 IDLE=1 IO=0000000000000000
FB=0840 [0000100001000000] SR=0100 R5=0 ROM=0000.0 PREG=0 RAMOP=- RAMREG=090 ROMOP=- ROMREG=09

0630 0A55 ?TFKR 5
A=0000000000000000 B=0000000000030000 C=0000000000000000 D=0000000000001000 E=0000000000000000
FA=0040 [0000000001000000] KR=0180 [0000000110000000] EXT=00 COND=1 IDLE=1 IO=0000000000000000
FB=0840 [0000100001000000] SR=0100 R5=0 ROM=0000.0 PREG=0 RAMOP=- RAMREG=090 ROMOP=- ROMREG=09

0631 0A65 ?TFKR 6
A=0000000000000000 B=0000000000030000 C=0000000000000000 D=0000000000001000 E=0000000000000000
FA=0040 [0000000001000000] KR=0180 [0000000110000000] EXT=00 COND=1 IDLE=1 IO=0000000000000000
FB=0840 [0000100001000000] SR=0100 R5=0 ROM=0000.0 PREG=0 RAMOP=- RAMREG=090 ROMOP=- ROMREG=09

0632 0A75 ?TFKR 7
A=0000000000000000 B=0000000000030000 C=0000000000000000 D=0000000000001000 E=0000000000000000
FA=0040 [0000000001000000] KR=0180 [0000000110000000] EXT=00 COND=1 IDLE=1 IO=0000000000000000
FB=0840 [0000100001000000] SR=0100 R5=0 ROM=0000.0 PREG=0 RAMOP=- RAMREG=090 ROMOP=- ROMREG=09

0633 1019 BRNC 0627 -00C
A=0000000000000000 B=0000000000030000 C=0000000000000000 D=0000000000001000 E=0000000000000000
FA=0040 [0000000001000000] KR=0180 [0000000110000000] EXT=00 COND=0 IDLE=1 IO=0000000000000000
FB=0840 [0000100001000000] SR=0100 R5=0 ROM=0000.0 PREG=0 RAMOP=- RAMREG=090 ROMOP=- ROMREG=09

0627 0A98 PRTSTEP
A=0000000000000000 B=0000000000030000 C=0000000000000000 D=0000000000001000 E=0000000000000000
FA=0040 [0000000001000000] KR=0180 [0000000110000000] EXT=00 COND=1 IDLE=1 IO=0000000000000000
FB=0840 [0000100001000000] SR=0100 R5=0 ROM=0000.0 PREG=0 RAMOP=- RAMREG=090 ROMOP=- ROMREG=09

0628 0A0B ?BUSY
A=0000000000000000 B=0000000000030000 C=0000000000000000 D=0000000000001000 E=0000000000000000
FA=0040 [0000000001000000] KR=0180 [0000000110000000] EXT=00 COND=1 IDLE=1 IO=0000000000000000
FB=0840 [0000100001000000] SR=0100 R5=0 ROM=0000.0 PREG=0 RAMOP=- RAMREG=090 ROMOP=- ROMREG=09

0629 1005 BRNC 0627 -002
A=0000000000000000 B=0000000000030000 C=0000000000000000 D=0000000000001000 E=0000000000000000
FA=0040 [0000000001000000] KR=0180 [0000000110000000] EXT=00 COND=1 IDLE=1 IO=0000000000000000
FB=0840 [0000100001000000] SR=0100 R5=0 ROM=0000.0 PREG=0 RAMOP=- RAMREG=090 ROMOP=- ROMREG=09

062A 0A10 WAIT D1
A=0000000000000000 B=0000000000030000 C=0000000000000000 D=0000000000001000 E=0000000000000000
FA=0040 [0000000001000000] KR=0180 [0000000110000000] EXT=00 COND=1 IDLE=1 IO=0000000000000000
FB=0840 [0000100001000000] SR=0100 R5=0 ROM=0000.0 PREG=0 RAMOP=- RAMREG=090 ROMOP=- ROMREG=09

062B 0A09 SET IDLE
A=0000000000000000 B=0000000000030000 C=0000000000000000 D=0000000000001000 E=0000000000000000
FA=0040 [0000000001000000] KR=0180 [0000000110000000] EXT=00 COND=1 IDLE=1 IO=0000000000000000
FB=0840 [0000100001000000] SR=0100 R5=0 ROM=0000.0 PREG=0 RAMOP=- RAMREG=090 ROMOP=- ROMREG=09

062C 0AE0 WAIT D14
A=0000000000000000 B=0000000000030000 C=0000000000000000 D=0000000000001000 E=0000000000000000
FA=0040 [0000000001000000] KR=0180 [0000000110000000] EXT=00 COND=1 IDLE=1 IO=0000000000000000
FB=0840 [0000100001000000] SR=0100 R5=0 ROM=0000.0 PREG=0 RAMOP=- RAMREG=090 ROMOP=- ROMREG=09

062D 0820 ?KEY 20
A=0000000000000000 B=0000000000030000 C=0000000000000000 D=0000000000001000 E=0000000000000000
FA=0040 [0000000001000000] KR=0180 [0000000110000000] EXT=00 COND=1 IDLE=1 IO=0000000000000000
FB=0840 [0000100001000000] SR=0100 R5=0 ROM=0000.0 PREG=0 RAMOP=- RAMREG=090 ROMOP=- ROMREG=09

062E 180C BRC 0634 +006
A=0000000000000000 B=0000000000030000 C=0000000000000000 D=0000000000001000 E=0000000000000000
FA=0040 [0000000001000000] KR=0180 [0000000110000000] EXT=00 COND=0 IDLE=1 IO=0000000000000000
FB=0840 [0000100001000000] SR=0100 R5=0 ROM=0000.0 PREG=0 RAMOP=- RAMREG=090 ROMOP=- ROMREG=09

062F 0A45 ?TFKR 4
A=0000000000000000 B=0000000000030000 C=0000000000000000 D=0000000000001000 E=0000000000000000
FA=0040 [0000000001000000] KR=0180 [0000000110000000] EXT=00 COND=1 IDLE=1 IO=0000000000000000
FB=0840 [0000100001000000] SR=0100 R5=0 ROM=0000.0 PREG=0 RAMOP=- RAMREG=090 ROMOP=- ROMREG=09

0630 0A55 ?TFKR 5
A=0000000000000000 B=0000000000030000 C=0000000000000000 D=0000000000001000 E=0000000000000000
FA=0040 [0000000001000000] KR=0180 [0000000110000000] EXT=00 COND=1 IDLE=1 IO=0000000000000000
FB=0840 [0000100001000000] SR=0100 R5=0 ROM=0000.0 PREG=0 RAMOP=- RAMREG=090 ROMOP=- ROMREG=09

0631 0A65 ?TFKR 6
A=0000000000000000 B=0000000000030000 C=0000000000000000 D=0000000000001000 E=0000000000000000
FA=0040 [0000000001000000] KR=0180 [0000000110000000] EXT=00 COND=1 IDLE=1 IO=0000000000000000
FB=0840 [0000100001000000] SR=0100 R5=0 ROM=0000.0 PREG=0 RAMOP=- RAMREG=090 ROMOP=- ROMREG=09

0632 0A75 ?TFKR 7
A=0000000000000000 B=0000000000030000 C=0000000000000000 D=0000000000001000 E=0000000000000000
FA=0040 [0000000001000000] KR=0180 [0000000110000000] EXT=00 COND=1 IDLE=1 IO=0000000000000000
FB=0840 [0000100001000000] SR=0100 R5=0 ROM=0000.0 PREG=0 RAMOP=- RAMREG=090 ROMOP=- ROMREG=09

0633 1019 BRNC 0627 -00C
A=0000000000000000 B=0000000000030000 C=0000000000000000 D=0000000000001000 E=0000000000000000
FA=0040 [0000000001000000] KR=0180 [0000000110000000] EXT=00 COND=0 IDLE=1 IO=0000000000000000
FB=0840 [0000100001000000] SR=0100 R5=0 ROM=0000.0 PREG=0 RAMOP=- RAMREG=090 ROMOP=- ROMREG=09

0627 0A98 PRTSTEP
A=0000000000000000 B=0000000000030000 C=0000000000000000 D=0000000000001000 E=0000000000000000
FA=0040 [0000000001000000] KR=0180 [0000000110000000] EXT=00 COND=1 IDLE=1 IO=0000000000000000
FB=0840 [0000100001000000] SR=0100 R5=0 ROM=0000.0 PREG=0 RAMOP=- RAMREG=090 ROMOP=- ROMREG=09

0628 0A0B ?BUSY
A=0000000000000000 B=0000000000030000 C=0000000000000000 D=0000000000001000 E=0000000000000000
FA=0040 [0000000001000000] KR=0180 [0000000110000000] EXT=00 COND=1 IDLE=1 IO=0000000000000000
FB=0840 [0000100001000000] SR=0100 R5=0 ROM=0000.0 PREG=0 RAMOP=- RAMREG=090 ROMOP=- ROMREG=09

0629 1005 BRNC 0627 -002
A=0000000000000000 B=0000000000030000 C=0000000000000000 D=0000000000001000 E=0000000000000000
FA=0040 [0000000001000000] KR=0180 [0000000110000000] EXT=00 COND=1 IDLE=1 IO=0000000000000000
FB=0840 [0000100001000000] SR=0100 R5=0 ROM=0000.0 PREG=0 RAMOP=- RAMREG=090 ROMOP=- ROMREG=09

062A 0A10 WAIT D1
A=0000000000000000 B=0000000000030000 C=0000000000000000 D=0000000000001000 E=0000000000000000
FA=0040 [0000000001000000] KR=0180 [0000000110000000] EXT=00 COND=1 IDLE=1 IO=0000000000000000
FB=0840 [0000100001000000] SR=0100 R5=0 ROM=0000.0 PREG=0 RAMOP=- RAMREG=090 ROMOP=- ROMREG=09

062B 0A09 SET IDLE
A=0000000000000000 B=0000000000030000 C=0000000000000000 D=0000000000001000 E=0000000000000000
FA=0040 [0000000001000000] KR=0180 [0000000110000000] EXT=00 COND=1 IDLE=1 IO=0000000000000000
FB=0840 [0000100001000000] SR=0100 R5=0 ROM=0000.0 PREG=0 RAMOP=- RAMREG=090 ROMOP=- ROMREG=09

062C 0AE0 WAIT D14
A=0000000000000000 B=0000000000030000 C=0000000000000000 D=0000000000001000 E=0000000000000000
FA=0040 [0000000001000000] KR=0180 [0000000110000000] EXT=00 COND=1 IDLE=1 IO=0000000000000000
FB=0840 [0000100001000000] SR=0100 R5=0 ROM=0000.0 PREG=0 RAMOP=- RAMREG=090 ROMOP=- ROMREG=09

062D 0820 ?KEY 20
A=0000000000000000 B=0000000000030000 C=0000000000000000 D=0000000000001000 E=0000000000000000
FA=0040 [0000000001000000] KR=0180 [0000000110000000] EXT=00 COND=1 IDLE=1 IO=0000000000000000
FB=0840 [0000100001000000] SR=0100 R5=0 ROM=0000.0 PREG=0 RAMOP=- RAMREG=090 ROMOP=- ROMREG=09

062E 180C BRC 0634 +006
A=0000000000000000 B=0000000000030000 C=0000000000000000 D=0000000000001000 E=0000000000000000
FA=0040 [0000000001000000] KR=0180 [0000000110000000] EXT=00 COND=0 IDLE=1 IO=0000000000000000
FB=0840 [0000100001000000] SR=0100 R5=0 ROM=0000.0 PREG=0 RAMOP=- RAMREG=090 ROMOP=- ROMREG=09

062F 0A45 ?TFKR 4
A=0000000000000000 B=0000000000030000 C=0000000000000000 D=0000000000001000 E=0000000000000000
FA=0040 [0000000001000000] KR=0180 [0000000110000000] EXT=00 COND=1 IDLE=1 IO=0000000000000000
FB=0840 [0000100001000000] SR=0100 R5=0 ROM=0000.0 PREG=0 RAMOP=- RAMREG=090 ROMOP=- ROMREG=09

0630 0A55 ?TFKR 5
A=0000000000000000 B=0000000000030000 C=0000000000000000 D=0000000000001000 E=0000000000000000
FA=0040 [0000000001000000] KR=0180 [0000000110000000] EXT=00 COND=1 IDLE=1 IO=0000000000000000
FB=0840 [0000100001000000] SR=0100 R5=0 ROM=0000.0 PREG=0 RAMOP=- RAMREG=090 ROMOP=- ROMREG=09

0631 0A65 ?TFKR 6
A=0000000000000000 B=0000000000030000 C=0000000000000000 D=0000000000001000 E=0000000000000000
FA=0040 [0000000001000000] KR=0180 [0000000110000000] EXT=00 COND=1 IDLE=1 IO=0000000000000000
FB=0840 [0000100001000000] SR=0100 R5=0 ROM=0000.0 PREG=0 RAMOP=- RAMREG=090 ROMOP=- ROMREG=09

0632 0A75 ?TFKR 7
A=0000000000000000 B=0000000000030000 C=0000000000000000 D=0000000000001000 E=0000000000000000
FA=0040 [0000000001000000] KR=0180 [0000000110000000] EXT=00 COND=1 IDLE=1 IO=0000000000000000
FB=0840 [0000100001000000] SR=0100 R5=0 ROM=0000.0 PREG=0 RAMOP=- RAMREG=090 ROMOP=- ROMREG=09

0633 1019 BRNC 0627 -00C
A=0000000000000000 B=0000000000030000 C=0000000000000000 D=0000000000001000 E=0000000000000000
FA=0040 [0000000001000000] KR=0180 [0000000110000000] EXT=00 COND=0 IDLE=1 IO=0000000000000000
FB=0840 [0000100001000000] SR=0100 R5=0 ROM=0000.0 PREG=0 RAMOP=- RAMREG=090 ROMOP=- ROMREG=09

0627 0A98 PRTSTEP
A=0000000000000000 B=0000000000030000 C=0000000000000000 D=0000000000001000 E=0000000000000000
FA=0040 [0000000001000000] KR=0180 [0000000110000000] EXT=00 COND=1 IDLE=1 IO=0000000000000000
FB=0840 [0000100001000000] SR=0100 R5=0 ROM=0000.0 PREG=0 RAMOP=- RAMREG=090 ROMOP=- ROMREG=09

0628 0A0B ?BUSY
A=0000000000000000 B=0000000000030000 C=0000000000000000 D=0000000000001000 E=0000000000000000
FA=0040 [0000000001000000] KR=0180 [0000000110000000] EXT=00 COND=1 IDLE=1 IO=0000000000000000
FB=0840 [0000100001000000] SR=0100 R5=0 ROM=0000.0 PREG=0 RAMOP=- RAMREG=090 ROMOP=- ROMREG=09

0629 1005 BRNC 0627 -002
A=0000000000000000 B=0000000000030000 C=0000000000000000 D=0000000000001000 E=0000000000000000
FA=0040 [0000000001000000] KR=0180 [0000000110000000] EXT=00 COND=1 IDLE=1 IO=0000000000000000
FB=0840 [0000100001000000] SR=0100 R5=0 ROM=0000.0 PREG=0 RAMOP=- RAMREG=090 ROMOP=- ROMREG=09

062A 0A10 WAIT D1
A=0000000000000000 B=0000000000030000 C=0000000000000000 D=0000000000001000 E=0000000000000000
FA=0040 [0000000001000000] KR=0180 [0000000110000000] EXT=00 COND=1 IDLE=1 IO=0000000000000000
FB=0840 [0000100001000000] SR=0100 R5=0 ROM=0000.0 PREG=0 RAMOP=- RAMREG=090 ROMOP=- ROMREG=09

062B 0A09 SET IDLE
A=0000000000000000 B=0000000000030000 C=0000000000000000 D=0000000000001000 E=0000000000000000
FA=0040 [0000000001000000] KR=0180 [0000000110000000] EXT=00 COND=1 IDLE=1 IO=0000000000000000
FB=0840 [0000100001000000] SR=0100 R5=0 ROM=0000.0 PREG=0 RAMOP=- RAMREG=090 ROMOP=- ROMREG=09

062C 0AE0 WAIT D14
A=0000000000000000 B=0000000000030000 C=0000000000000000 D=0000000000001000 E=0000000000000000
FA=0040 [0000000001000000] KR=0180 [0000000110000000] EXT=00 COND=1 IDLE=1 IO=0000000000000000
FB=0840 [0000100001000000] SR=0100 R5=0 ROM=0000.0 PREG=0 RAMOP=- RAMREG=090 ROMOP=- ROMREG=09

062D 0820 ?KEY 20
A=0000000000000000 B=0000000000030000 C=0000000000000000 D=0000000000001000 E=0000000000000000
FA=0040 [0000000001000000] KR=0180 [0000000110000000] EXT=00 COND=1 IDLE=1 IO=0000000000000000
FB=0840 [0000100001000000] SR=0100 R5=0 ROM=0000.0 PREG=0 RAMOP=- RAMREG=090 ROMOP=- ROMREG=09

062E 180C BRC 0634 +006
A=0000000000000000 B=0000000000030000 C=0000000000000000 D=0000000000001000 E=0000000000000000
FA=0040 [0000000001000000] KR=0180 [0000000110000000] EXT=00 COND=0 IDLE=1 IO=0000000000000000
FB=0840 [0000100001000000] SR=0100 R5=0 ROM=0000.0 PREG=0 RAMOP=- RAMREG=090 ROMOP=- ROMREG=09

062F 0A45 ?TFKR 4
A=0000000000000000 B=0000000000030000 C=0000000000000000 D=0000000000001000 E=0000000000000000
FA=0040 [0000000001000000] KR=0180 [0000000110000000] EXT=00 COND=1 IDLE=1 IO=0000000000000000
FB=0840 [0000100001000000] SR=0100 R5=0 ROM=0000.0 PREG=0 RAMOP=- RAMREG=090 ROMOP=- ROMREG=09

0630 0A55 ?TFKR 5
A=0000000000000000 B=0000000000030000 C=0000000000000000 D=0000000000001000 E=0000000000000000
FA=0040 [0000000001000000] KR=0180 [0000000110000000] EXT=00 COND=1 IDLE=1 IO=0000000000000000
FB=0840 [0000100001000000] SR=0100 R5=0 ROM=0000.0 PREG=0 RAMOP=- RAMREG=090 ROMOP=- ROMREG=09

0631 0A65 ?TFKR 6
A=0000000000000000 B=0000000000030000 C=0000000000000000 D=0000000000001000 E=0000000000000000
FA=0040 [0000000001000000] KR=0180 [0000000110000000] EXT=00 COND=1 IDLE=1 IO=0000000000000000
FB=0840 [0000100001000000] SR=0100 R5=0 ROM=0000.0 PREG=0 RAMOP=- RAMREG=090 ROMOP=- ROMREG=09

0632 0A75 ?TFKR 7
A=0000000000000000 B=0000000000030000 C=0000000000000000 D=0000000000001000 E=0000000000000000
FA=0040 [0000000001000000] KR=0180 [0000000110000000] EXT=00 COND=1 IDLE=1 IO=0000000000000000
FB=0840 [0000100001000000] SR=0100 R5=0 ROM=0000.0 PREG=0 RAMOP=- RAMREG=090 ROMOP=- ROMREG=09

0633 1019 BRNC 0627 -00C
A=0000000000000000 B=0000000000030000 C=0000000000000000 D=0000000000001000 E=0000000000000000
FA=0040 [0000000001000000] KR=0180 [0000000110000000] EXT=00 COND=0 IDLE=1 IO=0000000000000000
FB=0840 [0000100001000000] SR=0100 R5=0 ROM=0000.0 PREG=0 RAMOP=- RAMREG=090 ROMOP=- ROMREG=09

0627 0A98 PRTSTEP
A=0000000000000000 B=0000000000030000 C=0000000000000000 D=0000000000001000 E=0000000000000000
FA=0040 [0000000001000000] KR=0180 [0000000110000000] EXT=00 COND=1 IDLE=1 IO=0000000000000000
FB=0840 [0000100001000000] SR=0100 R5=0 ROM=0000.0 PREG=0 RAMOP=- RAMREG=090 ROMOP=- ROMREG=09

0628 0A0B ?BUSY
A=0000000000000000 B=0000000000030000 C=0000000000000000 D=0000000000001000 E=0000000000000000
FA=0040 [0000000001000000] KR=0180 [0000000110000000] EXT=00 COND=1 IDLE=1 IO=0000000000000000
FB=0840 [0000100001000000] SR=0100 R5=0 ROM=0000.0 PREG=0 RAMOP=- RAMREG=090 ROMOP=- ROMREG=09

0629 1005 BRNC 0627 -002
A=0000000000000000 B=0000000000030000 C=0000000000000000 D=0000000000001000 E=0000000000000000
FA=0040 [0000000001000000] KR=0180 [0000000110000000] EXT=00 COND=1 IDLE=1 IO=0000000000000000
FB=0840 [0000100001000000] SR=0100 R5=0 ROM=0000.0 PREG=0 RAMOP=- RAMREG=090 ROMOP=- ROMREG=09

062A 0A10 WAIT D1
A=0000000000000000 B=0000000000030000 C=0000000000000000 D=0000000000001000 E=0000000000000000
FA=0040 [0000000001000000] KR=0180 [0000000110000000] EXT=00 COND=1 IDLE=1 IO=0000000000000000
FB=0840 [0000100001000000] SR=0100 R5=0 ROM=0000.0 PREG=0 RAMOP=- RAMREG=090 ROMOP=- ROMREG=09

062B 0A09 SET IDLE
A=0000000000000000 B=0000000000030000 C=0000000000000000 D=0000000000001000 E=0000000000000000
FA=0040 [0000000001000000] KR=0180 [0000000110000000] EXT=00 COND=1 IDLE=1 IO=0000000000000000
FB=0840 [0000100001000000] SR=0100 R5=0 ROM=0000.0 PREG=0 RAMOP=- RAMREG=090 ROMOP=- ROMREG=09

062C 0AE0 WAIT D14
A=0000000000000000 B=0000000000030000 C=0000000000000000 D=0000000000001000 E=0000000000000000
FA=0040 [0000000001000000] KR=0180 [0000000110000000] EXT=00 COND=1 IDLE=1 IO=0000000000000000
FB=0840 [0000100001000000] SR=0100 R5=0 ROM=0000.0 PREG=0 RAMOP=- RAMREG=090 ROMOP=- ROMREG=09

062D 0820 ?KEY 20
A=0000000000000000 B=0000000000030000 C=0000000000000000 D=0000000000001000 E=0000000000000000
FA=0040 [0000000001000000] KR=0180 [0000000110000000] EXT=00 COND=1 IDLE=1 IO=0000000000000000
FB=0840 [0000100001000000] SR=0100 R5=0 ROM=0000.0 PREG=0 RAMOP=- RAMREG=090 ROMOP=- ROMREG=09

062E 180C BRC 0634 +006
A=0000000000000000 B=0000000000030000 C=0000000000000000 D=0000000000001000 E=0000000000000000
FA=0040 [0000000001000000] KR=0180 [0000000110000000] EXT=00 COND=0 IDLE=1 IO=0000000000000000
FB=0840 [0000100001000000] SR=0100 R5=0 ROM=0000.0 PREG=0 RAMOP=- RAMREG=090 ROMOP=- ROMREG=09

062F 0A45 ?TFKR 4
A=0000000000000000 B=0000000000030000 C=0000000000000000 D=0000000000001000 E=0000000000000000
FA=0040 [0000000001000000] KR=0180 [0000000110000000] EXT=00 COND=1 IDLE=1 IO=0000000000000000
FB=0840 [0000100001000000] SR=0100 R5=0 ROM=0000.0 PREG=0 RAMOP=- RAMREG=090 ROMOP=- ROMREG=09

0630 0A55 ?TFKR 5
A=0000000000000000 B=0000000000030000 C=0000000000000000 D=0000000000001000 E=0000000000000000
FA=0040 [0000000001000000] KR=0180 [0000000110000000] EXT=00 COND=1 IDLE=1 IO=0000000000000000
FB=0840 [0000100001000000] SR=0100 R5=0 ROM=0000.0 PREG=0 RAMOP=- RAMREG=090 ROMOP=- ROMREG=09

0631 0A65 ?TFKR 6
A=0000000000000000 B=0000000000030000 C=0000000000000000 D=0000000000001000 E=0000000000000000
FA=0040 [0000000001000000] KR=0180 [0000000110000000] EXT=00 COND=1 IDLE=1 IO=0000000000000000
FB=0840 [0000100001000000] SR=0100 R5=0 ROM=0000.0 PREG=0 RAMOP=- RAMREG=090 ROMOP=- ROMREG=09

0632 0A75 ?TFKR 7
A=0000000000000000 B=0000000000030000 C=0000000000000000 D=0000000000001000 E=0000000000000000
FA=0040 [0000000001000000] KR=0180 [0000000110000000] EXT=00 COND=1 IDLE=1 IO=0000000000000000
FB=0840 [0000100001000000] SR=0100 R5=0 ROM=0000.0 PREG=0 RAMOP=- RAMREG=090 ROMOP=- ROMREG=09

0633 1019 BRNC 0627 -00C
A=0000000000000000 B=0000000000030000 C=0000000000000000 D=0000000000001000 E=0000000000000000
FA=0040 [0000000001000000] KR=0180 [0000000110000000] EXT=00 COND=0 IDLE=1 IO=0000000000000000
FB=0840 [0000100001000000] SR=0100 R5=0 ROM=0000.0 PREG=0 RAMOP=- RAMREG=090 ROMOP=- ROMREG=09

0627 0A98 PRTSTEP
A=0000000000000000 B=0000000000030000 C=0000000000000000 D=0000000000001000 E=0000000000000000
FA=0040 [0000000001000000] KR=0180 [0000000110000000] EXT=00 COND=1 IDLE=1 IO=0000000000000000
FB=0840 [0000100001000000] SR=0100 R5=0 ROM=0000.0 PREG=0 RAMOP=- RAMREG=090 ROMOP=- ROMREG=09

0628 0A0B ?BUSY
A=0000000000000000 B=0000000000030000 C=0000000000000000 D=0000000000001000 E=0000000000000000
FA=0040 [0000000001000000] KR=0180 [0000000110000000] EXT=00 COND=1 IDLE=1 IO=0000000000000000
FB=0840 [0000100001000000] SR=0100 R5=0 ROM=0000.0 PREG=0 RAMOP=- RAMREG=090 ROMOP=- ROMREG=09

0629 1005 BRNC 0627 -002
A=0000000000000000 B=0000000000030000 C=0000000000000000 D=0000000000001000 E=0000000000000000
FA=0040 [0000000001000000] KR=0180 [0000000110000000] EXT=00 COND=1 IDLE=1 IO=0000000000000000
FB=0840 [0000100001000000] SR=0100 R5=0 ROM=0000.0 PREG=0 RAMOP=- RAMREG=090 ROMOP=- ROMREG=09

062A 0A10 WAIT D1
A=0000000000000000 B=0000000000030000 C=0000000000000000 D=0000000000001000 E=0000000000000000
FA=0040 [0000000001000000] KR=0180 [0000000110000000] EXT=00 COND=1 IDLE=1 IO=0000000000000000
FB=0840 [0000100001000000] SR=0100 R5=0 ROM=0000.0 PREG=0 RAMOP=- RAMREG=090 ROMOP=- ROMREG=09

062B 0A09 SET IDLE
A=0000000000000000 B=0000000000030000 C=0000000000000000 D=0000000000001000 E=0000000000000000
FA=0040 [0000000001000000] KR=0180 [0000000110000000] EXT=00 COND=1 IDLE=1 IO=0000000000000000
FB=0840 [0000100001000000] SR=0100 R5=0 ROM=0000.0 PREG=0 RAMOP=- RAMREG=090 ROMOP=- ROMREG=09

062C 0AE0 WAIT D14
A=0000000000000000 B=0000000000030000 C=0000000000000000 D=0000000000001000 E=0000000000000000
FA=0040 [0000000001000000] KR=0180 [0000000110000000] EXT=00 COND=1 IDLE=1 IO=0000000000000000
FB=0840 [0000100001000000] SR=0100 R5=0 ROM=0000.0 PREG=0 RAMOP=- RAMREG=090 ROMOP=- ROMREG=09

062D 0820 ?KEY 20
A=0000000000000000 B=0000000000030000 C=0000000000000000 D=0000000000001000 E=0000000000000000
FA=0040 [0000000001000000] KR=0180 [0000000110000000] EXT=00 COND=1 IDLE=1 IO=0000000000000000
FB=0840 [0000100001000000] SR=0100 R5=0 ROM=0000.0 PREG=0 RAMOP=- RAMREG=090 ROMOP=- ROMREG=09

062E 180C BRC 0634 +006
A=0000000000000000 B=0000000000030000 C=0000000000000000 D=0000000000001000 E=0000000000000000
FA=0040 [0000000001000000] KR=0180 [0000000110000000] EXT=00 COND=0 IDLE=1 IO=0000000000000000
FB=0840 [0000100001000000] SR=0100 R5=0 ROM=0000.0 PREG=0 RAMOP=- RAMREG=090 ROMOP=- ROMREG=09

062F 0A45 ?TFKR 4
A=0000000000000000 B=0000000000030000 C=0000000000000000 D=0000000000001000 E=0000000000000000
FA=0040 [0000000001000000] KR=0180 [0000000110000000] EXT=00 COND=1 IDLE=1 IO=0000000000000000
FB=0840 [0000100001000000] SR=0100 R5=0 ROM=0000.0 PREG=0 RAMOP=- RAMREG=090 ROMOP=- ROMREG=09

0630 0A55 ?TFKR 5
A=0000000000000000 B=0000000000030000 C=0000000000000000 D=0000000000001000 E=0000000000000000
FA=0040 [0000000001000000] KR=0180 [0000000110000000] EXT=00 COND=1 IDLE=1 IO=0000000000000000
FB=0840 [0000100001000000] SR=0100 R5=0 ROM=0000.0 PREG=0 RAMOP=- RAMREG=090 ROMOP=- ROMREG=09

0631 0A65 ?TFKR 6
A=0000000000000000 B=0000000000030000 C=0000000000000000 D=0000000000001000 E=0000000000000000
FA=0040 [0000000001000000] KR=0180 [0000000110000000] EXT=00 COND=1 IDLE=1 IO=0000000000000000
FB=0840 [0000100001000000] SR=0100 R5=0 ROM=0000.0 PREG=0 RAMOP=- RAMREG=090 ROMOP=- ROMREG=09

0632 0A75 ?TFKR 7
A=0000000000000000 B=0000000000030000 C=0000000000000000 D=0000000000001000 E=0000000000000000
FA=0040 [0000000001000000] KR=0180 [0000000110000000] EXT=00 COND=1 IDLE=1 IO=0000000000000000
FB=0840 [0000100001000000] SR=0100 R5=0 ROM=0000.0 PREG=0 RAMOP=- RAMREG=090 ROMOP=- ROMREG=09

0633 1019 BRNC 0627 -00C
A=0000000000000000 B=0000000000030000 C=0000000000000000 D=0000000000001000 E=0000000000000000
FA=0040 [0000000001000000] KR=0180 [0000000110000000] EXT=00 COND=0 IDLE=1 IO=0000000000000000
FB=0840 [0000100001000000] SR=0100 R5=0 ROM=0000.0 PREG=0 RAMOP=- RAMREG=090 ROMOP=- ROMREG=09

0627 0A98 PRTSTEP
A=0000000000000000 B=0000000000030000 C=0000000000000000 D=0000000000001000 E=0000000000000000
FA=0040 [0000000001000000] KR=0180 [0000000110000000] EXT=00 COND=1 IDLE=1 IO=0000000000000000
FB=0840 [0000100001000000] SR=0100 R5=0 ROM=0000.0 PREG=0 RAMOP=- RAMREG=090 ROMOP=- ROMREG=09

0628 0A0B ?BUSY
A=0000000000000000 B=0000000000030000 C=0000000000000000 D=0000000000001000 E=0000000000000000
FA=0040 [0000000001000000] KR=0180 [0000000110000000] EXT=00 COND=1 IDLE=1 IO=0000000000000000
FB=0840 [0000100001000000] SR=0100 R5=0 ROM=0000.0 PREG=0 RAMOP=- RAMREG=090 ROMOP=- ROMREG=09

0629 1005 BRNC 0627 -002
A=0000000000000000 B=0000000000030000 C=0000000000000000 D=0000000000001000 E=0000000000000000
FA=0040 [0000000001000000] KR=0180 [0000000110000000] EXT=00 COND=1 IDLE=1 IO=0000000000000000
FB=0840 [0000100001000000] SR=0100 R5=0 ROM=0000.0 PREG=0 RAMOP=- RAMREG=090 ROMOP=- ROMREG=09

062A 0A10 WAIT D1
A=0000000000000000 B=0000000000030000 C=0000000000000000 D=0000000000001000 E=0000000000000000
FA=0040 [0000000001000000] KR=0180 [0000000110000000] EXT=00 COND=1 IDLE=1 IO=0000000000000000
FB=0840 [0000100001000000] SR=0100 R5=0 ROM=0000.0 PREG=0 RAMOP=- RAMREG=090 ROMOP=- ROMREG=09

062B 0A09 SET IDLE
A=0000000000000000 B=0000000000030000 C=0000000000000000 D=0000000000001000 E=0000000000000000
FA=0040 [0000000001000000] KR=0180 [0000000110000000] EXT=00 COND=1 IDLE=1 IO=0000000000000000
FB=0840 [0000100001000000] SR=0100 R5=0 ROM=0000.0 PREG=0 RAMOP=- RAMREG=090 ROMOP=- ROMREG=09

062C 0AE0 WAIT D14
A=0000000000000000 B=0000000000030000 C=0000000000000000 D=0000000000001000 E=0000000000000000
FA=0040 [0000000001000000] KR=0180 [0000000110000000] EXT=00 COND=1 IDLE=1 IO=0000000000000000
FB=0840 [0000100001000000] SR=0100 R5=0 ROM=0000.0 PREG=0 RAMOP=- RAMREG=090 ROMOP=- ROMREG=09

062D 0820 ?KEY 20
A=0000000000000000 B=0000000000030000 C=0000000000000000 D=0000000000001000 E=0000000000000000
FA=0040 [0000000001000000] KR=0180 [0000000110000000] EXT=00 COND=1 IDLE=1 IO=0000000000000000
FB=0840 [0000100001000000] SR=0100 R5=0 ROM=0000.0 PREG=0 RAMOP=- RAMREG=090 ROMOP=- ROMREG=09

062E 180C BRC 0634 +006
A=0000000000000000 B=0000000000030000 C=0000000000000000 D=0000000000001000 E=0000000000000000
FA=0040 [0000000001000000] KR=0180 [0000000110000000] EXT=00 COND=0 IDLE=1 IO=0000000000000000
FB=0840 [0000100001000000] SR=0100 R5=0 ROM=0000.0 PREG=0 RAMOP=- RAMREG=090 ROMOP=- ROMREG=09

062F 0A45 ?TFKR 4
A=0000000000000000 B=0000000000030000 C=0000000000000000 D=0000000000001000 E=0000000000000000
FA=0040 [0000000001000000] KR=0180 [0000000110000000] EXT=00 COND=1 IDLE=1 IO=0000000000000000
FB=0840 [0000100001000000] SR=0100 R5=0 ROM=0000.0 PREG=0 RAMOP=- RAMREG=090 ROMOP=- ROMREG=09

0630 0A55 ?TFKR 5
A=0000000000000000 B=0000000000030000 C=0000000000000000 D=0000000000001000 E=0000000000000000
FA=0040 [0000000001000000] KR=0180 [0000000110000000] EXT=00 COND=1 IDLE=1 IO=0000000000000000
FB=0840 [0000100001000000] SR=0100 R5=0 ROM=0000.0 PREG=0 RAMOP=- RAMREG=090 ROMOP=- ROMREG=09

0631 0A65 ?TFKR 6
A=0000000000000000 B=0000000000030000 C=0000000000000000 D=0000000000001000 E=0000000000000000
FA=0040 [0000000001000000] KR=0180 [0000000110000000] EXT=00 COND=1 IDLE=1 IO=0000000000000000
FB=0840 [0000100001000000] SR=0100 R5=0 ROM=0000.0 PREG=0 RAMOP=- RAMREG=090 ROMOP=- ROMREG=09

0632 0A75 ?TFKR 7
A=0000000000000000 B=0000000000030000 C=0000000000000000 D=0000000000001000 E=0000000000000000
FA=0040 [0000000001000000] KR=0180 [0000000110000000] EXT=00 COND=1 IDLE=1 IO=0000000000000000
FB=0840 [0000100001000000] SR=0100 R5=0 ROM=0000.0 PREG=0 RAMOP=- RAMREG=090 ROMOP=- ROMREG=09

0633 1019 BRNC 0627 -00C
A=0000000000000000 B=0000000000030000 C=0000000000000000 D=0000000000001000 E=0000000000000000
FA=0040 [0000000001000000] KR=0180 [0000000110000000] EXT=00 COND=0 IDLE=1 IO=0000000000000000
FB=0840 [0000100001000000] SR=0100 R5=0 ROM=0000.0 PREG=0 RAMOP=- RAMREG=090 ROMOP=- ROMREG=09

0627 0A98 PRTSTEP
A=0000000000000000 B=0000000000030000 C=0000000000000000 D=0000000000001000 E=0000000000000000
FA=0040 [0000000001000000] KR=0180 [0000000110000000] EXT=00 COND=1 IDLE=1 IO=0000000000000000
FB=0840 [0000100001000000] SR=0100 R5=0 ROM=0000.0 PREG=0 RAMOP=- RAMREG=090 ROMOP=- ROMREG=09

0628 0A0B ?BUSY
A=0000000000000000 B=0000000000030000 C=0000000000000000 D=0000000000001000 E=0000000000000000
FA=0040 [0000000001000000] KR=0180 [0000000110000000] EXT=00 COND=1 IDLE=1 IO=0000000000000000
FB=0840 [0000100001000000] SR=0100 R5=0 ROM=0000.0 PREG=0 RAMOP=- RAMREG=090 ROMOP=- ROMREG=09

0629 1005 BRNC 0627 -002
A=0000000000000000 B=0000000000030000 C=0000000000000000 D=0000000000001000 E=0000000000000000
FA=0040 [0000000001000000] KR=0180 [0000000110000000] EXT=00 COND=1 IDLE=1 IO=0000000000000000
FB=0840 [0000100001000000] SR=0100 R5=0 ROM=0000.0 PREG=0 RAMOP=- RAMREG=090 ROMOP=- ROMREG=09

062A 0A10 WAIT D1
A=0000000000000000 B=0000000000030000 C=0000000000000000 D=0000000000001000 E=0000000000000000
FA=0040 [0000000001000000] KR=0180 [0000000110000000] EXT=00 COND=1 IDLE=1 IO=0000000000000000
FB=0840 [0000100001000000] SR=0100 R5=0 ROM=0000.0 PREG=0 RAMOP=- RAMREG=090 ROMOP=- ROMREG=09

062B 0A09 SET IDLE
A=0000000000000000 B=0000000000030000 C=0000000000000000 D=0000000000001000 E=0000000000000000
FA=0040 [0000000001000000] KR=0180 [0000000110000000] EXT=00 COND=1 IDLE=1 IO=0000000000000000
FB=0840 [0000100001000000] SR=0100 R5=0 ROM=0000.0 PREG=0 RAMOP=- RAMREG=090 ROMOP=- ROMREG=09

062C 0AE0 WAIT D14
A=0000000000000000 B=0000000000030000 C=0000000000000000 D=0000000000001000 E=0000000000000000
FA=0040 [0000000001000000] KR=0180 [0000000110000000] EXT=00 COND=1 IDLE=1 IO=0000000000000000
FB=0840 [0000100001000000] SR=0100 R5=0 ROM=0000.0 PREG=0 RAMOP=- RAMREG=090 ROMOP=- ROMREG=09

062D 0820 ?KEY 20
A=0000000000000000 B=0000000000030000 C=0000000000000000 D=0000000000001000 E=0000000000000000
FA=0040 [0000000001000000] KR=0180 [0000000110000000] EXT=00 COND=1 IDLE=1 IO=0000000000000000
FB=0840 [0000100001000000] SR=0100 R5=0 ROM=0000.0 PREG=0 RAMOP=- RAMREG=090 ROMOP=- ROMREG=09

062E 180C BRC 0634 +006
A=0000000000000000 B=0000000000030000 C=0000000000000000 D=0000000000001000 E=0000000000000000
FA=0040 [0000000001000000] KR=0180 [0000000110000000] EXT=00 COND=0 IDLE=1 IO=0000000000000000
FB=0840 [0000100001000000] SR=0100 R5=0 ROM=0000.0 PREG=0 RAMOP=- RAMREG=090 ROMOP=- ROMREG=09

062F 0A45 ?TFKR 4
A=0000000000000000 B=0000000000030000 C=0000000000000000 D=0000000000001000 E=0000000000000000
FA=0040 [0000000001000000] KR=0180 [0000000110000000] EXT=00 COND=1 IDLE=1 IO=0000000000000000
FB=0840 [0000100001000000] SR=0100 R5=0 ROM=0000.0 PREG=0 RAMOP=- RAMREG=090 ROMOP=- ROMREG=09

0630 0A55 ?TFKR 5
A=0000000000000000 B=0000000000030000 C=0000000000000000 D=0000000000001000 E=0000000000000000
FA=0040 [0000000001000000] KR=0180 [0000000110000000] EXT=00 COND=1 IDLE=1 IO=0000000000000000
FB=0840 [0000100001000000] SR=0100 R5=0 ROM=0000.0 PREG=0 RAMOP=- RAMREG=090 ROMOP=- ROMREG=09

0631 0A65 ?TFKR 6
A=0000000000000000 B=0000000000030000 C=0000000000000000 D=0000000000001000 E=0000000000000000
FA=0040 [0000000001000000] KR=0180 [0000000110000000] EXT=00 COND=1 IDLE=1 IO=0000000000000000
FB=0840 [0000100001000000] SR=0100 R5=0 ROM=0000.0 PREG=0 RAMOP=- RAMREG=090 ROMOP=- ROMREG=09

0632 0A75 ?TFKR 7
A=0000000000000000 B=0000000000030000 C=0000000000000000 D=0000000000001000 E=0000000000000000
FA=0040 [0000000001000000] KR=0180 [0000000110000000] EXT=00 COND=1 IDLE=1 IO=0000000000000000
FB=0840 [0000100001000000] SR=0100 R5=0 ROM=0000.0 PREG=0 RAMOP=- RAMREG=090 ROMOP=- ROMREG=09

0633 1019 BRNC 0627 -00C
A=0000000000000000 B=0000000000030000 C=0000000000000000 D=0000000000001000 E=0000000000000000
FA=0040 [0000000001000000] KR=0180 [0000000110000000] EXT=00 COND=0 IDLE=1 IO=0000000000000000
FB=0840 [0000100001000000] SR=0100 R5=0 ROM=0000.0 PREG=0 RAMOP=- RAMREG=090 ROMOP=- ROMREG=09

0627 0A98 PRTSTEP
A=0000000000000000 B=0000000000030000 C=0000000000000000 D=0000000000001000 E=0000000000000000
FA=0040 [0000000001000000] KR=0180 [0000000110000000] EXT=00 COND=1 IDLE=1 IO=0000000000000000
FB=0840 [0000100001000000] SR=0100 R5=0 ROM=0000.0 PREG=0 RAMOP=- RAMREG=090 ROMOP=- ROMREG=09

0628 0A0B ?BUSY
A=0000000000000000 B=0000000000030000 C=0000000000000000 D=0000000000001000 E=0000000000000000
FA=0040 [0000000001000000] KR=0180 [0000000110000000] EXT=00 COND=1 IDLE=1 IO=0000000000000000
FB=0840 [0000100001000000] SR=0100 R5=0 ROM=0000.0 PREG=0 RAMOP=- RAMREG=090 ROMOP=- ROMREG=09

0629 1005 BRNC 0627 -002
A=0000000000000000 B=0000000000030000 C=0000000000000000 D=0000000000001000 E=0000000000000000
FA=0040 [0000000001000000] KR=0180 [0000000110000000] EXT=00 COND=1 IDLE=1 IO=0000000000000000
FB=0840 [0000100001000000] SR=0100 R5=0 ROM=0000.0 PREG=0 RAMOP=- RAMREG=090 ROMOP=- ROMREG=09

062A 0A10 WAIT D1
A=0000000000000000 B=0000000000030000 C=0000000000000000 D=0000000000001000 E=0000000000000000
FA=0040 [0000000001000000] KR=0180 [0000000110000000] EXT=00 COND=1 IDLE=1 IO=0000000000000000
FB=0840 [0000100001000000] SR=0100 R5=0 ROM=0000.0 PREG=0 RAMOP=- RAMREG=090 ROMOP=- ROMREG=09

062B 0A09 SET IDLE
A=0000000000000000 B=0000000000030000 C=0000000000000000 D=0000000000001000 E=0000000000000000
FA=0040 [0000000001000000] KR=0180 [0000000110000000] EXT=00 COND=1 IDLE=1 IO=0000000000000000
FB=0840 [0000100001000000] SR=0100 R5=0 ROM=0000.0 PREG=0 RAMOP=- RAMREG=090 ROMOP=- ROMREG=09

062C 0AE0 WAIT D14
A=0000000000000000 B=0000000000030000 C=0000000000000000 D=0000000000001000 E=0000000000000000
FA=0040 [0000000001000000] KR=0180 [0000000110000000] EXT=00 COND=1 IDLE=1 IO=0000000000000000
FB=0840 [0000100001000000] SR=0100 R5=0 ROM=0000.0 PREG=0 RAMOP=- RAMREG=090 ROMOP=- ROMREG=09

062D 0820 ?KEY 20
A=0000000000000000 B=0000000000030000 C=0000000000000000 D=0000000000001000 E=0000000000000000
FA=0040 [0000000001000000] KR=0180 [0000000110000000] EXT=00 COND=1 IDLE=1 IO=0000000000000000
FB=0840 [0000100001000000] SR=0100 R5=0 ROM=0000.0 PREG=0 RAMOP=- RAMREG=090 ROMOP=- ROMREG=09

062E 180C BRC 0634 +006
A=0000000000000000 B=0000000000030000 C=0000000000000000 D=0000000000001000 E=0000000000000000
FA=0040 [0000000001000000] KR=0180 [0000000110000000] EXT=00 COND=0 IDLE=1 IO=0000000000000000
FB=0840 [0000100001000000] SR=0100 R5=0 ROM=0000.0 PREG=0 RAMOP=- RAMREG=090 ROMOP=- ROMREG=09

062F 0A45 ?TFKR 4
A=0000000000000000 B=0000000000030000 C=0000000000000000 D=0000000000001000 E=0000000000000000
FA=0040 [0000000001000000] KR=0180 [0000000110000000] EXT=00 COND=1 IDLE=1 IO=0000000000000000
FB=0840 [0000100001000000] SR=0100 R5=0 ROM=0000.0 PREG=0 RAMOP=- RAMREG=090 ROMOP=- ROMREG=09

0630 0A55 ?TFKR 5
A=0000000000000000 B=0000000000030000 C=0000000000000000 D=0000000000001000 E=0000000000000000
FA=0040 [0000000001000000] KR=0180 [0000000110000000] EXT=00 COND=1 IDLE=1 IO=0000000000000000
FB=0840 [0000100001000000] SR=0100 R5=0 ROM=0000.0 PREG=0 RAMOP=- RAMREG=090 ROMOP=- ROMREG=09

0631 0A65 ?TFKR 6
A=0000000000000000 B=0000000000030000 C=0000000000000000 D=0000000000001000 E=0000000000000000
FA=0040 [0000000001000000] KR=0180 [0000000110000000] EXT=00 COND=1 IDLE=1 IO=0000000000000000
FB=0840 [0000100001000000] SR=0100 R5=0 ROM=0000.0 PREG=0 RAMOP=- RAMREG=090 ROMOP=- ROMREG=09

0632 0A75 ?TFKR 7
A=0000000000000000 B=0000000000030000 C=0000000000000000 D=0000000000001000 E=0000000000000000
FA=0040 [0000000001000000] KR=0180 [0000000110000000] EXT=00 COND=1 IDLE=1 IO=0000000000000000
FB=0840 [0000100001000000] SR=0100 R5=0 ROM=0000.0 PREG=0 RAMOP=- RAMREG=090 ROMOP=- ROMREG=09

0633 1019 BRNC 0627 -00C
A=0000000000000000 B=0000000000030000 C=0000000000000000 D=0000000000001000 E=0000000000000000
FA=0040 [0000000001000000] KR=0180 [0000000110000000] EXT=00 COND=0 IDLE=1 IO=0000000000000000
FB=0840 [0000100001000000] SR=0100 R5=0 ROM=0000.0 PREG=0 RAMOP=- RAMREG=090 ROMOP=- ROMREG=09

0627 0A98 PRTSTEP
A=0000000000000000 B=0000000000030000 C=0000000000000000 D=0000000000001000 E=0000000000000000
FA=0040 [0000000001000000] KR=0180 [0000000110000000] EXT=00 COND=1 IDLE=1 IO=0000000000000000
FB=0840 [0000100001000000] SR=0100 R5=0 ROM=0000.0 PREG=0 RAMOP=- RAMREG=090 ROMOP=- ROMREG=09

0628 0A0B ?BUSY
A=0000000000000000 B=0000000000030000 C=0000000000000000 D=0000000000001000 E=0000000000000000
FA=0040 [0000000001000000] KR=0180 [0000000110000000] EXT=00 COND=1 IDLE=1 IO=0000000000000000
FB=0840 [0000100001000000] SR=0100 R5=0 ROM=0000.0 PREG=0 RAMOP=- RAMREG=090 ROMOP=- ROMREG=09

0629 1005 BRNC 0627 -002
A=0000000000000000 B=0000000000030000 C=0000000000000000 D=0000000000001000 E=0000000000000000
FA=0040 [0000000001000000] KR=0180 [0000000110000000] EXT=00 COND=1 IDLE=1 IO=0000000000000000
FB=0840 [0000100001000000] SR=0100 R5=0 ROM=0000.0 PREG=0 RAMOP=- RAMREG=090 ROMOP=- ROMREG=09

062A 0A10 WAIT D1
A=0000000000000000 B=0000000000030000 C=0000000000000000 D=0000000000001000 E=0000000000000000
FA=0040 [0000000001000000] KR=0180 [0000000110000000] EXT=00 COND=1 IDLE=1 IO=0000000000000000
FB=0840 [0000100001000000] SR=0100 R5=0 ROM=0000.0 PREG=0 RAMOP=- RAMREG=090 ROMOP=- ROMREG=09

062B 0A09 SET IDLE
A=0000000000000000 B=0000000000030000 C=0000000000000000 D=0000000000001000 E=0000000000000000
FA=0040 [0000000001000000] KR=0180 [0000000110000000] EXT=00 COND=1 IDLE=1 IO=0000000000000000
FB=0840 [0000100001000000] SR=0100 R5=0 ROM=0000.0 PREG=0 RAMOP=- RAMREG=090 ROMOP=- ROMREG=09

062C 0AE0 WAIT D14
A=0000000000000000 B=0000000000030000 C=0000000000000000 D=0000000000001000 E=0000000000000000
FA=0040 [0000000001000000] KR=0180 [0000000110000000] EXT=00 COND=1 IDLE=1 IO=0000000000000000
FB=0840 [0000100001000000] SR=0100 R5=0 ROM=0000.0 PREG=0 RAMOP=- RAMREG=090 ROMOP=- ROMREG=09

062D 0820 ?KEY 20
A=0000000000000000 B=0000000000030000 C=0000000000000000 D=0000000000001000 E=0000000000000000
FA=0040 [0000000001000000] KR=0180 [0000000110000000] EXT=00 COND=1 IDLE=1 IO=0000000000000000
FB=0840 [0000100001000000] SR=0100 R5=0 ROM=0000.0 PREG=0 RAMOP=- RAMREG=090 ROMOP=- ROMREG=09

062E 180C BRC 0634 +006
A=0000000000000000 B=0000000000030000 C=0000000000000000 D=0000000000001000 E=0000000000000000
FA=0040 [0000000001000000] KR=0180 [0000000110000000] EXT=00 COND=0 IDLE=1 IO=0000000000000000
FB=0840 [0000100001000000] SR=0100 R5=0 ROM=0000.0 PREG=0 RAMOP=- RAMREG=090 ROMOP=- ROMREG=09

062F 0A45 ?TFKR 4
A=0000000000000000 B=0000000000030000 C=0000000000000000 D=0000000000001000 E=0000000000000000
FA=0040 [0000000001000000] KR=0180 [0000000110000000] EXT=00 COND=1 IDLE=1 IO=0000000000000000
FB=0840 [0000100001000000] SR=0100 R5=0 ROM=0000.0 PREG=0 RAMOP=- RAMREG=090 ROMOP=- ROMREG=09

0630 0A55 ?TFKR 5
A=0000000000000000 B=0000000000030000 C=0000000000000000 D=0000000000001000 E=0000000000000000
FA=0040 [0000000001000000] KR=0180 [0000000110000000] EXT=00 COND=1 IDLE=1 IO=0000000000000000
FB=0840 [0000100001000000] SR=0100 R5=0 ROM=0000.0 PREG=0 RAMOP=- RAMREG=090 ROMOP=- ROMREG=09

0631 0A65 ?TFKR 6
A=0000000000000000 B=0000000000030000 C=0000000000000000 D=0000000000001000 E=0000000000000000
FA=0040 [0000000001000000] KR=0180 [0000000110000000] EXT=00 COND=1 IDLE=1 IO=0000000000000000
FB=0840 [0000100001000000] SR=0100 R5=0 ROM=0000.0 PREG=0 RAMOP=- RAMREG=090 ROMOP=- ROMREG=09

0632 0A75 ?TFKR 7
A=0000000000000000 B=0000000000030000 C=0000000000000000 D=0000000000001000 E=0000000000000000
FA=0040 [0000000001000000] KR=0180 [0000000110000000] EXT=00 COND=1 IDLE=1 IO=0000000000000000
FB=0840 [0000100001000000] SR=0100 R5=0 ROM=0000.0 PREG=0 RAMOP=- RAMREG=090 ROMOP=- ROMREG=09

0633 1019 BRNC 0627 -00C
A=0000000000000000 B=0000000000030000 C=0000000000000000 D=0000000000001000 E=0000000000000000
FA=0040 [0000000001000000] KR=0180 [0000000110000000] EXT=00 COND=0 IDLE=1 IO=0000000000000000
FB=0840 [0000100001000000] SR=0100 R5=0 ROM=0000.0 PREG=0 RAMOP=- RAMREG=090 ROMOP=- ROMREG=09

0627 0A98 PRTSTEP
A=0000000000000000 B=0000000000030000 C=0000000000000000 D=0000000000001000 E=0000000000000000
FA=0040 [0000000001000000] KR=0180 [0000000110000000] EXT=00 COND=1 IDLE=1 IO=0000000000000000
FB=0840 [0000100001000000] SR=0100 R5=0 ROM=0000.0 PREG=0 RAMOP=- RAMREG=090 ROMOP=- ROMREG=09

0628 0A0B ?BUSY
A=0000000000000000 B=0000000000030000 C=0000000000000000 D=0000000000001000 E=0000000000000000
FA=0040 [0000000001000000] KR=0180 [0000000110000000] EXT=00 COND=1 IDLE=1 IO=0000000000000000
FB=0840 [0000100001000000] SR=0100 R5=0 ROM=0000.0 PREG=0 RAMOP=- RAMREG=090 ROMOP=- ROMREG=09

0629 1005 BRNC 0627 -002
A=0000000000000000 B=0000000000030000 C=0000000000000000 D=0000000000001000 E=0000000000000000
FA=0040 [0000000001000000] KR=0180 [0000000110000000] EXT=00 COND=1 IDLE=1 IO=0000000000000000
FB=0840 [0000100001000000] SR=0100 R5=0 ROM=0000.0 PREG=0 RAMOP=- RAMREG=090 ROMOP=- ROMREG=09

062A 0A10 WAIT D1
A=0000000000000000 B=0000000000030000 C=0000000000000000 D=0000000000001000 E=0000000000000000
FA=0040 [0000000001000000] KR=0180 [0000000110000000] EXT=00 COND=1 IDLE=1 IO=0000000000000000
FB=0840 [0000100001000000] SR=0100 R5=0 ROM=0000.0 PREG=0 RAMOP=- RAMREG=090 ROMOP=- ROMREG=09

062B 0A09 SET IDLE
A=0000000000000000 B=0000000000030000 C=0000000000000000 D=0000000000001000 E=0000000000000000
FA=0040 [0000000001000000] KR=0180 [0000000110000000] EXT=00 COND=1 IDLE=1 IO=0000000000000000
FB=0840 [0000100001000000] SR=0100 R5=0 ROM=0000.0 PREG=0 RAMOP=- RAMREG=090 ROMOP=- ROMREG=09

062C 0AE0 WAIT D14
A=0000000000000000 B=0000000000030000 C=0000000000000000 D=0000000000001000 E=0000000000000000
FA=0040 [0000000001000000] KR=0180 [0000000110000000] EXT=00 COND=1 IDLE=1 IO=0000000000000000
FB=0840 [0000100001000000] SR=0100 R5=0 ROM=0000.0 PREG=0 RAMOP=- RAMREG=090 ROMOP=- ROMREG=09

062D 0820 ?KEY 20
A=0000000000000000 B=0000000000030000 C=0000000000000000 D=0000000000001000 E=0000000000000000
FA=0040 [0000000001000000] KR=0180 [0000000110000000] EXT=00 COND=1 IDLE=1 IO=0000000000000000
FB=0840 [0000100001000000] SR=0100 R5=0 ROM=0000.0 PREG=0 RAMOP=- RAMREG=090 ROMOP=- ROMREG=09

062E 180C BRC 0634 +006
A=0000000000000000 B=0000000000030000 C=0000000000000000 D=0000000000001000 E=0000000000000000
FA=0040 [0000000001000000] KR=0180 [0000000110000000] EXT=00 COND=0 IDLE=1 IO=0000000000000000
FB=0840 [0000100001000000] SR=0100 R5=0 ROM=0000.0 PREG=0 RAMOP=- RAMREG=090 ROMOP=- ROMREG=09

062F 0A45 ?TFKR 4
A=0000000000000000 B=0000000000030000 C=0000000000000000 D=0000000000001000 E=0000000000000000
FA=0040 [0000000001000000] KR=0180 [0000000110000000] EXT=00 COND=1 IDLE=1 IO=0000000000000000
FB=0840 [0000100001000000] SR=0100 R5=0 ROM=0000.0 PREG=0 RAMOP=- RAMREG=090 ROMOP=- ROMREG=09

0630 0A55 ?TFKR 5
A=0000000000000000 B=0000000000030000 C=0000000000000000 D=0000000000001000 E=0000000000000000
FA=0040 [0000000001000000] KR=0180 [0000000110000000] EXT=00 COND=1 IDLE=1 IO=0000000000000000
FB=0840 [0000100001000000] SR=0100 R5=0 ROM=0000.0 PREG=0 RAMOP=- RAMREG=090 ROMOP=- ROMREG=09

0631 0A65 ?TFKR 6
A=0000000000000000 B=0000000000030000 C=0000000000000000 D=0000000000001000 E=0000000000000000
FA=0040 [0000000001000000] KR=0180 [0000000110000000] EXT=00 COND=1 IDLE=1 IO=0000000000000000
FB=0840 [0000100001000000] SR=0100 R5=0 ROM=0000.0 PREG=0 RAMOP=- RAMREG=090 ROMOP=- ROMREG=09

0632 0A75 ?TFKR 7
A=0000000000000000 B=0000000000030000 C=0000000000000000 D=0000000000001000 E=0000000000000000
FA=0040 [0000000001000000] KR=0180 [0000000110000000] EXT=00 COND=1 IDLE=1 IO=0000000000000000
FB=0840 [0000100001000000] SR=0100 R5=0 ROM=0000.0 PREG=0 RAMOP=- RAMREG=090 ROMOP=- ROMREG=09

0633 1019 BRNC 0627 -00C
A=0000000000000000 B=0000000000030000 C=0000000000000000 D=0000000000001000 E=0000000000000000
FA=0040 [0000000001000000] KR=0180 [0000000110000000] EXT=00 COND=0 IDLE=1 IO=0000000000000000
FB=0840 [0000100001000000] SR=0100 R5=0 ROM=0000.0 PREG=0 RAMOP=- RAMREG=090 ROMOP=- ROMREG=09

0627 0A98 PRTSTEP
A=0000000000000000 B=0000000000030000 C=0000000000000000 D=0000000000001000 E=0000000000000000
FA=0040 [0000000001000000] KR=0180 [0000000110000000] EXT=00 COND=1 IDLE=1 IO=0000000000000000
FB=0840 [0000100001000000] SR=0100 R5=0 ROM=0000.0 PREG=0 RAMOP=- RAMREG=090 ROMOP=- ROMREG=09

0628 0A0B ?BUSY
A=0000000000000000 B=0000000000030000 C=0000000000000000 D=0000000000001000 E=0000000000000000
FA=0040 [0000000001000000] KR=0180 [0000000110000000] EXT=00 COND=1 IDLE=1 IO=0000000000000000
FB=0840 [0000100001000000] SR=0100 R5=0 ROM=0000.0 PREG=0 RAMOP=- RAMREG=090 ROMOP=- ROMREG=09

0629 1005 BRNC 0627 -002
A=0000000000000000 B=0000000000030000 C=0000000000000000 D=0000000000001000 E=0000000000000000
FA=0040 [0000000001000000] KR=0180 [0000000110000000] EXT=00 COND=1 IDLE=1 IO=0000000000000000
FB=0840 [0000100001000000] SR=0100 R5=0 ROM=0000.0 PREG=0 RAMOP=- RAMREG=090 ROMOP=- ROMREG=09

062A 0A10 WAIT D1
A=0000000000000000 B=0000000000030000 C=0000000000000000 D=0000000000001000 E=0000000000000000
FA=0040 [0000000001000000] KR=0180 [0000000110000000] EXT=00 COND=1 IDLE=1 IO=0000000000000000
FB=0840 [0000100001000000] SR=0100 R5=0 ROM=0000.0 PREG=0 RAMOP=- RAMREG=090 ROMOP=- ROMREG=09

062B 0A09 SET IDLE
A=0000000000000000 B=0000000000030000 C=0000000000000000 D=0000000000001000 E=0000000000000000
FA=0040 [0000000001000000] KR=0180 [0000000110000000] EXT=00 COND=1 IDLE=1 IO=0000000000000000
FB=0840 [0000100001000000] SR=0100 R5=0 ROM=0000.0 PREG=0 RAMOP=- RAMREG=090 ROMOP=- ROMREG=09

062C 0AE0 WAIT D14
A=0000000000000000 B=0000000000030000 C=0000000000000000 D=0000000000001000 E=0000000000000000
FA=0040 [0000000001000000] KR=0180 [0000000110000000] EXT=00 COND=1 IDLE=1 IO=0000000000000000
FB=0840 [0000100001000000] SR=0100 R5=0 ROM=0000.0 PREG=0 RAMOP=- RAMREG=090 ROMOP=- ROMREG=09

062D 0820 ?KEY 20
A=0000000000000000 B=0000000000030000 C=0000000000000000 D=0000000000001000 E=0000000000000000
FA=0040 [0000000001000000] KR=0180 [0000000110000000] EXT=00 COND=1 IDLE=1 IO=0000000000000000
FB=0840 [0000100001000000] SR=0100 R5=0 ROM=0000.0 PREG=0 RAMOP=- RAMREG=090 ROMOP=- ROMREG=09

062E 180C BRC 0634 +006
A=0000000000000000 B=0000000000030000 C=0000000000000000 D=0000000000001000 E=0000000000000000
FA=0040 [0000000001000000] KR=0180 [0000000110000000] EXT=00 COND=0 IDLE=1 IO=0000000000000000
FB=0840 [0000100001000000] SR=0100 R5=0 ROM=0000.0 PREG=0 RAMOP=- RAMREG=090 ROMOP=- ROMREG=09

062F 0A45 ?TFKR 4
A=0000000000000000 B=0000000000030000 C=0000000000000000 D=0000000000001000 E=0000000000000000
FA=0040 [0000000001000000] KR=0180 [0000000110000000] EXT=00 COND=1 IDLE=1 IO=0000000000000000
FB=0840 [0000100001000000] SR=0100 R5=0 ROM=0000.0 PREG=0 RAMOP=- RAMREG=090 ROMOP=- ROMREG=09

0630 0A55 ?TFKR 5
A=0000000000000000 B=0000000000030000 C=0000000000000000 D=0000000000001000 E=0000000000000000
FA=0040 [0000000001000000] KR=0180 [0000000110000000] EXT=00 COND=1 IDLE=1 IO=0000000000000000
FB=0840 [0000100001000000] SR=0100 R5=0 ROM=0000.0 PREG=0 RAMOP=- RAMREG=090 ROMOP=- ROMREG=09

0631 0A65 ?TFKR 6
A=0000000000000000 B=0000000000030000 C=0000000000000000 D=0000000000001000 E=0000000000000000
FA=0040 [0000000001000000] KR=0180 [0000000110000000] EXT=00 COND=1 IDLE=1 IO=0000000000000000
FB=0840 [0000100001000000] SR=0100 R5=0 ROM=0000.0 PREG=0 RAMOP=- RAMREG=090 ROMOP=- ROMREG=09

0632 0A75 ?TFKR 7
A=0000000000000000 B=0000000000030000 C=0000000000000000 D=0000000000001000 E=0000000000000000
FA=0040 [0000000001000000] KR=0180 [0000000110000000] EXT=00 COND=1 IDLE=1 IO=0000000000000000
FB=0840 [0000100001000000] SR=0100 R5=0 ROM=0000.0 PREG=0 RAMOP=- RAMREG=090 ROMOP=- ROMREG=09

0633 1019 BRNC 0627 -00C
A=0000000000000000 B=0000000000030000 C=0000000000000000 D=0000000000001000 E=0000000000000000
FA=0040 [0000000001000000] KR=0180 [0000000110000000] EXT=00 COND=0 IDLE=1 IO=0000000000000000
FB=0840 [0000100001000000] SR=0100 R5=0 ROM=0000.0 PREG=0 RAMOP=- RAMREG=090 ROMOP=- ROMREG=09

0627 0A98 PRTSTEP
A=0000000000000000 B=0000000000030000 C=0000000000000000 D=0000000000001000 E=0000000000000000
FA=0040 [0000000001000000] KR=0180 [0000000110000000] EXT=00 COND=1 IDLE=1 IO=0000000000000000
FB=0840 [0000100001000000] SR=0100 R5=0 ROM=0000.0 PREG=0 RAMOP=- RAMREG=090 ROMOP=- ROMREG=09

0628 0A0B ?BUSY
A=0000000000000000 B=0000000000030000 C=0000000000000000 D=0000000000001000 E=0000000000000000
FA=0040 [0000000001000000] KR=0180 [0000000110000000] EXT=00 COND=1 IDLE=1 IO=0000000000000000
FB=0840 [0000100001000000] SR=0100 R5=0 ROM=0000.0 PREG=0 RAMOP=- RAMREG=090 ROMOP=- ROMREG=09

0629 1005 BRNC 0627 -002
A=0000000000000000 B=0000000000030000 C=0000000000000000 D=0000000000001000 E=0000000000000000
FA=0040 [0000000001000000] KR=0180 [0000000110000000] EXT=00 COND=1 IDLE=1 IO=0000000000000000
FB=0840 [0000100001000000] SR=0100 R5=0 ROM=0000.0 PREG=0 RAMOP=- RAMREG=090 ROMOP=- ROMREG=09

062A 0A10 WAIT D1
A=0000000000000000 B=0000000000030000 C=0000000000000000 D=0000000000001000 E=0000000000000000
FA=0040 [0000000001000000] KR=0180 [0000000110000000] EXT=00 COND=1 IDLE=1 IO=0000000000000000
FB=0840 [0000100001000000] SR=0100 R5=0 ROM=0000.0 PREG=0 RAMOP=- RAMREG=090 ROMOP=- ROMREG=09

062B 0A09 SET IDLE
A=0000000000000000 B=0000000000030000 C=0000000000000000 D=0000000000001000 E=0000000000000000
FA=0040 [0000000001000000] KR=0180 [0000000110000000] EXT=00 COND=1 IDLE=1 IO=0000000000000000
FB=0840 [0000100001000000] SR=0100 R5=0 ROM=0000.0 PREG=0 RAMOP=- RAMREG=090 ROMOP=- ROMREG=09

062C 0AE0 WAIT D14
A=0000000000000000 B=0000000000030000 C=0000000000000000 D=0000000000001000 E=0000000000000000
FA=0040 [0000000001000000] KR=0180 [0000000110000000] EXT=00 COND=1 IDLE=1 IO=0000000000000000
FB=0840 [0000100001000000] SR=0100 R5=0 ROM=0000.0 PREG=0 RAMOP=- RAMREG=090 ROMOP=- ROMREG=09

062D 0820 ?KEY 20
A=0000000000000000 B=0000000000030000 C=0000000000000000 D=0000000000001000 E=0000000000000000
FA=0040 [0000000001000000] KR=0180 [0000000110000000] EXT=00 COND=1 IDLE=1 IO=0000000000000000
FB=0840 [0000100001000000] SR=0100 R5=0 ROM=0000.0 PREG=0 RAMOP=- RAMREG=090 ROMOP=- ROMREG=09

062E 180C BRC 0634 +006
A=0000000000000000 B=0000000000030000 C=0000000000000000 D=0000000000001000 E=0000000000000000
FA=0040 [0000000001000000] KR=0180 [0000000110000000] EXT=00 COND=0 IDLE=1 IO=0000000000000000
FB=0840 [0000100001000000] SR=0100 R5=0 ROM=0000.0 PREG=0 RAMOP=- RAMREG=090 ROMOP=- ROMREG=09

062F 0A45 ?TFKR 4
A=0000000000000000 B=0000000000030000 C=0000000000000000 D=0000000000001000 E=0000000000000000
FA=0040 [0000000001000000] KR=0180 [0000000110000000] EXT=00 COND=1 IDLE=1 IO=0000000000000000
FB=0840 [0000100001000000] SR=0100 R5=0 ROM=0000.0 PREG=0 RAMOP=- RAMREG=090 ROMOP=- ROMREG=09

0630 0A55 ?TFKR 5
A=0000000000000000 B=0000000000030000 C=0000000000000000 D=0000000000001000 E=0000000000000000
FA=0040 [0000000001000000] KR=0180 [0000000110000000] EXT=00 COND=1 IDLE=1 IO=0000000000000000
FB=0840 [0000100001000000] SR=0100 R5=0 ROM=0000.0 PREG=0 RAMOP=- RAMREG=090 ROMOP=- ROMREG=09

0631 0A65 ?TFKR 6
A=0000000000000000 B=0000000000030000 C=0000000000000000 D=0000000000001000 E=0000000000000000
FA=0040 [0000000001000000] KR=0180 [0000000110000000] EXT=00 COND=1 IDLE=1 IO=0000000000000000
FB=0840 [0000100001000000] SR=0100 R5=0 ROM=0000.0 PREG=0 RAMOP=- RAMREG=090 ROMOP=- ROMREG=09

0632 0A75 ?TFKR 7
A=0000000000000000 B=0000000000030000 C=0000000000000000 D=0000000000001000 E=0000000000000000
FA=0040 [0000000001000000] KR=0180 [0000000110000000] EXT=00 COND=1 IDLE=1 IO=0000000000000000
FB=0840 [0000100001000000] SR=0100 R5=0 ROM=0000.0 PREG=0 RAMOP=- RAMREG=090 ROMOP=- ROMREG=09

0633 1019 BRNC 0627 -00C
A=0000000000000000 B=0000000000030000 C=0000000000000000 D=0000000000001000 E=0000000000000000
FA=0040 [0000000001000000] KR=0180 [0000000110000000] EXT=00 COND=0 IDLE=1 IO=0000000000000000
FB=0840 [0000100001000000] SR=0100 R5=0 ROM=0000.0 PREG=0 RAMOP=- RAMREG=090 ROMOP=- ROMREG=09

0627 0A98 PRTSTEP
A=0000000000000000 B=0000000000030000 C=0000000000000000 D=0000000000001000 E=0000000000000000
FA=0040 [0000000001000000] KR=0180 [0000000110000000] EXT=00 COND=1 IDLE=1 IO=0000000000000000
FB=0840 [0000100001000000] SR=0100 R5=0 ROM=0000.0 PREG=0 RAMOP=- RAMREG=090 ROMOP=- ROMREG=09

0628 0A0B ?BUSY
A=0000000000000000 B=0000000000030000 C=0000000000000000 D=0000000000001000 E=0000000000000000
FA=0040 [0000000001000000] KR=0180 [0000000110000000] EXT=00 COND=1 IDLE=1 IO=0000000000000000
FB=0840 [0000100001000000] SR=0100 R5=0 ROM=0000.0 PREG=0 RAMOP=- RAMREG=090 ROMOP=- ROMREG=09

0629 1005 BRNC 0627 -002
A=0000000000000000 B=0000000000030000 C=0000000000000000 D=0000000000001000 E=0000000000000000
FA=0040 [0000000001000000] KR=0180 [0000000110000000] EXT=00 COND=1 IDLE=1 IO=0000000000000000
FB=0840 [0000100001000000] SR=0100 R5=0 ROM=0000.0 PREG=0 RAMOP=- RAMREG=090 ROMOP=- ROMREG=09

062A 0A10 WAIT D1
A=0000000000000000 B=0000000000030000 C=0000000000000000 D=0000000000001000 E=0000000000000000
FA=0040 [0000000001000000] KR=0180 [0000000110000000] EXT=00 COND=1 IDLE=1 IO=0000000000000000
FB=0840 [0000100001000000] SR=0100 R5=0 ROM=0000.0 PREG=0 RAMOP=- RAMREG=090 ROMOP=- ROMREG=09

062B 0A09 SET IDLE
A=0000000000000000 B=0000000000030000 C=0000000000000000 D=0000000000001000 E=0000000000000000
FA=0040 [0000000001000000] KR=0180 [0000000110000000] EXT=00 COND=1 IDLE=1 IO=0000000000000000
FB=0840 [0000100001000000] SR=0100 R5=0 ROM=0000.0 PREG=0 RAMOP=- RAMREG=090 ROMOP=- ROMREG=09

062C 0AE0 WAIT D14
A=0000000000000000 B=0000000000030000 C=0000000000000000 D=0000000000001000 E=0000000000000000
FA=0040 [0000000001000000] KR=0180 [0000000110000000] EXT=00 COND=1 IDLE=1 IO=0000000000000000
FB=0840 [0000100001000000] SR=0100 R5=0 ROM=0000.0 PREG=0 RAMOP=- RAMREG=090 ROMOP=- ROMREG=09

062D 0820 ?KEY 20
A=0000000000000000 B=0000000000030000 C=0000000000000000 D=0000000000001000 E=0000000000000000
FA=0040 [0000000001000000] KR=0180 [0000000110000000] EXT=00 COND=1 IDLE=1 IO=0000000000000000
FB=0840 [0000100001000000] SR=0100 R5=0 ROM=0000.0 PREG=0 RAMOP=- RAMREG=090 ROMOP=- ROMREG=09

062E 180C BRC 0634 +006
A=0000000000000000 B=0000000000030000 C=0000000000000000 D=0000000000001000 E=0000000000000000
FA=0040 [0000000001000000] KR=0180 [0000000110000000] EXT=00 COND=0 IDLE=1 IO=0000000000000000
FB=0840 [0000100001000000] SR=0100 R5=0 ROM=0000.0 PREG=0 RAMOP=- RAMREG=090 ROMOP=- ROMREG=09

062F 0A45 ?TFKR 4
A=0000000000000000 B=0000000000030000 C=0000000000000000 D=0000000000001000 E=0000000000000000
FA=0040 [0000000001000000] KR=0180 [0000000110000000] EXT=00 COND=1 IDLE=1 IO=0000000000000000
FB=0840 [0000100001000000] SR=0100 R5=0 ROM=0000.0 PREG=0 RAMOP=- RAMREG=090 ROMOP=- ROMREG=09

0630 0A55 ?TFKR 5
A=0000000000000000 B=0000000000030000 C=0000000000000000 D=0000000000001000 E=0000000000000000
FA=0040 [0000000001000000] KR=0180 [0000000110000000] EXT=00 COND=1 IDLE=1 IO=0000000000000000
FB=0840 [0000100001000000] SR=0100 R5=0 ROM=0000.0 PREG=0 RAMOP=- RAMREG=090 ROMOP=- ROMREG=09

0631 0A65 ?TFKR 6
A=0000000000000000 B=0000000000030000 C=0000000000000000 D=0000000000001000 E=0000000000000000
FA=0040 [0000000001000000] KR=0180 [0000000110000000] EXT=00 COND=1 IDLE=1 IO=0000000000000000
FB=0840 [0000100001000000] SR=0100 R5=0 ROM=0000.0 PREG=0 RAMOP=- RAMREG=090 ROMOP=- ROMREG=09

0632 0A75 ?TFKR 7
A=0000000000000000 B=0000000000030000 C=0000000000000000 D=0000000000001000 E=0000000000000000
FA=0040 [0000000001000000] KR=0180 [0000000110000000] EXT=00 COND=1 IDLE=1 IO=0000000000000000
FB=0840 [0000100001000000] SR=0100 R5=0 ROM=0000.0 PREG=0 RAMOP=- RAMREG=090 ROMOP=- ROMREG=09

0633 1019 BRNC 0627 -00C
A=0000000000000000 B=0000000000030000 C=0000000000000000 D=0000000000001000 E=0000000000000000
FA=0040 [0000000001000000] KR=0180 [0000000110000000] EXT=00 COND=0 IDLE=1 IO=0000000000000000
FB=0840 [0000100001000000] SR=0100 R5=0 ROM=0000.0 PREG=0 RAMOP=- RAMREG=090 ROMOP=- ROMREG=09

0627 0A98 PRTSTEP
A=0000000000000000 B=0000000000030000 C=0000000000000000 D=0000000000001000 E=0000000000000000
FA=0040 [0000000001000000] KR=0180 [0000000110000000] EXT=00 COND=1 IDLE=1 IO=0000000000000000
FB=0840 [0000100001000000] SR=0100 R5=0 ROM=0000.0 PREG=0 RAMOP=- RAMREG=090 ROMOP=- ROMREG=09

0628 0A0B ?BUSY
A=0000000000000000 B=0000000000030000 C=0000000000000000 D=0000000000001000 E=0000000000000000
FA=0040 [0000000001000000] KR=0180 [0000000110000000] EXT=00 COND=1 IDLE=1 IO=0000000000000000
FB=0840 [0000100001000000] SR=0100 R5=0 ROM=0000.0 PREG=0 RAMOP=- RAMREG=090 ROMOP=- ROMREG=09

0629 1005 BRNC 0627 -002
A=0000000000000000 B=0000000000030000 C=0000000000000000 D=0000000000001000 E=0000000000000000
FA=0040 [0000000001000000] KR=0180 [0000000110000000] EXT=00 COND=1 IDLE=1 IO=0000000000000000
FB=0840 [0000100001000000] SR=0100 R5=0 ROM=0000.0 PREG=0 RAMOP=- RAMREG=090 ROMOP=- ROMREG=09

062A 0A10 WAIT D1
A=0000000000000000 B=0000000000030000 C=0000000000000000 D=0000000000001000 E=0000000000000000
FA=0040 [0000000001000000] KR=0180 [0000000110000000] EXT=00 COND=1 IDLE=1 IO=0000000000000000
FB=0840 [0000100001000000] SR=0100 R5=0 ROM=0000.0 PREG=0 RAMOP=- RAMREG=090 ROMOP=- ROMREG=09

062B 0A09 SET IDLE
A=0000000000000000 B=0000000000030000 C=0000000000000000 D=0000000000001000 E=0000000000000000
FA=0040 [0000000001000000] KR=0180 [0000000110000000] EXT=00 COND=1 IDLE=1 IO=0000000000000000
FB=0840 [0000100001000000] SR=0100 R5=0 ROM=0000.0 PREG=0 RAMOP=- RAMREG=090 ROMOP=- ROMREG=09

062C 0AE0 WAIT D14
A=0000000000000000 B=0000000000030000 C=0000000000000000 D=0000000000001000 E=0000000000000000
FA=0040 [0000000001000000] KR=0180 [0000000110000000] EXT=00 COND=1 IDLE=1 IO=0000000000000000
FB=0840 [0000100001000000] SR=0100 R5=0 ROM=0000.0 PREG=0 RAMOP=- RAMREG=090 ROMOP=- ROMREG=09

062D 0820 ?KEY 20
A=0000000000000000 B=0000000000030000 C=0000000000000000 D=0000000000001000 E=0000000000000000
FA=0040 [0000000001000000] KR=0180 [0000000110000000] EXT=00 COND=1 IDLE=1 IO=0000000000000000
FB=0840 [0000100001000000] SR=0100 R5=0 ROM=0000.0 PREG=0 RAMOP=- RAMREG=090 ROMOP=- ROMREG=09

062E 180C BRC 0634 +006
A=0000000000000000 B=0000000000030000 C=0000000000000000 D=0000000000001000 E=0000000000000000
FA=0040 [0000000001000000] KR=0180 [0000000110000000] EXT=00 COND=0 IDLE=1 IO=0000000000000000
FB=0840 [0000100001000000] SR=0100 R5=0 ROM=0000.0 PREG=0 RAMOP=- RAMREG=090 ROMOP=- ROMREG=09

062F 0A45 ?TFKR 4
A=0000000000000000 B=0000000000030000 C=0000000000000000 D=0000000000001000 E=0000000000000000
FA=0040 [0000000001000000] KR=0180 [0000000110000000] EXT=00 COND=1 IDLE=1 IO=0000000000000000
FB=0840 [0000100001000000] SR=0100 R5=0 ROM=0000.0 PREG=0 RAMOP=- RAMREG=090 ROMOP=- ROMREG=09

0630 0A55 ?TFKR 5
A=0000000000000000 B=0000000000030000 C=0000000000000000 D=0000000000001000 E=0000000000000000
FA=0040 [0000000001000000] KR=0180 [0000000110000000] EXT=00 COND=1 IDLE=1 IO=0000000000000000
FB=0840 [0000100001000000] SR=0100 R5=0 ROM=0000.0 PREG=0 RAMOP=- RAMREG=090 ROMOP=- ROMREG=09

0631 0A65 ?TFKR 6
A=0000000000000000 B=0000000000030000 C=0000000000000000 D=0000000000001000 E=0000000000000000
FA=0040 [0000000001000000] KR=0180 [0000000110000000] EXT=00 COND=1 IDLE=1 IO=0000000000000000
FB=0840 [0000100001000000] SR=0100 R5=0 ROM=0000.0 PREG=0 RAMOP=- RAMREG=090 ROMOP=- ROMREG=09

0632 0A75 ?TFKR 7
A=0000000000000000 B=0000000000030000 C=0000000000000000 D=0000000000001000 E=0000000000000000
FA=0040 [0000000001000000] KR=0180 [0000000110000000] EXT=00 COND=1 IDLE=1 IO=0000000000000000
FB=0840 [0000100001000000] SR=0100 R5=0 ROM=0000.0 PREG=0 RAMOP=- RAMREG=090 ROMOP=- ROMREG=09

0633 1019 BRNC 0627 -00C
A=0000000000000000 B=0000000000030000 C=0000000000000000 D=0000000000001000 E=0000000000000000
FA=0040 [0000000001000000] KR=0180 [0000000110000000] EXT=00 COND=0 IDLE=1 IO=0000000000000000
FB=0840 [0000100001000000] SR=0100 R5=0 ROM=0000.0 PREG=0 RAMOP=- RAMREG=090 ROMOP=- ROMREG=09

0627 0A98 PRTSTEP
A=0000000000000000 B=0000000000030000 C=0000000000000000 D=0000000000001000 E=0000000000000000
FA=0040 [0000000001000000] KR=0180 [0000000110000000] EXT=00 COND=1 IDLE=1 IO=0000000000000000
FB=0840 [0000100001000000] SR=0100 R5=0 ROM=0000.0 PREG=0 RAMOP=- RAMREG=090 ROMOP=- ROMREG=09

0628 0A0B ?BUSY
A=0000000000000000 B=0000000000030000 C=0000000000000000 D=0000000000001000 E=0000000000000000
FA=0040 [0000000001000000] KR=0180 [0000000110000000] EXT=00 COND=1 IDLE=1 IO=0000000000000000
FB=0840 [0000100001000000] SR=0100 R5=0 ROM=0000.0 PREG=0 RAMOP=- RAMREG=090 ROMOP=- ROMREG=09

0629 1005 BRNC 0627 -002
A=0000000000000000 B=0000000000030000 C=0000000000000000 D=0000000000001000 E=0000000000000000
FA=0040 [0000000001000000] KR=0180 [0000000110000000] EXT=00 COND=1 IDLE=1 IO=0000000000000000
FB=0840 [0000100001000000] SR=0100 R5=0 ROM=0000.0 PREG=0 RAMOP=- RAMREG=090 ROMOP=- ROMREG=09

062A 0A10 WAIT D1
A=0000000000000000 B=0000000000030000 C=0000000000000000 D=0000000000001000 E=0000000000000000
FA=0040 [0000000001000000] KR=0180 [0000000110000000] EXT=00 COND=1 IDLE=1 IO=0000000000000000
FB=0840 [0000100001000000] SR=0100 R5=0 ROM=0000.0 PREG=0 RAMOP=- RAMREG=090 ROMOP=- ROMREG=09

062B 0A09 SET IDLE
A=0000000000000000 B=0000000000030000 C=0000000000000000 D=0000000000001000 E=0000000000000000
FA=0040 [0000000001000000] KR=0180 [0000000110000000] EXT=00 COND=1 IDLE=1 IO=0000000000000000
FB=0840 [0000100001000000] SR=0100 R5=0 ROM=0000.0 PREG=0 RAMOP=- RAMREG=090 ROMOP=- ROMREG=09

062C 0AE0 WAIT D14
A=0000000000000000 B=0000000000030000 C=0000000000000000 D=0000000000001000 E=0000000000000000
FA=0040 [0000000001000000] KR=0180 [0000000110000000] EXT=00 COND=1 IDLE=1 IO=0000000000000000
FB=0840 [0000100001000000] SR=0100 R5=0 ROM=0000.0 PREG=0 RAMOP=- RAMREG=090 ROMOP=- ROMREG=09

062D 0820 ?KEY 20
A=0000000000000000 B=0000000000030000 C=0000000000000000 D=0000000000001000 E=0000000000000000
FA=0040 [0000000001000000] KR=0180 [0000000110000000] EXT=00 COND=1 IDLE=1 IO=0000000000000000
FB=0840 [0000100001000000] SR=0100 R5=0 ROM=0000.0 PREG=0 RAMOP=- RAMREG=090 ROMOP=- ROMREG=09

062E 180C BRC 0634 +006
A=0000000000000000 B=0000000000030000 C=0000000000000000 D=0000000000001000 E=0000000000000000
FA=0040 [0000000001000000] KR=0180 [0000000110000000] EXT=00 COND=0 IDLE=1 IO=0000000000000000
FB=0840 [0000100001000000] SR=0100 R5=0 ROM=0000.0 PREG=0 RAMOP=- RAMREG=090 ROMOP=- ROMREG=09

062F 0A45 ?TFKR 4
A=0000000000000000 B=0000000000030000 C=0000000000000000 D=0000000000001000 E=0000000000000000
FA=0040 [0000000001000000] KR=0180 [0000000110000000] EXT=00 COND=1 IDLE=1 IO=0000000000000000
FB=0840 [0000100001000000] SR=0100 R5=0 ROM=0000.0 PREG=0 RAMOP=- RAMREG=090 ROMOP=- ROMREG=09

0630 0A55 ?TFKR 5
A=0000000000000000 B=0000000000030000 C=0000000000000000 D=0000000000001000 E=0000000000000000
FA=0040 [0000000001000000] KR=0180 [0000000110000000] EXT=00 COND=1 IDLE=1 IO=0000000000000000
FB=0840 [0000100001000000] SR=0100 R5=0 ROM=0000.0 PREG=0 RAMOP=- RAMREG=090 ROMOP=- ROMREG=09

0631 0A65 ?TFKR 6
A=0000000000000000 B=0000000000030000 C=0000000000000000 D=0000000000001000 E=0000000000000000
FA=0040 [0000000001000000] KR=0180 [0000000110000000] EXT=00 COND=1 IDLE=1 IO=0000000000000000
FB=0840 [0000100001000000] SR=0100 R5=0 ROM=0000.0 PREG=0 RAMOP=- RAMREG=090 ROMOP=- ROMREG=09

0632 0A75 ?TFKR 7
A=0000000000000000 B=0000000000030000 C=0000000000000000 D=0000000000001000 E=0000000000000000
FA=0040 [0000000001000000] KR=0180 [0000000110000000] EXT=00 COND=1 IDLE=1 IO=0000000000000000
FB=0840 [0000100001000000] SR=0100 R5=0 ROM=0000.0 PREG=0 RAMOP=- RAMREG=090 ROMOP=- ROMREG=09

0633 1019 BRNC 0627 -00C
A=0000000000000000 B=0000000000030000 C=0000000000000000 D=0000000000001000 E=0000000000000000
FA=0040 [0000000001000000] KR=0180 [0000000110000000] EXT=00 COND=0 IDLE=1 IO=0000000000000000
FB=0840 [0000100001000000] SR=0100 R5=0 ROM=0000.0 PREG=0 RAMOP=- RAMREG=090 ROMOP=- ROMREG=09

0627 0A98 PRTSTEP
A=0000000000000000 B=0000000000030000 C=0000000000000000 D=0000000000001000 E=0000000000000000
FA=0040 [0000000001000000] KR=0180 [0000000110000000] EXT=00 COND=1 IDLE=1 IO=0000000000000000
FB=0840 [0000100001000000] SR=0100 R5=0 ROM=0000.0 PREG=0 RAMOP=- RAMREG=090 ROMOP=- ROMREG=09

0628 0A0B ?BUSY
A=0000000000000000 B=0000000000030000 C=0000000000000000 D=0000000000001000 E=0000000000000000
FA=0040 [0000000001000000] KR=0180 [0000000110000000] EXT=00 COND=1 IDLE=1 IO=0000000000000000
FB=0840 [0000100001000000] SR=0100 R5=0 ROM=0000.0 PREG=0 RAMOP=- RAMREG=090 ROMOP=- ROMREG=09

0629 1005 BRNC 0627 -002
A=0000000000000000 B=0000000000030000 C=0000000000000000 D=0000000000001000 E=0000000000000000
FA=0040 [0000000001000000] KR=0180 [0000000110000000] EXT=00 COND=1 IDLE=1 IO=0000000000000000
FB=0840 [0000100001000000] SR=0100 R5=0 ROM=0000.0 PREG=0 RAMOP=- RAMREG=090 ROMOP=- ROMREG=09

062A 0A10 WAIT D1
A=0000000000000000 B=0000000000030000 C=0000000000000000 D=0000000000001000 E=0000000000000000
FA=0040 [0000000001000000] KR=0180 [0000000110000000] EXT=00 COND=1 IDLE=1 IO=0000000000000000
FB=0840 [0000100001000000] SR=0100 R5=0 ROM=0000.0 PREG=0 RAMOP=- RAMREG=090 ROMOP=- ROMREG=09

062B 0A09 SET IDLE
A=0000000000000000 B=0000000000030000 C=0000000000000000 D=0000000000001000 E=0000000000000000
FA=0040 [0000000001000000] KR=0180 [0000000110000000] EXT=00 COND=1 IDLE=1 IO=0000000000000000
FB=0840 [0000100001000000] SR=0100 R5=0 ROM=0000.0 PREG=0 RAMOP=- RAMREG=090 ROMOP=- ROMREG=09

062C 0AE0 WAIT D14
A=0000000000000000 B=0000000000030000 C=0000000000000000 D=0000000000001000 E=0000000000000000
FA=0040 [0000000001000000] KR=0180 [0000000110000000] EXT=00 COND=1 IDLE=1 IO=0000000000000000
FB=0840 [0000100001000000] SR=0100 R5=0 ROM=0000.0 PREG=0 RAMOP=- RAMREG=090 ROMOP=- ROMREG=09

062D 0820 ?KEY 20
A=0000000000000000 B=0000000000030000 C=0000000000000000 D=0000000000001000 E=0000000000000000
FA=0040 [0000000001000000] KR=0180 [0000000110000000] EXT=00 COND=1 IDLE=1 IO=0000000000000000
FB=0840 [0000100001000000] SR=0100 R5=0 ROM=0000.0 PREG=0 RAMOP=- RAMREG=090 ROMOP=- ROMREG=09

062E 180C BRC 0634 +006
A=0000000000000000 B=0000000000030000 C=0000000000000000 D=0000000000001000 E=0000000000000000
FA=0040 [0000000001000000] KR=0180 [0000000110000000] EXT=00 COND=0 IDLE=1 IO=0000000000000000
FB=0840 [0000100001000000] SR=0100 R5=0 ROM=0000.0 PREG=0 RAMOP=- RAMREG=090 ROMOP=- ROMREG=09

062F 0A45 ?TFKR 4
A=0000000000000000 B=0000000000030000 C=0000000000000000 D=0000000000001000 E=0000000000000000
FA=0040 [0000000001000000] KR=0180 [0000000110000000] EXT=00 COND=1 IDLE=1 IO=0000000000000000
FB=0840 [0000100001000000] SR=0100 R5=0 ROM=0000.0 PREG=0 RAMOP=- RAMREG=090 ROMOP=- ROMREG=09

0630 0A55 ?TFKR 5
A=0000000000000000 B=0000000000030000 C=0000000000000000 D=0000000000001000 E=0000000000000000
FA=0040 [0000000001000000] KR=0180 [0000000110000000] EXT=00 COND=1 IDLE=1 IO=0000000000000000
FB=0840 [0000100001000000] SR=0100 R5=0 ROM=0000.0 PREG=0 RAMOP=- RAMREG=090 ROMOP=- ROMREG=09

0631 0A65 ?TFKR 6
A=0000000000000000 B=0000000000030000 C=0000000000000000 D=0000000000001000 E=0000000000000000
FA=0040 [0000000001000000] KR=0180 [0000000110000000] EXT=00 COND=1 IDLE=1 IO=0000000000000000
FB=0840 [0000100001000000] SR=0100 R5=0 ROM=0000.0 PREG=0 RAMOP=- RAMREG=090 ROMOP=- ROMREG=09

0632 0A75 ?TFKR 7
A=0000000000000000 B=0000000000030000 C=0000000000000000 D=0000000000001000 E=0000000000000000
FA=0040 [0000000001000000] KR=0180 [0000000110000000] EXT=00 COND=1 IDLE=1 IO=0000000000000000
FB=0840 [0000100001000000] SR=0100 R5=0 ROM=0000.0 PREG=0 RAMOP=- RAMREG=090 ROMOP=- ROMREG=09

0633 1019 BRNC 0627 -00C
A=0000000000000000 B=0000000000030000 C=0000000000000000 D=0000000000001000 E=0000000000000000
FA=0040 [0000000001000000] KR=0180 [0000000110000000] EXT=00 COND=0 IDLE=1 IO=0000000000000000
FB=0840 [0000100001000000] SR=0100 R5=0 ROM=0000.0 PREG=0 RAMOP=- RAMREG=090 ROMOP=- ROMREG=09

0627 0A98 PRTSTEP
A=0000000000000000 B=0000000000030000 C=0000000000000000 D=0000000000001000 E=0000000000000000
FA=0040 [0000000001000000] KR=0180 [0000000110000000] EXT=00 COND=1 IDLE=1 IO=0000000000000000
FB=0840 [0000100001000000] SR=0100 R5=0 ROM=0000.0 PREG=0 RAMOP=- RAMREG=090 ROMOP=- ROMREG=09

0628 0A0B ?BUSY
A=0000000000000000 B=0000000000030000 C=0000000000000000 D=0000000000001000 E=0000000000000000
FA=0040 [0000000001000000] KR=0180 [0000000110000000] EXT=00 COND=1 IDLE=1 IO=0000000000000000
FB=0840 [0000100001000000] SR=0100 R5=0 ROM=0000.0 PREG=0 RAMOP=- RAMREG=090 ROMOP=- ROMREG=09

0629 1005 BRNC 0627 -002
A=0000000000000000 B=0000000000030000 C=0000000000000000 D=0000000000001000 E=0000000000000000
FA=0040 [0000000001000000] KR=0180 [0000000110000000] EXT=00 COND=1 IDLE=1 IO=0000000000000000
FB=0840 [0000100001000000] SR=0100 R5=0 ROM=0000.0 PREG=0 RAMOP=- RAMREG=090 ROMOP=- ROMREG=09

062A 0A10 WAIT D1
A=0000000000000000 B=0000000000030000 C=0000000000000000 D=0000000000001000 E=0000000000000000
FA=0040 [0000000001000000] KR=0180 [0000000110000000] EXT=00 COND=1 IDLE=1 IO=0000000000000000
FB=0840 [0000100001000000] SR=0100 R5=0 ROM=0000.0 PREG=0 RAMOP=- RAMREG=090 ROMOP=- ROMREG=09

062B 0A09 SET IDLE
A=0000000000000000 B=0000000000030000 C=0000000000000000 D=0000000000001000 E=0000000000000000
FA=0040 [0000000001000000] KR=0180 [0000000110000000] EXT=00 COND=1 IDLE=1 IO=0000000000000000
FB=0840 [0000100001000000] SR=0100 R5=0 ROM=0000.0 PREG=0 RAMOP=- RAMREG=090 ROMOP=- ROMREG=09

062C 0AE0 WAIT D14
A=0000000000000000 B=0000000000030000 C=0000000000000000 D=0000000000001000 E=0000000000000000
FA=0040 [0000000001000000] KR=0180 [0000000110000000] EXT=00 COND=1 IDLE=1 IO=0000000000000000
FB=0840 [0000100001000000] SR=0100 R5=0 ROM=0000.0 PREG=0 RAMOP=- RAMREG=090 ROMOP=- ROMREG=09

062D 0820 ?KEY 20
A=0000000000000000 B=0000000000030000 C=0000000000000000 D=0000000000001000 E=0000000000000000
FA=0040 [0000000001000000] KR=0180 [0000000110000000] EXT=00 COND=1 IDLE=1 IO=0000000000000000
FB=0840 [0000100001000000] SR=0100 R5=0 ROM=0000.0 PREG=0 RAMOP=- RAMREG=090 ROMOP=- ROMREG=09

062E 180C BRC 0634 +006
A=0000000000000000 B=0000000000030000 C=0000000000000000 D=0000000000001000 E=0000000000000000
FA=0040 [0000000001000000] KR=0180 [0000000110000000] EXT=00 COND=0 IDLE=1 IO=0000000000000000
FB=0840 [0000100001000000] SR=0100 R5=0 ROM=0000.0 PREG=0 RAMOP=- RAMREG=090 ROMOP=- ROMREG=09

062F 0A45 ?TFKR 4
A=0000000000000000 B=0000000000030000 C=0000000000000000 D=0000000000001000 E=0000000000000000
FA=0040 [0000000001000000] KR=0180 [0000000110000000] EXT=00 COND=1 IDLE=1 IO=0000000000000000
FB=0840 [0000100001000000] SR=0100 R5=0 ROM=0000.0 PREG=0 RAMOP=- RAMREG=090 ROMOP=- ROMREG=09

0630 0A55 ?TFKR 5
A=0000000000000000 B=0000000000030000 C=0000000000000000 D=0000000000001000 E=0000000000000000
FA=0040 [0000000001000000] KR=0180 [0000000110000000] EXT=00 COND=1 IDLE=1 IO=0000000000000000
FB=0840 [0000100001000000] SR=0100 R5=0 ROM=0000.0 PREG=0 RAMOP=- RAMREG=090 ROMOP=- ROMREG=09

0631 0A65 ?TFKR 6
A=0000000000000000 B=0000000000030000 C=0000000000000000 D=0000000000001000 E=0000000000000000
FA=0040 [0000000001000000] KR=0180 [0000000110000000] EXT=00 COND=1 IDLE=1 IO=0000000000000000
FB=0840 [0000100001000000] SR=0100 R5=0 ROM=0000.0 PREG=0 RAMOP=- RAMREG=090 ROMOP=- ROMREG=09

0632 0A75 ?TFKR 7
A=0000000000000000 B=0000000000030000 C=0000000000000000 D=0000000000001000 E=0000000000000000
FA=0040 [0000000001000000] KR=0180 [0000000110000000] EXT=00 COND=1 IDLE=1 IO=0000000000000000
FB=0840 [0000100001000000] SR=0100 R5=0 ROM=0000.0 PREG=0 RAMOP=- RAMREG=090 ROMOP=- ROMREG=09

0633 1019 BRNC 0627 -00C
A=0000000000000000 B=0000000000030000 C=0000000000000000 D=0000000000001000 E=0000000000000000
FA=0040 [0000000001000000] KR=0180 [0000000110000000] EXT=00 COND=0 IDLE=1 IO=0000000000000000
FB=0840 [0000100001000000] SR=0100 R5=0 ROM=0000.0 PREG=0 RAMOP=- RAMREG=090 ROMOP=- ROMREG=09

0627 0A98 PRTSTEP
A=0000000000000000 B=0000000000030000 C=0000000000000000 D=0000000000001000 E=0000000000000000
FA=0040 [0000000001000000] KR=0180 [0000000110000000] EXT=00 COND=1 IDLE=1 IO=0000000000000000
FB=0840 [0000100001000000] SR=0100 R5=0 ROM=0000.0 PREG=0 RAMOP=- RAMREG=090 ROMOP=- ROMREG=09

0628 0A0B ?BUSY
A=0000000000000000 B=0000000000030000 C=0000000000000000 D=0000000000001000 E=0000000000000000
FA=0040 [0000000001000000] KR=0180 [0000000110000000] EXT=00 COND=1 IDLE=1 IO=0000000000000000
FB=0840 [0000100001000000] SR=0100 R5=0 ROM=0000.0 PREG=0 RAMOP=- RAMREG=090 ROMOP=- ROMREG=09

0629 1005 BRNC 0627 -002
A=0000000000000000 B=0000000000030000 C=0000000000000000 D=0000000000001000 E=0000000000000000
FA=0040 [0000000001000000] KR=0180 [0000000110000000] EXT=00 COND=1 IDLE=1 IO=0000000000000000
FB=0840 [0000100001000000] SR=0100 R5=0 ROM=0000.0 PREG=0 RAMOP=- RAMREG=090 ROMOP=- ROMREG=09

062A 0A10 WAIT D1
A=0000000000000000 B=0000000000030000 C=0000000000000000 D=0000000000001000 E=0000000000000000
FA=0040 [0000000001000000] KR=0180 [0000000110000000] EXT=00 COND=1 IDLE=1 IO=0000000000000000
FB=0840 [0000100001000000] SR=0100 R5=0 ROM=0000.0 PREG=0 RAMOP=- RAMREG=090 ROMOP=- ROMREG=09

062B 0A09 SET IDLE
A=0000000000000000 B=0000000000030000 C=0000000000000000 D=0000000000001000 E=0000000000000000
FA=0040 [0000000001000000] KR=0180 [0000000110000000] EXT=00 COND=1 IDLE=1 IO=0000000000000000
FB=0840 [0000100001000000] SR=0100 R5=0 ROM=0000.0 PREG=0 RAMOP=- RAMREG=090 ROMOP=- ROMREG=09

062C 0AE0 WAIT D14
A=0000000000000000 B=0000000000030000 C=0000000000000000 D=0000000000001000 E=0000000000000000
FA=0040 [0000000001000000] KR=0180 [0000000110000000] EXT=00 COND=1 IDLE=1 IO=0000000000000000
FB=0840 [0000100001000000] SR=0100 R5=0 ROM=0000.0 PREG=0 RAMOP=- RAMREG=090 ROMOP=- ROMREG=09

062D 0820 ?KEY 20
A=0000000000000000 B=0000000000030000 C=0000000000000000 D=0000000000001000 E=0000000000000000
FA=0040 [0000000001000000] KR=0180 [0000000110000000] EXT=00 COND=1 IDLE=1 IO=0000000000000000
FB=0840 [0000100001000000] SR=0100 R5=0 ROM=0000.0 PREG=0 RAMOP=- RAMREG=090 ROMOP=- ROMREG=09

062E 180C BRC 0634 +006
A=0000000000000000 B=0000000000030000 C=0000000000000000 D=0000000000001000 E=0000000000000000
FA=0040 [0000000001000000] KR=0180 [0000000110000000] EXT=00 COND=0 IDLE=1 IO=0000000000000000
FB=0840 [0000100001000000] SR=0100 R5=0 ROM=0000.0 PREG=0 RAMOP=- RAMREG=090 ROMOP=- ROMREG=09

062F 0A45 ?TFKR 4
A=0000000000000000 B=0000000000030000 C=0000000000000000 D=0000000000001000 E=0000000000000000
FA=0040 [0000000001000000] KR=0180 [0000000110000000] EXT=00 COND=1 IDLE=1 IO=0000000000000000
FB=0840 [0000100001000000] SR=0100 R5=0 ROM=0000.0 PREG=0 RAMOP=- RAMREG=090 ROMOP=- ROMREG=09

0630 0A55 ?TFKR 5
A=0000000000000000 B=0000000000030000 C=0000000000000000 D=0000000000001000 E=0000000000000000
FA=0040 [0000000001000000] KR=0180 [0000000110000000] EXT=00 COND=1 IDLE=1 IO=0000000000000000
FB=0840 [0000100001000000] SR=0100 R5=0 ROM=0000.0 PREG=0 RAMOP=- RAMREG=090 ROMOP=- ROMREG=09

0631 0A65 ?TFKR 6
A=0000000000000000 B=0000000000030000 C=0000000000000000 D=0000000000001000 E=0000000000000000
FA=0040 [0000000001000000] KR=0180 [0000000110000000] EXT=00 COND=1 IDLE=1 IO=0000000000000000
FB=0840 [0000100001000000] SR=0100 R5=0 ROM=0000.0 PREG=0 RAMOP=- RAMREG=090 ROMOP=- ROMREG=09

0632 0A75 ?TFKR 7
A=0000000000000000 B=0000000000030000 C=0000000000000000 D=0000000000001000 E=0000000000000000
FA=0040 [0000000001000000] KR=0180 [0000000110000000] EXT=00 COND=1 IDLE=1 IO=0000000000000000
FB=0840 [0000100001000000] SR=0100 R5=0 ROM=0000.0 PREG=0 RAMOP=- RAMREG=090 ROMOP=- ROMREG=09

0633 1019 BRNC 0627 -00C
A=0000000000000000 B=0000000000030000 C=0000000000000000 D=0000000000001000 E=0000000000000000
FA=0040 [0000000001000000] KR=0180 [0000000110000000] EXT=00 COND=0 IDLE=1 IO=0000000000000000
FB=0840 [0000100001000000] SR=0100 R5=0 ROM=0000.0 PREG=0 RAMOP=- RAMREG=090 ROMOP=- ROMREG=09

0627 0A98 PRTSTEP
A=0000000000000000 B=0000000000030000 C=0000000000000000 D=0000000000001000 E=0000000000000000
FA=0040 [0000000001000000] KR=0180 [0000000110000000] EXT=00 COND=1 IDLE=1 IO=0000000000000000
FB=0840 [0000100001000000] SR=0100 R5=0 ROM=0000.0 PREG=0 RAMOP=- RAMREG=090 ROMOP=- ROMREG=09

0628 0A0B ?BUSY
A=0000000000000000 B=0000000000030000 C=0000000000000000 D=0000000000001000 E=0000000000000000
FA=0040 [0000000001000000] KR=0180 [0000000110000000] EXT=00 COND=1 IDLE=1 IO=0000000000000000
FB=0840 [0000100001000000] SR=0100 R5=0 ROM=0000.0 PREG=0 RAMOP=- RAMREG=090 ROMOP=- ROMREG=09

0629 1005 BRNC 0627 -002
A=0000000000000000 B=0000000000030000 C=0000000000000000 D=0000000000001000 E=0000000000000000
FA=0040 [0000000001000000] KR=0180 [0000000110000000] EXT=00 COND=1 IDLE=1 IO=0000000000000000
FB=0840 [0000100001000000] SR=0100 R5=0 ROM=0000.0 PREG=0 RAMOP=- RAMREG=090 ROMOP=- ROMREG=09

062A 0A10 WAIT D1
A=0000000000000000 B=0000000000030000 C=0000000000000000 D=0000000000001000 E=0000000000000000
FA=0040 [0000000001000000] KR=0180 [0000000110000000] EXT=00 COND=1 IDLE=1 IO=0000000000000000
FB=0840 [0000100001000000] SR=0100 R5=0 ROM=0000.0 PREG=0 RAMOP=- RAMREG=090 ROMOP=- ROMREG=09

062B 0A09 SET IDLE
A=0000000000000000 B=0000000000030000 C=0000000000000000 D=0000000000001000 E=0000000000000000
FA=0040 [0000000001000000] KR=0180 [0000000110000000] EXT=00 COND=1 IDLE=1 IO=0000000000000000
FB=0840 [0000100001000000] SR=0100 R5=0 ROM=0000.0 PREG=0 RAMOP=- RAMREG=090 ROMOP=- ROMREG=09

062C 0AE0 WAIT D14
A=0000000000000000 B=0000000000030000 C=0000000000000000 D=0000000000001000 E=0000000000000000
FA=0040 [0000000001000000] KR=0180 [0000000110000000] EXT=00 COND=1 IDLE=1 IO=0000000000000000
FB=0840 [0000100001000000] SR=0100 R5=0 ROM=0000.0 PREG=0 RAMOP=- RAMREG=090 ROMOP=- ROMREG=09

062D 0820 ?KEY 20
A=0000000000000000 B=0000000000030000 C=0000000000000000 D=0000000000001000 E=0000000000000000
FA=0040 [0000000001000000] KR=0180 [0000000110000000] EXT=00 COND=1 IDLE=1 IO=0000000000000000
FB=0840 [0000100001000000] SR=0100 R5=0 ROM=0000.0 PREG=0 RAMOP=- RAMREG=090 ROMOP=- ROMREG=09

062E 180C BRC 0634 +006
A=0000000000000000 B=0000000000030000 C=0000000000000000 D=0000000000001000 E=0000000000000000
FA=0040 [0000000001000000] KR=0180 [0000000110000000] EXT=00 COND=0 IDLE=1 IO=0000000000000000
FB=0840 [0000100001000000] SR=0100 R5=0 ROM=0000.0 PREG=0 RAMOP=- RAMREG=090 ROMOP=- ROMREG=09

062F 0A45 ?TFKR 4
A=0000000000000000 B=0000000000030000 C=0000000000000000 D=0000000000001000 E=0000000000000000
FA=0040 [0000000001000000] KR=0180 [0000000110000000] EXT=00 COND=1 IDLE=1 IO=0000000000000000
FB=0840 [0000100001000000] SR=0100 R5=0 ROM=0000.0 PREG=0 RAMOP=- RAMREG=090 ROMOP=- ROMREG=09

0630 0A55 ?TFKR 5
A=0000000000000000 B=0000000000030000 C=0000000000000000 D=0000000000001000 E=0000000000000000
FA=0040 [0000000001000000] KR=0180 [0000000110000000] EXT=00 COND=1 IDLE=1 IO=0000000000000000
FB=0840 [0000100001000000] SR=0100 R5=0 ROM=0000.0 PREG=0 RAMOP=- RAMREG=090 ROMOP=- ROMREG=09

0631 0A65 ?TFKR 6
A=0000000000000000 B=0000000000030000 C=0000000000000000 D=0000000000001000 E=0000000000000000
FA=0040 [0000000001000000] KR=0180 [0000000110000000] EXT=00 COND=1 IDLE=1 IO=0000000000000000
FB=0840 [0000100001000000] SR=0100 R5=0 ROM=0000.0 PREG=0 RAMOP=- RAMREG=090 ROMOP=- ROMREG=09

0632 0A75 ?TFKR 7
A=0000000000000000 B=0000000000030000 C=0000000000000000 D=0000000000001000 E=0000000000000000
FA=0040 [0000000001000000] KR=0180 [0000000110000000] EXT=00 COND=1 IDLE=1 IO=0000000000000000
FB=0840 [0000100001000000] SR=0100 R5=0 ROM=0000.0 PREG=0 RAMOP=- RAMREG=090 ROMOP=- ROMREG=09

0633 1019 BRNC 0627 -00C
A=0000000000000000 B=0000000000030000 C=0000000000000000 D=0000000000001000 E=0000000000000000
FA=0040 [0000000001000000] KR=0180 [0000000110000000] EXT=00 COND=0 IDLE=1 IO=0000000000000000
FB=0840 [0000100001000000] SR=0100 R5=0 ROM=0000.0 PREG=0 RAMOP=- RAMREG=090 ROMOP=- ROMREG=09

0627 0A98 PRTSTEP
A=0000000000000000 B=0000000000030000 C=0000000000000000 D=0000000000001000 E=0000000000000000
FA=0040 [0000000001000000] KR=0180 [0000000110000000] EXT=00 COND=1 IDLE=1 IO=0000000000000000
FB=0840 [0000100001000000] SR=0100 R5=0 ROM=0000.0 PREG=0 RAMOP=- RAMREG=090 ROMOP=- ROMREG=09

0628 0A0B ?BUSY
A=0000000000000000 B=0000000000030000 C=0000000000000000 D=0000000000001000 E=0000000000000000
FA=0040 [0000000001000000] KR=0180 [0000000110000000] EXT=00 COND=1 IDLE=1 IO=0000000000000000
FB=0840 [0000100001000000] SR=0100 R5=0 ROM=0000.0 PREG=0 RAMOP=- RAMREG=090 ROMOP=- ROMREG=09

0629 1005 BRNC 0627 -002
A=0000000000000000 B=0000000000030000 C=0000000000000000 D=0000000000001000 E=0000000000000000
FA=0040 [0000000001000000] KR=0180 [0000000110000000] EXT=00 COND=1 IDLE=1 IO=0000000000000000
FB=0840 [0000100001000000] SR=0100 R5=0 ROM=0000.0 PREG=0 RAMOP=- RAMREG=090 ROMOP=- ROMREG=09

062A 0A10 WAIT D1
A=0000000000000000 B=0000000000030000 C=0000000000000000 D=0000000000001000 E=0000000000000000
FA=0040 [0000000001000000] KR=0180 [0000000110000000] EXT=00 COND=1 IDLE=1 IO=0000000000000000
FB=0840 [0000100001000000] SR=0100 R5=0 ROM=0000.0 PREG=0 RAMOP=- RAMREG=090 ROMOP=- ROMREG=09

062B 0A09 SET IDLE
A=0000000000000000 B=0000000000030000 C=0000000000000000 D=0000000000001000 E=0000000000000000
FA=0040 [0000000001000000] KR=0180 [0000000110000000] EXT=00 COND=1 IDLE=1 IO=0000000000000000
FB=0840 [0000100001000000] SR=0100 R5=0 ROM=0000.0 PREG=0 RAMOP=- RAMREG=090 ROMOP=- ROMREG=09

062C 0AE0 WAIT D14
A=0000000000000000 B=0000000000030000 C=0000000000000000 D=0000000000001000 E=0000000000000000
FA=0040 [0000000001000000] KR=0180 [0000000110000000] EXT=00 COND=1 IDLE=1 IO=0000000000000000
FB=0840 [0000100001000000] SR=0100 R5=0 ROM=0000.0 PREG=0 RAMOP=- RAMREG=090 ROMOP=- ROMREG=09

062D 0820 ?KEY 20
A=0000000000000000 B=0000000000030000 C=0000000000000000 D=0000000000001000 E=0000000000000000
FA=0040 [0000000001000000] KR=0180 [0000000110000000] EXT=00 COND=1 IDLE=1 IO=0000000000000000
FB=0840 [0000100001000000] SR=0100 R5=0 ROM=0000.0 PREG=0 RAMOP=- RAMREG=090 ROMOP=- ROMREG=09

062E 180C BRC 0634 +006
A=0000000000000000 B=0000000000030000 C=0000000000000000 D=0000000000001000 E=0000000000000000
FA=0040 [0000000001000000] KR=0180 [0000000110000000] EXT=00 COND=0 IDLE=1 IO=0000000000000000
FB=0840 [0000100001000000] SR=0100 R5=0 ROM=0000.0 PREG=0 RAMOP=- RAMREG=090 ROMOP=- ROMREG=09

062F 0A45 ?TFKR 4
A=0000000000000000 B=0000000000030000 C=0000000000000000 D=0000000000001000 E=0000000000000000
FA=0040 [0000000001000000] KR=0180 [0000000110000000] EXT=00 COND=1 IDLE=1 IO=0000000000000000
FB=0840 [0000100001000000] SR=0100 R5=0 ROM=0000.0 PREG=0 RAMOP=- RAMREG=090 ROMOP=- ROMREG=09

0630 0A55 ?TFKR 5
A=0000000000000000 B=0000000000030000 C=0000000000000000 D=0000000000001000 E=0000000000000000
FA=0040 [0000000001000000] KR=0180 [0000000110000000] EXT=00 COND=1 IDLE=1 IO=0000000000000000
FB=0840 [0000100001000000] SR=0100 R5=0 ROM=0000.0 PREG=0 RAMOP=- RAMREG=090 ROMOP=- ROMREG=09

0631 0A65 ?TFKR 6
A=0000000000000000 B=0000000000030000 C=0000000000000000 D=0000000000001000 E=0000000000000000
FA=0040 [0000000001000000] KR=0180 [0000000110000000] EXT=00 COND=1 IDLE=1 IO=0000000000000000
FB=0840 [0000100001000000] SR=0100 R5=0 ROM=0000.0 PREG=0 RAMOP=- RAMREG=090 ROMOP=- ROMREG=09

0632 0A75 ?TFKR 7
A=0000000000000000 B=0000000000030000 C=0000000000000000 D=0000000000001000 E=0000000000000000
FA=0040 [0000000001000000] KR=0180 [0000000110000000] EXT=00 COND=1 IDLE=1 IO=0000000000000000
FB=0840 [0000100001000000] SR=0100 R5=0 ROM=0000.0 PREG=0 RAMOP=- RAMREG=090 ROMOP=- ROMREG=09

0633 1019 BRNC 0627 -00C
A=0000000000000000 B=0000000000030000 C=0000000000000000 D=0000000000001000 E=0000000000000000
FA=0040 [0000000001000000] KR=0180 [0000000110000000] EXT=00 COND=0 IDLE=1 IO=0000000000000000
FB=0840 [0000100001000000] SR=0100 R5=0 ROM=0000.0 PREG=0 RAMOP=- RAMREG=090 ROMOP=- ROMREG=09

0627 0A98 PRTSTEP
A=0000000000000000 B=0000000000030000 C=0000000000000000 D=0000000000001000 E=0000000000000000
FA=0040 [0000000001000000] KR=0180 [0000000110000000] EXT=00 COND=1 IDLE=1 IO=0000000000000000
FB=0840 [0000100001000000] SR=0100 R5=0 ROM=0000.0 PREG=0 RAMOP=- RAMREG=090 ROMOP=- ROMREG=09

0628 0A0B ?BUSY
A=0000000000000000 B=0000000000030000 C=0000000000000000 D=0000000000001000 E=0000000000000000
FA=0040 [0000000001000000] KR=0180 [0000000110000000] EXT=00 COND=1 IDLE=1 IO=0000000000000000
FB=0840 [0000100001000000] SR=0100 R5=0 ROM=0000.0 PREG=0 RAMOP=- RAMREG=090 ROMOP=- ROMREG=09

0629 1005 BRNC 0627 -002
A=0000000000000000 B=0000000000030000 C=0000000000000000 D=0000000000001000 E=0000000000000000
FA=0040 [0000000001000000] KR=0180 [0000000110000000] EXT=00 COND=1 IDLE=1 IO=0000000000000000
FB=0840 [0000100001000000] SR=0100 R5=0 ROM=0000.0 PREG=0 RAMOP=- RAMREG=090 ROMOP=- ROMREG=09

062A 0A10 WAIT D1
A=0000000000000000 B=0000000000030000 C=0000000000000000 D=0000000000001000 E=0000000000000000
FA=0040 [0000000001000000] KR=0180 [0000000110000000] EXT=00 COND=1 IDLE=1 IO=0000000000000000
FB=0840 [0000100001000000] SR=0100 R5=0 ROM=0000.0 PREG=0 RAMOP=- RAMREG=090 ROMOP=- ROMREG=09

062B 0A09 SET IDLE
A=0000000000000000 B=0000000000030000 C=0000000000000000 D=0000000000001000 E=0000000000000000
FA=0040 [0000000001000000] KR=0180 [0000000110000000] EXT=00 COND=1 IDLE=1 IO=0000000000000000
FB=0840 [0000100001000000] SR=0100 R5=0 ROM=0000.0 PREG=0 RAMOP=- RAMREG=090 ROMOP=- ROMREG=09

062C 0AE0 WAIT D14
A=0000000000000000 B=0000000000030000 C=0000000000000000 D=0000000000001000 E=0000000000000000
FA=0040 [0000000001000000] KR=0180 [0000000110000000] EXT=00 COND=1 IDLE=1 IO=0000000000000000
FB=0840 [0000100001000000] SR=0100 R5=0 ROM=0000.0 PREG=0 RAMOP=- RAMREG=090 ROMOP=- ROMREG=09

062D 0820 ?KEY 20
A=0000000000000000 B=0000000000030000 C=0000000000000000 D=0000000000001000 E=0000000000000000
FA=0040 [0000000001000000] KR=0180 [0000000110000000] EXT=00 COND=1 IDLE=1 IO=0000000000000000
FB=0840 [0000100001000000] SR=0100 R5=0 ROM=0000.0 PREG=0 RAMOP=- RAMREG=090 ROMOP=- ROMREG=09

062E 180C BRC 0634 +006
A=0000000000000000 B=0000000000030000 C=0000000000000000 D=0000000000001000 E=0000000000000000
FA=0040 [0000000001000000] KR=0180 [0000000110000000] EXT=00 COND=0 IDLE=1 IO=0000000000000000
FB=0840 [0000100001000000] SR=0100 R5=0 ROM=0000.0 PREG=0 RAMOP=- RAMREG=090 ROMOP=- ROMREG=09

062F 0A45 ?TFKR 4
A=0000000000000000 B=0000000000030000 C=0000000000000000 D=0000000000001000 E=0000000000000000
FA=0040 [0000000001000000] KR=0180 [0000000110000000] EXT=00 COND=1 IDLE=1 IO=0000000000000000
FB=0840 [0000100001000000] SR=0100 R5=0 ROM=0000.0 PREG=0 RAMOP=- RAMREG=090 ROMOP=- ROMREG=09

0630 0A55 ?TFKR 5
A=0000000000000000 B=0000000000030000 C=0000000000000000 D=0000000000001000 E=0000000000000000
FA=0040 [0000000001000000] KR=0180 [0000000110000000] EXT=00 COND=1 IDLE=1 IO=0000000000000000
FB=0840 [0000100001000000] SR=0100 R5=0 ROM=0000.0 PREG=0 RAMOP=- RAMREG=090 ROMOP=- ROMREG=09

0631 0A65 ?TFKR 6
A=0000000000000000 B=0000000000030000 C=0000000000000000 D=0000000000001000 E=0000000000000000
FA=0040 [0000000001000000] KR=0180 [0000000110000000] EXT=00 COND=1 IDLE=1 IO=0000000000000000
FB=0840 [0000100001000000] SR=0100 R5=0 ROM=0000.0 PREG=0 RAMOP=- RAMREG=090 ROMOP=- ROMREG=09

0632 0A75 ?TFKR 7
A=0000000000000000 B=0000000000030000 C=0000000000000000 D=0000000000001000 E=0000000000000000
FA=0040 [0000000001000000] KR=0180 [0000000110000000] EXT=00 COND=1 IDLE=1 IO=0000000000000000
FB=0840 [0000100001000000] SR=0100 R5=0 ROM=0000.0 PREG=0 RAMOP=- RAMREG=090 ROMOP=- ROMREG=09

0633 1019 BRNC 0627 -00C
A=0000000000000000 B=0000000000030000 C=0000000000000000 D=0000000000001000 E=0000000000000000
FA=0040 [0000000001000000] KR=0180 [0000000110000000] EXT=00 COND=0 IDLE=1 IO=0000000000000000
FB=0840 [0000100001000000] SR=0100 R5=0 ROM=0000.0 PREG=0 RAMOP=- RAMREG=090 ROMOP=- ROMREG=09

0627 0A98 PRTSTEP
A=0000000000000000 B=0000000000030000 C=0000000000000000 D=0000000000001000 E=0000000000000000
FA=0040 [0000000001000000] KR=0180 [0000000110000000] EXT=00 COND=1 IDLE=1 IO=0000000000000000
FB=0840 [0000100001000000] SR=0100 R5=0 ROM=0000.0 PREG=0 RAMOP=- RAMREG=090 ROMOP=- ROMREG=09

0628 0A0B ?BUSY
A=0000000000000000 B=0000000000030000 C=0000000000000000 D=0000000000001000 E=0000000000000000
FA=0040 [0000000001000000] KR=0180 [0000000110000000] EXT=00 COND=1 IDLE=1 IO=0000000000000000
FB=0840 [0000100001000000] SR=0100 R5=0 ROM=0000.0 PREG=0 RAMOP=- RAMREG=090 ROMOP=- ROMREG=09

0629 1005 BRNC 0627 -002
A=0000000000000000 B=0000000000030000 C=0000000000000000 D=0000000000001000 E=0000000000000000
FA=0040 [0000000001000000] KR=0180 [0000000110000000] EXT=00 COND=1 IDLE=1 IO=0000000000000000
FB=0840 [0000100001000000] SR=0100 R5=0 ROM=0000.0 PREG=0 RAMOP=- RAMREG=090 ROMOP=- ROMREG=09

062A 0A10 WAIT D1
A=0000000000000000 B=0000000000030000 C=0000000000000000 D=0000000000001000 E=0000000000000000
FA=0040 [0000000001000000] KR=0180 [0000000110000000] EXT=00 COND=1 IDLE=1 IO=0000000000000000
FB=0840 [0000100001000000] SR=0100 R5=0 ROM=0000.0 PREG=0 RAMOP=- RAMREG=090 ROMOP=- ROMREG=09

062B 0A09 SET IDLE
A=0000000000000000 B=0000000000030000 C=0000000000000000 D=0000000000001000 E=0000000000000000
FA=0040 [0000000001000000] KR=0180 [0000000110000000] EXT=00 COND=1 IDLE=1 IO=0000000000000000
FB=0840 [0000100001000000] SR=0100 R5=0 ROM=0000.0 PREG=0 RAMOP=- RAMREG=090 ROMOP=- ROMREG=09

062C 0AE0 WAIT D14
A=0000000000000000 B=0000000000030000 C=0000000000000000 D=0000000000001000 E=0000000000000000
FA=0040 [0000000001000000] KR=0180 [0000000110000000] EXT=00 COND=1 IDLE=1 IO=0000000000000000
FB=0840 [0000100001000000] SR=0100 R5=0 ROM=0000.0 PREG=0 RAMOP=- RAMREG=090 ROMOP=- ROMREG=09

062D 0820 ?KEY 20
A=0000000000000000 B=0000000000030000 C=0000000000000000 D=0000000000001000 E=0000000000000000
FA=0040 [0000000001000000] KR=0180 [0000000110000000] EXT=00 COND=1 IDLE=1 IO=0000000000000000
FB=0840 [0000100001000000] SR=0100 R5=0 ROM=0000.0 PREG=0 RAMOP=- RAMREG=090 ROMOP=- ROMREG=09

062E 180C BRC 0634 +006
A=0000000000000000 B=0000000000030000 C=0000000000000000 D=0000000000001000 E=0000000000000000
FA=0040 [0000000001000000] KR=0180 [0000000110000000] EXT=00 COND=0 IDLE=1 IO=0000000000000000
FB=0840 [0000100001000000] SR=0100 R5=0 ROM=0000.0 PREG=0 RAMOP=- RAMREG=090 ROMOP=- ROMREG=09

062F 0A45 ?TFKR 4
A=0000000000000000 B=0000000000030000 C=0000000000000000 D=0000000000001000 E=0000000000000000
FA=0040 [0000000001000000] KR=0180 [0000000110000000] EXT=00 COND=1 IDLE=1 IO=0000000000000000
FB=0840 [0000100001000000] SR=0100 R5=0 ROM=0000.0 PREG=0 RAMOP=- RAMREG=090 ROMOP=- ROMREG=09

0630 0A55 ?TFKR 5
A=0000000000000000 B=0000000000030000 C=0000000000000000 D=0000000000001000 E=0000000000000000
FA=0040 [0000000001000000] KR=0180 [0000000110000000] EXT=00 COND=1 IDLE=1 IO=0000000000000000
FB=0840 [0000100001000000] SR=0100 R5=0 ROM=0000.0 PREG=0 RAMOP=- RAMREG=090 ROMOP=- ROMREG=09

0631 0A65 ?TFKR 6
A=0000000000000000 B=0000000000030000 C=0000000000000000 D=0000000000001000 E=0000000000000000
FA=0040 [0000000001000000] KR=0180 [0000000110000000] EXT=00 COND=1 IDLE=1 IO=0000000000000000
FB=0840 [0000100001000000] SR=0100 R5=0 ROM=0000.0 PREG=0 RAMOP=- RAMREG=090 ROMOP=- ROMREG=09

0632 0A75 ?TFKR 7
A=0000000000000000 B=0000000000030000 C=0000000000000000 D=0000000000001000 E=0000000000000000
FA=0040 [0000000001000000] KR=0180 [0000000110000000] EXT=00 COND=1 IDLE=1 IO=0000000000000000
FB=0840 [0000100001000000] SR=0100 R5=0 ROM=0000.0 PREG=0 RAMOP=- RAMREG=090 ROMOP=- ROMREG=09

0633 1019 BRNC 0627 -00C
A=0000000000000000 B=0000000000030000 C=0000000000000000 D=0000000000001000 E=0000000000000000
FA=0040 [0000000001000000] KR=0180 [0000000110000000] EXT=00 COND=0 IDLE=1 IO=0000000000000000
FB=0840 [0000100001000000] SR=0100 R5=0 ROM=0000.0 PREG=0 RAMOP=- RAMREG=090 ROMOP=- ROMREG=09

0627 0A98 PRTSTEP
A=0000000000000000 B=0000000000030000 C=0000000000000000 D=0000000000001000 E=0000000000000000
FA=0040 [0000000001000000] KR=0180 [0000000110000000] EXT=00 COND=1 IDLE=1 IO=0000000000000000
FB=0840 [0000100001000000] SR=0100 R5=0 ROM=0000.0 PREG=0 RAMOP=- RAMREG=090 ROMOP=- ROMREG=09

0628 0A0B ?BUSY
A=0000000000000000 B=0000000000030000 C=0000000000000000 D=0000000000001000 E=0000000000000000
FA=0040 [0000000001000000] KR=0180 [0000000110000000] EXT=00 COND=1 IDLE=1 IO=0000000000000000
FB=0840 [0000100001000000] SR=0100 R5=0 ROM=0000.0 PREG=0 RAMOP=- RAMREG=090 ROMOP=- ROMREG=09

0629 1005 BRNC 0627 -002
A=0000000000000000 B=0000000000030000 C=0000000000000000 D=0000000000001000 E=0000000000000000
FA=0040 [0000000001000000] KR=0180 [0000000110000000] EXT=00 COND=1 IDLE=1 IO=0000000000000000
FB=0840 [0000100001000000] SR=0100 R5=0 ROM=0000.0 PREG=0 RAMOP=- RAMREG=090 ROMOP=- ROMREG=09

062A 0A10 WAIT D1
A=0000000000000000 B=0000000000030000 C=0000000000000000 D=0000000000001000 E=0000000000000000
FA=0040 [0000000001000000] KR=0180 [0000000110000000] EXT=00 COND=1 IDLE=1 IO=0000000000000000
FB=0840 [0000100001000000] SR=0100 R5=0 ROM=0000.0 PREG=0 RAMOP=- RAMREG=090 ROMOP=- ROMREG=09

062B 0A09 SET IDLE
A=0000000000000000 B=0000000000030000 C=0000000000000000 D=0000000000001000 E=0000000000000000
FA=0040 [0000000001000000] KR=0180 [0000000110000000] EXT=00 COND=1 IDLE=1 IO=0000000000000000
FB=0840 [0000100001000000] SR=0100 R5=0 ROM=0000.0 PREG=0 RAMOP=- RAMREG=090 ROMOP=- ROMREG=09

062C 0AE0 WAIT D14
A=0000000000000000 B=0000000000030000 C=0000000000000000 D=0000000000001000 E=0000000000000000
FA=0040 [0000000001000000] KR=0180 [0000000110000000] EXT=00 COND=1 IDLE=1 IO=0000000000000000
FB=0840 [0000100001000000] SR=0100 R5=0 ROM=0000.0 PREG=0 RAMOP=- RAMREG=090 ROMOP=- ROMREG=09

062D 0820 ?KEY 20
A=0000000000000000 B=0000000000030000 C=0000000000000000 D=0000000000001000 E=0000000000000000
FA=0040 [0000000001000000] KR=0180 [0000000110000000] EXT=00 COND=1 IDLE=1 IO=0000000000000000
FB=0840 [0000100001000000] SR=0100 R5=0 ROM=0000.0 PREG=0 RAMOP=- RAMREG=090 ROMOP=- ROMREG=09

062E 180C BRC 0634 +006
A=0000000000000000 B=0000000000030000 C=0000000000000000 D=0000000000001000 E=0000000000000000
FA=0040 [0000000001000000] KR=0180 [0000000110000000] EXT=00 COND=0 IDLE=1 IO=0000000000000000
FB=0840 [0000100001000000] SR=0100 R5=0 ROM=0000.0 PREG=0 RAMOP=- RAMREG=090 ROMOP=- ROMREG=09

062F 0A45 ?TFKR 4
A=0000000000000000 B=0000000000030000 C=0000000000000000 D=0000000000001000 E=0000000000000000
FA=0040 [0000000001000000] KR=0180 [0000000110000000] EXT=00 COND=1 IDLE=1 IO=0000000000000000
FB=0840 [0000100001000000] SR=0100 R5=0 ROM=0000.0 PREG=0 RAMOP=- RAMREG=090 ROMOP=- ROMREG=09

0630 0A55 ?TFKR 5
A=0000000000000000 B=0000000000030000 C=0000000000000000 D=0000000000001000 E=0000000000000000
FA=0040 [0000000001000000] KR=0180 [0000000110000000] EXT=00 COND=1 IDLE=1 IO=0000000000000000
FB=0840 [0000100001000000] SR=0100 R5=0 ROM=0000.0 PREG=0 RAMOP=- RAMREG=090 ROMOP=- ROMREG=09

0631 0A65 ?TFKR 6
A=0000000000000000 B=0000000000030000 C=0000000000000000 D=0000000000001000 E=0000000000000000
FA=0040 [0000000001000000] KR=0180 [0000000110000000] EXT=00 COND=1 IDLE=1 IO=0000000000000000
FB=0840 [0000100001000000] SR=0100 R5=0 ROM=0000.0 PREG=0 RAMOP=- RAMREG=090 ROMOP=- ROMREG=09

0632 0A75 ?TFKR 7
A=0000000000000000 B=0000000000030000 C=0000000000000000 D=0000000000001000 E=0000000000000000
FA=0040 [0000000001000000] KR=0180 [0000000110000000] EXT=00 COND=1 IDLE=1 IO=0000000000000000
FB=0840 [0000100001000000] SR=0100 R5=0 ROM=0000.0 PREG=0 RAMOP=- RAMREG=090 ROMOP=- ROMREG=09

0633 1019 BRNC 0627 -00C
A=0000000000000000 B=0000000000030000 C=0000000000000000 D=0000000000001000 E=0000000000000000
FA=0040 [0000000001000000] KR=0180 [0000000110000000] EXT=00 COND=0 IDLE=1 IO=0000000000000000
FB=0840 [0000100001000000] SR=0100 R5=0 ROM=0000.0 PREG=0 RAMOP=- RAMREG=090 ROMOP=- ROMREG=09

0627 0A98 PRTSTEP
A=0000000000000000 B=0000000000030000 C=0000000000000000 D=0000000000001000 E=0000000000000000
FA=0040 [0000000001000000] KR=0180 [0000000110000000] EXT=00 COND=1 IDLE=1 IO=0000000000000000
FB=0840 [0000100001000000] SR=0100 R5=0 ROM=0000.0 PREG=0 RAMOP=- RAMREG=090 ROMOP=- ROMREG=09

0628 0A0B ?BUSY
A=0000000000000000 B=0000000000030000 C=0000000000000000 D=0000000000001000 E=0000000000000000
FA=0040 [0000000001000000] KR=0180 [0000000110000000] EXT=00 COND=1 IDLE=1 IO=0000000000000000
FB=0840 [0000100001000000] SR=0100 R5=0 ROM=0000.0 PREG=0 RAMOP=- RAMREG=090 ROMOP=- ROMREG=09

0629 1005 BRNC 0627 -002
A=0000000000000000 B=0000000000030000 C=0000000000000000 D=0000000000001000 E=0000000000000000
FA=0040 [0000000001000000] KR=0180 [0000000110000000] EXT=00 COND=1 IDLE=1 IO=0000000000000000
FB=0840 [0000100001000000] SR=0100 R5=0 ROM=0000.0 PREG=0 RAMOP=- RAMREG=090 ROMOP=- ROMREG=09

062A 0A10 WAIT D1
A=0000000000000000 B=0000000000030000 C=0000000000000000 D=0000000000001000 E=0000000000000000
FA=0040 [0000000001000000] KR=0180 [0000000110000000] EXT=00 COND=1 IDLE=1 IO=0000000000000000
FB=0840 [0000100001000000] SR=0100 R5=0 ROM=0000.0 PREG=0 RAMOP=- RAMREG=090 ROMOP=- ROMREG=09

062B 0A09 SET IDLE
A=0000000000000000 B=0000000000030000 C=0000000000000000 D=0000000000001000 E=0000000000000000
FA=0040 [0000000001000000] KR=0180 [0000000110000000] EXT=00 COND=1 IDLE=1 IO=0000000000000000
FB=0840 [0000100001000000] SR=0100 R5=0 ROM=0000.0 PREG=0 RAMOP=- RAMREG=090 ROMOP=- ROMREG=09

062C 0AE0 WAIT D14
A=0000000000000000 B=0000000000030000 C=0000000000000000 D=0000000000001000 E=0000000000000000
FA=0040 [0000000001000000] KR=0180 [0000000110000000] EXT=00 COND=1 IDLE=1 IO=0000000000000000
FB=0840 [0000100001000000] SR=0100 R5=0 ROM=0000.0 PREG=0 RAMOP=- RAMREG=090 ROMOP=- ROMREG=09

062D 0820 ?KEY 20
A=0000000000000000 B=0000000000030000 C=0000000000000000 D=0000000000001000 E=0000000000000000
FA=0040 [0000000001000000] KR=0180 [0000000110000000] EXT=00 COND=1 IDLE=1 IO=0000000000000000
FB=0840 [0000100001000000] SR=0100 R5=0 ROM=0000.0 PREG=0 RAMOP=- RAMREG=090 ROMOP=- ROMREG=09

062E 180C BRC 0634 +006
A=0000000000000000 B=0000000000030000 C=0000000000000000 D=0000000000001000 E=0000000000000000
FA=0040 [0000000001000000] KR=0180 [0000000110000000] EXT=00 COND=0 IDLE=1 IO=0000000000000000
FB=0840 [0000100001000000] SR=0100 R5=0 ROM=0000.0 PREG=0 RAMOP=- RAMREG=090 ROMOP=- ROMREG=09

062F 0A45 ?TFKR 4
A=0000000000000000 B=0000000000030000 C=0000000000000000 D=0000000000001000 E=0000000000000000
FA=0040 [0000000001000000] KR=0180 [0000000110000000] EXT=00 COND=1 IDLE=1 IO=0000000000000000
FB=0840 [0000100001000000] SR=0100 R5=0 ROM=0000.0 PREG=0 RAMOP=- RAMREG=090 ROMOP=- ROMREG=09

0630 0A55 ?TFKR 5
A=0000000000000000 B=0000000000030000 C=0000000000000000 D=0000000000001000 E=0000000000000000
FA=0040 [0000000001000000] KR=0180 [0000000110000000] EXT=00 COND=1 IDLE=1 IO=0000000000000000
FB=0840 [0000100001000000] SR=0100 R5=0 ROM=0000.0 PREG=0 RAMOP=- RAMREG=090 ROMOP=- ROMREG=09

0631 0A65 ?TFKR 6
A=0000000000000000 B=0000000000030000 C=0000000000000000 D=0000000000001000 E=0000000000000000
FA=0040 [0000000001000000] KR=0180 [0000000110000000] EXT=00 COND=1 IDLE=1 IO=0000000000000000
FB=0840 [0000100001000000] SR=0100 R5=0 ROM=0000.0 PREG=0 RAMOP=- RAMREG=090 ROMOP=- ROMREG=09

0632 0A75 ?TFKR 7
A=0000000000000000 B=0000000000030000 C=0000000000000000 D=0000000000001000 E=0000000000000000
FA=0040 [0000000001000000] KR=0180 [0000000110000000] EXT=00 COND=1 IDLE=1 IO=0000000000000000
FB=0840 [0000100001000000] SR=0100 R5=0 ROM=0000.0 PREG=0 RAMOP=- RAMREG=090 ROMOP=- ROMREG=09

0633 1019 BRNC 0627 -00C
A=0000000000000000 B=0000000000030000 C=0000000000000000 D=0000000000001000 E=0000000000000000
FA=0040 [0000000001000000] KR=0180 [0000000110000000] EXT=00 COND=0 IDLE=1 IO=0000000000000000
FB=0840 [0000100001000000] SR=0100 R5=0 ROM=0000.0 PREG=0 RAMOP=- RAMREG=090 ROMOP=- ROMREG=09

0627 0A98 PRTSTEP
A=0000000000000000 B=0000000000030000 C=0000000000000000 D=0000000000001000 E=0000000000000000
FA=0040 [0000000001000000] KR=0180 [0000000110000000] EXT=00 COND=1 IDLE=1 IO=0000000000000000
FB=0840 [0000100001000000] SR=0100 R5=0 ROM=0000.0 PREG=0 RAMOP=- RAMREG=090 ROMOP=- ROMREG=09

0628 0A0B ?BUSY
A=0000000000000000 B=0000000000030000 C=0000000000000000 D=0000000000001000 E=0000000000000000
FA=0040 [0000000001000000] KR=0180 [0000000110000000] EXT=00 COND=1 IDLE=1 IO=0000000000000000
FB=0840 [0000100001000000] SR=0100 R5=0 ROM=0000.0 PREG=0 RAMOP=- RAMREG=090 ROMOP=- ROMREG=09

0629 1005 BRNC 0627 -002
A=0000000000000000 B=0000000000030000 C=0000000000000000 D=0000000000001000 E=0000000000000000
FA=0040 [0000000001000000] KR=0180 [0000000110000000] EXT=00 COND=1 IDLE=1 IO=0000000000000000
FB=0840 [0000100001000000] SR=0100 R5=0 ROM=0000.0 PREG=0 RAMOP=- RAMREG=090 ROMOP=- ROMREG=09

062A 0A10 WAIT D1
A=0000000000000000 B=0000000000030000 C=0000000000000000 D=0000000000001000 E=0000000000000000
FA=0040 [0000000001000000] KR=0180 [0000000110000000] EXT=00 COND=1 IDLE=1 IO=0000000000000000
FB=0840 [0000100001000000] SR=0100 R5=0 ROM=0000.0 PREG=0 RAMOP=- RAMREG=090 ROMOP=- ROMREG=09

062B 0A09 SET IDLE
A=0000000000000000 B=0000000000030000 C=0000000000000000 D=0000000000001000 E=0000000000000000
FA=0040 [0000000001000000] KR=0180 [0000000110000000] EXT=00 COND=1 IDLE=1 IO=0000000000000000
FB=0840 [0000100001000000] SR=0100 R5=0 ROM=0000.0 PREG=0 RAMOP=- RAMREG=090 ROMOP=- ROMREG=09

062C 0AE0 WAIT D14
A=0000000000000000 B=0000000000030000 C=0000000000000000 D=0000000000001000 E=0000000000000000
FA=0040 [0000000001000000] KR=0180 [0000000110000000] EXT=00 COND=1 IDLE=1 IO=0000000000000000
FB=0840 [0000100001000000] SR=0100 R5=0 ROM=0000.0 PREG=0 RAMOP=- RAMREG=090 ROMOP=- ROMREG=09

062D 0820 ?KEY 20
A=0000000000000000 B=0000000000030000 C=0000000000000000 D=0000000000001000 E=0000000000000000
FA=0040 [0000000001000000] KR=0180 [0000000110000000] EXT=00 COND=1 IDLE=1 IO=0000000000000000
FB=0840 [0000100001000000] SR=0100 R5=0 ROM=0000.0 PREG=0 RAMOP=- RAMREG=090 ROMOP=- ROMREG=09

062E 180C BRC 0634 +006
A=0000000000000000 B=0000000000030000 C=0000000000000000 D=0000000000001000 E=0000000000000000
FA=0040 [0000000001000000] KR=0180 [0000000110000000] EXT=00 COND=0 IDLE=1 IO=0000000000000000
FB=0840 [0000100001000000] SR=0100 R5=0 ROM=0000.0 PREG=0 RAMOP=- RAMREG=090 ROMOP=- ROMREG=09

062F 0A45 ?TFKR 4
A=0000000000000000 B=0000000000030000 C=0000000000000000 D=0000000000001000 E=0000000000000000
FA=0040 [0000000001000000] KR=0180 [0000000110000000] EXT=00 COND=1 IDLE=1 IO=0000000000000000
FB=0840 [0000100001000000] SR=0100 R5=0 ROM=0000.0 PREG=0 RAMOP=- RAMREG=090 ROMOP=- ROMREG=09

0630 0A55 ?TFKR 5
A=0000000000000000 B=0000000000030000 C=0000000000000000 D=0000000000001000 E=0000000000000000
FA=0040 [0000000001000000] KR=0180 [0000000110000000] EXT=00 COND=1 IDLE=1 IO=0000000000000000
FB=0840 [0000100001000000] SR=0100 R5=0 ROM=0000.0 PREG=0 RAMOP=- RAMREG=090 ROMOP=- ROMREG=09

0631 0A65 ?TFKR 6
A=0000000000000000 B=0000000000030000 C=0000000000000000 D=0000000000001000 E=0000000000000000
FA=0040 [0000000001000000] KR=0180 [0000000110000000] EXT=00 COND=1 IDLE=1 IO=0000000000000000
FB=0840 [0000100001000000] SR=0100 R5=0 ROM=0000.0 PREG=0 RAMOP=- RAMREG=090 ROMOP=- ROMREG=09

0632 0A75 ?TFKR 7
A=0000000000000000 B=0000000000030000 C=0000000000000000 D=0000000000001000 E=0000000000000000
FA=0040 [0000000001000000] KR=0180 [0000000110000000] EXT=00 COND=1 IDLE=1 IO=0000000000000000
FB=0840 [0000100001000000] SR=0100 R5=0 ROM=0000.0 PREG=0 RAMOP=- RAMREG=090 ROMOP=- ROMREG=09

0633 1019 BRNC 0627 -00C
A=0000000000000000 B=0000000000030000 C=0000000000000000 D=0000000000001000 E=0000000000000000
FA=0040 [0000000001000000] KR=0180 [0000000110000000] EXT=00 COND=0 IDLE=1 IO=0000000000000000
FB=0840 [0000100001000000] SR=0100 R5=0 ROM=0000.0 PREG=0 RAMOP=- RAMREG=090 ROMOP=- ROMREG=09

0627 0A98 PRTSTEP
A=0000000000000000 B=0000000000030000 C=0000000000000000 D=0000000000001000 E=0000000000000000
FA=0040 [0000000001000000] KR=0180 [0000000110000000] EXT=00 COND=1 IDLE=1 IO=0000000000000000
FB=0840 [0000100001000000] SR=0100 R5=0 ROM=0000.0 PREG=0 RAMOP=- RAMREG=090 ROMOP=- ROMREG=09

0628 0A0B ?BUSY
A=0000000000000000 B=0000000000030000 C=0000000000000000 D=0000000000001000 E=0000000000000000
FA=0040 [0000000001000000] KR=0180 [0000000110000000] EXT=00 COND=1 IDLE=1 IO=0000000000000000
FB=0840 [0000100001000000] SR=0100 R5=0 ROM=0000.0 PREG=0 RAMOP=- RAMREG=090 ROMOP=- ROMREG=09

0629 1005 BRNC 0627 -002
A=0000000000000000 B=0000000000030000 C=0000000000000000 D=0000000000001000 E=0000000000000000
FA=0040 [0000000001000000] KR=0180 [0000000110000000] EXT=00 COND=1 IDLE=1 IO=0000000000000000
FB=0840 [0000100001000000] SR=0100 R5=0 ROM=0000.0 PREG=0 RAMOP=- RAMREG=090 ROMOP=- ROMREG=09

062A 0A10 WAIT D1
A=0000000000000000 B=0000000000030000 C=0000000000000000 D=0000000000001000 E=0000000000000000
FA=0040 [0000000001000000] KR=0180 [0000000110000000] EXT=00 COND=1 IDLE=1 IO=0000000000000000
FB=0840 [0000100001000000] SR=0100 R5=0 ROM=0000.0 PREG=0 RAMOP=- RAMREG=090 ROMOP=- ROMREG=09

062B 0A09 SET IDLE
A=0000000000000000 B=0000000000030000 C=0000000000000000 D=0000000000001000 E=0000000000000000
FA=0040 [0000000001000000] KR=0180 [0000000110000000] EXT=00 COND=1 IDLE=1 IO=0000000000000000
FB=0840 [0000100001000000] SR=0100 R5=0 ROM=0000.0 PREG=0 RAMOP=- RAMREG=090 ROMOP=- ROMREG=09

062C 0AE0 WAIT D14
A=0000000000000000 B=0000000000030000 C=0000000000000000 D=0000000000001000 E=0000000000000000
FA=0040 [0000000001000000] KR=0180 [0000000110000000] EXT=00 COND=1 IDLE=1 IO=0000000000000000
FB=0840 [0000100001000000] SR=0100 R5=0 ROM=0000.0 PREG=0 RAMOP=- RAMREG=090 ROMOP=- ROMREG=09

062D 0820 ?KEY 20
A=0000000000000000 B=0000000000030000 C=0000000000000000 D=0000000000001000 E=0000000000000000
FA=0040 [0000000001000000] KR=0180 [0000000110000000] EXT=00 COND=1 IDLE=1 IO=0000000000000000
FB=0840 [0000100001000000] SR=0100 R5=0 ROM=0000.0 PREG=0 RAMOP=- RAMREG=090 ROMOP=- ROMREG=09

062E 180C BRC 0634 +006
A=0000000000000000 B=0000000000030000 C=0000000000000000 D=0000000000001000 E=0000000000000000
FA=0040 [0000000001000000] KR=0180 [0000000110000000] EXT=00 COND=0 IDLE=1 IO=0000000000000000
FB=0840 [0000100001000000] SR=0100 R5=0 ROM=0000.0 PREG=0 RAMOP=- RAMREG=090 ROMOP=- ROMREG=09

062F 0A45 ?TFKR 4
A=0000000000000000 B=0000000000030000 C=0000000000000000 D=0000000000001000 E=0000000000000000
FA=0040 [0000000001000000] KR=0180 [0000000110000000] EXT=00 COND=1 IDLE=1 IO=0000000000000000
FB=0840 [0000100001000000] SR=0100 R5=0 ROM=0000.0 PREG=0 RAMOP=- RAMREG=090 ROMOP=- ROMREG=09

0630 0A55 ?TFKR 5
A=0000000000000000 B=0000000000030000 C=0000000000000000 D=0000000000001000 E=0000000000000000
FA=0040 [0000000001000000] KR=0180 [0000000110000000] EXT=00 COND=1 IDLE=1 IO=0000000000000000
FB=0840 [0000100001000000] SR=0100 R5=0 ROM=0000.0 PREG=0 RAMOP=- RAMREG=090 ROMOP=- ROMREG=09

0631 0A65 ?TFKR 6
A=0000000000000000 B=0000000000030000 C=0000000000000000 D=0000000000001000 E=0000000000000000
FA=0040 [0000000001000000] KR=0180 [0000000110000000] EXT=00 COND=1 IDLE=1 IO=0000000000000000
FB=0840 [0000100001000000] SR=0100 R5=0 ROM=0000.0 PREG=0 RAMOP=- RAMREG=090 ROMOP=- ROMREG=09

0632 0A75 ?TFKR 7
A=0000000000000000 B=0000000000030000 C=0000000000000000 D=0000000000001000 E=0000000000000000
FA=0040 [0000000001000000] KR=0180 [0000000110000000] EXT=00 COND=1 IDLE=1 IO=0000000000000000
FB=0840 [0000100001000000] SR=0100 R5=0 ROM=0000.0 PREG=0 RAMOP=- RAMREG=090 ROMOP=- ROMREG=09

0633 1019 BRNC 0627 -00C
A=0000000000000000 B=0000000000030000 C=0000000000000000 D=0000000000001000 E=0000000000000000
FA=0040 [0000000001000000] KR=0180 [0000000110000000] EXT=00 COND=0 IDLE=1 IO=0000000000000000
FB=0840 [0000100001000000] SR=0100 R5=0 ROM=0000.0 PREG=0 RAMOP=- RAMREG=090 ROMOP=- ROMREG=09

0627 0A98 PRTSTEP
A=0000000000000000 B=0000000000030000 C=0000000000000000 D=0000000000001000 E=0000000000000000
FA=0040 [0000000001000000] KR=0180 [0000000110000000] EXT=00 COND=1 IDLE=1 IO=0000000000000000
FB=0840 [0000100001000000] SR=0100 R5=0 ROM=0000.0 PREG=0 RAMOP=- RAMREG=090 ROMOP=- ROMREG=09

0628 0A0B ?BUSY
A=0000000000000000 B=0000000000030000 C=0000000000000000 D=0000000000001000 E=0000000000000000
FA=0040 [0000000001000000] KR=0180 [0000000110000000] EXT=00 COND=1 IDLE=1 IO=0000000000000000
FB=0840 [0000100001000000] SR=0100 R5=0 ROM=0000.0 PREG=0 RAMOP=- RAMREG=090 ROMOP=- ROMREG=09

0629 1005 BRNC 0627 -002
A=0000000000000000 B=0000000000030000 C=0000000000000000 D=0000000000001000 E=0000000000000000
FA=0040 [0000000001000000] KR=0180 [0000000110000000] EXT=00 COND=1 IDLE=1 IO=0000000000000000
FB=0840 [0000100001000000] SR=0100 R5=0 ROM=0000.0 PREG=0 RAMOP=- RAMREG=090 ROMOP=- ROMREG=09

062A 0A10 WAIT D1
A=0000000000000000 B=0000000000030000 C=0000000000000000 D=0000000000001000 E=0000000000000000
FA=0040 [0000000001000000] KR=0180 [0000000110000000] EXT=00 COND=1 IDLE=1 IO=0000000000000000
FB=0840 [0000100001000000] SR=0100 R5=0 ROM=0000.0 PREG=0 RAMOP=- RAMREG=090 ROMOP=- ROMREG=09

062B 0A09 SET IDLE
A=0000000000000000 B=0000000000030000 C=0000000000000000 D=0000000000001000 E=0000000000000000
FA=0040 [0000000001000000] KR=0180 [0000000110000000] EXT=00 COND=1 IDLE=1 IO=0000000000000000
FB=0840 [0000100001000000] SR=0100 R5=0 ROM=0000.0 PREG=0 RAMOP=- RAMREG=090 ROMOP=- ROMREG=09

062C 0AE0 WAIT D14
A=0000000000000000 B=0000000000030000 C=0000000000000000 D=0000000000001000 E=0000000000000000
FA=0040 [0000000001000000] KR=0180 [0000000110000000] EXT=00 COND=1 IDLE=1 IO=0000000000000000
FB=0840 [0000100001000000] SR=0100 R5=0 ROM=0000.0 PREG=0 RAMOP=- RAMREG=090 ROMOP=- ROMREG=09

062D 0820 ?KEY 20
A=0000000000000000 B=0000000000030000 C=0000000000000000 D=0000000000001000 E=0000000000000000
FA=0040 [0000000001000000] KR=0180 [0000000110000000] EXT=00 COND=1 IDLE=1 IO=0000000000000000
FB=0840 [0000100001000000] SR=0100 R5=0 ROM=0000.0 PREG=0 RAMOP=- RAMREG=090 ROMOP=- ROMREG=09

062E 180C BRC 0634 +006
A=0000000000000000 B=0000000000030000 C=0000000000000000 D=0000000000001000 E=0000000000000000
FA=0040 [0000000001000000] KR=0180 [0000000110000000] EXT=00 COND=0 IDLE=1 IO=0000000000000000
FB=0840 [0000100001000000] SR=0100 R5=0 ROM=0000.0 PREG=0 RAMOP=- RAMREG=090 ROMOP=- ROMREG=09

062F 0A45 ?TFKR 4
A=0000000000000000 B=0000000000030000 C=0000000000000000 D=0000000000001000 E=0000000000000000
FA=0040 [0000000001000000] KR=0180 [0000000110000000] EXT=00 COND=1 IDLE=1 IO=0000000000000000
FB=0840 [0000100001000000] SR=0100 R5=0 ROM=0000.0 PREG=0 RAMOP=- RAMREG=090 ROMOP=- ROMREG=09

0630 0A55 ?TFKR 5
A=0000000000000000 B=0000000000030000 C=0000000000000000 D=0000000000001000 E=0000000000000000
FA=0040 [0000000001000000] KR=0180 [0000000110000000] EXT=00 COND=1 IDLE=1 IO=0000000000000000
FB=0840 [0000100001000000] SR=0100 R5=0 ROM=0000.0 PREG=0 RAMOP=- RAMREG=090 ROMOP=- ROMREG=09

0631 0A65 ?TFKR 6
A=0000000000000000 B=0000000000030000 C=0000000000000000 D=0000000000001000 E=0000000000000000
FA=0040 [0000000001000000] KR=0180 [0000000110000000] EXT=00 COND=1 IDLE=1 IO=0000000000000000
FB=0840 [0000100001000000] SR=0100 R5=0 ROM=0000.0 PREG=0 RAMOP=- RAMREG=090 ROMOP=- ROMREG=09

0632 0A75 ?TFKR 7
A=0000000000000000 B=0000000000030000 C=0000000000000000 D=0000000000001000 E=0000000000000000
FA=0040 [0000000001000000] KR=0180 [0000000110000000] EXT=00 COND=1 IDLE=1 IO=0000000000000000
FB=0840 [0000100001000000] SR=0100 R5=0 ROM=0000.0 PREG=0 RAMOP=- RAMREG=090 ROMOP=- ROMREG=09

0633 1019 BRNC 0627 -00C
A=0000000000000000 B=0000000000030000 C=0000000000000000 D=0000000000001000 E=0000000000000000
FA=0040 [0000000001000000] KR=0180 [0000000110000000] EXT=00 COND=0 IDLE=1 IO=0000000000000000
FB=0840 [0000100001000000] SR=0100 R5=0 ROM=0000.0 PREG=0 RAMOP=- RAMREG=090 ROMOP=- ROMREG=09

0627 0A98 PRTSTEP
A=0000000000000000 B=0000000000030000 C=0000000000000000 D=0000000000001000 E=0000000000000000
FA=0040 [0000000001000000] KR=0180 [0000000110000000] EXT=00 COND=1 IDLE=1 IO=0000000000000000
FB=0840 [0000100001000000] SR=0100 R5=0 ROM=0000.0 PREG=0 RAMOP=- RAMREG=090 ROMOP=- ROMREG=09

0628 0A0B ?BUSY
A=0000000000000000 B=0000000000030000 C=0000000000000000 D=0000000000001000 E=0000000000000000
FA=0040 [0000000001000000] KR=0180 [0000000110000000] EXT=00 COND=1 IDLE=1 IO=0000000000000000
FB=0840 [0000100001000000] SR=0100 R5=0 ROM=0000.0 PREG=0 RAMOP=- RAMREG=090 ROMOP=- ROMREG=09

0629 1005 BRNC 0627 -002
A=0000000000000000 B=0000000000030000 C=0000000000000000 D=0000000000001000 E=0000000000000000
FA=0040 [0000000001000000] KR=0180 [0000000110000000] EXT=00 COND=1 IDLE=1 IO=0000000000000000
FB=0840 [0000100001000000] SR=0100 R5=0 ROM=0000.0 PREG=0 RAMOP=- RAMREG=090 ROMOP=- ROMREG=09

062A 0A10 WAIT D1
A=0000000000000000 B=0000000000030000 C=0000000000000000 D=0000000000001000 E=0000000000000000
FA=0040 [0000000001000000] KR=0180 [0000000110000000] EXT=00 COND=1 IDLE=1 IO=0000000000000000
FB=0840 [0000100001000000] SR=0100 R5=0 ROM=0000.0 PREG=0 RAMOP=- RAMREG=090 ROMOP=- ROMREG=09

062B 0A09 SET IDLE
A=0000000000000000 B=0000000000030000 C=0000000000000000 D=0000000000001000 E=0000000000000000
FA=0040 [0000000001000000] KR=0180 [0000000110000000] EXT=00 COND=1 IDLE=1 IO=0000000000000000
FB=0840 [0000100001000000] SR=0100 R5=0 ROM=0000.0 PREG=0 RAMOP=- RAMREG=090 ROMOP=- ROMREG=09

062C 0AE0 WAIT D14
A=0000000000000000 B=0000000000030000 C=0000000000000000 D=0000000000001000 E=0000000000000000
FA=0040 [0000000001000000] KR=0180 [0000000110000000] EXT=00 COND=1 IDLE=1 IO=0000000000000000
FB=0840 [0000100001000000] SR=0100 R5=0 ROM=0000.0 PREG=0 RAMOP=- RAMREG=090 ROMOP=- ROMREG=09

062D 0820 ?KEY 20
A=0000000000000000 B=0000000000030000 C=0000000000000000 D=0000000000001000 E=0000000000000000
FA=0040 [0000000001000000] KR=0180 [0000000110000000] EXT=00 COND=1 IDLE=1 IO=0000000000000000
FB=0840 [0000100001000000] SR=0100 R5=0 ROM=0000.0 PREG=0 RAMOP=- RAMREG=090 ROMOP=- ROMREG=09

062E 180C BRC 0634 +006
A=0000000000000000 B=0000000000030000 C=0000000000000000 D=0000000000001000 E=0000000000000000
FA=0040 [0000000001000000] KR=0180 [0000000110000000] EXT=00 COND=0 IDLE=1 IO=0000000000000000
FB=0840 [0000100001000000] SR=0100 R5=0 ROM=0000.0 PREG=0 RAMOP=- RAMREG=090 ROMOP=- ROMREG=09

062F 0A45 ?TFKR 4
A=0000000000000000 B=0000000000030000 C=0000000000000000 D=0000000000001000 E=0000000000000000
FA=0040 [0000000001000000] KR=0180 [0000000110000000] EXT=00 COND=1 IDLE=1 IO=0000000000000000
FB=0840 [0000100001000000] SR=0100 R5=0 ROM=0000.0 PREG=0 RAMOP=- RAMREG=090 ROMOP=- ROMREG=09

0630 0A55 ?TFKR 5
A=0000000000000000 B=0000000000030000 C=0000000000000000 D=0000000000001000 E=0000000000000000
FA=0040 [0000000001000000] KR=0180 [0000000110000000] EXT=00 COND=1 IDLE=1 IO=0000000000000000
FB=0840 [0000100001000000] SR=0100 R5=0 ROM=0000.0 PREG=0 RAMOP=- RAMREG=090 ROMOP=- ROMREG=09

0631 0A65 ?TFKR 6
A=0000000000000000 B=0000000000030000 C=0000000000000000 D=0000000000001000 E=0000000000000000
FA=0040 [0000000001000000] KR=0180 [0000000110000000] EXT=00 COND=1 IDLE=1 IO=0000000000000000
FB=0840 [0000100001000000] SR=0100 R5=0 ROM=0000.0 PREG=0 RAMOP=- RAMREG=090 ROMOP=- ROMREG=09

0632 0A75 ?TFKR 7
A=0000000000000000 B=0000000000030000 C=0000000000000000 D=0000000000001000 E=0000000000000000
FA=0040 [0000000001000000] KR=0180 [0000000110000000] EXT=00 COND=1 IDLE=1 IO=0000000000000000
FB=0840 [0000100001000000] SR=0100 R5=0 ROM=0000.0 PREG=0 RAMOP=- RAMREG=090 ROMOP=- ROMREG=09

0633 1019 BRNC 0627 -00C
A=0000000000000000 B=0000000000030000 C=0000000000000000 D=0000000000001000 E=0000000000000000
FA=0040 [0000000001000000] KR=0180 [0000000110000000] EXT=00 COND=0 IDLE=1 IO=0000000000000000
FB=0840 [0000100001000000] SR=0100 R5=0 ROM=0000.0 PREG=0 RAMOP=- RAMREG=090 ROMOP=- ROMREG=09

0627 0A98 PRTSTEP
A=0000000000000000 B=0000000000030000 C=0000000000000000 D=0000000000001000 E=0000000000000000
FA=0040 [0000000001000000] KR=0180 [0000000110000000] EXT=00 COND=1 IDLE=1 IO=0000000000000000
FB=0840 [0000100001000000] SR=0100 R5=0 ROM=0000.0 PREG=0 RAMOP=- RAMREG=090 ROMOP=- ROMREG=09

0628 0A0B ?BUSY
A=0000000000000000 B=0000000000030000 C=0000000000000000 D=0000000000001000 E=0000000000000000
FA=0040 [0000000001000000] KR=0180 [0000000110000000] EXT=00 COND=1 IDLE=1 IO=0000000000000000
FB=0840 [0000100001000000] SR=0100 R5=0 ROM=0000.0 PREG=0 RAMOP=- RAMREG=090 ROMOP=- ROMREG=09

0629 1005 BRNC 0627 -002
A=0000000000000000 B=0000000000030000 C=0000000000000000 D=0000000000001000 E=0000000000000000
FA=0040 [0000000001000000] KR=0180 [0000000110000000] EXT=00 COND=1 IDLE=1 IO=0000000000000000
FB=0840 [0000100001000000] SR=0100 R5=0 ROM=0000.0 PREG=0 RAMOP=- RAMREG=090 ROMOP=- ROMREG=09

062A 0A10 WAIT D1
A=0000000000000000 B=0000000000030000 C=0000000000000000 D=0000000000001000 E=0000000000000000
FA=0040 [0000000001000000] KR=0180 [0000000110000000] EXT=00 COND=1 IDLE=1 IO=0000000000000000
FB=0840 [0000100001000000] SR=0100 R5=0 ROM=0000.0 PREG=0 RAMOP=- RAMREG=090 ROMOP=- ROMREG=09

062B 0A09 SET IDLE
A=0000000000000000 B=0000000000030000 C=0000000000000000 D=0000000000001000 E=0000000000000000
FA=0040 [0000000001000000] KR=0180 [0000000110000000] EXT=00 COND=1 IDLE=1 IO=0000000000000000
FB=0840 [0000100001000000] SR=0100 R5=0 ROM=0000.0 PREG=0 RAMOP=- RAMREG=090 ROMOP=- ROMREG=09

062C 0AE0 WAIT D14
A=0000000000000000 B=0000000000030000 C=0000000000000000 D=0000000000001000 E=0000000000000000
FA=0040 [0000000001000000] KR=0180 [0000000110000000] EXT=00 COND=1 IDLE=1 IO=0000000000000000
FB=0840 [0000100001000000] SR=0100 R5=0 ROM=0000.0 PREG=0 RAMOP=- RAMREG=090 ROMOP=- ROMREG=09

062D 0820 ?KEY 20
A=0000000000000000 B=0000000000030000 C=0000000000000000 D=0000000000001000 E=0000000000000000
FA=0040 [0000000001000000] KR=0180 [0000000110000000] EXT=00 COND=1 IDLE=1 IO=0000000000000000
FB=0840 [0000100001000000] SR=0100 R5=0 ROM=0000.0 PREG=0 RAMOP=- RAMREG=090 ROMOP=- ROMREG=09

062E 180C BRC 0634 +006
A=0000000000000000 B=0000000000030000 C=0000000000000000 D=0000000000001000 E=0000000000000000
FA=0040 [0000000001000000] KR=0180 [0000000110000000] EXT=00 COND=0 IDLE=1 IO=0000000000000000
FB=0840 [0000100001000000] SR=0100 R5=0 ROM=0000.0 PREG=0 RAMOP=- RAMREG=090 ROMOP=- ROMREG=09

062F 0A45 ?TFKR 4
A=0000000000000000 B=0000000000030000 C=0000000000000000 D=0000000000001000 E=0000000000000000
FA=0040 [0000000001000000] KR=0180 [0000000110000000] EXT=00 COND=1 IDLE=1 IO=0000000000000000
FB=0840 [0000100001000000] SR=0100 R5=0 ROM=0000.0 PREG=0 RAMOP=- RAMREG=090 ROMOP=- ROMREG=09

0630 0A55 ?TFKR 5
A=0000000000000000 B=0000000000030000 C=0000000000000000 D=0000000000001000 E=0000000000000000
FA=0040 [0000000001000000] KR=0180 [0000000110000000] EXT=00 COND=1 IDLE=1 IO=0000000000000000
FB=0840 [0000100001000000] SR=0100 R5=0 ROM=0000.0 PREG=0 RAMOP=- RAMREG=090 ROMOP=- ROMREG=09

0631 0A65 ?TFKR 6
A=0000000000000000 B=0000000000030000 C=0000000000000000 D=0000000000001000 E=0000000000000000
FA=0040 [0000000001000000] KR=0180 [0000000110000000] EXT=00 COND=1 IDLE=1 IO=0000000000000000
FB=0840 [0000100001000000] SR=0100 R5=0 ROM=0000.0 PREG=0 RAMOP=- RAMREG=090 ROMOP=- ROMREG=09

0632 0A75 ?TFKR 7
A=0000000000000000 B=0000000000030000 C=0000000000000000 D=0000000000001000 E=0000000000000000
FA=0040 [0000000001000000] KR=0180 [0000000110000000] EXT=00 COND=1 IDLE=1 IO=0000000000000000
FB=0840 [0000100001000000] SR=0100 R5=0 ROM=0000.0 PREG=0 RAMOP=- RAMREG=090 ROMOP=- ROMREG=09

0633 1019 BRNC 0627 -00C
A=0000000000000000 B=0000000000030000 C=0000000000000000 D=0000000000001000 E=0000000000000000
FA=0040 [0000000001000000] KR=0180 [0000000110000000] EXT=00 COND=0 IDLE=1 IO=0000000000000000
FB=0840 [0000100001000000] SR=0100 R5=0 ROM=0000.0 PREG=0 RAMOP=- RAMREG=090 ROMOP=- ROMREG=09

0627 0A98 PRTSTEP
A=0000000000000000 B=0000000000030000 C=0000000000000000 D=0000000000001000 E=0000000000000000
FA=0040 [0000000001000000] KR=0180 [0000000110000000] EXT=00 COND=1 IDLE=1 IO=0000000000000000
FB=0840 [0000100001000000] SR=0100 R5=0 ROM=0000.0 PREG=0 RAMOP=- RAMREG=090 ROMOP=- ROMREG=09

0628 0A0B ?BUSY
A=0000000000000000 B=0000000000030000 C=0000000000000000 D=0000000000001000 E=0000000000000000
FA=0040 [0000000001000000] KR=0180 [0000000110000000] EXT=00 COND=1 IDLE=1 IO=0000000000000000
FB=0840 [0000100001000000] SR=0100 R5=0 ROM=0000.0 PREG=0 RAMOP=- RAMREG=090 ROMOP=- ROMREG=09

0629 1005 BRNC 0627 -002
A=0000000000000000 B=0000000000030000 C=0000000000000000 D=0000000000001000 E=0000000000000000
FA=0040 [0000000001000000] KR=0180 [0000000110000000] EXT=00 COND=1 IDLE=1 IO=0000000000000000
FB=0840 [0000100001000000] SR=0100 R5=0 ROM=0000.0 PREG=0 RAMOP=- RAMREG=090 ROMOP=- ROMREG=09

062A 0A10 WAIT D1
A=0000000000000000 B=0000000000030000 C=0000000000000000 D=0000000000001000 E=0000000000000000
FA=0040 [0000000001000000] KR=0180 [0000000110000000] EXT=00 COND=1 IDLE=1 IO=0000000000000000
FB=0840 [0000100001000000] SR=0100 R5=0 ROM=0000.0 PREG=0 RAMOP=- RAMREG=090 ROMOP=- ROMREG=09

062B 0A09 SET IDLE
A=0000000000000000 B=0000000000030000 C=0000000000000000 D=0000000000001000 E=0000000000000000
FA=0040 [0000000001000000] KR=0180 [0000000110000000] EXT=00 COND=1 IDLE=1 IO=0000000000000000
FB=0840 [0000100001000000] SR=0100 R5=0 ROM=0000.0 PREG=0 RAMOP=- RAMREG=090 ROMOP=- ROMREG=09

062C 0AE0 WAIT D14
A=0000000000000000 B=0000000000030000 C=0000000000000000 D=0000000000001000 E=0000000000000000
FA=0040 [0000000001000000] KR=0180 [0000000110000000] EXT=00 COND=1 IDLE=1 IO=0000000000000000
FB=0840 [0000100001000000] SR=0100 R5=0 ROM=0000.0 PREG=0 RAMOP=- RAMREG=090 ROMOP=- ROMREG=09

062D 0820 ?KEY 20
A=0000000000000000 B=0000000000030000 C=0000000000000000 D=0000000000001000 E=0000000000000000
FA=0040 [0000000001000000] KR=0180 [0000000110000000] EXT=00 COND=1 IDLE=1 IO=0000000000000000
FB=0840 [0000100001000000] SR=0100 R5=0 ROM=0000.0 PREG=0 RAMOP=- RAMREG=090 ROMOP=- ROMREG=09

062E 180C BRC 0634 +006
A=0000000000000000 B=0000000000030000 C=0000000000000000 D=0000000000001000 E=0000000000000000
FA=0040 [0000000001000000] KR=0180 [0000000110000000] EXT=00 COND=0 IDLE=1 IO=0000000000000000
FB=0840 [0000100001000000] SR=0100 R5=0 ROM=0000.0 PREG=0 RAMOP=- RAMREG=090 ROMOP=- ROMREG=09

062F 0A45 ?TFKR 4
A=0000000000000000 B=0000000000030000 C=0000000000000000 D=0000000000001000 E=0000000000000000
FA=0040 [0000000001000000] KR=0180 [0000000110000000] EXT=00 COND=1 IDLE=1 IO=0000000000000000
FB=0840 [0000100001000000] SR=0100 R5=0 ROM=0000.0 PREG=0 RAMOP=- RAMREG=090 ROMOP=- ROMREG=09

0630 0A55 ?TFKR 5
A=0000000000000000 B=0000000000030000 C=0000000000000000 D=0000000000001000 E=0000000000000000
FA=0040 [0000000001000000] KR=0180 [0000000110000000] EXT=00 COND=1 IDLE=1 IO=0000000000000000
FB=0840 [0000100001000000] SR=0100 R5=0 ROM=0000.0 PREG=0 RAMOP=- RAMREG=090 ROMOP=- ROMREG=09

0631 0A65 ?TFKR 6
A=0000000000000000 B=0000000000030000 C=0000000000000000 D=0000000000001000 E=0000000000000000
FA=0040 [0000000001000000] KR=0180 [0000000110000000] EXT=00 COND=1 IDLE=1 IO=0000000000000000
FB=0840 [0000100001000000] SR=0100 R5=0 ROM=0000.0 PREG=0 RAMOP=- RAMREG=090 ROMOP=- ROMREG=09

0632 0A75 ?TFKR 7
A=0000000000000000 B=0000000000030000 C=0000000000000000 D=0000000000001000 E=0000000000000000
FA=0040 [0000000001000000] KR=0180 [0000000110000000] EXT=00 COND=1 IDLE=1 IO=0000000000000000
FB=0840 [0000100001000000] SR=0100 R5=0 ROM=0000.0 PREG=0 RAMOP=- RAMREG=090 ROMOP=- ROMREG=09

0633 1019 BRNC 0627 -00C
A=0000000000000000 B=0000000000030000 C=0000000000000000 D=0000000000001000 E=0000000000000000
FA=0040 [0000000001000000] KR=0180 [0000000110000000] EXT=00 COND=0 IDLE=1 IO=0000000000000000
FB=0840 [0000100001000000] SR=0100 R5=0 ROM=0000.0 PREG=0 RAMOP=- RAMREG=090 ROMOP=- ROMREG=09

0627 0A98 PRTSTEP
A=0000000000000000 B=0000000000030000 C=0000000000000000 D=0000000000001000 E=0000000000000000
FA=0040 [0000000001000000] KR=0180 [0000000110000000] EXT=00 COND=1 IDLE=1 IO=0000000000000000
FB=0840 [0000100001000000] SR=0100 R5=0 ROM=0000.0 PREG=0 RAMOP=- RAMREG=090 ROMOP=- ROMREG=09

0628 0A0B ?BUSY
A=0000000000000000 B=0000000000030000 C=0000000000000000 D=0000000000001000 E=0000000000000000
FA=0040 [0000000001000000] KR=0180 [0000000110000000] EXT=00 COND=1 IDLE=1 IO=0000000000000000
FB=0840 [0000100001000000] SR=0100 R5=0 ROM=0000.0 PREG=0 RAMOP=- RAMREG=090 ROMOP=- ROMREG=09

0629 1005 BRNC 0627 -002
A=0000000000000000 B=0000000000030000 C=0000000000000000 D=0000000000001000 E=0000000000000000
FA=0040 [0000000001000000] KR=0180 [0000000110000000] EXT=00 COND=1 IDLE=1 IO=0000000000000000
FB=0840 [0000100001000000] SR=0100 R5=0 ROM=0000.0 PREG=0 RAMOP=- RAMREG=090 ROMOP=- ROMREG=09

062A 0A10 WAIT D1
A=0000000000000000 B=0000000000030000 C=0000000000000000 D=0000000000001000 E=0000000000000000
FA=0040 [0000000001000000] KR=0180 [0000000110000000] EXT=00 COND=1 IDLE=1 IO=0000000000000000
FB=0840 [0000100001000000] SR=0100 R5=0 ROM=0000.0 PREG=0 RAMOP=- RAMREG=090 ROMOP=- ROMREG=09

062B 0A09 SET IDLE
A=0000000000000000 B=0000000000030000 C=0000000000000000 D=0000000000001000 E=0000000000000000
FA=0040 [0000000001000000] KR=0180 [0000000110000000] EXT=00 COND=1 IDLE=1 IO=0000000000000000
FB=0840 [0000100001000000] SR=0100 R5=0 ROM=0000.0 PREG=0 RAMOP=- RAMREG=090 ROMOP=- ROMREG=09

062C 0AE0 WAIT D14
A=0000000000000000 B=0000000000030000 C=0000000000000000 D=0000000000001000 E=0000000000000000
FA=0040 [0000000001000000] KR=0180 [0000000110000000] EXT=00 COND=1 IDLE=1 IO=0000000000000000
FB=0840 [0000100001000000] SR=0100 R5=0 ROM=0000.0 PREG=0 RAMOP=- RAMREG=090 ROMOP=- ROMREG=09

062D 0820 ?KEY 20
A=0000000000000000 B=0000000000030000 C=0000000000000000 D=0000000000001000 E=0000000000000000
FA=0040 [0000000001000000] KR=0180 [0000000110000000] EXT=00 COND=1 IDLE=1 IO=0000000000000000
FB=0840 [0000100001000000] SR=0100 R5=0 ROM=0000.0 PREG=0 RAMOP=- RAMREG=090 ROMOP=- ROMREG=09

062E 180C BRC 0634 +006
A=0000000000000000 B=0000000000030000 C=0000000000000000 D=0000000000001000 E=0000000000000000
FA=0040 [0000000001000000] KR=0180 [0000000110000000] EXT=00 COND=0 IDLE=1 IO=0000000000000000
FB=0840 [0000100001000000] SR=0100 R5=0 ROM=0000.0 PREG=0 RAMOP=- RAMREG=090 ROMOP=- ROMREG=09

062F 0A45 ?TFKR 4
A=0000000000000000 B=0000000000030000 C=0000000000000000 D=0000000000001000 E=0000000000000000
FA=0040 [0000000001000000] KR=0180 [0000000110000000] EXT=00 COND=1 IDLE=1 IO=0000000000000000
FB=0840 [0000100001000000] SR=0100 R5=0 ROM=0000.0 PREG=0 RAMOP=- RAMREG=090 ROMOP=- ROMREG=09

0630 0A55 ?TFKR 5
A=0000000000000000 B=0000000000030000 C=0000000000000000 D=0000000000001000 E=0000000000000000
FA=0040 [0000000001000000] KR=0180 [0000000110000000] EXT=00 COND=1 IDLE=1 IO=0000000000000000
FB=0840 [0000100001000000] SR=0100 R5=0 ROM=0000.0 PREG=0 RAMOP=- RAMREG=090 ROMOP=- ROMREG=09

0631 0A65 ?TFKR 6
A=0000000000000000 B=0000000000030000 C=0000000000000000 D=0000000000001000 E=0000000000000000
FA=0040 [0000000001000000] KR=0180 [0000000110000000] EXT=00 COND=1 IDLE=1 IO=0000000000000000
FB=0840 [0000100001000000] SR=0100 R5=0 ROM=0000.0 PREG=0 RAMOP=- RAMREG=090 ROMOP=- ROMREG=09

0632 0A75 ?TFKR 7
A=0000000000000000 B=0000000000030000 C=0000000000000000 D=0000000000001000 E=0000000000000000
FA=0040 [0000000001000000] KR=0180 [0000000110000000] EXT=00 COND=1 IDLE=1 IO=0000000000000000
FB=0840 [0000100001000000] SR=0100 R5=0 ROM=0000.0 PREG=0 RAMOP=- RAMREG=090 ROMOP=- ROMREG=09

0633 1019 BRNC 0627 -00C
A=0000000000000000 B=0000000000030000 C=0000000000000000 D=0000000000001000 E=0000000000000000
FA=0040 [0000000001000000] KR=0180 [0000000110000000] EXT=00 COND=0 IDLE=1 IO=0000000000000000
FB=0840 [0000100001000000] SR=0100 R5=0 ROM=0000.0 PREG=0 RAMOP=- RAMREG=090 ROMOP=- ROMREG=09

0627 0A98 PRTSTEP
A=0000000000000000 B=0000000000030000 C=0000000000000000 D=0000000000001000 E=0000000000000000
FA=0040 [0000000001000000] KR=0180 [0000000110000000] EXT=00 COND=1 IDLE=1 IO=0000000000000000
FB=0840 [0000100001000000] SR=0100 R5=0 ROM=0000.0 PREG=0 RAMOP=- RAMREG=090 ROMOP=- ROMREG=09

0628 0A0B ?BUSY
A=0000000000000000 B=0000000000030000 C=0000000000000000 D=0000000000001000 E=0000000000000000
FA=0040 [0000000001000000] KR=0180 [0000000110000000] EXT=00 COND=1 IDLE=1 IO=0000000000000000
FB=0840 [0000100001000000] SR=0100 R5=0 ROM=0000.0 PREG=0 RAMOP=- RAMREG=090 ROMOP=- ROMREG=09

0629 1005 BRNC 0627 -002
A=0000000000000000 B=0000000000030000 C=0000000000000000 D=0000000000001000 E=0000000000000000
FA=0040 [0000000001000000] KR=0180 [0000000110000000] EXT=00 COND=1 IDLE=1 IO=0000000000000000
FB=0840 [0000100001000000] SR=0100 R5=0 ROM=0000.0 PREG=0 RAMOP=- RAMREG=090 ROMOP=- ROMREG=09

062A 0A10 WAIT D1
A=0000000000000000 B=0000000000030000 C=0000000000000000 D=0000000000001000 E=0000000000000000
FA=0040 [0000000001000000] KR=0180 [0000000110000000] EXT=00 COND=1 IDLE=1 IO=0000000000000000
FB=0840 [0000100001000000] SR=0100 R5=0 ROM=0000.0 PREG=0 RAMOP=- RAMREG=090 ROMOP=- ROMREG=09

062B 0A09 SET IDLE
A=0000000000000000 B=0000000000030000 C=0000000000000000 D=0000000000001000 E=0000000000000000
FA=0040 [0000000001000000] KR=0180 [0000000110000000] EXT=00 COND=1 IDLE=1 IO=0000000000000000
FB=0840 [0000100001000000] SR=0100 R5=0 ROM=0000.0 PREG=0 RAMOP=- RAMREG=090 ROMOP=- ROMREG=09

062C 0AE0 WAIT D14
A=0000000000000000 B=0000000000030000 C=0000000000000000 D=0000000000001000 E=0000000000000000
FA=0040 [0000000001000000] KR=0180 [0000000110000000] EXT=00 COND=1 IDLE=1 IO=0000000000000000
FB=0840 [0000100001000000] SR=0100 R5=0 ROM=0000.0 PREG=0 RAMOP=- RAMREG=090 ROMOP=- ROMREG=09

062D 0820 ?KEY 20
A=0000000000000000 B=0000000000030000 C=0000000000000000 D=0000000000001000 E=0000000000000000
FA=0040 [0000000001000000] KR=0180 [0000000110000000] EXT=00 COND=1 IDLE=1 IO=0000000000000000
FB=0840 [0000100001000000] SR=0100 R5=0 ROM=0000.0 PREG=0 RAMOP=- RAMREG=090 ROMOP=- ROMREG=09

062E 180C BRC 0634 +006
A=0000000000000000 B=0000000000030000 C=0000000000000000 D=0000000000001000 E=0000000000000000
FA=0040 [0000000001000000] KR=0180 [0000000110000000] EXT=00 COND=0 IDLE=1 IO=0000000000000000
FB=0840 [0000100001000000] SR=0100 R5=0 ROM=0000.0 PREG=0 RAMOP=- RAMREG=090 ROMOP=- ROMREG=09

062F 0A45 ?TFKR 4
A=0000000000000000 B=0000000000030000 C=0000000000000000 D=0000000000001000 E=0000000000000000
FA=0040 [0000000001000000] KR=0180 [0000000110000000] EXT=00 COND=1 IDLE=1 IO=0000000000000000
FB=0840 [0000100001000000] SR=0100 R5=0 ROM=0000.0 PREG=0 RAMOP=- RAMREG=090 ROMOP=- ROMREG=09

0630 0A55 ?TFKR 5
A=0000000000000000 B=0000000000030000 C=0000000000000000 D=0000000000001000 E=0000000000000000
FA=0040 [0000000001000000] KR=0180 [0000000110000000] EXT=00 COND=1 IDLE=1 IO=0000000000000000
FB=0840 [0000100001000000] SR=0100 R5=0 ROM=0000.0 PREG=0 RAMOP=- RAMREG=090 ROMOP=- ROMREG=09

0631 0A65 ?TFKR 6
A=0000000000000000 B=0000000000030000 C=0000000000000000 D=0000000000001000 E=0000000000000000
FA=0040 [0000000001000000] KR=0180 [0000000110000000] EXT=00 COND=1 IDLE=1 IO=0000000000000000
FB=0840 [0000100001000000] SR=0100 R5=0 ROM=0000.0 PREG=0 RAMOP=- RAMREG=090 ROMOP=- ROMREG=09

0632 0A75 ?TFKR 7
A=0000000000000000 B=0000000000030000 C=0000000000000000 D=0000000000001000 E=0000000000000000
FA=0040 [0000000001000000] KR=0180 [0000000110000000] EXT=00 COND=1 IDLE=1 IO=0000000000000000
FB=0840 [0000100001000000] SR=0100 R5=0 ROM=0000.0 PREG=0 RAMOP=- RAMREG=090 ROMOP=- ROMREG=09

0633 1019 BRNC 0627 -00C
A=0000000000000000 B=0000000000030000 C=0000000000000000 D=0000000000001000 E=0000000000000000
FA=0040 [0000000001000000] KR=0180 [0000000110000000] EXT=00 COND=0 IDLE=1 IO=0000000000000000
FB=0840 [0000100001000000] SR=0100 R5=0 ROM=0000.0 PREG=0 RAMOP=- RAMREG=090 ROMOP=- ROMREG=09

0627 0A98 PRTSTEP
A=0000000000000000 B=0000000000030000 C=0000000000000000 D=0000000000001000 E=0000000000000000
FA=0040 [0000000001000000] KR=0180 [0000000110000000] EXT=00 COND=1 IDLE=1 IO=0000000000000000
FB=0840 [0000100001000000] SR=0100 R5=0 ROM=0000.0 PREG=0 RAMOP=- RAMREG=090 ROMOP=- ROMREG=09

0628 0A0B ?BUSY
A=0000000000000000 B=0000000000030000 C=0000000000000000 D=0000000000001000 E=0000000000000000
FA=0040 [0000000001000000] KR=0180 [0000000110000000] EXT=00 COND=1 IDLE=1 IO=0000000000000000
FB=0840 [0000100001000000] SR=0100 R5=0 ROM=0000.0 PREG=0 RAMOP=- RAMREG=090 ROMOP=- ROMREG=09

0629 1005 BRNC 0627 -002
A=0000000000000000 B=0000000000030000 C=0000000000000000 D=0000000000001000 E=0000000000000000
FA=0040 [0000000001000000] KR=0180 [0000000110000000] EXT=00 COND=1 IDLE=1 IO=0000000000000000
FB=0840 [0000100001000000] SR=0100 R5=0 ROM=0000.0 PREG=0 RAMOP=- RAMREG=090 ROMOP=- ROMREG=09

062A 0A10 WAIT D1
A=0000000000000000 B=0000000000030000 C=0000000000000000 D=0000000000001000 E=0000000000000000
FA=0040 [0000000001000000] KR=0180 [0000000110000000] EXT=00 COND=1 IDLE=1 IO=0000000000000000
FB=0840 [0000100001000000] SR=0100 R5=0 ROM=0000.0 PREG=0 RAMOP=- RAMREG=090 ROMOP=- ROMREG=09

062B 0A09 SET IDLE
A=0000000000000000 B=0000000000030000 C=0000000000000000 D=0000000000001000 E=0000000000000000
FA=0040 [0000000001000000] KR=0180 [0000000110000000] EXT=00 COND=1 IDLE=1 IO=0000000000000000
FB=0840 [0000100001000000] SR=0100 R5=0 ROM=0000.0 PREG=0 RAMOP=- RAMREG=090 ROMOP=- ROMREG=09

062C 0AE0 WAIT D14
A=0000000000000000 B=0000000000030000 C=0000000000000000 D=0000000000001000 E=0000000000000000
FA=0040 [0000000001000000] KR=0180 [0000000110000000] EXT=00 COND=1 IDLE=1 IO=0000000000000000
FB=0840 [0000100001000000] SR=0100 R5=0 ROM=0000.0 PREG=0 RAMOP=- RAMREG=090 ROMOP=- ROMREG=09

062D 0820 ?KEY 20
A=0000000000000000 B=0000000000030000 C=0000000000000000 D=0000000000001000 E=0000000000000000
FA=0040 [0000000001000000] KR=0180 [0000000110000000] EXT=00 COND=1 IDLE=1 IO=0000000000000000
FB=0840 [0000100001000000] SR=0100 R5=0 ROM=0000.0 PREG=0 RAMOP=- RAMREG=090 ROMOP=- ROMREG=09

062E 180C BRC 0634 +006
A=0000000000000000 B=0000000000030000 C=0000000000000000 D=0000000000001000 E=0000000000000000
FA=0040 [0000000001000000] KR=0180 [0000000110000000] EXT=00 COND=0 IDLE=1 IO=0000000000000000
FB=0840 [0000100001000000] SR=0100 R5=0 ROM=0000.0 PREG=0 RAMOP=- RAMREG=090 ROMOP=- ROMREG=09

062F 0A45 ?TFKR 4
A=0000000000000000 B=0000000000030000 C=0000000000000000 D=0000000000001000 E=0000000000000000
FA=0040 [0000000001000000] KR=0180 [0000000110000000] EXT=00 COND=1 IDLE=1 IO=0000000000000000
FB=0840 [0000100001000000] SR=0100 R5=0 ROM=0000.0 PREG=0 RAMOP=- RAMREG=090 ROMOP=- ROMREG=09

0630 0A55 ?TFKR 5
A=0000000000000000 B=0000000000030000 C=0000000000000000 D=0000000000001000 E=0000000000000000
FA=0040 [0000000001000000] KR=0180 [0000000110000000] EXT=00 COND=1 IDLE=1 IO=0000000000000000
FB=0840 [0000100001000000] SR=0100 R5=0 ROM=0000.0 PREG=0 RAMOP=- RAMREG=090 ROMOP=- ROMREG=09

0631 0A65 ?TFKR 6
A=0000000000000000 B=0000000000030000 C=0000000000000000 D=0000000000001000 E=0000000000000000
FA=0040 [0000000001000000] KR=0180 [0000000110000000] EXT=00 COND=1 IDLE=1 IO=0000000000000000
FB=0840 [0000100001000000] SR=0100 R5=0 ROM=0000.0 PREG=0 RAMOP=- RAMREG=090 ROMOP=- ROMREG=09

0632 0A75 ?TFKR 7
A=0000000000000000 B=0000000000030000 C=0000000000000000 D=0000000000001000 E=0000000000000000
FA=0040 [0000000001000000] KR=0180 [0000000110000000] EXT=00 COND=1 IDLE=1 IO=0000000000000000
FB=0840 [0000100001000000] SR=0100 R5=0 ROM=0000.0 PREG=0 RAMOP=- RAMREG=090 ROMOP=- ROMREG=09

0633 1019 BRNC 0627 -00C
A=0000000000000000 B=0000000000030000 C=0000000000000000 D=0000000000001000 E=0000000000000000
FA=0040 [0000000001000000] KR=0180 [0000000110000000] EXT=00 COND=0 IDLE=1 IO=0000000000000000
FB=0840 [0000100001000000] SR=0100 R5=0 ROM=0000.0 PREG=0 RAMOP=- RAMREG=090 ROMOP=- ROMREG=09

0627 0A98 PRTSTEP
A=0000000000000000 B=0000000000030000 C=0000000000000000 D=0000000000001000 E=0000000000000000
FA=0040 [0000000001000000] KR=0180 [0000000110000000] EXT=00 COND=1 IDLE=1 IO=0000000000000000
FB=0840 [0000100001000000] SR=0100 R5=0 ROM=0000.0 PREG=0 RAMOP=- RAMREG=090 ROMOP=- ROMREG=09

0628 0A0B ?BUSY
A=0000000000000000 B=0000000000030000 C=0000000000000000 D=0000000000001000 E=0000000000000000
FA=0040 [0000000001000000] KR=0180 [0000000110000000] EXT=00 COND=1 IDLE=1 IO=0000000000000000
FB=0840 [0000100001000000] SR=0100 R5=0 ROM=0000.0 PREG=0 RAMOP=- RAMREG=090 ROMOP=- ROMREG=09

0629 1005 BRNC 0627 -002
A=0000000000000000 B=0000000000030000 C=0000000000000000 D=0000000000001000 E=0000000000000000
FA=0040 [0000000001000000] KR=0180 [0000000110000000] EXT=00 COND=1 IDLE=1 IO=0000000000000000
FB=0840 [0000100001000000] SR=0100 R5=0 ROM=0000.0 PREG=0 RAMOP=- RAMREG=090 ROMOP=- ROMREG=09

062A 0A10 WAIT D1
A=0000000000000000 B=0000000000030000 C=0000000000000000 D=0000000000001000 E=0000000000000000
FA=0040 [0000000001000000] KR=0180 [0000000110000000] EXT=00 COND=1 IDLE=1 IO=0000000000000000
FB=0840 [0000100001000000] SR=0100 R5=0 ROM=0000.0 PREG=0 RAMOP=- RAMREG=090 ROMOP=- ROMREG=09

062B 0A09 SET IDLE
A=0000000000000000 B=0000000000030000 C=0000000000000000 D=0000000000001000 E=0000000000000000
FA=0040 [0000000001000000] KR=0180 [0000000110000000] EXT=00 COND=1 IDLE=1 IO=0000000000000000
FB=0840 [0000100001000000] SR=0100 R5=0 ROM=0000.0 PREG=0 RAMOP=- RAMREG=090 ROMOP=- ROMREG=09

062C 0AE0 WAIT D14
A=0000000000000000 B=0000000000030000 C=0000000000000000 D=0000000000001000 E=0000000000000000
FA=0040 [0000000001000000] KR=0180 [0000000110000000] EXT=00 COND=1 IDLE=1 IO=0000000000000000
FB=0840 [0000100001000000] SR=0100 R5=0 ROM=0000.0 PREG=0 RAMOP=- RAMREG=090 ROMOP=- ROMREG=09

062D 0820 ?KEY 20
A=0000000000000000 B=0000000000030000 C=0000000000000000 D=0000000000001000 E=0000000000000000
FA=0040 [0000000001000000] KR=0180 [0000000110000000] EXT=00 COND=1 IDLE=1 IO=0000000000000000
FB=0840 [0000100001000000] SR=0100 R5=0 ROM=0000.0 PREG=0 RAMOP=- RAMREG=090 ROMOP=- ROMREG=09

062E 180C BRC 0634 +006
A=0000000000000000 B=0000000000030000 C=0000000000000000 D=0000000000001000 E=0000000000000000
FA=0040 [0000000001000000] KR=0180 [0000000110000000] EXT=00 COND=0 IDLE=1 IO=0000000000000000
FB=0840 [0000100001000000] SR=0100 R5=0 ROM=0000.0 PREG=0 RAMOP=- RAMREG=090 ROMOP=- ROMREG=09

062F 0A45 ?TFKR 4
A=0000000000000000 B=0000000000030000 C=0000000000000000 D=0000000000001000 E=0000000000000000
FA=0040 [0000000001000000] KR=0180 [0000000110000000] EXT=00 COND=1 IDLE=1 IO=0000000000000000
FB=0840 [0000100001000000] SR=0100 R5=0 ROM=0000.0 PREG=0 RAMOP=- RAMREG=090 ROMOP=- ROMREG=09

0630 0A55 ?TFKR 5
A=0000000000000000 B=0000000000030000 C=0000000000000000 D=0000000000001000 E=0000000000000000
FA=0040 [0000000001000000] KR=0180 [0000000110000000] EXT=00 COND=1 IDLE=1 IO=0000000000000000
FB=0840 [0000100001000000] SR=0100 R5=0 ROM=0000.0 PREG=0 RAMOP=- RAMREG=090 ROMOP=- ROMREG=09

0631 0A65 ?TFKR 6
A=0000000000000000 B=0000000000030000 C=0000000000000000 D=0000000000001000 E=0000000000000000
FA=0040 [0000000001000000] KR=0180 [0000000110000000] EXT=00 COND=1 IDLE=1 IO=0000000000000000
FB=0840 [0000100001000000] SR=0100 R5=0 ROM=0000.0 PREG=0 RAMOP=- RAMREG=090 ROMOP=- ROMREG=09

0632 0A75 ?TFKR 7
A=0000000000000000 B=0000000000030000 C=0000000000000000 D=0000000000001000 E=0000000000000000
FA=0040 [0000000001000000] KR=0180 [0000000110000000] EXT=00 COND=1 IDLE=1 IO=0000000000000000
FB=0840 [0000100001000000] SR=0100 R5=0 ROM=0000.0 PREG=0 RAMOP=- RAMREG=090 ROMOP=- ROMREG=09

0633 1019 BRNC 0627 -00C
A=0000000000000000 B=0000000000030000 C=0000000000000000 D=0000000000001000 E=0000000000000000
FA=0040 [0000000001000000] KR=0180 [0000000110000000] EXT=00 COND=0 IDLE=1 IO=0000000000000000
FB=0840 [0000100001000000] SR=0100 R5=0 ROM=0000.0 PREG=0 RAMOP=- RAMREG=090 ROMOP=- ROMREG=09

0627 0A98 PRTSTEP
A=0000000000000000 B=0000000000030000 C=0000000000000000 D=0000000000001000 E=0000000000000000
FA=0040 [0000000001000000] KR=0180 [0000000110000000] EXT=00 COND=1 IDLE=1 IO=0000000000000000
FB=0840 [0000100001000000] SR=0100 R5=0 ROM=0000.0 PREG=0 RAMOP=- RAMREG=090 ROMOP=- ROMREG=09

0628 0A0B ?BUSY
A=0000000000000000 B=0000000000030000 C=0000000000000000 D=0000000000001000 E=0000000000000000
FA=0040 [0000000001000000] KR=0180 [0000000110000000] EXT=00 COND=1 IDLE=1 IO=0000000000000000
FB=0840 [0000100001000000] SR=0100 R5=0 ROM=0000.0 PREG=0 RAMOP=- RAMREG=090 ROMOP=- ROMREG=09

0629 1005 BRNC 0627 -002
A=0000000000000000 B=0000000000030000 C=0000000000000000 D=0000000000001000 E=0000000000000000
FA=0040 [0000000001000000] KR=0180 [0000000110000000] EXT=00 COND=1 IDLE=1 IO=0000000000000000
FB=0840 [0000100001000000] SR=0100 R5=0 ROM=0000.0 PREG=0 RAMOP=- RAMREG=090 ROMOP=- ROMREG=09

062A 0A10 WAIT D1
A=0000000000000000 B=0000000000030000 C=0000000000000000 D=0000000000001000 E=0000000000000000
FA=0040 [0000000001000000] KR=0180 [0000000110000000] EXT=00 COND=1 IDLE=1 IO=0000000000000000
FB=0840 [0000100001000000] SR=0100 R5=0 ROM=0000.0 PREG=0 RAMOP=- RAMREG=090 ROMOP=- ROMREG=09

062B 0A09 SET IDLE
A=0000000000000000 B=0000000000030000 C=0000000000000000 D=0000000000001000 E=0000000000000000
FA=0040 [0000000001000000] KR=0180 [0000000110000000] EXT=00 COND=1 IDLE=1 IO=0000000000000000
FB=0840 [0000100001000000] SR=0100 R5=0 ROM=0000.0 PREG=0 RAMOP=- RAMREG=090 ROMOP=- ROMREG=09

062C 0AE0 WAIT D14
A=0000000000000000 B=0000000000030000 C=0000000000000000 D=0000000000001000 E=0000000000000000
FA=0040 [0000000001000000] KR=0180 [0000000110000000] EXT=00 COND=1 IDLE=1 IO=0000000000000000
FB=0840 [0000100001000000] SR=0100 R5=0 ROM=0000.0 PREG=0 RAMOP=- RAMREG=090 ROMOP=- ROMREG=09

062D 0820 ?KEY 20
A=0000000000000000 B=0000000000030000 C=0000000000000000 D=0000000000001000 E=0000000000000000
FA=0040 [0000000001000000] KR=0180 [0000000110000000] EXT=00 COND=1 IDLE=1 IO=0000000000000000
FB=0840 [0000100001000000] SR=0100 R5=0 ROM=0000.0 PREG=0 RAMOP=- RAMREG=090 ROMOP=- ROMREG=09

062E 180C BRC 0634 +006
A=0000000000000000 B=0000000000030000 C=0000000000000000 D=0000000000001000 E=0000000000000000
FA=0040 [0000000001000000] KR=0180 [0000000110000000] EXT=00 COND=0 IDLE=1 IO=0000000000000000
FB=0840 [0000100001000000] SR=0100 R5=0 ROM=0000.0 PREG=0 RAMOP=- RAMREG=090 ROMOP=- ROMREG=09

062F 0A45 ?TFKR 4
A=0000000000000000 B=0000000000030000 C=0000000000000000 D=0000000000001000 E=0000000000000000
FA=0040 [0000000001000000] KR=0180 [0000000110000000] EXT=00 COND=1 IDLE=1 IO=0000000000000000
FB=0840 [0000100001000000] SR=0100 R5=0 ROM=0000.0 PREG=0 RAMOP=- RAMREG=090 ROMOP=- ROMREG=09

0630 0A55 ?TFKR 5
A=0000000000000000 B=0000000000030000 C=0000000000000000 D=0000000000001000 E=0000000000000000
FA=0040 [0000000001000000] KR=0180 [0000000110000000] EXT=00 COND=1 IDLE=1 IO=0000000000000000
FB=0840 [0000100001000000] SR=0100 R5=0 ROM=0000.0 PREG=0 RAMOP=- RAMREG=090 ROMOP=- ROMREG=09

0631 0A65 ?TFKR 6
A=0000000000000000 B=0000000000030000 C=0000000000000000 D=0000000000001000 E=0000000000000000
FA=0040 [0000000001000000] KR=0180 [0000000110000000] EXT=00 COND=1 IDLE=1 IO=0000000000000000
FB=0840 [0000100001000000] SR=0100 R5=0 ROM=0000.0 PREG=0 RAMOP=- RAMREG=090 ROMOP=- ROMREG=09

0632 0A75 ?TFKR 7
A=0000000000000000 B=0000000000030000 C=0000000000000000 D=0000000000001000 E=0000000000000000
FA=0040 [0000000001000000] KR=0180 [0000000110000000] EXT=00 COND=1 IDLE=1 IO=0000000000000000
FB=0840 [0000100001000000] SR=0100 R5=0 ROM=0000.0 PREG=0 RAMOP=- RAMREG=090 ROMOP=- ROMREG=09

0633 1019 BRNC 0627 -00C
A=0000000000000000 B=0000000000030000 C=0000000000000000 D=0000000000001000 E=0000000000000000
FA=0040 [0000000001000000] KR=0180 [0000000110000000] EXT=00 COND=0 IDLE=1 IO=0000000000000000
FB=0840 [0000100001000000] SR=0100 R5=0 ROM=0000.0 PREG=0 RAMOP=- RAMREG=090 ROMOP=- ROMREG=09

0627 0A98 PRTSTEP
A=0000000000000000 B=0000000000030000 C=0000000000000000 D=0000000000001000 E=0000000000000000
FA=0040 [0000000001000000] KR=0180 [0000000110000000] EXT=00 COND=1 IDLE=1 IO=0000000000000000
FB=0840 [0000100001000000] SR=0100 R5=0 ROM=0000.0 PREG=0 RAMOP=- RAMREG=090 ROMOP=- ROMREG=09

0628 0A0B ?BUSY
A=0000000000000000 B=0000000000030000 C=0000000000000000 D=0000000000001000 E=0000000000000000
FA=0040 [0000000001000000] KR=0180 [0000000110000000] EXT=00 COND=1 IDLE=1 IO=0000000000000000
FB=0840 [0000100001000000] SR=0100 R5=0 ROM=0000.0 PREG=0 RAMOP=- RAMREG=090 ROMOP=- ROMREG=09

0629 1005 BRNC 0627 -002
A=0000000000000000 B=0000000000030000 C=0000000000000000 D=0000000000001000 E=0000000000000000
FA=0040 [0000000001000000] KR=0180 [0000000110000000] EXT=00 COND=1 IDLE=1 IO=0000000000000000
FB=0840 [0000100001000000] SR=0100 R5=0 ROM=0000.0 PREG=0 RAMOP=- RAMREG=090 ROMOP=- ROMREG=09

062A 0A10 WAIT D1
A=0000000000000000 B=0000000000030000 C=0000000000000000 D=0000000000001000 E=0000000000000000
FA=0040 [0000000001000000] KR=0180 [0000000110000000] EXT=00 COND=1 IDLE=1 IO=0000000000000000
FB=0840 [0000100001000000] SR=0100 R5=0 ROM=0000.0 PREG=0 RAMOP=- RAMREG=090 ROMOP=- ROMREG=09

062B 0A09 SET IDLE
A=0000000000000000 B=0000000000030000 C=0000000000000000 D=0000000000001000 E=0000000000000000
FA=0040 [0000000001000000] KR=0180 [0000000110000000] EXT=00 COND=1 IDLE=1 IO=0000000000000000
FB=0840 [0000100001000000] SR=0100 R5=0 ROM=0000.0 PREG=0 RAMOP=- RAMREG=090 ROMOP=- ROMREG=09

062C 0AE0 WAIT D14
A=0000000000000000 B=0000000000030000 C=0000000000000000 D=0000000000001000 E=0000000000000000
FA=0040 [0000000001000000] KR=0180 [0000000110000000] EXT=00 COND=1 IDLE=1 IO=0000000000000000
FB=0840 [0000100001000000] SR=0100 R5=0 ROM=0000.0 PREG=0 RAMOP=- RAMREG=090 ROMOP=- ROMREG=09

062D 0820 ?KEY 20
A=0000000000000000 B=0000000000030000 C=0000000000000000 D=0000000000001000 E=0000000000000000
FA=0040 [0000000001000000] KR=0180 [0000000110000000] EXT=00 COND=1 IDLE=1 IO=0000000000000000
FB=0840 [0000100001000000] SR=0100 R5=0 ROM=0000.0 PREG=0 RAMOP=- RAMREG=090 ROMOP=- ROMREG=09

062E 180C BRC 0634 +006
A=0000000000000000 B=0000000000030000 C=0000000000000000 D=0000000000001000 E=0000000000000000
FA=0040 [0000000001000000] KR=0180 [0000000110000000] EXT=00 COND=0 IDLE=1 IO=0000000000000000
FB=0840 [0000100001000000] SR=0100 R5=0 ROM=0000.0 PREG=0 RAMOP=- RAMREG=090 ROMOP=- ROMREG=09

062F 0A45 ?TFKR 4
A=0000000000000000 B=0000000000030000 C=0000000000000000 D=0000000000001000 E=0000000000000000
FA=0040 [0000000001000000] KR=0180 [0000000110000000] EXT=00 COND=1 IDLE=1 IO=0000000000000000
FB=0840 [0000100001000000] SR=0100 R5=0 ROM=0000.0 PREG=0 RAMOP=- RAMREG=090 ROMOP=- ROMREG=09

0630 0A55 ?TFKR 5
A=0000000000000000 B=0000000000030000 C=0000000000000000 D=0000000000001000 E=0000000000000000
FA=0040 [0000000001000000] KR=0180 [0000000110000000] EXT=00 COND=1 IDLE=1 IO=0000000000000000
FB=0840 [0000100001000000] SR=0100 R5=0 ROM=0000.0 PREG=0 RAMOP=- RAMREG=090 ROMOP=- ROMREG=09

0631 0A65 ?TFKR 6
A=0000000000000000 B=0000000000030000 C=0000000000000000 D=0000000000001000 E=0000000000000000
FA=0040 [0000000001000000] KR=0180 [0000000110000000] EXT=00 COND=1 IDLE=1 IO=0000000000000000
FB=0840 [0000100001000000] SR=0100 R5=0 ROM=0000.0 PREG=0 RAMOP=- RAMREG=090 ROMOP=- ROMREG=09

0632 0A75 ?TFKR 7
A=0000000000000000 B=0000000000030000 C=0000000000000000 D=0000000000001000 E=0000000000000000
FA=0040 [0000000001000000] KR=0180 [0000000110000000] EXT=00 COND=1 IDLE=1 IO=0000000000000000
FB=0840 [0000100001000000] SR=0100 R5=0 ROM=0000.0 PREG=0 RAMOP=- RAMREG=090 ROMOP=- ROMREG=09

0633 1019 BRNC 0627 -00C
A=0000000000000000 B=0000000000030000 C=0000000000000000 D=0000000000001000 E=0000000000000000
FA=0040 [0000000001000000] KR=0180 [0000000110000000] EXT=00 COND=0 IDLE=1 IO=0000000000000000
FB=0840 [0000100001000000] SR=0100 R5=0 ROM=0000.0 PREG=0 RAMOP=- RAMREG=090 ROMOP=- ROMREG=09

0627 0A98 PRTSTEP
A=0000000000000000 B=0000000000030000 C=0000000000000000 D=0000000000001000 E=0000000000000000
FA=0040 [0000000001000000] KR=0180 [0000000110000000] EXT=00 COND=1 IDLE=1 IO=0000000000000000
FB=0840 [0000100001000000] SR=0100 R5=0 ROM=0000.0 PREG=0 RAMOP=- RAMREG=090 ROMOP=- ROMREG=09

0628 0A0B ?BUSY
A=0000000000000000 B=0000000000030000 C=0000000000000000 D=0000000000001000 E=0000000000000000
FA=0040 [0000000001000000] KR=0180 [0000000110000000] EXT=00 COND=1 IDLE=1 IO=0000000000000000
FB=0840 [0000100001000000] SR=0100 R5=0 ROM=0000.0 PREG=0 RAMOP=- RAMREG=090 ROMOP=- ROMREG=09

0629 1005 BRNC 0627 -002
A=0000000000000000 B=0000000000030000 C=0000000000000000 D=0000000000001000 E=0000000000000000
FA=0040 [0000000001000000] KR=0180 [0000000110000000] EXT=00 COND=1 IDLE=1 IO=0000000000000000
FB=0840 [0000100001000000] SR=0100 R5=0 ROM=0000.0 PREG=0 RAMOP=- RAMREG=090 ROMOP=- ROMREG=09

062A 0A10 WAIT D1
A=0000000000000000 B=0000000000030000 C=0000000000000000 D=0000000000001000 E=0000000000000000
FA=0040 [0000000001000000] KR=0180 [0000000110000000] EXT=00 COND=1 IDLE=1 IO=0000000000000000
FB=0840 [0000100001000000] SR=0100 R5=0 ROM=0000.0 PREG=0 RAMOP=- RAMREG=090 ROMOP=- ROMREG=09

062B 0A09 SET IDLE
A=0000000000000000 B=0000000000030000 C=0000000000000000 D=0000000000001000 E=0000000000000000
FA=0040 [0000000001000000] KR=0180 [0000000110000000] EXT=00 COND=1 IDLE=1 IO=0000000000000000
FB=0840 [0000100001000000] SR=0100 R5=0 ROM=0000.0 PREG=0 RAMOP=- RAMREG=090 ROMOP=- ROMREG=09

062C 0AE0 WAIT D14
A=0000000000000000 B=0000000000030000 C=0000000000000000 D=0000000000001000 E=0000000000000000
FA=0040 [0000000001000000] KR=0180 [0000000110000000] EXT=00 COND=1 IDLE=1 IO=0000000000000000
FB=0840 [0000100001000000] SR=0100 R5=0 ROM=0000.0 PREG=0 RAMOP=- RAMREG=090 ROMOP=- ROMREG=09

062D 0820 ?KEY 20
A=0000000000000000 B=0000000000030000 C=0000000000000000 D=0000000000001000 E=0000000000000000
FA=0040 [0000000001000000] KR=0180 [0000000110000000] EXT=00 COND=1 IDLE=1 IO=0000000000000000
FB=0840 [0000100001000000] SR=0100 R5=0 ROM=0000.0 PREG=0 RAMOP=- RAMREG=090 ROMOP=- ROMREG=09

062E 180C BRC 0634 +006
A=0000000000000000 B=0000000000030000 C=0000000000000000 D=0000000000001000 E=0000000000000000
FA=0040 [0000000001000000] KR=0180 [0000000110000000] EXT=00 COND=0 IDLE=1 IO=0000000000000000
FB=0840 [0000100001000000] SR=0100 R5=0 ROM=0000.0 PREG=0 RAMOP=- RAMREG=090 ROMOP=- ROMREG=09

062F 0A45 ?TFKR 4
A=0000000000000000 B=0000000000030000 C=0000000000000000 D=0000000000001000 E=0000000000000000
FA=0040 [0000000001000000] KR=0180 [0000000110000000] EXT=00 COND=1 IDLE=1 IO=0000000000000000
FB=0840 [0000100001000000] SR=0100 R5=0 ROM=0000.0 PREG=0 RAMOP=- RAMREG=090 ROMOP=- ROMREG=09

0630 0A55 ?TFKR 5
A=0000000000000000 B=0000000000030000 C=0000000000000000 D=0000000000001000 E=0000000000000000
FA=0040 [0000000001000000] KR=0180 [0000000110000000] EXT=00 COND=1 IDLE=1 IO=0000000000000000
FB=0840 [0000100001000000] SR=0100 R5=0 ROM=0000.0 PREG=0 RAMOP=- RAMREG=090 ROMOP=- ROMREG=09

0631 0A65 ?TFKR 6
A=0000000000000000 B=0000000000030000 C=0000000000000000 D=0000000000001000 E=0000000000000000
FA=0040 [0000000001000000] KR=0180 [0000000110000000] EXT=00 COND=1 IDLE=1 IO=0000000000000000
FB=0840 [0000100001000000] SR=0100 R5=0 ROM=0000.0 PREG=0 RAMOP=- RAMREG=090 ROMOP=- ROMREG=09

0632 0A75 ?TFKR 7
A=0000000000000000 B=0000000000030000 C=0000000000000000 D=0000000000001000 E=0000000000000000
FA=0040 [0000000001000000] KR=0180 [0000000110000000] EXT=00 COND=1 IDLE=1 IO=0000000000000000
FB=0840 [0000100001000000] SR=0100 R5=0 ROM=0000.0 PREG=0 RAMOP=- RAMREG=090 ROMOP=- ROMREG=09

0633 1019 BRNC 0627 -00C
A=0000000000000000 B=0000000000030000 C=0000000000000000 D=0000000000001000 E=0000000000000000
FA=0040 [0000000001000000] KR=0180 [0000000110000000] EXT=00 COND=0 IDLE=1 IO=0000000000000000
FB=0840 [0000100001000000] SR=0100 R5=0 ROM=0000.0 PREG=0 RAMOP=- RAMREG=090 ROMOP=- ROMREG=09

0627 0A98 PRTSTEP
A=0000000000000000 B=0000000000030000 C=0000000000000000 D=0000000000001000 E=0000000000000000
FA=0040 [0000000001000000] KR=0180 [0000000110000000] EXT=00 COND=1 IDLE=1 IO=0000000000000000
FB=0840 [0000100001000000] SR=0100 R5=0 ROM=0000.0 PREG=0 RAMOP=- RAMREG=090 ROMOP=- ROMREG=09

0628 0A0B ?BUSY
A=0000000000000000 B=0000000000030000 C=0000000000000000 D=0000000000001000 E=0000000000000000
FA=0040 [0000000001000000] KR=0180 [0000000110000000] EXT=00 COND=1 IDLE=1 IO=0000000000000000
FB=0840 [0000100001000000] SR=0100 R5=0 ROM=0000.0 PREG=0 RAMOP=- RAMREG=090 ROMOP=- ROMREG=09

0629 1005 BRNC 0627 -002
A=0000000000000000 B=0000000000030000 C=0000000000000000 D=0000000000001000 E=0000000000000000
FA=0040 [0000000001000000] KR=0180 [0000000110000000] EXT=00 COND=1 IDLE=1 IO=0000000000000000
FB=0840 [0000100001000000] SR=0100 R5=0 ROM=0000.0 PREG=0 RAMOP=- RAMREG=090 ROMOP=- ROMREG=09

062A 0A10 WAIT D1
A=0000000000000000 B=0000000000030000 C=0000000000000000 D=0000000000001000 E=0000000000000000
FA=0040 [0000000001000000] KR=0180 [0000000110000000] EXT=00 COND=1 IDLE=1 IO=0000000000000000
FB=0840 [0000100001000000] SR=0100 R5=0 ROM=0000.0 PREG=0 RAMOP=- RAMREG=090 ROMOP=- ROMREG=09

062B 0A09 SET IDLE
A=0000000000000000 B=0000000000030000 C=0000000000000000 D=0000000000001000 E=0000000000000000
FA=0040 [0000000001000000] KR=0180 [0000000110000000] EXT=00 COND=1 IDLE=1 IO=0000000000000000
FB=0840 [0000100001000000] SR=0100 R5=0 ROM=0000.0 PREG=0 RAMOP=- RAMREG=090 ROMOP=- ROMREG=09

062C 0AE0 WAIT D14
A=0000000000000000 B=0000000000030000 C=0000000000000000 D=0000000000001000 E=0000000000000000
FA=0040 [0000000001000000] KR=0180 [0000000110000000] EXT=00 COND=1 IDLE=1 IO=0000000000000000
FB=0840 [0000100001000000] SR=0100 R5=0 ROM=0000.0 PREG=0 RAMOP=- RAMREG=090 ROMOP=- ROMREG=09

062D 0820 ?KEY 20
A=0000000000000000 B=0000000000030000 C=0000000000000000 D=0000000000001000 E=0000000000000000
FA=0040 [0000000001000000] KR=0180 [0000000110000000] EXT=00 COND=1 IDLE=1 IO=0000000000000000
FB=0840 [0000100001000000] SR=0100 R5=0 ROM=0000.0 PREG=0 RAMOP=- RAMREG=090 ROMOP=- ROMREG=09

062E 180C BRC 0634 +006
A=0000000000000000 B=0000000000030000 C=0000000000000000 D=0000000000001000 E=0000000000000000
FA=0040 [0000000001000000] KR=0180 [0000000110000000] EXT=00 COND=0 IDLE=1 IO=0000000000000000
FB=0840 [0000100001000000] SR=0100 R5=0 ROM=0000.0 PREG=0 RAMOP=- RAMREG=090 ROMOP=- ROMREG=09

062F 0A45 ?TFKR 4
A=0000000000000000 B=0000000000030000 C=0000000000000000 D=0000000000001000 E=0000000000000000
FA=0040 [0000000001000000] KR=0180 [0000000110000000] EXT=00 COND=1 IDLE=1 IO=0000000000000000
FB=0840 [0000100001000000] SR=0100 R5=0 ROM=0000.0 PREG=0 RAMOP=- RAMREG=090 ROMOP=- ROMREG=09

0630 0A55 ?TFKR 5
A=0000000000000000 B=0000000000030000 C=0000000000000000 D=0000000000001000 E=0000000000000000
FA=0040 [0000000001000000] KR=0180 [0000000110000000] EXT=00 COND=1 IDLE=1 IO=0000000000000000
FB=0840 [0000100001000000] SR=0100 R5=0 ROM=0000.0 PREG=0 RAMOP=- RAMREG=090 ROMOP=- ROMREG=09

0631 0A65 ?TFKR 6
A=0000000000000000 B=0000000000030000 C=0000000000000000 D=0000000000001000 E=0000000000000000
FA=0040 [0000000001000000] KR=0180 [0000000110000000] EXT=00 COND=1 IDLE=1 IO=0000000000000000
FB=0840 [0000100001000000] SR=0100 R5=0 ROM=0000.0 PREG=0 RAMOP=- RAMREG=090 ROMOP=- ROMREG=09

0632 0A75 ?TFKR 7
A=0000000000000000 B=0000000000030000 C=0000000000000000 D=0000000000001000 E=0000000000000000
FA=0040 [0000000001000000] KR=0180 [0000000110000000] EXT=00 COND=1 IDLE=1 IO=0000000000000000
FB=0840 [0000100001000000] SR=0100 R5=0 ROM=0000.0 PREG=0 RAMOP=- RAMREG=090 ROMOP=- ROMREG=09

0633 1019 BRNC 0627 -00C
A=0000000000000000 B=0000000000030000 C=0000000000000000 D=0000000000001000 E=0000000000000000
FA=0040 [0000000001000000] KR=0180 [0000000110000000] EXT=00 COND=0 IDLE=1 IO=0000000000000000
FB=0840 [0000100001000000] SR=0100 R5=0 ROM=0000.0 PREG=0 RAMOP=- RAMREG=090 ROMOP=- ROMREG=09

0627 0A98 PRTSTEP
A=0000000000000000 B=0000000000030000 C=0000000000000000 D=0000000000001000 E=0000000000000000
FA=0040 [0000000001000000] KR=0180 [0000000110000000] EXT=00 COND=1 IDLE=1 IO=0000000000000000
FB=0840 [0000100001000000] SR=0100 R5=0 ROM=0000.0 PREG=0 RAMOP=- RAMREG=090 ROMOP=- ROMREG=09

0628 0A0B ?BUSY
A=0000000000000000 B=0000000000030000 C=0000000000000000 D=0000000000001000 E=0000000000000000
FA=0040 [0000000001000000] KR=0180 [0000000110000000] EXT=00 COND=1 IDLE=1 IO=0000000000000000
FB=0840 [0000100001000000] SR=0100 R5=0 ROM=0000.0 PREG=0 RAMOP=- RAMREG=090 ROMOP=- ROMREG=09

0629 1005 BRNC 0627 -002
A=0000000000000000 B=0000000000030000 C=0000000000000000 D=0000000000001000 E=0000000000000000
FA=0040 [0000000001000000] KR=0180 [0000000110000000] EXT=00 COND=1 IDLE=1 IO=0000000000000000
FB=0840 [0000100001000000] SR=0100 R5=0 ROM=0000.0 PREG=0 RAMOP=- RAMREG=090 ROMOP=- ROMREG=09

062A 0A10 WAIT D1
A=0000000000000000 B=0000000000030000 C=0000000000000000 D=0000000000001000 E=0000000000000000
FA=0040 [0000000001000000] KR=0180 [0000000110000000] EXT=00 COND=1 IDLE=1 IO=0000000000000000
FB=0840 [0000100001000000] SR=0100 R5=0 ROM=0000.0 PREG=0 RAMOP=- RAMREG=090 ROMOP=- ROMREG=09

062B 0A09 SET IDLE
A=0000000000000000 B=0000000000030000 C=0000000000000000 D=0000000000001000 E=0000000000000000
FA=0040 [0000000001000000] KR=0180 [0000000110000000] EXT=00 COND=1 IDLE=1 IO=0000000000000000
FB=0840 [0000100001000000] SR=0100 R5=0 ROM=0000.0 PREG=0 RAMOP=- RAMREG=090 ROMOP=- ROMREG=09

062C 0AE0 WAIT D14
A=0000000000000000 B=0000000000030000 C=0000000000000000 D=0000000000001000 E=0000000000000000
FA=0040 [0000000001000000] KR=0180 [0000000110000000] EXT=00 COND=1 IDLE=1 IO=0000000000000000
FB=0840 [0000100001000000] SR=0100 R5=0 ROM=0000.0 PREG=0 RAMOP=- RAMREG=090 ROMOP=- ROMREG=09

062D 0820 ?KEY 20
A=0000000000000000 B=0000000000030000 C=0000000000000000 D=0000000000001000 E=0000000000000000
FA=0040 [0000000001000000] KR=0180 [0000000110000000] EXT=00 COND=1 IDLE=1 IO=0000000000000000
FB=0840 [0000100001000000] SR=0100 R5=0 ROM=0000.0 PREG=0 RAMOP=- RAMREG=090 ROMOP=- ROMREG=09

062E 180C BRC 0634 +006
A=0000000000000000 B=0000000000030000 C=0000000000000000 D=0000000000001000 E=0000000000000000
FA=0040 [0000000001000000] KR=0180 [0000000110000000] EXT=00 COND=0 IDLE=1 IO=0000000000000000
FB=0840 [0000100001000000] SR=0100 R5=0 ROM=0000.0 PREG=0 RAMOP=- RAMREG=090 ROMOP=- ROMREG=09

062F 0A45 ?TFKR 4
A=0000000000000000 B=0000000000030000 C=0000000000000000 D=0000000000001000 E=0000000000000000
FA=0040 [0000000001000000] KR=0180 [0000000110000000] EXT=00 COND=1 IDLE=1 IO=0000000000000000
FB=0840 [0000100001000000] SR=0100 R5=0 ROM=0000.0 PREG=0 RAMOP=- RAMREG=090 ROMOP=- ROMREG=09

0630 0A55 ?TFKR 5
A=0000000000000000 B=0000000000030000 C=0000000000000000 D=0000000000001000 E=0000000000000000
FA=0040 [0000000001000000] KR=0180 [0000000110000000] EXT=00 COND=1 IDLE=1 IO=0000000000000000
FB=0840 [0000100001000000] SR=0100 R5=0 ROM=0000.0 PREG=0 RAMOP=- RAMREG=090 ROMOP=- ROMREG=09

0631 0A65 ?TFKR 6
A=0000000000000000 B=0000000000030000 C=0000000000000000 D=0000000000001000 E=0000000000000000
FA=0040 [0000000001000000] KR=0180 [0000000110000000] EXT=00 COND=1 IDLE=1 IO=0000000000000000
FB=0840 [0000100001000000] SR=0100 R5=0 ROM=0000.0 PREG=0 RAMOP=- RAMREG=090 ROMOP=- ROMREG=09

0632 0A75 ?TFKR 7
A=0000000000000000 B=0000000000030000 C=0000000000000000 D=0000000000001000 E=0000000000000000
FA=0040 [0000000001000000] KR=0180 [0000000110000000] EXT=00 COND=1 IDLE=1 IO=0000000000000000
FB=0840 [0000100001000000] SR=0100 R5=0 ROM=0000.0 PREG=0 RAMOP=- RAMREG=090 ROMOP=- ROMREG=09

0633 1019 BRNC 0627 -00C
A=0000000000000000 B=0000000000030000 C=0000000000000000 D=0000000000001000 E=0000000000000000
FA=0040 [0000000001000000] KR=0180 [0000000110000000] EXT=00 COND=0 IDLE=1 IO=0000000000000000
FB=0840 [0000100001000000] SR=0100 R5=0 ROM=0000.0 PREG=0 RAMOP=- RAMREG=090 ROMOP=- ROMREG=09

0627 0A98 PRTSTEP
A=0000000000000000 B=0000000000030000 C=0000000000000000 D=0000000000001000 E=0000000000000000
FA=0040 [0000000001000000] KR=0180 [0000000110000000] EXT=00 COND=1 IDLE=1 IO=0000000000000000
FB=0840 [0000100001000000] SR=0100 R5=0 ROM=0000.0 PREG=0 RAMOP=- RAMREG=090 ROMOP=- ROMREG=09

0628 0A0B ?BUSY
A=0000000000000000 B=0000000000030000 C=0000000000000000 D=0000000000001000 E=0000000000000000
FA=0040 [0000000001000000] KR=0180 [0000000110000000] EXT=00 COND=1 IDLE=1 IO=0000000000000000
FB=0840 [0000100001000000] SR=0100 R5=0 ROM=0000.0 PREG=0 RAMOP=- RAMREG=090 ROMOP=- ROMREG=09

0629 1005 BRNC 0627 -002
A=0000000000000000 B=0000000000030000 C=0000000000000000 D=0000000000001000 E=0000000000000000
FA=0040 [0000000001000000] KR=0180 [0000000110000000] EXT=00 COND=1 IDLE=1 IO=0000000000000000
FB=0840 [0000100001000000] SR=0100 R5=0 ROM=0000.0 PREG=0 RAMOP=- RAMREG=090 ROMOP=- ROMREG=09

062A 0A10 WAIT D1
A=0000000000000000 B=0000000000030000 C=0000000000000000 D=0000000000001000 E=0000000000000000
FA=0040 [0000000001000000] KR=0180 [0000000110000000] EXT=00 COND=1 IDLE=1 IO=0000000000000000
FB=0840 [0000100001000000] SR=0100 R5=0 ROM=0000.0 PREG=0 RAMOP=- RAMREG=090 ROMOP=- ROMREG=09

062B 0A09 SET IDLE
A=0000000000000000 B=0000000000030000 C=0000000000000000 D=0000000000001000 E=0000000000000000
FA=0040 [0000000001000000] KR=0180 [0000000110000000] EXT=00 COND=1 IDLE=1 IO=0000000000000000
FB=0840 [0000100001000000] SR=0100 R5=0 ROM=0000.0 PREG=0 RAMOP=- RAMREG=090 ROMOP=- ROMREG=09

062C 0AE0 WAIT D14
A=0000000000000000 B=0000000000030000 C=0000000000000000 D=0000000000001000 E=0000000000000000
FA=0040 [0000000001000000] KR=0180 [0000000110000000] EXT=00 COND=1 IDLE=1 IO=0000000000000000
FB=0840 [0000100001000000] SR=0100 R5=0 ROM=0000.0 PREG=0 RAMOP=- RAMREG=090 ROMOP=- ROMREG=09

062D 0820 ?KEY 20
A=0000000000000000 B=0000000000030000 C=0000000000000000 D=0000000000001000 E=0000000000000000
FA=0040 [0000000001000000] KR=0180 [0000000110000000] EXT=00 COND=1 IDLE=1 IO=0000000000000000
FB=0840 [0000100001000000] SR=0100 R5=0 ROM=0000.0 PREG=0 RAMOP=- RAMREG=090 ROMOP=- ROMREG=09

062E 180C BRC 0634 +006
A=0000000000000000 B=0000000000030000 C=0000000000000000 D=0000000000001000 E=0000000000000000
FA=0040 [0000000001000000] KR=0180 [0000000110000000] EXT=00 COND=0 IDLE=1 IO=0000000000000000
FB=0840 [0000100001000000] SR=0100 R5=0 ROM=0000.0 PREG=0 RAMOP=- RAMREG=090 ROMOP=- ROMREG=09

062F 0A45 ?TFKR 4
A=0000000000000000 B=0000000000030000 C=0000000000000000 D=0000000000001000 E=0000000000000000
FA=0040 [0000000001000000] KR=0180 [0000000110000000] EXT=00 COND=1 IDLE=1 IO=0000000000000000
FB=0840 [0000100001000000] SR=0100 R5=0 ROM=0000.0 PREG=0 RAMOP=- RAMREG=090 ROMOP=- ROMREG=09

0630 0A55 ?TFKR 5
A=0000000000000000 B=0000000000030000 C=0000000000000000 D=0000000000001000 E=0000000000000000
FA=0040 [0000000001000000] KR=0180 [0000000110000000] EXT=00 COND=1 IDLE=1 IO=0000000000000000
FB=0840 [0000100001000000] SR=0100 R5=0 ROM=0000.0 PREG=0 RAMOP=- RAMREG=090 ROMOP=- ROMREG=09

0631 0A65 ?TFKR 6
A=0000000000000000 B=0000000000030000 C=0000000000000000 D=0000000000001000 E=0000000000000000
FA=0040 [0000000001000000] KR=0180 [0000000110000000] EXT=00 COND=1 IDLE=1 IO=0000000000000000
FB=0840 [0000100001000000] SR=0100 R5=0 ROM=0000.0 PREG=0 RAMOP=- RAMREG=090 ROMOP=- ROMREG=09

0632 0A75 ?TFKR 7
A=0000000000000000 B=0000000000030000 C=0000000000000000 D=0000000000001000 E=0000000000000000
FA=0040 [0000000001000000] KR=0180 [0000000110000000] EXT=00 COND=1 IDLE=1 IO=0000000000000000
FB=0840 [0000100001000000] SR=0100 R5=0 ROM=0000.0 PREG=0 RAMOP=- RAMREG=090 ROMOP=- ROMREG=09

0633 1019 BRNC 0627 -00C
A=0000000000000000 B=0000000000030000 C=0000000000000000 D=0000000000001000 E=0000000000000000
FA=0040 [0000000001000000] KR=0180 [0000000110000000] EXT=00 COND=0 IDLE=1 IO=0000000000000000
FB=0840 [0000100001000000] SR=0100 R5=0 ROM=0000.0 PREG=0 RAMOP=- RAMREG=090 ROMOP=- ROMREG=09

0627 0A98 PRTSTEP
A=0000000000000000 B=0000000000030000 C=0000000000000000 D=0000000000001000 E=0000000000000000
FA=0040 [0000000001000000] KR=0180 [0000000110000000] EXT=00 COND=1 IDLE=1 IO=0000000000000000
FB=0840 [0000100001000000] SR=0100 R5=0 ROM=0000.0 PREG=0 RAMOP=- RAMREG=090 ROMOP=- ROMREG=09

0628 0A0B ?BUSY
A=0000000000000000 B=0000000000030000 C=0000000000000000 D=0000000000001000 E=0000000000000000
FA=0040 [0000000001000000] KR=0180 [0000000110000000] EXT=00 COND=1 IDLE=1 IO=0000000000000000
FB=0840 [0000100001000000] SR=0100 R5=0 ROM=0000.0 PREG=0 RAMOP=- RAMREG=090 ROMOP=- ROMREG=09

0629 1005 BRNC 0627 -002
A=0000000000000000 B=0000000000030000 C=0000000000000000 D=0000000000001000 E=0000000000000000
FA=0040 [0000000001000000] KR=0180 [0000000110000000] EXT=00 COND=1 IDLE=1 IO=0000000000000000
FB=0840 [0000100001000000] SR=0100 R5=0 ROM=0000.0 PREG=0 RAMOP=- RAMREG=090 ROMOP=- ROMREG=09

062A 0A10 WAIT D1
A=0000000000000000 B=0000000000030000 C=0000000000000000 D=0000000000001000 E=0000000000000000
FA=0040 [0000000001000000] KR=0180 [0000000110000000] EXT=00 COND=1 IDLE=1 IO=0000000000000000
FB=0840 [0000100001000000] SR=0100 R5=0 ROM=0000.0 PREG=0 RAMOP=- RAMREG=090 ROMOP=- ROMREG=09

062B 0A09 SET IDLE
A=0000000000000000 B=0000000000030000 C=0000000000000000 D=0000000000001000 E=0000000000000000
FA=0040 [0000000001000000] KR=0180 [0000000110000000] EXT=00 COND=1 IDLE=1 IO=0000000000000000
FB=0840 [0000100001000000] SR=0100 R5=0 ROM=0000.0 PREG=0 RAMOP=- RAMREG=090 ROMOP=- ROMREG=09

062C 0AE0 WAIT D14
A=0000000000000000 B=0000000000030000 C=0000000000000000 D=0000000000001000 E=0000000000000000
FA=0040 [0000000001000000] KR=0180 [0000000110000000] EXT=00 COND=1 IDLE=1 IO=0000000000000000
FB=0840 [0000100001000000] SR=0100 R5=0 ROM=0000.0 PREG=0 RAMOP=- RAMREG=090 ROMOP=- ROMREG=09

062D 0820 ?KEY 20
A=0000000000000000 B=0000000000030000 C=0000000000000000 D=0000000000001000 E=0000000000000000
FA=0040 [0000000001000000] KR=0180 [0000000110000000] EXT=00 COND=1 IDLE=1 IO=0000000000000000
FB=0840 [0000100001000000] SR=0100 R5=0 ROM=0000.0 PREG=0 RAMOP=- RAMREG=090 ROMOP=- ROMREG=09

062E 180C BRC 0634 +006
A=0000000000000000 B=0000000000030000 C=0000000000000000 D=0000000000001000 E=0000000000000000
FA=0040 [0000000001000000] KR=0180 [0000000110000000] EXT=00 COND=0 IDLE=1 IO=0000000000000000
FB=0840 [0000100001000000] SR=0100 R5=0 ROM=0000.0 PREG=0 RAMOP=- RAMREG=090 ROMOP=- ROMREG=09

062F 0A45 ?TFKR 4
A=0000000000000000 B=0000000000030000 C=0000000000000000 D=0000000000001000 E=0000000000000000
FA=0040 [0000000001000000] KR=0180 [0000000110000000] EXT=00 COND=1 IDLE=1 IO=0000000000000000
FB=0840 [0000100001000000] SR=0100 R5=0 ROM=0000.0 PREG=0 RAMOP=- RAMREG=090 ROMOP=- ROMREG=09

0630 0A55 ?TFKR 5
A=0000000000000000 B=0000000000030000 C=0000000000000000 D=0000000000001000 E=0000000000000000
FA=0040 [0000000001000000] KR=0180 [0000000110000000] EXT=00 COND=1 IDLE=1 IO=0000000000000000
FB=0840 [0000100001000000] SR=0100 R5=0 ROM=0000.0 PREG=0 RAMOP=- RAMREG=090 ROMOP=- ROMREG=09

0631 0A65 ?TFKR 6
A=0000000000000000 B=0000000000030000 C=0000000000000000 D=0000000000001000 E=0000000000000000
FA=0040 [0000000001000000] KR=0180 [0000000110000000] EXT=00 COND=1 IDLE=1 IO=0000000000000000
FB=0840 [0000100001000000] SR=0100 R5=0 ROM=0000.0 PREG=0 RAMOP=- RAMREG=090 ROMOP=- ROMREG=09

0632 0A75 ?TFKR 7
A=0000000000000000 B=0000000000030000 C=0000000000000000 D=0000000000001000 E=0000000000000000
FA=0040 [0000000001000000] KR=0180 [0000000110000000] EXT=00 COND=1 IDLE=1 IO=0000000000000000
FB=0840 [0000100001000000] SR=0100 R5=0 ROM=0000.0 PREG=0 RAMOP=- RAMREG=090 ROMOP=- ROMREG=09

0633 1019 BRNC 0627 -00C
A=0000000000000000 B=0000000000030000 C=0000000000000000 D=0000000000001000 E=0000000000000000
FA=0040 [0000000001000000] KR=0180 [0000000110000000] EXT=00 COND=0 IDLE=1 IO=0000000000000000
FB=0840 [0000100001000000] SR=0100 R5=0 ROM=0000.0 PREG=0 RAMOP=- RAMREG=090 ROMOP=- ROMREG=09

0627 0A98 PRTSTEP
A=0000000000000000 B=0000000000030000 C=0000000000000000 D=0000000000001000 E=0000000000000000
FA=0040 [0000000001000000] KR=0180 [0000000110000000] EXT=00 COND=1 IDLE=1 IO=0000000000000000
FB=0840 [0000100001000000] SR=0100 R5=0 ROM=0000.0 PREG=0 RAMOP=- RAMREG=090 ROMOP=- ROMREG=09

0628 0A0B ?BUSY
A=0000000000000000 B=0000000000030000 C=0000000000000000 D=0000000000001000 E=0000000000000000
FA=0040 [0000000001000000] KR=0180 [0000000110000000] EXT=00 COND=1 IDLE=1 IO=0000000000000000
FB=0840 [0000100001000000] SR=0100 R5=0 ROM=0000.0 PREG=0 RAMOP=- RAMREG=090 ROMOP=- ROMREG=09

0629 1005 BRNC 0627 -002
A=0000000000000000 B=0000000000030000 C=0000000000000000 D=0000000000001000 E=0000000000000000
FA=0040 [0000000001000000] KR=0180 [0000000110000000] EXT=00 COND=1 IDLE=1 IO=0000000000000000
FB=0840 [0000100001000000] SR=0100 R5=0 ROM=0000.0 PREG=0 RAMOP=- RAMREG=090 ROMOP=- ROMREG=09

062A 0A10 WAIT D1
A=0000000000000000 B=0000000000030000 C=0000000000000000 D=0000000000001000 E=0000000000000000
FA=0040 [0000000001000000] KR=0180 [0000000110000000] EXT=00 COND=1 IDLE=1 IO=0000000000000000
FB=0840 [0000100001000000] SR=0100 R5=0 ROM=0000.0 PREG=0 RAMOP=- RAMREG=090 ROMOP=- ROMREG=09

062B 0A09 SET IDLE
A=0000000000000000 B=0000000000030000 C=0000000000000000 D=0000000000001000 E=0000000000000000
FA=0040 [0000000001000000] KR=0180 [0000000110000000] EXT=00 COND=1 IDLE=1 IO=0000000000000000
FB=0840 [0000100001000000] SR=0100 R5=0 ROM=0000.0 PREG=0 RAMOP=- RAMREG=090 ROMOP=- ROMREG=09

062C 0AE0 WAIT D14
A=0000000000000000 B=0000000000030000 C=0000000000000000 D=0000000000001000 E=0000000000000000
FA=0040 [0000000001000000] KR=0180 [0000000110000000] EXT=00 COND=1 IDLE=1 IO=0000000000000000
FB=0840 [0000100001000000] SR=0100 R5=0 ROM=0000.0 PREG=0 RAMOP=- RAMREG=090 ROMOP=- ROMREG=09

062D 0820 ?KEY 20
A=0000000000000000 B=0000000000030000 C=0000000000000000 D=0000000000001000 E=0000000000000000
FA=0040 [0000000001000000] KR=0180 [0000000110000000] EXT=00 COND=1 IDLE=1 IO=0000000000000000
FB=0840 [0000100001000000] SR=0100 R5=0 ROM=0000.0 PREG=0 RAMOP=- RAMREG=090 ROMOP=- ROMREG=09

062E 180C BRC 0634 +006
A=0000000000000000 B=0000000000030000 C=0000000000000000 D=0000000000001000 E=0000000000000000
FA=0040 [0000000001000000] KR=0180 [0000000110000000] EXT=00 COND=0 IDLE=1 IO=0000000000000000
FB=0840 [0000100001000000] SR=0100 R5=0 ROM=0000.0 PREG=0 RAMOP=- RAMREG=090 ROMOP=- ROMREG=09

062F 0A45 ?TFKR 4
A=0000000000000000 B=0000000000030000 C=0000000000000000 D=0000000000001000 E=0000000000000000
FA=0040 [0000000001000000] KR=0180 [0000000110000000] EXT=00 COND=1 IDLE=1 IO=0000000000000000
FB=0840 [0000100001000000] SR=0100 R5=0 ROM=0000.0 PREG=0 RAMOP=- RAMREG=090 ROMOP=- ROMREG=09

0630 0A55 ?TFKR 5
A=0000000000000000 B=0000000000030000 C=0000000000000000 D=0000000000001000 E=0000000000000000
FA=0040 [0000000001000000] KR=0180 [0000000110000000] EXT=00 COND=1 IDLE=1 IO=0000000000000000
FB=0840 [0000100001000000] SR=0100 R5=0 ROM=0000.0 PREG=0 RAMOP=- RAMREG=090 ROMOP=- ROMREG=09

0631 0A65 ?TFKR 6
A=0000000000000000 B=0000000000030000 C=0000000000000000 D=0000000000001000 E=0000000000000000
FA=0040 [0000000001000000] KR=0180 [0000000110000000] EXT=00 COND=1 IDLE=1 IO=0000000000000000
FB=0840 [0000100001000000] SR=0100 R5=0 ROM=0000.0 PREG=0 RAMOP=- RAMREG=090 ROMOP=- ROMREG=09

0632 0A75 ?TFKR 7
A=0000000000000000 B=0000000000030000 C=0000000000000000 D=0000000000001000 E=0000000000000000
FA=0040 [0000000001000000] KR=0180 [0000000110000000] EXT=00 COND=1 IDLE=1 IO=0000000000000000
FB=0840 [0000100001000000] SR=0100 R5=0 ROM=0000.0 PREG=0 RAMOP=- RAMREG=090 ROMOP=- ROMREG=09

0633 1019 BRNC 0627 -00C
A=0000000000000000 B=0000000000030000 C=0000000000000000 D=0000000000001000 E=0000000000000000
FA=0040 [0000000001000000] KR=0180 [0000000110000000] EXT=00 COND=0 IDLE=1 IO=0000000000000000
FB=0840 [0000100001000000] SR=0100 R5=0 ROM=0000.0 PREG=0 RAMOP=- RAMREG=090 ROMOP=- ROMREG=09

0627 0A98 PRTSTEP
A=0000000000000000 B=0000000000030000 C=0000000000000000 D=0000000000001000 E=0000000000000000
FA=0040 [0000000001000000] KR=0180 [0000000110000000] EXT=00 COND=1 IDLE=1 IO=0000000000000000
FB=0840 [0000100001000000] SR=0100 R5=0 ROM=0000.0 PREG=0 RAMOP=- RAMREG=090 ROMOP=- ROMREG=09

0628 0A0B ?BUSY
A=0000000000000000 B=0000000000030000 C=0000000000000000 D=0000000000001000 E=0000000000000000
FA=0040 [0000000001000000] KR=0180 [0000000110000000] EXT=00 COND=1 IDLE=1 IO=0000000000000000
FB=0840 [0000100001000000] SR=0100 R5=0 ROM=0000.0 PREG=0 RAMOP=- RAMREG=090 ROMOP=- ROMREG=09

0629 1005 BRNC 0627 -002
A=0000000000000000 B=0000000000030000 C=0000000000000000 D=0000000000001000 E=0000000000000000
FA=0040 [0000000001000000] KR=0180 [0000000110000000] EXT=00 COND=1 IDLE=1 IO=0000000000000000
FB=0840 [0000100001000000] SR=0100 R5=0 ROM=0000.0 PREG=0 RAMOP=- RAMREG=090 ROMOP=- ROMREG=09

062A 0A10 WAIT D1
A=0000000000000000 B=0000000000030000 C=0000000000000000 D=0000000000001000 E=0000000000000000
FA=0040 [0000000001000000] KR=0180 [0000000110000000] EXT=00 COND=1 IDLE=1 IO=0000000000000000
FB=0840 [0000100001000000] SR=0100 R5=0 ROM=0000.0 PREG=0 RAMOP=- RAMREG=090 ROMOP=- ROMREG=09

062B 0A09 SET IDLE
A=0000000000000000 B=0000000000030000 C=0000000000000000 D=0000000000001000 E=0000000000000000
FA=0040 [0000000001000000] KR=0180 [0000000110000000] EXT=00 COND=1 IDLE=1 IO=0000000000000000
FB=0840 [0000100001000000] SR=0100 R5=0 ROM=0000.0 PREG=0 RAMOP=- RAMREG=090 ROMOP=- ROMREG=09

062C 0AE0 WAIT D14
A=0000000000000000 B=0000000000030000 C=0000000000000000 D=0000000000001000 E=0000000000000000
FA=0040 [0000000001000000] KR=0180 [0000000110000000] EXT=00 COND=1 IDLE=1 IO=0000000000000000
FB=0840 [0000100001000000] SR=0100 R5=0 ROM=0000.0 PREG=0 RAMOP=- RAMREG=090 ROMOP=- ROMREG=09

062D 0820 ?KEY 20
A=0000000000000000 B=0000000000030000 C=0000000000000000 D=0000000000001000 E=0000000000000000
FA=0040 [0000000001000000] KR=0180 [0000000110000000] EXT=00 COND=1 IDLE=1 IO=0000000000000000
FB=0840 [0000100001000000] SR=0100 R5=0 ROM=0000.0 PREG=0 RAMOP=- RAMREG=090 ROMOP=- ROMREG=09

062E 180C BRC 0634 +006
A=0000000000000000 B=0000000000030000 C=0000000000000000 D=0000000000001000 E=0000000000000000
FA=0040 [0000000001000000] KR=0180 [0000000110000000] EXT=00 COND=0 IDLE=1 IO=0000000000000000
FB=0840 [0000100001000000] SR=0100 R5=0 ROM=0000.0 PREG=0 RAMOP=- RAMREG=090 ROMOP=- ROMREG=09

062F 0A45 ?TFKR 4
A=0000000000000000 B=0000000000030000 C=0000000000000000 D=0000000000001000 E=0000000000000000
FA=0040 [0000000001000000] KR=0180 [0000000110000000] EXT=00 COND=1 IDLE=1 IO=0000000000000000
FB=0840 [0000100001000000] SR=0100 R5=0 ROM=0000.0 PREG=0 RAMOP=- RAMREG=090 ROMOP=- ROMREG=09

0630 0A55 ?TFKR 5
A=0000000000000000 B=0000000000030000 C=0000000000000000 D=0000000000001000 E=0000000000000000
FA=0040 [0000000001000000] KR=0180 [0000000110000000] EXT=00 COND=1 IDLE=1 IO=0000000000000000
FB=0840 [0000100001000000] SR=0100 R5=0 ROM=0000.0 PREG=0 RAMOP=- RAMREG=090 ROMOP=- ROMREG=09

0631 0A65 ?TFKR 6
A=0000000000000000 B=0000000000030000 C=0000000000000000 D=0000000000001000 E=0000000000000000
FA=0040 [0000000001000000] KR=0180 [0000000110000000] EXT=00 COND=1 IDLE=1 IO=0000000000000000
FB=0840 [0000100001000000] SR=0100 R5=0 ROM=0000.0 PREG=0 RAMOP=- RAMREG=090 ROMOP=- ROMREG=09

0632 0A75 ?TFKR 7
A=0000000000000000 B=0000000000030000 C=0000000000000000 D=0000000000001000 E=0000000000000000
FA=0040 [0000000001000000] KR=0180 [0000000110000000] EXT=00 COND=1 IDLE=1 IO=0000000000000000
FB=0840 [0000100001000000] SR=0100 R5=0 ROM=0000.0 PREG=0 RAMOP=- RAMREG=090 ROMOP=- ROMREG=09

0633 1019 BRNC 0627 -00C
A=0000000000000000 B=0000000000030000 C=0000000000000000 D=0000000000001000 E=0000000000000000
FA=0040 [0000000001000000] KR=0180 [0000000110000000] EXT=00 COND=0 IDLE=1 IO=0000000000000000
FB=0840 [0000100001000000] SR=0100 R5=0 ROM=0000.0 PREG=0 RAMOP=- RAMREG=090 ROMOP=- ROMREG=09

0627 0A98 PRTSTEP
A=0000000000000000 B=0000000000030000 C=0000000000000000 D=0000000000001000 E=0000000000000000
FA=0040 [0000000001000000] KR=0180 [0000000110000000] EXT=00 COND=1 IDLE=1 IO=0000000000000000
FB=0840 [0000100001000000] SR=0100 R5=0 ROM=0000.0 PREG=0 RAMOP=- RAMREG=090 ROMOP=- ROMREG=09

0628 0A0B ?BUSY
A=0000000000000000 B=0000000000030000 C=0000000000000000 D=0000000000001000 E=0000000000000000
FA=0040 [0000000001000000] KR=0180 [0000000110000000] EXT=00 COND=1 IDLE=1 IO=0000000000000000
FB=0840 [0000100001000000] SR=0100 R5=0 ROM=0000.0 PREG=0 RAMOP=- RAMREG=090 ROMOP=- ROMREG=09

0629 1005 BRNC 0627 -002
A=0000000000000000 B=0000000000030000 C=0000000000000000 D=0000000000001000 E=0000000000000000
FA=0040 [0000000001000000] KR=0180 [0000000110000000] EXT=00 COND=1 IDLE=1 IO=0000000000000000
FB=0840 [0000100001000000] SR=0100 R5=0 ROM=0000.0 PREG=0 RAMOP=- RAMREG=090 ROMOP=- ROMREG=09

062A 0A10 WAIT D1
A=0000000000000000 B=0000000000030000 C=0000000000000000 D=0000000000001000 E=0000000000000000
FA=0040 [0000000001000000] KR=0180 [0000000110000000] EXT=00 COND=1 IDLE=1 IO=0000000000000000
FB=0840 [0000100001000000] SR=0100 R5=0 ROM=0000.0 PREG=0 RAMOP=- RAMREG=090 ROMOP=- ROMREG=09

062B 0A09 SET IDLE
A=0000000000000000 B=0000000000030000 C=0000000000000000 D=0000000000001000 E=0000000000000000
FA=0040 [0000000001000000] KR=0180 [0000000110000000] EXT=00 COND=1 IDLE=1 IO=0000000000000000
FB=0840 [0000100001000000] SR=0100 R5=0 ROM=0000.0 PREG=0 RAMOP=- RAMREG=090 ROMOP=- ROMREG=09

062C 0AE0 WAIT D14
A=0000000000000000 B=0000000000030000 C=0000000000000000 D=0000000000001000 E=0000000000000000
FA=0040 [0000000001000000] KR=0180 [0000000110000000] EXT=00 COND=1 IDLE=1 IO=0000000000000000
FB=0840 [0000100001000000] SR=0100 R5=0 ROM=0000.0 PREG=0 RAMOP=- RAMREG=090 ROMOP=- ROMREG=09

062D 0820 ?KEY 20
A=0000000000000000 B=0000000000030000 C=0000000000000000 D=0000000000001000 E=0000000000000000
FA=0040 [0000000001000000] KR=0180 [0000000110000000] EXT=00 COND=1 IDLE=1 IO=0000000000000000
FB=0840 [0000100001000000] SR=0100 R5=0 ROM=0000.0 PREG=0 RAMOP=- RAMREG=090 ROMOP=- ROMREG=09

062E 180C BRC 0634 +006
A=0000000000000000 B=0000000000030000 C=0000000000000000 D=0000000000001000 E=0000000000000000
FA=0040 [0000000001000000] KR=0180 [0000000110000000] EXT=00 COND=0 IDLE=1 IO=0000000000000000
FB=0840 [0000100001000000] SR=0100 R5=0 ROM=0000.0 PREG=0 RAMOP=- RAMREG=090 ROMOP=- ROMREG=09

062F 0A45 ?TFKR 4
A=0000000000000000 B=0000000000030000 C=0000000000000000 D=0000000000001000 E=0000000000000000
FA=0040 [0000000001000000] KR=0180 [0000000110000000] EXT=00 COND=1 IDLE=1 IO=0000000000000000
FB=0840 [0000100001000000] SR=0100 R5=0 ROM=0000.0 PREG=0 RAMOP=- RAMREG=090 ROMOP=- ROMREG=09

0630 0A55 ?TFKR 5
A=0000000000000000 B=0000000000030000 C=0000000000000000 D=0000000000001000 E=0000000000000000
FA=0040 [0000000001000000] KR=0180 [0000000110000000] EXT=00 COND=1 IDLE=1 IO=0000000000000000
FB=0840 [0000100001000000] SR=0100 R5=0 ROM=0000.0 PREG=0 RAMOP=- RAMREG=090 ROMOP=- ROMREG=09

0631 0A65 ?TFKR 6
A=0000000000000000 B=0000000000030000 C=0000000000000000 D=0000000000001000 E=0000000000000000
FA=0040 [0000000001000000] KR=0180 [0000000110000000] EXT=00 COND=1 IDLE=1 IO=0000000000000000
FB=0840 [0000100001000000] SR=0100 R5=0 ROM=0000.0 PREG=0 RAMOP=- RAMREG=090 ROMOP=- ROMREG=09

0632 0A75 ?TFKR 7
A=0000000000000000 B=0000000000030000 C=0000000000000000 D=0000000000001000 E=0000000000000000
FA=0040 [0000000001000000] KR=0180 [0000000110000000] EXT=00 COND=1 IDLE=1 IO=0000000000000000
FB=0840 [0000100001000000] SR=0100 R5=0 ROM=0000.0 PREG=0 RAMOP=- RAMREG=090 ROMOP=- ROMREG=09

0633 1019 BRNC 0627 -00C
A=0000000000000000 B=0000000000030000 C=0000000000000000 D=0000000000001000 E=0000000000000000
FA=0040 [0000000001000000] KR=0180 [0000000110000000] EXT=00 COND=0 IDLE=1 IO=0000000000000000
FB=0840 [0000100001000000] SR=0100 R5=0 ROM=0000.0 PREG=0 RAMOP=- RAMREG=090 ROMOP=- ROMREG=09

0627 0A98 PRTSTEP
A=0000000000000000 B=0000000000030000 C=0000000000000000 D=0000000000001000 E=0000000000000000
FA=0040 [0000000001000000] KR=0180 [0000000110000000] EXT=00 COND=1 IDLE=1 IO=0000000000000000
FB=0840 [0000100001000000] SR=0100 R5=0 ROM=0000.0 PREG=0 RAMOP=- RAMREG=090 ROMOP=- ROMREG=09

0628 0A0B ?BUSY
A=0000000000000000 B=0000000000030000 C=0000000000000000 D=0000000000001000 E=0000000000000000
FA=0040 [0000000001000000] KR=0180 [0000000110000000] EXT=00 COND=1 IDLE=1 IO=0000000000000000
FB=0840 [0000100001000000] SR=0100 R5=0 ROM=0000.0 PREG=0 RAMOP=- RAMREG=090 ROMOP=- ROMREG=09

0629 1005 BRNC 0627 -002
A=0000000000000000 B=0000000000030000 C=0000000000000000 D=0000000000001000 E=0000000000000000
FA=0040 [0000000001000000] KR=0180 [0000000110000000] EXT=00 COND=1 IDLE=1 IO=0000000000000000
FB=0840 [0000100001000000] SR=0100 R5=0 ROM=0000.0 PREG=0 RAMOP=- RAMREG=090 ROMOP=- ROMREG=09

062A 0A10 WAIT D1
A=0000000000000000 B=0000000000030000 C=0000000000000000 D=0000000000001000 E=0000000000000000
FA=0040 [0000000001000000] KR=0180 [0000000110000000] EXT=00 COND=1 IDLE=1 IO=0000000000000000
FB=0840 [0000100001000000] SR=0100 R5=0 ROM=0000.0 PREG=0 RAMOP=- RAMREG=090 ROMOP=- ROMREG=09

062B 0A09 SET IDLE
A=0000000000000000 B=0000000000030000 C=0000000000000000 D=0000000000001000 E=0000000000000000
FA=0040 [0000000001000000] KR=0180 [0000000110000000] EXT=00 COND=1 IDLE=1 IO=0000000000000000
FB=0840 [0000100001000000] SR=0100 R5=0 ROM=0000.0 PREG=0 RAMOP=- RAMREG=090 ROMOP=- ROMREG=09

062C 0AE0 WAIT D14
A=0000000000000000 B=0000000000030000 C=0000000000000000 D=0000000000001000 E=0000000000000000
FA=0040 [0000000001000000] KR=0180 [0000000110000000] EXT=00 COND=1 IDLE=1 IO=0000000000000000
FB=0840 [0000100001000000] SR=0100 R5=0 ROM=0000.0 PREG=0 RAMOP=- RAMREG=090 ROMOP=- ROMREG=09

062D 0820 ?KEY 20
A=0000000000000000 B=0000000000030000 C=0000000000000000 D=0000000000001000 E=0000000000000000
FA=0040 [0000000001000000] KR=0180 [0000000110000000] EXT=00 COND=1 IDLE=1 IO=0000000000000000
FB=0840 [0000100001000000] SR=0100 R5=0 ROM=0000.0 PREG=0 RAMOP=- RAMREG=090 ROMOP=- ROMREG=09

062E 180C BRC 0634 +006
A=0000000000000000 B=0000000000030000 C=0000000000000000 D=0000000000001000 E=0000000000000000
FA=0040 [0000000001000000] KR=0180 [0000000110000000] EXT=00 COND=0 IDLE=1 IO=0000000000000000
FB=0840 [0000100001000000] SR=0100 R5=0 ROM=0000.0 PREG=0 RAMOP=- RAMREG=090 ROMOP=- ROMREG=09

062F 0A45 ?TFKR 4
A=0000000000000000 B=0000000000030000 C=0000000000000000 D=0000000000001000 E=0000000000000000
FA=0040 [0000000001000000] KR=0180 [0000000110000000] EXT=00 COND=1 IDLE=1 IO=0000000000000000
FB=0840 [0000100001000000] SR=0100 R5=0 ROM=0000.0 PREG=0 RAMOP=- RAMREG=090 ROMOP=- ROMREG=09

0630 0A55 ?TFKR 5
A=0000000000000000 B=0000000000030000 C=0000000000000000 D=0000000000001000 E=0000000000000000
FA=0040 [0000000001000000] KR=0180 [0000000110000000] EXT=00 COND=1 IDLE=1 IO=0000000000000000
FB=0840 [0000100001000000] SR=0100 R5=0 ROM=0000.0 PREG=0 RAMOP=- RAMREG=090 ROMOP=- ROMREG=09

0631 0A65 ?TFKR 6
A=0000000000000000 B=0000000000030000 C=0000000000000000 D=0000000000001000 E=0000000000000000
FA=0040 [0000000001000000] KR=0180 [0000000110000000] EXT=00 COND=1 IDLE=1 IO=0000000000000000
FB=0840 [0000100001000000] SR=0100 R5=0 ROM=0000.0 PREG=0 RAMOP=- RAMREG=090 ROMOP=- ROMREG=09

0632 0A75 ?TFKR 7
A=0000000000000000 B=0000000000030000 C=0000000000000000 D=0000000000001000 E=0000000000000000
FA=0040 [0000000001000000] KR=0180 [0000000110000000] EXT=00 COND=1 IDLE=1 IO=0000000000000000
FB=0840 [0000100001000000] SR=0100 R5=0 ROM=0000.0 PREG=0 RAMOP=- RAMREG=090 ROMOP=- ROMREG=09

0633 1019 BRNC 0627 -00C
A=0000000000000000 B=0000000000030000 C=0000000000000000 D=0000000000001000 E=0000000000000000
FA=0040 [0000000001000000] KR=0180 [0000000110000000] EXT=00 COND=0 IDLE=1 IO=0000000000000000
FB=0840 [0000100001000000] SR=0100 R5=0 ROM=0000.0 PREG=0 RAMOP=- RAMREG=090 ROMOP=- ROMREG=09

0627 0A98 PRTSTEP
A=0000000000000000 B=0000000000030000 C=0000000000000000 D=0000000000001000 E=0000000000000000
FA=0040 [0000000001000000] KR=0180 [0000000110000000] EXT=00 COND=1 IDLE=1 IO=0000000000000000
FB=0840 [0000100001000000] SR=0100 R5=0 ROM=0000.0 PREG=0 RAMOP=- RAMREG=090 ROMOP=- ROMREG=09

0628 0A0B ?BUSY
A=0000000000000000 B=0000000000030000 C=0000000000000000 D=0000000000001000 E=0000000000000000
FA=0040 [0000000001000000] KR=0180 [0000000110000000] EXT=00 COND=1 IDLE=1 IO=0000000000000000
FB=0840 [0000100001000000] SR=0100 R5=0 ROM=0000.0 PREG=0 RAMOP=- RAMREG=090 ROMOP=- ROMREG=09

0629 1005 BRNC 0627 -002
A=0000000000000000 B=0000000000030000 C=0000000000000000 D=0000000000001000 E=0000000000000000
FA=0040 [0000000001000000] KR=0180 [0000000110000000] EXT=00 COND=1 IDLE=1 IO=0000000000000000
FB=0840 [0000100001000000] SR=0100 R5=0 ROM=0000.0 PREG=0 RAMOP=- RAMREG=090 ROMOP=- ROMREG=09

062A 0A10 WAIT D1
A=0000000000000000 B=0000000000030000 C=0000000000000000 D=0000000000001000 E=0000000000000000
FA=0040 [0000000001000000] KR=0180 [0000000110000000] EXT=00 COND=1 IDLE=1 IO=0000000000000000
FB=0840 [0000100001000000] SR=0100 R5=0 ROM=0000.0 PREG=0 RAMOP=- RAMREG=090 ROMOP=- ROMREG=09

062B 0A09 SET IDLE
A=0000000000000000 B=0000000000030000 C=0000000000000000 D=0000000000001000 E=0000000000000000
FA=0040 [0000000001000000] KR=0180 [0000000110000000] EXT=00 COND=1 IDLE=1 IO=0000000000000000
FB=0840 [0000100001000000] SR=0100 R5=0 ROM=0000.0 PREG=0 RAMOP=- RAMREG=090 ROMOP=- ROMREG=09

062C 0AE0 WAIT D14
A=0000000000000000 B=0000000000030000 C=0000000000000000 D=0000000000001000 E=0000000000000000
FA=0040 [0000000001000000] KR=0180 [0000000110000000] EXT=00 COND=1 IDLE=1 IO=0000000000000000
FB=0840 [0000100001000000] SR=0100 R5=0 ROM=0000.0 PREG=0 RAMOP=- RAMREG=090 ROMOP=- ROMREG=09

062D 0820 ?KEY 20
A=0000000000000000 B=0000000000030000 C=0000000000000000 D=0000000000001000 E=0000000000000000
FA=0040 [0000000001000000] KR=0180 [0000000110000000] EXT=00 COND=1 IDLE=1 IO=0000000000000000
FB=0840 [0000100001000000] SR=0100 R5=0 ROM=0000.0 PREG=0 RAMOP=- RAMREG=090 ROMOP=- ROMREG=09

062E 180C BRC 0634 +006
A=0000000000000000 B=0000000000030000 C=0000000000000000 D=0000000000001000 E=0000000000000000
FA=0040 [0000000001000000] KR=0180 [0000000110000000] EXT=00 COND=0 IDLE=1 IO=0000000000000000
FB=0840 [0000100001000000] SR=0100 R5=0 ROM=0000.0 PREG=0 RAMOP=- RAMREG=090 ROMOP=- ROMREG=09

062F 0A45 ?TFKR 4
A=0000000000000000 B=0000000000030000 C=0000000000000000 D=0000000000001000 E=0000000000000000
FA=0040 [0000000001000000] KR=0180 [0000000110000000] EXT=00 COND=1 IDLE=1 IO=0000000000000000
FB=0840 [0000100001000000] SR=0100 R5=0 ROM=0000.0 PREG=0 RAMOP=- RAMREG=090 ROMOP=- ROMREG=09

0630 0A55 ?TFKR 5
A=0000000000000000 B=0000000000030000 C=0000000000000000 D=0000000000001000 E=0000000000000000
FA=0040 [0000000001000000] KR=0180 [0000000110000000] EXT=00 COND=1 IDLE=1 IO=0000000000000000
FB=0840 [0000100001000000] SR=0100 R5=0 ROM=0000.0 PREG=0 RAMOP=- RAMREG=090 ROMOP=- ROMREG=09

0631 0A65 ?TFKR 6
A=0000000000000000 B=0000000000030000 C=0000000000000000 D=0000000000001000 E=0000000000000000
FA=0040 [0000000001000000] KR=0180 [0000000110000000] EXT=00 COND=1 IDLE=1 IO=0000000000000000
FB=0840 [0000100001000000] SR=0100 R5=0 ROM=0000.0 PREG=0 RAMOP=- RAMREG=090 ROMOP=- ROMREG=09

0632 0A75 ?TFKR 7
A=0000000000000000 B=0000000000030000 C=0000000000000000 D=0000000000001000 E=0000000000000000
FA=0040 [0000000001000000] KR=0180 [0000000110000000] EXT=00 COND=1 IDLE=1 IO=0000000000000000
FB=0840 [0000100001000000] SR=0100 R5=0 ROM=0000.0 PREG=0 RAMOP=- RAMREG=090 ROMOP=- ROMREG=09

0633 1019 BRNC 0627 -00C
A=0000000000000000 B=0000000000030000 C=0000000000000000 D=0000000000001000 E=0000000000000000
FA=0040 [0000000001000000] KR=0180 [0000000110000000] EXT=00 COND=0 IDLE=1 IO=0000000000000000
FB=0840 [0000100001000000] SR=0100 R5=0 ROM=0000.0 PREG=0 RAMOP=- RAMREG=090 ROMOP=- ROMREG=09

0627 0A98 PRTSTEP
A=0000000000000000 B=0000000000030000 C=0000000000000000 D=0000000000001000 E=0000000000000000
FA=0040 [0000000001000000] KR=0180 [0000000110000000] EXT=00 COND=1 IDLE=1 IO=0000000000000000
FB=0840 [0000100001000000] SR=0100 R5=0 ROM=0000.0 PREG=0 RAMOP=- RAMREG=090 ROMOP=- ROMREG=09

0628 0A0B ?BUSY
A=0000000000000000 B=0000000000030000 C=0000000000000000 D=0000000000001000 E=0000000000000000
FA=0040 [0000000001000000] KR=0180 [0000000110000000] EXT=00 COND=1 IDLE=1 IO=0000000000000000
FB=0840 [0000100001000000] SR=0100 R5=0 ROM=0000.0 PREG=0 RAMOP=- RAMREG=090 ROMOP=- ROMREG=09

0629 1005 BRNC 0627 -002
A=0000000000000000 B=0000000000030000 C=0000000000000000 D=0000000000001000 E=0000000000000000
FA=0040 [0000000001000000] KR=0180 [0000000110000000] EXT=00 COND=1 IDLE=1 IO=0000000000000000
FB=0840 [0000100001000000] SR=0100 R5=0 ROM=0000.0 PREG=0 RAMOP=- RAMREG=090 ROMOP=- ROMREG=09

062A 0A10 WAIT D1
A=0000000000000000 B=0000000000030000 C=0000000000000000 D=0000000000001000 E=0000000000000000
FA=0040 [0000000001000000] KR=0180 [0000000110000000] EXT=00 COND=1 IDLE=1 IO=0000000000000000
FB=0840 [0000100001000000] SR=0100 R5=0 ROM=0000.0 PREG=0 RAMOP=- RAMREG=090 ROMOP=- ROMREG=09

062B 0A09 SET IDLE
A=0000000000000000 B=0000000000030000 C=0000000000000000 D=0000000000001000 E=0000000000000000
FA=0040 [0000000001000000] KR=0180 [0000000110000000] EXT=00 COND=1 IDLE=1 IO=0000000000000000
FB=0840 [0000100001000000] SR=0100 R5=0 ROM=0000.0 PREG=0 RAMOP=- RAMREG=090 ROMOP=- ROMREG=09

062C 0AE0 WAIT D14
A=0000000000000000 B=0000000000030000 C=0000000000000000 D=0000000000001000 E=0000000000000000
FA=0040 [0000000001000000] KR=0180 [0000000110000000] EXT=00 COND=1 IDLE=1 IO=0000000000000000
FB=0840 [0000100001000000] SR=0100 R5=0 ROM=0000.0 PREG=0 RAMOP=- RAMREG=090 ROMOP=- ROMREG=09

062D 0820 ?KEY 20
A=0000000000000000 B=0000000000030000 C=0000000000000000 D=0000000000001000 E=0000000000000000
FA=0040 [0000000001000000] KR=0180 [0000000110000000] EXT=00 COND=1 IDLE=1 IO=0000000000000000
FB=0840 [0000100001000000] SR=0100 R5=0 ROM=0000.0 PREG=0 RAMOP=- RAMREG=090 ROMOP=- ROMREG=09

062E 180C BRC 0634 +006
A=0000000000000000 B=0000000000030000 C=0000000000000000 D=0000000000001000 E=0000000000000000
FA=0040 [0000000001000000] KR=0180 [0000000110000000] EXT=00 COND=0 IDLE=1 IO=0000000000000000
FB=0840 [0000100001000000] SR=0100 R5=0 ROM=0000.0 PREG=0 RAMOP=- RAMREG=090 ROMOP=- ROMREG=09

062F 0A45 ?TFKR 4
A=0000000000000000 B=0000000000030000 C=0000000000000000 D=0000000000001000 E=0000000000000000
FA=0040 [0000000001000000] KR=0180 [0000000110000000] EXT=00 COND=1 IDLE=1 IO=0000000000000000
FB=0840 [0000100001000000] SR=0100 R5=0 ROM=0000.0 PREG=0 RAMOP=- RAMREG=090 ROMOP=- ROMREG=09

0630 0A55 ?TFKR 5
A=0000000000000000 B=0000000000030000 C=0000000000000000 D=0000000000001000 E=0000000000000000
FA=0040 [0000000001000000] KR=0180 [0000000110000000] EXT=00 COND=1 IDLE=1 IO=0000000000000000
FB=0840 [0000100001000000] SR=0100 R5=0 ROM=0000.0 PREG=0 RAMOP=- RAMREG=090 ROMOP=- ROMREG=09

0631 0A65 ?TFKR 6
A=0000000000000000 B=0000000000030000 C=0000000000000000 D=0000000000001000 E=0000000000000000
FA=0040 [0000000001000000] KR=0180 [0000000110000000] EXT=00 COND=1 IDLE=1 IO=0000000000000000
FB=0840 [0000100001000000] SR=0100 R5=0 ROM=0000.0 PREG=0 RAMOP=- RAMREG=090 ROMOP=- ROMREG=09

0632 0A75 ?TFKR 7
A=0000000000000000 B=0000000000030000 C=0000000000000000 D=0000000000001000 E=0000000000000000
FA=0040 [0000000001000000] KR=0180 [0000000110000000] EXT=00 COND=1 IDLE=1 IO=0000000000000000
FB=0840 [0000100001000000] SR=0100 R5=0 ROM=0000.0 PREG=0 RAMOP=- RAMREG=090 ROMOP=- ROMREG=09

0633 1019 BRNC 0627 -00C
A=0000000000000000 B=0000000000030000 C=0000000000000000 D=0000000000001000 E=0000000000000000
FA=0040 [0000000001000000] KR=0180 [0000000110000000] EXT=00 COND=0 IDLE=1 IO=0000000000000000
FB=0840 [0000100001000000] SR=0100 R5=0 ROM=0000.0 PREG=0 RAMOP=- RAMREG=090 ROMOP=- ROMREG=09

0627 0A98 PRTSTEP
A=0000000000000000 B=0000000000030000 C=0000000000000000 D=0000000000001000 E=0000000000000000
FA=0040 [0000000001000000] KR=0180 [0000000110000000] EXT=00 COND=1 IDLE=1 IO=0000000000000000
FB=0840 [0000100001000000] SR=0100 R5=0 ROM=0000.0 PREG=0 RAMOP=- RAMREG=090 ROMOP=- ROMREG=09

0628 0A0B ?BUSY
A=0000000000000000 B=0000000000030000 C=0000000000000000 D=0000000000001000 E=0000000000000000
FA=0040 [0000000001000000] KR=0180 [0000000110000000] EXT=00 COND=1 IDLE=1 IO=0000000000000000
FB=0840 [0000100001000000] SR=0100 R5=0 ROM=0000.0 PREG=0 RAMOP=- RAMREG=090 ROMOP=- ROMREG=09

0629 1005 BRNC 0627 -002
A=0000000000000000 B=0000000000030000 C=0000000000000000 D=0000000000001000 E=0000000000000000
FA=0040 [0000000001000000] KR=0180 [0000000110000000] EXT=00 COND=1 IDLE=1 IO=0000000000000000
FB=0840 [0000100001000000] SR=0100 R5=0 ROM=0000.0 PREG=0 RAMOP=- RAMREG=090 ROMOP=- ROMREG=09

062A 0A10 WAIT D1
A=0000000000000000 B=0000000000030000 C=0000000000000000 D=0000000000001000 E=0000000000000000
FA=0040 [0000000001000000] KR=0180 [0000000110000000] EXT=00 COND=1 IDLE=1 IO=0000000000000000
FB=0840 [0000100001000000] SR=0100 R5=0 ROM=0000.0 PREG=0 RAMOP=- RAMREG=090 ROMOP=- ROMREG=09

062B 0A09 SET IDLE
A=0000000000000000 B=0000000000030000 C=0000000000000000 D=0000000000001000 E=0000000000000000
FA=0040 [0000000001000000] KR=0180 [0000000110000000] EXT=00 COND=1 IDLE=1 IO=0000000000000000
FB=0840 [0000100001000000] SR=0100 R5=0 ROM=0000.0 PREG=0 RAMOP=- RAMREG=090 ROMOP=- ROMREG=09

062C 0AE0 WAIT D14
A=0000000000000000 B=0000000000030000 C=0000000000000000 D=0000000000001000 E=0000000000000000
FA=0040 [0000000001000000] KR=0180 [0000000110000000] EXT=00 COND=1 IDLE=1 IO=0000000000000000
FB=0840 [0000100001000000] SR=0100 R5=0 ROM=0000.0 PREG=0 RAMOP=- RAMREG=090 ROMOP=- ROMREG=09

062D 0820 ?KEY 20
A=0000000000000000 B=0000000000030000 C=0000000000000000 D=0000000000001000 E=0000000000000000
FA=0040 [0000000001000000] KR=0180 [0000000110000000] EXT=00 COND=1 IDLE=1 IO=0000000000000000
FB=0840 [0000100001000000] SR=0100 R5=0 ROM=0000.0 PREG=0 RAMOP=- RAMREG=090 ROMOP=- ROMREG=09

062E 180C BRC 0634 +006
A=0000000000000000 B=0000000000030000 C=0000000000000000 D=0000000000001000 E=0000000000000000
FA=0040 [0000000001000000] KR=0180 [0000000110000000] EXT=00 COND=0 IDLE=1 IO=0000000000000000
FB=0840 [0000100001000000] SR=0100 R5=0 ROM=0000.0 PREG=0 RAMOP=- RAMREG=090 ROMOP=- ROMREG=09

062F 0A45 ?TFKR 4
A=0000000000000000 B=0000000000030000 C=0000000000000000 D=0000000000001000 E=0000000000000000
FA=0040 [0000000001000000] KR=0180 [0000000110000000] EXT=00 COND=1 IDLE=1 IO=0000000000000000
FB=0840 [0000100001000000] SR=0100 R5=0 ROM=0000.0 PREG=0 RAMOP=- RAMREG=090 ROMOP=- ROMREG=09

0630 0A55 ?TFKR 5
A=0000000000000000 B=0000000000030000 C=0000000000000000 D=0000000000001000 E=0000000000000000
FA=0040 [0000000001000000] KR=0180 [0000000110000000] EXT=00 COND=1 IDLE=1 IO=0000000000000000
FB=0840 [0000100001000000] SR=0100 R5=0 ROM=0000.0 PREG=0 RAMOP=- RAMREG=090 ROMOP=- ROMREG=09

0631 0A65 ?TFKR 6
A=0000000000000000 B=0000000000030000 C=0000000000000000 D=0000000000001000 E=0000000000000000
FA=0040 [0000000001000000] KR=0180 [0000000110000000] EXT=00 COND=1 IDLE=1 IO=0000000000000000
FB=0840 [0000100001000000] SR=0100 R5=0 ROM=0000.0 PREG=0 RAMOP=- RAMREG=090 ROMOP=- ROMREG=09

0632 0A75 ?TFKR 7
A=0000000000000000 B=0000000000030000 C=0000000000000000 D=0000000000001000 E=0000000000000000
FA=0040 [0000000001000000] KR=0180 [0000000110000000] EXT=00 COND=1 IDLE=1 IO=0000000000000000
FB=0840 [0000100001000000] SR=0100 R5=0 ROM=0000.0 PREG=0 RAMOP=- RAMREG=090 ROMOP=- ROMREG=09

0633 1019 BRNC 0627 -00C
A=0000000000000000 B=0000000000030000 C=0000000000000000 D=0000000000001000 E=0000000000000000
FA=0040 [0000000001000000] KR=0180 [0000000110000000] EXT=00 COND=0 IDLE=1 IO=0000000000000000
FB=0840 [0000100001000000] SR=0100 R5=0 ROM=0000.0 PREG=0 RAMOP=- RAMREG=090 ROMOP=- ROMREG=09

0627 0A98 PRTSTEP
A=0000000000000000 B=0000000000030000 C=0000000000000000 D=0000000000001000 E=0000000000000000
FA=0040 [0000000001000000] KR=0180 [0000000110000000] EXT=00 COND=1 IDLE=1 IO=0000000000000000
FB=0840 [0000100001000000] SR=0100 R5=0 ROM=0000.0 PREG=0 RAMOP=- RAMREG=090 ROMOP=- ROMREG=09

0628 0A0B ?BUSY
A=0000000000000000 B=0000000000030000 C=0000000000000000 D=0000000000001000 E=0000000000000000
FA=0040 [0000000001000000] KR=0180 [0000000110000000] EXT=00 COND=1 IDLE=1 IO=0000000000000000
FB=0840 [0000100001000000] SR=0100 R5=0 ROM=0000.0 PREG=0 RAMOP=- RAMREG=090 ROMOP=- ROMREG=09

0629 1005 BRNC 0627 -002
A=0000000000000000 B=0000000000030000 C=0000000000000000 D=0000000000001000 E=0000000000000000
FA=0040 [0000000001000000] KR=0180 [0000000110000000] EXT=00 COND=1 IDLE=1 IO=0000000000000000
FB=0840 [0000100001000000] SR=0100 R5=0 ROM=0000.0 PREG=0 RAMOP=- RAMREG=090 ROMOP=- ROMREG=09

062A 0A10 WAIT D1
A=0000000000000000 B=0000000000030000 C=0000000000000000 D=0000000000001000 E=0000000000000000
FA=0040 [0000000001000000] KR=0180 [0000000110000000] EXT=00 COND=1 IDLE=1 IO=0000000000000000
FB=0840 [0000100001000000] SR=0100 R5=0 ROM=0000.0 PREG=0 RAMOP=- RAMREG=090 ROMOP=- ROMREG=09

062B 0A09 SET IDLE
A=0000000000000000 B=0000000000030000 C=0000000000000000 D=0000000000001000 E=0000000000000000
FA=0040 [0000000001000000] KR=0180 [0000000110000000] EXT=00 COND=1 IDLE=1 IO=0000000000000000
FB=0840 [0000100001000000] SR=0100 R5=0 ROM=0000.0 PREG=0 RAMOP=- RAMREG=090 ROMOP=- ROMREG=09

062C 0AE0 WAIT D14
A=0000000000000000 B=0000000000030000 C=0000000000000000 D=0000000000001000 E=0000000000000000
FA=0040 [0000000001000000] KR=0180 [0000000110000000] EXT=00 COND=1 IDLE=1 IO=0000000000000000
FB=0840 [0000100001000000] SR=0100 R5=0 ROM=0000.0 PREG=0 RAMOP=- RAMREG=090 ROMOP=- ROMREG=09

062D 0820 ?KEY 20
A=0000000000000000 B=0000000000030000 C=0000000000000000 D=0000000000001000 E=0000000000000000
FA=0040 [0000000001000000] KR=0180 [0000000110000000] EXT=00 COND=1 IDLE=1 IO=0000000000000000
FB=0840 [0000100001000000] SR=0100 R5=0 ROM=0000.0 PREG=0 RAMOP=- RAMREG=090 ROMOP=- ROMREG=09

062E 180C BRC 0634 +006
A=0000000000000000 B=0000000000030000 C=0000000000000000 D=0000000000001000 E=0000000000000000
FA=0040 [0000000001000000] KR=0180 [0000000110000000] EXT=00 COND=1 IDLE=1 IO=0000000000000000
FB=0840 [0000100001000000] SR=0100 R5=0 ROM=0000.0 PREG=0 RAMOP=- RAMREG=090 ROMOP=- ROMREG=09

0634 0AE0 WAIT D14
A=0000000000000000 B=0000000000030000 C=0000000000000000 D=0000000000001000 E=0000000000000000
FA=0040 [0000000001000000] KR=0180 [0000000110000000] EXT=00 COND=1 IDLE=1 IO=0000000000000000
FB=0840 [0000100001000000] SR=0100 R5=0 ROM=0000.0 PREG=0 RAMOP=- RAMREG=090 ROMOP=- ROMREG=09

0635 0820 ?KEY 20
A=0000000000000000 B=0000000000030000 C=0000000000000000 D=0000000000001000 E=0000000000000000
FA=0040 [0000000001000000] KR=0180 [0000000110000000] EXT=00 COND=1 IDLE=1 IO=0000000000000000
FB=0840 [0000100001000000] SR=0100 R5=0 ROM=0000.0 PREG=0 RAMOP=- RAMREG=090 ROMOP=- ROMREG=09

0636 180C BRC 063C +006
A=0000000000000000 B=0000000000030000 C=0000000000000000 D=0000000000001000 E=0000000000000000
FA=0040 [0000000001000000] KR=0180 [0000000110000000] EXT=00 COND=1 IDLE=1 IO=0000000000000000
FB=0840 [0000100001000000] SR=0100 R5=0 ROM=0000.0 PREG=0 RAMOP=- RAMREG=090 ROMOP=- ROMREG=09

063C 00C8 ?TFB 12
A=0000000000000000 B=0000000000030000 C=0000000000000000 D=0000000000001000 E=0000000000000000
FA=0040 [0000000001000000] KR=0180 [0000000110000000] EXT=00 COND=1 IDLE=1 IO=0000000000000000
FB=0840 [0000100001000000] SR=0100 R5=0 ROM=0000.0 PREG=0 RAMOP=- RAMREG=090 ROMOP=- ROMREG=09

063D 00A8 ?TFB 10
A=0000000000000000 B=0000000000030000 C=0000000000000000 D=0000000000001000 E=0000000000000000
FA=0040 [0000000001000000] KR=0180 [0000000110000000] EXT=00 COND=1 IDLE=1 IO=0000000000000000
FB=0840 [0000100001000000] SR=0100 R5=0 ROM=0000.0 PREG=0 RAMOP=- RAMREG=090 ROMOP=- ROMREG=09

063E 0AB0 WAIT D11
A=0000000000000000 B=0000000000030000 C=0000000000000000 D=0000000000001000 E=0000000000000000
FA=0040 [0000000001000000] KR=0180 [0000000110000000] EXT=00 COND=1 IDLE=1 IO=0000000000000000
FB=0840 [0000100001000000] SR=0100 R5=0 ROM=0000.0 PREG=0 RAMOP=- RAMREG=090 ROMOP=- ROMREG=09

063F 0A0B ?BUSY
A=0000000000000000 B=0000000000030000 C=0000000000000000 D=0000000000001000 E=0000000000000000
FA=0040 [0000000001000000] KR=0180 [0000000110000000] EXT=00 COND=1 IDLE=1 IO=0000000000000000
FB=0840 [0000100001000000] SR=0100 R5=0 ROM=0000.0 PREG=0 RAMOP=- RAMREG=090 ROMOP=- ROMREG=09

0640 1BCF BRC 0459 -1E7
A=0000000000000000 B=0000000000030000 C=0000000000000000 D=0000000000001000 E=0000000000000000
FA=0040 [0000000001000000] KR=0180 [0000000110000000] EXT=00 COND=1 IDLE=1 IO=0000000000000000
FB=0840 [0000100001000000] SR=0100 R5=0 ROM=0000.0 PREG=0 RAMOP=- RAMREG=090 ROMOP=- ROMREG=09

0459 0A80 WAIT D8
A=0000000000000000 B=0000000000030000 C=0000000000000000 D=0000000000001000 E=0000000000000000
FA=0040 [0000000001000000] KR=0180 [0000000110000000] EXT=00 COND=1 IDLE=1 IO=0000000000000000
FB=0840 [0000100001000000] SR=0100 R5=0 ROM=0000.0 PREG=0 RAMOP=- RAMREG=090 ROMOP=- ROMREG=09

045A 0A0B ?BUSY
A=0000000000000000 B=0000000000030000 C=0000000000000000 D=0000000000001000 E=0000000000000000
FA=0040 [0000000001000000] KR=0180 [0000000110000000] EXT=00 COND=1 IDLE=1 IO=0000000000000000
FB=0840 [0000100001000000] SR=0100 R5=0 ROM=0000.0 PREG=0 RAMOP=- RAMREG=090 ROMOP=- ROMREG=09

045B 13CC BRNC 0641 +1E6
A=0000000000000000 B=0000000000030000 C=0000000000000000 D=0000000000001000 E=0000000000000000
FA=0040 [0000000001000000] KR=0180 [0000000110000000] EXT=00 COND=0 IDLE=1 IO=0000000000000000
FB=0840 [0000100001000000] SR=0100 R5=0 ROM=0000.0 PREG=0 RAMOP=- RAMREG=090 ROMOP=- ROMREG=09

0641 0098 ?TFB 9
A=0000000000000000 B=0000000000030000 C=0000000000000000 D=0000000000001000 E=0000000000000000
FA=0040 [0000000001000000] KR=0180 [0000000110000000] EXT=00 COND=1 IDLE=1 IO=0000000000000000
FB=0840 [0000100001000000] SR=0100 R5=0 ROM=0000.0 PREG=0 RAMOP=- RAMREG=090 ROMOP=- ROMREG=09

0642 1828 BRC 0656 +014
A=0000000000000000 B=0000000000030000 C=0000000000000000 D=0000000000001000 E=0000000000000000
FA=0040 [0000000001000000] KR=0180 [0000000110000000] EXT=00 COND=1 IDLE=1 IO=0000000000000000
FB=0840 [0000100001000000] SR=0100 R5=0 ROM=0000.0 PREG=0 RAMOP=- RAMREG=090 ROMOP=- ROMREG=09

0656 0AE0 WAIT D14
A=0000000000000000 B=0000000000030000 C=0000000000000000 D=0000000000001000 E=0000000000000000
FA=0040 [0000000001000000] KR=0180 [0000000110000000] EXT=00 COND=1 IDLE=1 IO=0000000000000000
FB=0840 [0000100001000000] SR=0100 R5=0 ROM=0000.0 PREG=0 RAMOP=- RAMREG=090 ROMOP=- ROMREG=09

0657 0820 ?KEY 20
A=0000000000000000 B=0000000000030000 C=0000000000000000 D=0000000000001000 E=0000000000000000
FA=0040 [0000000001000000] KR=0180 [0000000110000000] EXT=00 COND=1 IDLE=1 IO=0000000000000000
FB=0840 [0000100001000000] SR=0100 R5=0 ROM=0000.0 PREG=0 RAMOP=- RAMREG=090 ROMOP=- ROMREG=09

0658 1839 BRC 063C -01C
A=0000000000000000 B=0000000000030000 C=0000000000000000 D=0000000000001000 E=0000000000000000
FA=0040 [0000000001000000] KR=0180 [0000000110000000] EXT=00 COND=1 IDLE=1 IO=0000000000000000
FB=0840 [0000100001000000] SR=0100 R5=0 ROM=0000.0 PREG=0 RAMOP=- RAMREG=090 ROMOP=- ROMREG=09

063C 00C8 ?TFB 12
A=0000000000000000 B=0000000000030000 C=0000000000000000 D=0000000000001000 E=0000000000000000
FA=0040 [0000000001000000] KR=0180 [0000000110000000] EXT=00 COND=1 IDLE=1 IO=0000000000000000
FB=0840 [0000100001000000] SR=0100 R5=0 ROM=0000.0 PREG=0 RAMOP=- RAMREG=090 ROMOP=- ROMREG=09

063D 00A8 ?TFB 10
A=0000000000000000 B=0000000000030000 C=0000000000000000 D=0000000000001000 E=0000000000000000
FA=0040 [0000000001000000] KR=0180 [0000000110000000] EXT=00 COND=1 IDLE=1 IO=0000000000000000
FB=0840 [0000100001000000] SR=0100 R5=0 ROM=0000.0 PREG=0 RAMOP=- RAMREG=090 ROMOP=- ROMREG=09

063E 0AB0 WAIT D11
A=0000000000000000 B=0000000000030000 C=0000000000000000 D=0000000000001000 E=0000000000000000
FA=0040 [0000000001000000] KR=0180 [0000000110000000] EXT=00 COND=1 IDLE=1 IO=0000000000000000
FB=0840 [0000100001000000] SR=0100 R5=0 ROM=0000.0 PREG=0 RAMOP=- RAMREG=090 ROMOP=- ROMREG=09

063F 0A0B ?BUSY
A=0000000000000000 B=0000000000030000 C=0000000000000000 D=0000000000001000 E=0000000000000000
FA=0040 [0000000001000000] KR=0180 [0000000110000000] EXT=00 COND=1 IDLE=1 IO=0000000000000000
FB=0840 [0000100001000000] SR=0100 R5=0 ROM=0000.0 PREG=0 RAMOP=- RAMREG=090 ROMOP=- ROMREG=09

0640 1BCF BRC 0459 -1E7
A=0000000000000000 B=0000000000030000 C=0000000000000000 D=0000000000001000 E=0000000000000000
FA=0040 [0000000001000000] KR=0180 [0000000110000000] EXT=00 COND=1 IDLE=1 IO=0000000000000000
FB=0840 [0000100001000000] SR=0100 R5=0 ROM=0000.0 PREG=0 RAMOP=- RAMREG=090 ROMOP=- ROMREG=09

0459 0A80 WAIT D8
A=0000000000000000 B=0000000000030000 C=0000000000000000 D=0000000000001000 E=0000000000000000
FA=0040 [0000000001000000] KR=0180 [0000000110000000] EXT=00 COND=1 IDLE=1 IO=0000000000000000
FB=0840 [0000100001000000] SR=0100 R5=0 ROM=0000.0 PREG=0 RAMOP=- RAMREG=090 ROMOP=- ROMREG=09

045A 0A0B ?BUSY
A=0000000000000000 B=0000000000030000 C=0000000000000000 D=0000000000001000 E=0000000000000000
FA=0040 [0000000001000000] KR=0180 [0000000110000000] EXT=00 COND=1 IDLE=1 IO=0000000000000000
FB=0840 [0000100001000000] SR=0100 R5=0 ROM=0000.0 PREG=0 RAMOP=- RAMREG=090 ROMOP=- ROMREG=09

045B 13CC BRNC 0641 +1E6
A=0000000000000000 B=0000000000030000 C=0000000000000000 D=0000000000001000 E=0000000000000000
FA=0040 [0000000001000000] KR=0180 [0000000110000000] EXT=00 COND=0 IDLE=1 IO=0000000000000000
FB=0840 [0000100001000000] SR=0100 R5=0 ROM=0000.0 PREG=0 RAMOP=- RAMREG=090 ROMOP=- ROMREG=09

0641 0098 ?TFB 9
A=0000000000000000 B=0000000000030000 C=0000000000000000 D=0000000000001000 E=0000000000000000
FA=0040 [0000000001000000] KR=0180 [0000000110000000] EXT=00 COND=1 IDLE=1 IO=0000000000000000
FB=0840 [0000100001000000] SR=0100 R5=0 ROM=0000.0 PREG=0 RAMOP=- RAMREG=090 ROMOP=- ROMREG=09

0642 1828 BRC 0656 +014
A=0000000000000000 B=0000000000030000 C=0000000000000000 D=0000000000001000 E=0000000000000000
FA=0040 [0000000001000000] KR=0180 [0000000110000000] EXT=00 COND=1 IDLE=1 IO=0000000000000000
FB=0840 [0000100001000000] SR=0100 R5=0 ROM=0000.0 PREG=0 RAMOP=- RAMREG=090 ROMOP=- ROMREG=09

0656 0AE0 WAIT D14
A=0000000000000000 B=0000000000030000 C=0000000000000000 D=0000000000001000 E=0000000000000000
FA=0040 [0000000001000000] KR=0180 [0000000110000000] EXT=00 COND=1 IDLE=1 IO=0000000000000000
FB=0840 [0000100001000000] SR=0100 R5=0 ROM=0000.0 PREG=0 RAMOP=- RAMREG=090 ROMOP=- ROMREG=09

0657 0820 ?KEY 20
A=0000000000000000 B=0000000000030000 C=0000000000000000 D=0000000000001000 E=0000000000000000
FA=0040 [0000000001000000] KR=0180 [0000000110000000] EXT=00 COND=1 IDLE=1 IO=0000000000000000
FB=0840 [0000100001000000] SR=0100 R5=0 ROM=0000.0 PREG=0 RAMOP=- RAMREG=090 ROMOP=- ROMREG=09

0658 1839 BRC 063C -01C
A=0000000000000000 B=0000000000030000 C=0000000000000000 D=0000000000001000 E=0000000000000000
FA=0040 [0000000001000000] KR=0180 [0000000110000000] EXT=00 COND=1 IDLE=1 IO=0000000000000000
FB=0840 [0000100001000000] SR=0100 R5=0 ROM=0000.0 PREG=0 RAMOP=- RAMREG=090 ROMOP=- ROMREG=09

063C 00C8 ?TFB 12
A=0000000000000000 B=0000000000030000 C=0000000000000000 D=0000000000001000 E=0000000000000000
FA=0040 [0000000001000000] KR=0180 [0000000110000000] EXT=00 COND=1 IDLE=1 IO=0000000000000000
FB=0840 [0000100001000000] SR=0100 R5=0 ROM=0000.0 PREG=0 RAMOP=- RAMREG=090 ROMOP=- ROMREG=09

063D 00A8 ?TFB 10
A=0000000000000000 B=0000000000030000 C=0000000000000000 D=0000000000001000 E=0000000000000000
FA=0040 [0000000001000000] KR=0180 [0000000110000000] EXT=00 COND=1 IDLE=1 IO=0000000000000000
FB=0840 [0000100001000000] SR=0100 R5=0 ROM=0000.0 PREG=0 RAMOP=- RAMREG=090 ROMOP=- ROMREG=09

063E 0AB0 WAIT D11
A=0000000000000000 B=0000000000030000 C=0000000000000000 D=0000000000001000 E=0000000000000000
FA=0040 [0000000001000000] KR=0180 [0000000110000000] EXT=00 COND=1 IDLE=1 IO=0000000000000000
FB=0840 [0000100001000000] SR=0100 R5=0 ROM=0000.0 PREG=0 RAMOP=- RAMREG=090 ROMOP=- ROMREG=09

063F 0A0B ?BUSY
A=0000000000000000 B=0000000000030000 C=0000000000000000 D=0000000000001000 E=0000000000000000
FA=0040 [0000000001000000] KR=0180 [0000000110000000] EXT=00 COND=1 IDLE=1 IO=0000000000000000
FB=0840 [0000100001000000] SR=0100 R5=0 ROM=0000.0 PREG=0 RAMOP=- RAMREG=090 ROMOP=- ROMREG=09

0640 1BCF BRC 0459 -1E7
A=0000000000000000 B=0000000000030000 C=0000000000000000 D=0000000000001000 E=0000000000000000
FA=0040 [0000000001000000] KR=0180 [0000000110000000] EXT=00 COND=1 IDLE=1 IO=0000000000000000
FB=0840 [0000100001000000] SR=0100 R5=0 ROM=0000.0 PREG=0 RAMOP=- RAMREG=090 ROMOP=- ROMREG=09

0459 0A80 WAIT D8
A=0000000000000000 B=0000000000030000 C=0000000000000000 D=0000000000001000 E=0000000000000000
FA=0040 [0000000001000000] KR=0180 [0000000110000000] EXT=00 COND=1 IDLE=1 IO=0000000000000000
FB=0840 [0000100001000000] SR=0100 R5=0 ROM=0000.0 PREG=0 RAMOP=- RAMREG=090 ROMOP=- ROMREG=09

045A 0A0B ?BUSY
A=0000000000000000 B=0000000000030000 C=0000000000000000 D=0000000000001000 E=0000000000000000
FA=0040 [0000000001000000] KR=0180 [0000000110000000] EXT=00 COND=1 IDLE=1 IO=0000000000000000
FB=0840 [0000100001000000] SR=0100 R5=0 ROM=0000.0 PREG=0 RAMOP=- RAMREG=090 ROMOP=- ROMREG=09

045B 13CC BRNC 0641 +1E6
A=0000000000000000 B=0000000000030000 C=0000000000000000 D=0000000000001000 E=0000000000000000
FA=0040 [0000000001000000] KR=0180 [0000000110000000] EXT=00 COND=0 IDLE=1 IO=0000000000000000
FB=0840 [0000100001000000] SR=0100 R5=0 ROM=0000.0 PREG=0 RAMOP=- RAMREG=090 ROMOP=- ROMREG=09

0641 0098 ?TFB 9
A=0000000000000000 B=0000000000030000 C=0000000000000000 D=0000000000001000 E=0000000000000000
FA=0040 [0000000001000000] KR=0180 [0000000110000000] EXT=00 COND=1 IDLE=1 IO=0000000000000000
FB=0840 [0000100001000000] SR=0100 R5=0 ROM=0000.0 PREG=0 RAMOP=- RAMREG=090 ROMOP=- ROMREG=09

0642 1828 BRC 0656 +014
A=0000000000000000 B=0000000000030000 C=0000000000000000 D=0000000000001000 E=0000000000000000
FA=0040 [0000000001000000] KR=0180 [0000000110000000] EXT=00 COND=1 IDLE=1 IO=0000000000000000
FB=0840 [0000100001000000] SR=0100 R5=0 ROM=0000.0 PREG=0 RAMOP=- RAMREG=090 ROMOP=- ROMREG=09

0656 0AE0 WAIT D14
A=0000000000000000 B=0000000000030000 C=0000000000000000 D=0000000000001000 E=0000000000000000
FA=0040 [0000000001000000] KR=0180 [0000000110000000] EXT=00 COND=1 IDLE=1 IO=0000000000000000
FB=0840 [0000100001000000] SR=0100 R5=0 ROM=0000.0 PREG=0 RAMOP=- RAMREG=090 ROMOP=- ROMREG=09

0657 0820 ?KEY 20
A=0000000000000000 B=0000000000030000 C=0000000000000000 D=0000000000001000 E=0000000000000000
FA=0040 [0000000001000000] KR=0180 [0000000110000000] EXT=00 COND=1 IDLE=1 IO=0000000000000000
FB=0840 [0000100001000000] SR=0100 R5=0 ROM=0000.0 PREG=0 RAMOP=- RAMREG=090 ROMOP=- ROMREG=09

0658 1839 BRC 063C -01C
A=0000000000000000 B=0000000000030000 C=0000000000000000 D=0000000000001000 E=0000000000000000
FA=0040 [0000000001000000] KR=0180 [0000000110000000] EXT=00 COND=1 IDLE=1 IO=0000000000000000
FB=0840 [0000100001000000] SR=0100 R5=0 ROM=0000.0 PREG=0 RAMOP=- RAMREG=090 ROMOP=- ROMREG=09

063C 00C8 ?TFB 12
A=0000000000000000 B=0000000000030000 C=0000000000000000 D=0000000000001000 E=0000000000000000
FA=0040 [0000000001000000] KR=0180 [0000000110000000] EXT=00 COND=1 IDLE=1 IO=0000000000000000
FB=0840 [0000100001000000] SR=0100 R5=0 ROM=0000.0 PREG=0 RAMOP=- RAMREG=090 ROMOP=- ROMREG=09

063D 00A8 ?TFB 10
A=0000000000000000 B=0000000000030000 C=0000000000000000 D=0000000000001000 E=0000000000000000
FA=0040 [0000000001000000] KR=0180 [0000000110000000] EXT=00 COND=1 IDLE=1 IO=0000000000000000
FB=0840 [0000100001000000] SR=0100 R5=0 ROM=0000.0 PREG=0 RAMOP=- RAMREG=090 ROMOP=- ROMREG=09

063E 0AB0 WAIT D11
A=0000000000000000 B=0000000000030000 C=0000000000000000 D=0000000000001000 E=0000000000000000
FA=0040 [0000000001000000] KR=0180 [0000000110000000] EXT=00 COND=1 IDLE=1 IO=0000000000000000
FB=0840 [0000100001000000] SR=0100 R5=0 ROM=0000.0 PREG=0 RAMOP=- RAMREG=090 ROMOP=- ROMREG=09

063F 0A0B ?BUSY
A=0000000000000000 B=0000000000030000 C=0000000000000000 D=0000000000001000 E=0000000000000000
FA=0040 [0000000001000000] KR=0180 [0000000110000000] EXT=00 COND=1 IDLE=1 IO=0000000000000000
FB=0840 [0000100001000000] SR=0100 R5=0 ROM=0000.0 PREG=0 RAMOP=- RAMREG=090 ROMOP=- ROMREG=09

0640 1BCF BRC 0459 -1E7
A=0000000000000000 B=0000000000030000 C=0000000000000000 D=0000000000001000 E=0000000000000000
FA=0040 [0000000001000000] KR=0180 [0000000110000000] EXT=00 COND=1 IDLE=1 IO=0000000000000000
FB=0840 [0000100001000000] SR=0100 R5=0 ROM=0000.0 PREG=0 RAMOP=- RAMREG=090 ROMOP=- ROMREG=09

0459 0A80 WAIT D8
A=0000000000000000 B=0000000000030000 C=0000000000000000 D=0000000000001000 E=0000000000000000
FA=0040 [0000000001000000] KR=0180 [0000000110000000] EXT=00 COND=1 IDLE=1 IO=0000000000000000
FB=0840 [0000100001000000] SR=0100 R5=0 ROM=0000.0 PREG=0 RAMOP=- RAMREG=090 ROMOP=- ROMREG=09

045A 0A0B ?BUSY
A=0000000000000000 B=0000000000030000 C=0000000000000000 D=0000000000001000 E=0000000000000000
FA=0040 [0000000001000000] KR=0180 [0000000110000000] EXT=00 COND=1 IDLE=1 IO=0000000000000000
FB=0840 [0000100001000000] SR=0100 R5=0 ROM=0000.0 PREG=0 RAMOP=- RAMREG=090 ROMOP=- ROMREG=09

045B 13CC BRNC 0641 +1E6
A=0000000000000000 B=0000000000030000 C=0000000000000000 D=0000000000001000 E=0000000000000000
FA=0040 [0000000001000000] KR=0180 [0000000110000000] EXT=00 COND=0 IDLE=1 IO=0000000000000000
FB=0840 [0000100001000000] SR=0100 R5=0 ROM=0000.0 PREG=0 RAMOP=- RAMREG=090 ROMOP=- ROMREG=09

0641 0098 ?TFB 9
A=0000000000000000 B=0000000000030000 C=0000000000000000 D=0000000000001000 E=0000000000000000
FA=0040 [0000000001000000] KR=0180 [0000000110000000] EXT=00 COND=1 IDLE=1 IO=0000000000000000
FB=0840 [0000100001000000] SR=0100 R5=0 ROM=0000.0 PREG=0 RAMOP=- RAMREG=090 ROMOP=- ROMREG=09

0642 1828 BRC 0656 +014
A=0000000000000000 B=0000000000030000 C=0000000000000000 D=0000000000001000 E=0000000000000000
FA=0040 [0000000001000000] KR=0180 [0000000110000000] EXT=00 COND=1 IDLE=1 IO=0000000000000000
FB=0840 [0000100001000000] SR=0100 R5=0 ROM=0000.0 PREG=0 RAMOP=- RAMREG=090 ROMOP=- ROMREG=09

0656 0AE0 WAIT D14
A=0000000000000000 B=0000000000030000 C=0000000000000000 D=0000000000001000 E=0000000000000000
FA=0040 [0000000001000000] KR=0180 [0000000110000000] EXT=00 COND=1 IDLE=1 IO=0000000000000000
FB=0840 [0000100001000000] SR=0100 R5=0 ROM=0000.0 PREG=0 RAMOP=- RAMREG=090 ROMOP=- ROMREG=09

0657 0820 ?KEY 20
A=0000000000000000 B=0000000000030000 C=0000000000000000 D=0000000000001000 E=0000000000000000
FA=0040 [0000000001000000] KR=0180 [0000000110000000] EXT=00 COND=1 IDLE=1 IO=0000000000000000
FB=0840 [0000100001000000] SR=0100 R5=0 ROM=0000.0 PREG=0 RAMOP=- RAMREG=090 ROMOP=- ROMREG=09

0658 1839 BRC 063C -01C
A=0000000000000000 B=0000000000030000 C=0000000000000000 D=0000000000001000 E=0000000000000000
FA=0040 [0000000001000000] KR=0180 [0000000110000000] EXT=00 COND=1 IDLE=1 IO=0000000000000000
FB=0840 [0000100001000000] SR=0100 R5=0 ROM=0000.0 PREG=0 RAMOP=- RAMREG=090 ROMOP=- ROMREG=09

063C 00C8 ?TFB 12
A=0000000000000000 B=0000000000030000 C=0000000000000000 D=0000000000001000 E=0000000000000000
FA=0040 [0000000001000000] KR=0180 [0000000110000000] EXT=00 COND=1 IDLE=1 IO=0000000000000000
FB=0840 [0000100001000000] SR=0100 R5=0 ROM=0000.0 PREG=0 RAMOP=- RAMREG=090 ROMOP=- ROMREG=09

063D 00A8 ?TFB 10
A=0000000000000000 B=0000000000030000 C=0000000000000000 D=0000000000001000 E=0000000000000000
FA=0040 [0000000001000000] KR=0180 [0000000110000000] EXT=00 COND=1 IDLE=1 IO=0000000000000000
FB=0840 [0000100001000000] SR=0100 R5=0 ROM=0000.0 PREG=0 RAMOP=- RAMREG=090 ROMOP=- ROMREG=09

063E 0AB0 WAIT D11
A=0000000000000000 B=0000000000030000 C=0000000000000000 D=0000000000001000 E=0000000000000000
FA=0040 [0000000001000000] KR=0180 [0000000110000000] EXT=00 COND=1 IDLE=1 IO=0000000000000000
FB=0840 [0000100001000000] SR=0100 R5=0 ROM=0000.0 PREG=0 RAMOP=- RAMREG=090 ROMOP=- ROMREG=09

063F 0A0B ?BUSY
A=0000000000000000 B=0000000000030000 C=0000000000000000 D=0000000000001000 E=0000000000000000
FA=0040 [0000000001000000] KR=0180 [0000000110000000] EXT=00 COND=1 IDLE=1 IO=0000000000000000
FB=0840 [0000100001000000] SR=0100 R5=0 ROM=0000.0 PREG=0 RAMOP=- RAMREG=090 ROMOP=- ROMREG=09

0640 1BCF BRC 0459 -1E7
A=0000000000000000 B=0000000000030000 C=0000000000000000 D=0000000000001000 E=0000000000000000
FA=0040 [0000000001000000] KR=0180 [0000000110000000] EXT=00 COND=1 IDLE=1 IO=0000000000000000
FB=0840 [0000100001000000] SR=0100 R5=0 ROM=0000.0 PREG=0 RAMOP=- RAMREG=090 ROMOP=- ROMREG=09

0459 0A80 WAIT D8
A=0000000000000000 B=0000000000030000 C=0000000000000000 D=0000000000001000 E=0000000000000000
FA=0040 [0000000001000000] KR=0180 [0000000110000000] EXT=00 COND=1 IDLE=1 IO=0000000000000000
FB=0840 [0000100001000000] SR=0100 R5=0 ROM=0000.0 PREG=0 RAMOP=- RAMREG=090 ROMOP=- ROMREG=09

045A 0A0B ?BUSY
A=0000000000000000 B=0000000000030000 C=0000000000000000 D=0000000000001000 E=0000000000000000
FA=0040 [0000000001000000] KR=0180 [0000000110000000] EXT=00 COND=1 IDLE=1 IO=0000000000000000
FB=0840 [0000100001000000] SR=0100 R5=0 ROM=0000.0 PREG=0 RAMOP=- RAMREG=090 ROMOP=- ROMREG=09

045B 13CC BRNC 0641 +1E6
A=0000000000000000 B=0000000000030000 C=0000000000000000 D=0000000000001000 E=0000000000000000
FA=0040 [0000000001000000] KR=0180 [0000000110000000] EXT=00 COND=0 IDLE=1 IO=0000000000000000
FB=0840 [0000100001000000] SR=0100 R5=0 ROM=0000.0 PREG=0 RAMOP=- RAMREG=090 ROMOP=- ROMREG=09

0641 0098 ?TFB 9
A=0000000000000000 B=0000000000030000 C=0000000000000000 D=0000000000001000 E=0000000000000000
FA=0040 [0000000001000000] KR=0180 [0000000110000000] EXT=00 COND=1 IDLE=1 IO=0000000000000000
FB=0840 [0000100001000000] SR=0100 R5=0 ROM=0000.0 PREG=0 RAMOP=- RAMREG=090 ROMOP=- ROMREG=09

0642 1828 BRC 0656 +014
A=0000000000000000 B=0000000000030000 C=0000000000000000 D=0000000000001000 E=0000000000000000
FA=0040 [0000000001000000] KR=0180 [0000000110000000] EXT=00 COND=1 IDLE=1 IO=0000000000000000
FB=0840 [0000100001000000] SR=0100 R5=0 ROM=0000.0 PREG=0 RAMOP=- RAMREG=090 ROMOP=- ROMREG=09

0656 0AE0 WAIT D14
A=0000000000000000 B=0000000000030000 C=0000000000000000 D=0000000000001000 E=0000000000000000
FA=0040 [0000000001000000] KR=0180 [0000000110000000] EXT=00 COND=1 IDLE=1 IO=0000000000000000
FB=0840 [0000100001000000] SR=0100 R5=0 ROM=0000.0 PREG=0 RAMOP=- RAMREG=090 ROMOP=- ROMREG=09

0657 0820 ?KEY 20
A=0000000000000000 B=0000000000030000 C=0000000000000000 D=0000000000001000 E=0000000000000000
FA=0040 [0000000001000000] KR=0180 [0000000110000000] EXT=00 COND=1 IDLE=1 IO=0000000000000000
FB=0840 [0000100001000000] SR=0100 R5=0 ROM=0000.0 PREG=0 RAMOP=- RAMREG=090 ROMOP=- ROMREG=09

0658 1839 BRC 063C -01C
A=0000000000000000 B=0000000000030000 C=0000000000000000 D=0000000000001000 E=0000000000000000
FA=0040 [0000000001000000] KR=0180 [0000000110000000] EXT=00 COND=1 IDLE=1 IO=0000000000000000
FB=0840 [0000100001000000] SR=0100 R5=0 ROM=0000.0 PREG=0 RAMOP=- RAMREG=090 ROMOP=- ROMREG=09

063C 00C8 ?TFB 12
A=0000000000000000 B=0000000000030000 C=0000000000000000 D=0000000000001000 E=0000000000000000
FA=0040 [0000000001000000] KR=0180 [0000000110000000] EXT=00 COND=1 IDLE=1 IO=0000000000000000
FB=0840 [0000100001000000] SR=0100 R5=0 ROM=0000.0 PREG=0 RAMOP=- RAMREG=090 ROMOP=- ROMREG=09

063D 00A8 ?TFB 10
A=0000000000000000 B=0000000000030000 C=0000000000000000 D=0000000000001000 E=0000000000000000
FA=0040 [0000000001000000] KR=0180 [0000000110000000] EXT=00 COND=1 IDLE=1 IO=0000000000000000
FB=0840 [0000100001000000] SR=0100 R5=0 ROM=0000.0 PREG=0 RAMOP=- RAMREG=090 ROMOP=- ROMREG=09

063E 0AB0 WAIT D11
A=0000000000000000 B=0000000000030000 C=0000000000000000 D=0000000000001000 E=0000000000000000
FA=0040 [0000000001000000] KR=0180 [0000000110000000] EXT=00 COND=1 IDLE=1 IO=0000000000000000
FB=0840 [0000100001000000] SR=0100 R5=0 ROM=0000.0 PREG=0 RAMOP=- RAMREG=090 ROMOP=- ROMREG=09

063F 0A0B ?BUSY
A=0000000000000000 B=0000000000030000 C=0000000000000000 D=0000000000001000 E=0000000000000000
FA=0040 [0000000001000000] KR=0180 [0000000110000000] EXT=00 COND=1 IDLE=1 IO=0000000000000000
FB=0840 [0000100001000000] SR=0100 R5=0 ROM=0000.0 PREG=0 RAMOP=- RAMREG=090 ROMOP=- ROMREG=09

0640 1BCF BRC 0459 -1E7
A=0000000000000000 B=0000000000030000 C=0000000000000000 D=0000000000001000 E=0000000000000000
FA=0040 [0000000001000000] KR=0180 [0000000110000000] EXT=00 COND=1 IDLE=1 IO=0000000000000000
FB=0840 [0000100001000000] SR=0100 R5=0 ROM=0000.0 PREG=0 RAMOP=- RAMREG=090 ROMOP=- ROMREG=09

0459 0A80 WAIT D8
A=0000000000000000 B=0000000000030000 C=0000000000000000 D=0000000000001000 E=0000000000000000
FA=0040 [0000000001000000] KR=0180 [0000000110000000] EXT=00 COND=1 IDLE=1 IO=0000000000000000
FB=0840 [0000100001000000] SR=0100 R5=0 ROM=0000.0 PREG=0 RAMOP=- RAMREG=090 ROMOP=- ROMREG=09

045A 0A0B ?BUSY
A=0000000000000000 B=0000000000030000 C=0000000000000000 D=0000000000001000 E=0000000000000000
FA=0040 [0000000001000000] KR=0180 [0000000110000000] EXT=00 COND=1 IDLE=1 IO=0000000000000000
FB=0840 [0000100001000000] SR=0100 R5=0 ROM=0000.0 PREG=0 RAMOP=- RAMREG=090 ROMOP=- ROMREG=09

045B 13CC BRNC 0641 +1E6
A=0000000000000000 B=0000000000030000 C=0000000000000000 D=0000000000001000 E=0000000000000000
FA=0040 [0000000001000000] KR=0180 [0000000110000000] EXT=00 COND=0 IDLE=1 IO=0000000000000000
FB=0840 [0000100001000000] SR=0100 R5=0 ROM=0000.0 PREG=0 RAMOP=- RAMREG=090 ROMOP=- ROMREG=09

0641 0098 ?TFB 9
A=0000000000000000 B=0000000000030000 C=0000000000000000 D=0000000000001000 E=0000000000000000
FA=0040 [0000000001000000] KR=0180 [0000000110000000] EXT=00 COND=1 IDLE=1 IO=0000000000000000
FB=0840 [0000100001000000] SR=0100 R5=0 ROM=0000.0 PREG=0 RAMOP=- RAMREG=090 ROMOP=- ROMREG=09

0642 1828 BRC 0656 +014
A=0000000000000000 B=0000000000030000 C=0000000000000000 D=0000000000001000 E=0000000000000000
FA=0040 [0000000001000000] KR=0180 [0000000110000000] EXT=00 COND=1 IDLE=1 IO=0000000000000000
FB=0840 [0000100001000000] SR=0100 R5=0 ROM=0000.0 PREG=0 RAMOP=- RAMREG=090 ROMOP=- ROMREG=09

0656 0AE0 WAIT D14
A=0000000000000000 B=0000000000030000 C=0000000000000000 D=0000000000001000 E=0000000000000000
FA=0040 [0000000001000000] KR=0180 [0000000110000000] EXT=00 COND=1 IDLE=1 IO=0000000000000000
FB=0840 [0000100001000000] SR=0100 R5=0 ROM=0000.0 PREG=0 RAMOP=- RAMREG=090 ROMOP=- ROMREG=09

0657 0820 ?KEY 20
A=0000000000000000 B=0000000000030000 C=0000000000000000 D=0000000000001000 E=0000000000000000
FA=0040 [0000000001000000] KR=0180 [0000000110000000] EXT=00 COND=1 IDLE=1 IO=0000000000000000
FB=0840 [0000100001000000] SR=0100 R5=0 ROM=0000.0 PREG=0 RAMOP=- RAMREG=090 ROMOP=- ROMREG=09

0658 1839 BRC 063C -01C
A=0000000000000000 B=0000000000030000 C=0000000000000000 D=0000000000001000 E=0000000000000000
FA=0040 [0000000001000000] KR=0180 [0000000110000000] EXT=00 COND=1 IDLE=1 IO=0000000000000000
FB=0840 [0000100001000000] SR=0100 R5=0 ROM=0000.0 PREG=0 RAMOP=- RAMREG=090 ROMOP=- ROMREG=09

063C 00C8 ?TFB 12
A=0000000000000000 B=0000000000030000 C=0000000000000000 D=0000000000001000 E=0000000000000000
FA=0040 [0000000001000000] KR=0180 [0000000110000000] EXT=00 COND=1 IDLE=1 IO=0000000000000000
FB=0840 [0000100001000000] SR=0100 R5=0 ROM=0000.0 PREG=0 RAMOP=- RAMREG=090 ROMOP=- ROMREG=09

063D 00A8 ?TFB 10
A=0000000000000000 B=0000000000030000 C=0000000000000000 D=0000000000001000 E=0000000000000000
FA=0040 [0000000001000000] KR=0180 [0000000110000000] EXT=00 COND=1 IDLE=1 IO=0000000000000000
FB=0840 [0000100001000000] SR=0100 R5=0 ROM=0000.0 PREG=0 RAMOP=- RAMREG=090 ROMOP=- ROMREG=09

063E 0AB0 WAIT D11
A=0000000000000000 B=0000000000030000 C=0000000000000000 D=0000000000001000 E=0000000000000000
FA=0040 [0000000001000000] KR=0180 [0000000110000000] EXT=00 COND=1 IDLE=1 IO=0000000000000000
FB=0840 [0000100001000000] SR=0100 R5=0 ROM=0000.0 PREG=0 RAMOP=- RAMREG=090 ROMOP=- ROMREG=09

063F 0A0B ?BUSY
A=0000000000000000 B=0000000000030000 C=0000000000000000 D=0000000000001000 E=0000000000000000
FA=0040 [0000000001000000] KR=0180 [0000000110000000] EXT=00 COND=1 IDLE=1 IO=0000000000000000
FB=0840 [0000100001000000] SR=0100 R5=0 ROM=0000.0 PREG=0 RAMOP=- RAMREG=090 ROMOP=- ROMREG=09

0640 1BCF BRC 0459 -1E7
A=0000000000000000 B=0000000000030000 C=0000000000000000 D=0000000000001000 E=0000000000000000
FA=0040 [0000000001000000] KR=0180 [0000000110000000] EXT=00 COND=1 IDLE=1 IO=0000000000000000
FB=0840 [0000100001000000] SR=0100 R5=0 ROM=0000.0 PREG=0 RAMOP=- RAMREG=090 ROMOP=- ROMREG=09

0459 0A80 WAIT D8
A=0000000000000000 B=0000000000030000 C=0000000000000000 D=0000000000001000 E=0000000000000000
FA=0040 [0000000001000000] KR=0180 [0000000110000000] EXT=00 COND=1 IDLE=1 IO=0000000000000000
FB=0840 [0000100001000000] SR=0100 R5=0 ROM=0000.0 PREG=0 RAMOP=- RAMREG=090 ROMOP=- ROMREG=09

045A 0A0B ?BUSY
A=0000000000000000 B=0000000000030000 C=0000000000000000 D=0000000000001000 E=0000000000000000
FA=0040 [0000000001000000] KR=0180 [0000000110000000] EXT=00 COND=1 IDLE=1 IO=0000000000000000
FB=0840 [0000100001000000] SR=0100 R5=0 ROM=0000.0 PREG=0 RAMOP=- RAMREG=090 ROMOP=- ROMREG=09

045B 13CC BRNC 0641 +1E6
A=0000000000000000 B=0000000000030000 C=0000000000000000 D=0000000000001000 E=0000000000000000
FA=0040 [0000000001000000] KR=0180 [0000000110000000] EXT=00 COND=0 IDLE=1 IO=0000000000000000
FB=0840 [0000100001000000] SR=0100 R5=0 ROM=0000.0 PREG=0 RAMOP=- RAMREG=090 ROMOP=- ROMREG=09

0641 0098 ?TFB 9
A=0000000000000000 B=0000000000030000 C=0000000000000000 D=0000000000001000 E=0000000000000000
FA=0040 [0000000001000000] KR=0180 [0000000110000000] EXT=00 COND=1 IDLE=1 IO=0000000000000000
FB=0840 [0000100001000000] SR=0100 R5=0 ROM=0000.0 PREG=0 RAMOP=- RAMREG=090 ROMOP=- ROMREG=09

0642 1828 BRC 0656 +014
A=0000000000000000 B=0000000000030000 C=0000000000000000 D=0000000000001000 E=0000000000000000
FA=0040 [0000000001000000] KR=0180 [0000000110000000] EXT=00 COND=1 IDLE=1 IO=0000000000000000
FB=0840 [0000100001000000] SR=0100 R5=0 ROM=0000.0 PREG=0 RAMOP=- RAMREG=090 ROMOP=- ROMREG=09

0656 0AE0 WAIT D14
A=0000000000000000 B=0000000000030000 C=0000000000000000 D=0000000000001000 E=0000000000000000
FA=0040 [0000000001000000] KR=0180 [0000000110000000] EXT=00 COND=1 IDLE=1 IO=0000000000000000
FB=0840 [0000100001000000] SR=0100 R5=0 ROM=0000.0 PREG=0 RAMOP=- RAMREG=090 ROMOP=- ROMREG=09

0657 0820 ?KEY 20
A=0000000000000000 B=0000000000030000 C=0000000000000000 D=0000000000001000 E=0000000000000000
FA=0040 [0000000001000000] KR=0180 [0000000110000000] EXT=00 COND=1 IDLE=1 IO=0000000000000000
FB=0840 [0000100001000000] SR=0100 R5=0 ROM=0000.0 PREG=0 RAMOP=- RAMREG=090 ROMOP=- ROMREG=09

0658 1839 BRC 063C -01C
A=0000000000000000 B=0000000000030000 C=0000000000000000 D=0000000000001000 E=0000000000000000
FA=0040 [0000000001000000] KR=0180 [0000000110000000] EXT=00 COND=1 IDLE=1 IO=0000000000000000
FB=0840 [0000100001000000] SR=0100 R5=0 ROM=0000.0 PREG=0 RAMOP=- RAMREG=090 ROMOP=- ROMREG=09

063C 00C8 ?TFB 12
A=0000000000000000 B=0000000000030000 C=0000000000000000 D=0000000000001000 E=0000000000000000
FA=0040 [0000000001000000] KR=0180 [0000000110000000] EXT=00 COND=1 IDLE=1 IO=0000000000000000
FB=0840 [0000100001000000] SR=0100 R5=0 ROM=0000.0 PREG=0 RAMOP=- RAMREG=090 ROMOP=- ROMREG=09

063D 00A8 ?TFB 10
A=0000000000000000 B=0000000000030000 C=0000000000000000 D=0000000000001000 E=0000000000000000
FA=0040 [0000000001000000] KR=0180 [0000000110000000] EXT=00 COND=1 IDLE=1 IO=0000000000000000
FB=0840 [0000100001000000] SR=0100 R5=0 ROM=0000.0 PREG=0 RAMOP=- RAMREG=090 ROMOP=- ROMREG=09

063E 0AB0 WAIT D11
A=0000000000000000 B=0000000000030000 C=0000000000000000 D=0000000000001000 E=0000000000000000
FA=0040 [0000000001000000] KR=0180 [0000000110000000] EXT=00 COND=1 IDLE=1 IO=0000000000000000
FB=0840 [0000100001000000] SR=0100 R5=0 ROM=0000.0 PREG=0 RAMOP=- RAMREG=090 ROMOP=- ROMREG=09

063F 0A0B ?BUSY
A=0000000000000000 B=0000000000030000 C=0000000000000000 D=0000000000001000 E=0000000000000000
FA=0040 [0000000001000000] KR=0180 [0000000110000000] EXT=00 COND=1 IDLE=1 IO=0000000000000000
FB=0840 [0000100001000000] SR=0100 R5=0 ROM=0000.0 PREG=0 RAMOP=- RAMREG=090 ROMOP=- ROMREG=09

0640 1BCF BRC 0459 -1E7
A=0000000000000000 B=0000000000030000 C=0000000000000000 D=0000000000001000 E=0000000000000000
FA=0040 [0000000001000000] KR=0180 [0000000110000000] EXT=00 COND=1 IDLE=1 IO=0000000000000000
FB=0840 [0000100001000000] SR=0100 R5=0 ROM=0000.0 PREG=0 RAMOP=- RAMREG=090 ROMOP=- ROMREG=09

0459 0A80 WAIT D8
A=0000000000000000 B=0000000000030000 C=0000000000000000 D=0000000000001000 E=0000000000000000
FA=0040 [0000000001000000] KR=0180 [0000000110000000] EXT=00 COND=1 IDLE=1 IO=0000000000000000
FB=0840 [0000100001000000] SR=0100 R5=0 ROM=0000.0 PREG=0 RAMOP=- RAMREG=090 ROMOP=- ROMREG=09

045A 0A0B ?BUSY
A=0000000000000000 B=0000000000030000 C=0000000000000000 D=0000000000001000 E=0000000000000000
FA=0040 [0000000001000000] KR=0180 [0000000110000000] EXT=00 COND=1 IDLE=1 IO=0000000000000000
FB=0840 [0000100001000000] SR=0100 R5=0 ROM=0000.0 PREG=0 RAMOP=- RAMREG=090 ROMOP=- ROMREG=09

045B 13CC BRNC 0641 +1E6
A=0000000000000000 B=0000000000030000 C=0000000000000000 D=0000000000001000 E=0000000000000000
FA=0040 [0000000001000000] KR=0180 [0000000110000000] EXT=00 COND=0 IDLE=1 IO=0000000000000000
FB=0840 [0000100001000000] SR=0100 R5=0 ROM=0000.0 PREG=0 RAMOP=- RAMREG=090 ROMOP=- ROMREG=09

0641 0098 ?TFB 9
A=0000000000000000 B=0000000000030000 C=0000000000000000 D=0000000000001000 E=0000000000000000
FA=0040 [0000000001000000] KR=0180 [0000000110000000] EXT=00 COND=1 IDLE=1 IO=0000000000000000
FB=0840 [0000100001000000] SR=0100 R5=0 ROM=0000.0 PREG=0 RAMOP=- RAMREG=090 ROMOP=- ROMREG=09

0642 1828 BRC 0656 +014
A=0000000000000000 B=0000000000030000 C=0000000000000000 D=0000000000001000 E=0000000000000000
FA=0040 [0000000001000000] KR=0180 [0000000110000000] EXT=00 COND=1 IDLE=1 IO=0000000000000000
FB=0840 [0000100001000000] SR=0100 R5=0 ROM=0000.0 PREG=0 RAMOP=- RAMREG=090 ROMOP=- ROMREG=09

0656 0AE0 WAIT D14
A=0000000000000000 B=0000000000030000 C=0000000000000000 D=0000000000001000 E=0000000000000000
FA=0040 [0000000001000000] KR=0180 [0000000110000000] EXT=00 COND=1 IDLE=1 IO=0000000000000000
FB=0840 [0000100001000000] SR=0100 R5=0 ROM=0000.0 PREG=0 RAMOP=- RAMREG=090 ROMOP=- ROMREG=09

0657 0820 ?KEY 20
A=0000000000000000 B=0000000000030000 C=0000000000000000 D=0000000000001000 E=0000000000000000
FA=0040 [0000000001000000] KR=0180 [0000000110000000] EXT=00 COND=1 IDLE=1 IO=0000000000000000
FB=0840 [0000100001000000] SR=0100 R5=0 ROM=0000.0 PREG=0 RAMOP=- RAMREG=090 ROMOP=- ROMREG=09

0658 1839 BRC 063C -01C
A=0000000000000000 B=0000000000030000 C=0000000000000000 D=0000000000001000 E=0000000000000000
FA=0040 [0000000001000000] KR=0180 [0000000110000000] EXT=00 COND=1 IDLE=1 IO=0000000000000000
FB=0840 [0000100001000000] SR=0100 R5=0 ROM=0000.0 PREG=0 RAMOP=- RAMREG=090 ROMOP=- ROMREG=09

063C 00C8 ?TFB 12
A=0000000000000000 B=0000000000030000 C=0000000000000000 D=0000000000001000 E=0000000000000000
FA=0040 [0000000001000000] KR=0180 [0000000110000000] EXT=00 COND=1 IDLE=1 IO=0000000000000000
FB=0840 [0000100001000000] SR=0100 R5=0 ROM=0000.0 PREG=0 RAMOP=- RAMREG=090 ROMOP=- ROMREG=09

063D 00A8 ?TFB 10
A=0000000000000000 B=0000000000030000 C=0000000000000000 D=0000000000001000 E=0000000000000000
FA=0040 [0000000001000000] KR=0180 [0000000110000000] EXT=00 COND=1 IDLE=1 IO=0000000000000000
FB=0840 [0000100001000000] SR=0100 R5=0 ROM=0000.0 PREG=0 RAMOP=- RAMREG=090 ROMOP=- ROMREG=09

063E 0AB0 WAIT D11
A=0000000000000000 B=0000000000030000 C=0000000000000000 D=0000000000001000 E=0000000000000000
FA=0040 [0000000001000000] KR=0180 [0000000110000000] EXT=00 COND=1 IDLE=1 IO=0000000000000000
FB=0840 [0000100001000000] SR=0100 R5=0 ROM=0000.0 PREG=0 RAMOP=- RAMREG=090 ROMOP=- ROMREG=09

063F 0A0B ?BUSY
A=0000000000000000 B=0000000000030000 C=0000000000000000 D=0000000000001000 E=0000000000000000
FA=0040 [0000000001000000] KR=0180 [0000000110000000] EXT=00 COND=1 IDLE=1 IO=0000000000000000
FB=0840 [0000100001000000] SR=0100 R5=0 ROM=0000.0 PREG=0 RAMOP=- RAMREG=090 ROMOP=- ROMREG=09

0640 1BCF BRC 0459 -1E7
A=0000000000000000 B=0000000000030000 C=0000000000000000 D=0000000000001000 E=0000000000000000
FA=0040 [0000000001000000] KR=0180 [0000000110000000] EXT=00 COND=1 IDLE=1 IO=0000000000000000
FB=0840 [0000100001000000] SR=0100 R5=0 ROM=0000.0 PREG=0 RAMOP=- RAMREG=090 ROMOP=- ROMREG=09

0459 0A80 WAIT D8
A=0000000000000000 B=0000000000030000 C=0000000000000000 D=0000000000001000 E=0000000000000000
FA=0040 [0000000001000000] KR=0180 [0000000110000000] EXT=00 COND=1 IDLE=1 IO=0000000000000000
FB=0840 [0000100001000000] SR=0100 R5=0 ROM=0000.0 PREG=0 RAMOP=- RAMREG=090 ROMOP=- ROMREG=09

045A 0A0B ?BUSY
A=0000000000000000 B=0000000000030000 C=0000000000000000 D=0000000000001000 E=0000000000000000
FA=0040 [0000000001000000] KR=0180 [0000000110000000] EXT=00 COND=1 IDLE=1 IO=0000000000000000
FB=0840 [0000100001000000] SR=0100 R5=0 ROM=0000.0 PREG=0 RAMOP=- RAMREG=090 ROMOP=- ROMREG=09

045B 13CC BRNC 0641 +1E6
A=0000000000000000 B=0000000000030000 C=0000000000000000 D=0000000000001000 E=0000000000000000
FA=0040 [0000000001000000] KR=0180 [0000000110000000] EXT=00 COND=0 IDLE=1 IO=0000000000000000
FB=0840 [0000100001000000] SR=0100 R5=0 ROM=0000.0 PREG=0 RAMOP=- RAMREG=090 ROMOP=- ROMREG=09

0641 0098 ?TFB 9
A=0000000000000000 B=0000000000030000 C=0000000000000000 D=0000000000001000 E=0000000000000000
FA=0040 [0000000001000000] KR=0180 [0000000110000000] EXT=00 COND=1 IDLE=1 IO=0000000000000000
FB=0840 [0000100001000000] SR=0100 R5=0 ROM=0000.0 PREG=0 RAMOP=- RAMREG=090 ROMOP=- ROMREG=09

0642 1828 BRC 0656 +014
A=0000000000000000 B=0000000000030000 C=0000000000000000 D=0000000000001000 E=0000000000000000
FA=0040 [0000000001000000] KR=0180 [0000000110000000] EXT=00 COND=1 IDLE=1 IO=0000000000000000
FB=0840 [0000100001000000] SR=0100 R5=0 ROM=0000.0 PREG=0 RAMOP=- RAMREG=090 ROMOP=- ROMREG=09

0656 0AE0 WAIT D14
A=0000000000000000 B=0000000000030000 C=0000000000000000 D=0000000000001000 E=0000000000000000
FA=0040 [0000000001000000] KR=0180 [0000000110000000] EXT=00 COND=1 IDLE=1 IO=0000000000000000
FB=0840 [0000100001000000] SR=0100 R5=0 ROM=0000.0 PREG=0 RAMOP=- RAMREG=090 ROMOP=- ROMREG=09

0657 0820 ?KEY 20
A=0000000000000000 B=0000000000030000 C=0000000000000000 D=0000000000001000 E=0000000000000000
FA=0040 [0000000001000000] KR=0180 [0000000110000000] EXT=00 COND=1 IDLE=1 IO=0000000000000000
FB=0840 [0000100001000000] SR=0100 R5=0 ROM=0000.0 PREG=0 RAMOP=- RAMREG=090 ROMOP=- ROMREG=09

0658 1839 BRC 063C -01C
A=0000000000000000 B=0000000000030000 C=0000000000000000 D=0000000000001000 E=0000000000000000
FA=0040 [0000000001000000] KR=0180 [0000000110000000] EXT=00 COND=1 IDLE=1 IO=0000000000000000
FB=0840 [0000100001000000] SR=0100 R5=0 ROM=0000.0 PREG=0 RAMOP=- RAMREG=090 ROMOP=- ROMREG=09

063C 00C8 ?TFB 12
A=0000000000000000 B=0000000000030000 C=0000000000000000 D=0000000000001000 E=0000000000000000
FA=0040 [0000000001000000] KR=0180 [0000000110000000] EXT=00 COND=1 IDLE=1 IO=0000000000000000
FB=0840 [0000100001000000] SR=0100 R5=0 ROM=0000.0 PREG=0 RAMOP=- RAMREG=090 ROMOP=- ROMREG=09

063D 00A8 ?TFB 10
A=0000000000000000 B=0000000000030000 C=0000000000000000 D=0000000000001000 E=0000000000000000
FA=0040 [0000000001000000] KR=0180 [0000000110000000] EXT=00 COND=1 IDLE=1 IO=0000000000000000
FB=0840 [0000100001000000] SR=0100 R5=0 ROM=0000.0 PREG=0 RAMOP=- RAMREG=090 ROMOP=- ROMREG=09

063E 0AB0 WAIT D11
A=0000000000000000 B=0000000000030000 C=0000000000000000 D=0000000000001000 E=0000000000000000
FA=0040 [0000000001000000] KR=0180 [0000000110000000] EXT=00 COND=1 IDLE=1 IO=0000000000000000
FB=0840 [0000100001000000] SR=0100 R5=0 ROM=0000.0 PREG=0 RAMOP=- RAMREG=090 ROMOP=- ROMREG=09

063F 0A0B ?BUSY
A=0000000000000000 B=0000000000030000 C=0000000000000000 D=0000000000001000 E=0000000000000000
FA=0040 [0000000001000000] KR=0180 [0000000110000000] EXT=00 COND=1 IDLE=1 IO=0000000000000000
FB=0840 [0000100001000000] SR=0100 R5=0 ROM=0000.0 PREG=0 RAMOP=- RAMREG=090 ROMOP=- ROMREG=09

0640 1BCF BRC 0459 -1E7
A=0000000000000000 B=0000000000030000 C=0000000000000000 D=0000000000001000 E=0000000000000000
FA=0040 [0000000001000000] KR=0180 [0000000110000000] EXT=00 COND=1 IDLE=1 IO=0000000000000000
FB=0840 [0000100001000000] SR=0100 R5=0 ROM=0000.0 PREG=0 RAMOP=- RAMREG=090 ROMOP=- ROMREG=09

0459 0A80 WAIT D8
A=0000000000000000 B=0000000000030000 C=0000000000000000 D=0000000000001000 E=0000000000000000
FA=0040 [0000000001000000] KR=0180 [0000000110000000] EXT=00 COND=1 IDLE=1 IO=0000000000000000
FB=0840 [0000100001000000] SR=0100 R5=0 ROM=0000.0 PREG=0 RAMOP=- RAMREG=090 ROMOP=- ROMREG=09

045A 0A0B ?BUSY
A=0000000000000000 B=0000000000030000 C=0000000000000000 D=0000000000001000 E=0000000000000000
FA=0040 [0000000001000000] KR=0180 [0000000110000000] EXT=00 COND=1 IDLE=1 IO=0000000000000000
FB=0840 [0000100001000000] SR=0100 R5=0 ROM=0000.0 PREG=0 RAMOP=- RAMREG=090 ROMOP=- ROMREG=09

045B 13CC BRNC 0641 +1E6
A=0000000000000000 B=0000000000030000 C=0000000000000000 D=0000000000001000 E=0000000000000000
FA=0040 [0000000001000000] KR=0180 [0000000110000000] EXT=00 COND=0 IDLE=1 IO=0000000000000000
FB=0840 [0000100001000000] SR=0100 R5=0 ROM=0000.0 PREG=0 RAMOP=- RAMREG=090 ROMOP=- ROMREG=09

0641 0098 ?TFB 9
A=0000000000000000 B=0000000000030000 C=0000000000000000 D=0000000000001000 E=0000000000000000
FA=0040 [0000000001000000] KR=0180 [0000000110000000] EXT=00 COND=1 IDLE=1 IO=0000000000000000
FB=0840 [0000100001000000] SR=0100 R5=0 ROM=0000.0 PREG=0 RAMOP=- RAMREG=090 ROMOP=- ROMREG=09

0642 1828 BRC 0656 +014
A=0000000000000000 B=0000000000030000 C=0000000000000000 D=0000000000001000 E=0000000000000000
FA=0040 [0000000001000000] KR=0180 [0000000110000000] EXT=00 COND=1 IDLE=1 IO=0000000000000000
FB=0840 [0000100001000000] SR=0100 R5=0 ROM=0000.0 PREG=0 RAMOP=- RAMREG=090 ROMOP=- ROMREG=09

0656 0AE0 WAIT D14
A=0000000000000000 B=0000000000030000 C=0000000000000000 D=0000000000001000 E=0000000000000000
FA=0040 [0000000001000000] KR=0180 [0000000110000000] EXT=00 COND=1 IDLE=1 IO=0000000000000000
FB=0840 [0000100001000000] SR=0100 R5=0 ROM=0000.0 PREG=0 RAMOP=- RAMREG=090 ROMOP=- ROMREG=09

0657 0820 ?KEY 20
A=0000000000000000 B=0000000000030000 C=0000000000000000 D=0000000000001000 E=0000000000000000
FA=0040 [0000000001000000] KR=0180 [0000000110000000] EXT=00 COND=1 IDLE=1 IO=0000000000000000
FB=0840 [0000100001000000] SR=0100 R5=0 ROM=0000.0 PREG=0 RAMOP=- RAMREG=090 ROMOP=- ROMREG=09

0658 1839 BRC 063C -01C
A=0000000000000000 B=0000000000030000 C=0000000000000000 D=0000000000001000 E=0000000000000000
FA=0040 [0000000001000000] KR=0180 [0000000110000000] EXT=00 COND=1 IDLE=1 IO=0000000000000000
FB=0840 [0000100001000000] SR=0100 R5=0 ROM=0000.0 PREG=0 RAMOP=- RAMREG=090 ROMOP=- ROMREG=09

063C 00C8 ?TFB 12
A=0000000000000000 B=0000000000030000 C=0000000000000000 D=0000000000001000 E=0000000000000000
FA=0040 [0000000001000000] KR=0180 [0000000110000000] EXT=00 COND=1 IDLE=1 IO=0000000000000000
FB=0840 [0000100001000000] SR=0100 R5=0 ROM=0000.0 PREG=0 RAMOP=- RAMREG=090 ROMOP=- ROMREG=09

063D 00A8 ?TFB 10
A=0000000000000000 B=0000000000030000 C=0000000000000000 D=0000000000001000 E=0000000000000000
FA=0040 [0000000001000000] KR=0180 [0000000110000000] EXT=00 COND=1 IDLE=1 IO=0000000000000000
FB=0840 [0000100001000000] SR=0100 R5=0 ROM=0000.0 PREG=0 RAMOP=- RAMREG=090 ROMOP=- ROMREG=09

063E 0AB0 WAIT D11
A=0000000000000000 B=0000000000030000 C=0000000000000000 D=0000000000001000 E=0000000000000000
FA=0040 [0000000001000000] KR=0180 [0000000110000000] EXT=00 COND=1 IDLE=1 IO=0000000000000000
FB=0840 [0000100001000000] SR=0100 R5=0 ROM=0000.0 PREG=0 RAMOP=- RAMREG=090 ROMOP=- ROMREG=09

063F 0A0B ?BUSY
A=0000000000000000 B=0000000000030000 C=0000000000000000 D=0000000000001000 E=0000000000000000
FA=0040 [0000000001000000] KR=0180 [0000000110000000] EXT=00 COND=1 IDLE=1 IO=0000000000000000
FB=0840 [0000100001000000] SR=0100 R5=0 ROM=0000.0 PREG=0 RAMOP=- RAMREG=090 ROMOP=- ROMREG=09

0640 1BCF BRC 0459 -1E7
A=0000000000000000 B=0000000000030000 C=0000000000000000 D=0000000000001000 E=0000000000000000
FA=0040 [0000000001000000] KR=0180 [0000000110000000] EXT=00 COND=1 IDLE=1 IO=0000000000000000
FB=0840 [0000100001000000] SR=0100 R5=0 ROM=0000.0 PREG=0 RAMOP=- RAMREG=090 ROMOP=- ROMREG=09

0459 0A80 WAIT D8
A=0000000000000000 B=0000000000030000 C=0000000000000000 D=0000000000001000 E=0000000000000000
FA=0040 [0000000001000000] KR=0180 [0000000110000000] EXT=00 COND=1 IDLE=1 IO=0000000000000000
FB=0840 [0000100001000000] SR=0100 R5=0 ROM=0000.0 PREG=0 RAMOP=- RAMREG=090 ROMOP=- ROMREG=09

045A 0A0B ?BUSY
A=0000000000000000 B=0000000000030000 C=0000000000000000 D=0000000000001000 E=0000000000000000
FA=0040 [0000000001000000] KR=0180 [0000000110000000] EXT=00 COND=1 IDLE=1 IO=0000000000000000
FB=0840 [0000100001000000] SR=0100 R5=0 ROM=0000.0 PREG=0 RAMOP=- RAMREG=090 ROMOP=- ROMREG=09

045B 13CC BRNC 0641 +1E6
A=0000000000000000 B=0000000000030000 C=0000000000000000 D=0000000000001000 E=0000000000000000
FA=0040 [0000000001000000] KR=0180 [0000000110000000] EXT=00 COND=0 IDLE=1 IO=0000000000000000
FB=0840 [0000100001000000] SR=0100 R5=0 ROM=0000.0 PREG=0 RAMOP=- RAMREG=090 ROMOP=- ROMREG=09

0641 0098 ?TFB 9
A=0000000000000000 B=0000000000030000 C=0000000000000000 D=0000000000001000 E=0000000000000000
FA=0040 [0000000001000000] KR=0180 [0000000110000000] EXT=00 COND=1 IDLE=1 IO=0000000000000000
FB=0840 [0000100001000000] SR=0100 R5=0 ROM=0000.0 PREG=0 RAMOP=- RAMREG=090 ROMOP=- ROMREG=09

0642 1828 BRC 0656 +014
A=0000000000000000 B=0000000000030000 C=0000000000000000 D=0000000000001000 E=0000000000000000
FA=0040 [0000000001000000] KR=0180 [0000000110000000] EXT=00 COND=1 IDLE=1 IO=0000000000000000
FB=0840 [0000100001000000] SR=0100 R5=0 ROM=0000.0 PREG=0 RAMOP=- RAMREG=090 ROMOP=- ROMREG=09

0656 0AE0 WAIT D14
A=0000000000000000 B=0000000000030000 C=0000000000000000 D=0000000000001000 E=0000000000000000
FA=0040 [0000000001000000] KR=0180 [0000000110000000] EXT=00 COND=1 IDLE=1 IO=0000000000000000
FB=0840 [0000100001000000] SR=0100 R5=0 ROM=0000.0 PREG=0 RAMOP=- RAMREG=090 ROMOP=- ROMREG=09

0657 0820 ?KEY 20
A=0000000000000000 B=0000000000030000 C=0000000000000000 D=0000000000001000 E=0000000000000000
FA=0040 [0000000001000000] KR=0180 [0000000110000000] EXT=00 COND=1 IDLE=1 IO=0000000000000000
FB=0840 [0000100001000000] SR=0100 R5=0 ROM=0000.0 PREG=0 RAMOP=- RAMREG=090 ROMOP=- ROMREG=09

0658 1839 BRC 063C -01C
A=0000000000000000 B=0000000000030000 C=0000000000000000 D=0000000000001000 E=0000000000000000
FA=0040 [0000000001000000] KR=0180 [0000000110000000] EXT=00 COND=1 IDLE=1 IO=0000000000000000
FB=0840 [0000100001000000] SR=0100 R5=0 ROM=0000.0 PREG=0 RAMOP=- RAMREG=090 ROMOP=- ROMREG=09

063C 00C8 ?TFB 12
A=0000000000000000 B=0000000000030000 C=0000000000000000 D=0000000000001000 E=0000000000000000
FA=0040 [0000000001000000] KR=0180 [0000000110000000] EXT=00 COND=1 IDLE=1 IO=0000000000000000
FB=0840 [0000100001000000] SR=0100 R5=0 ROM=0000.0 PREG=0 RAMOP=- RAMREG=090 ROMOP=- ROMREG=09

063D 00A8 ?TFB 10
A=0000000000000000 B=0000000000030000 C=0000000000000000 D=0000000000001000 E=0000000000000000
FA=0040 [0000000001000000] KR=0180 [0000000110000000] EXT=00 COND=1 IDLE=1 IO=0000000000000000
FB=0840 [0000100001000000] SR=0100 R5=0 ROM=0000.0 PREG=0 RAMOP=- RAMREG=090 ROMOP=- ROMREG=09

063E 0AB0 WAIT D11
A=0000000000000000 B=0000000000030000 C=0000000000000000 D=0000000000001000 E=0000000000000000
FA=0040 [0000000001000000] KR=0180 [0000000110000000] EXT=00 COND=1 IDLE=1 IO=0000000000000000
FB=0840 [0000100001000000] SR=0100 R5=0 ROM=0000.0 PREG=0 RAMOP=- RAMREG=090 ROMOP=- ROMREG=09

063F 0A0B ?BUSY
A=0000000000000000 B=0000000000030000 C=0000000000000000 D=0000000000001000 E=0000000000000000
FA=0040 [0000000001000000] KR=0180 [0000000110000000] EXT=00 COND=1 IDLE=1 IO=0000000000000000
FB=0840 [0000100001000000] SR=0100 R5=0 ROM=0000.0 PREG=0 RAMOP=- RAMREG=090 ROMOP=- ROMREG=09

0640 1BCF BRC 0459 -1E7
A=0000000000000000 B=0000000000030000 C=0000000000000000 D=0000000000001000 E=0000000000000000
FA=0040 [0000000001000000] KR=0180 [0000000110000000] EXT=00 COND=1 IDLE=1 IO=0000000000000000
FB=0840 [0000100001000000] SR=0100 R5=0 ROM=0000.0 PREG=0 RAMOP=- RAMREG=090 ROMOP=- ROMREG=09

0459 0A80 WAIT D8
A=0000000000000000 B=0000000000030000 C=0000000000000000 D=0000000000001000 E=0000000000000000
FA=0040 [0000000001000000] KR=0180 [0000000110000000] EXT=00 COND=1 IDLE=1 IO=0000000000000000
FB=0840 [0000100001000000] SR=0100 R5=0 ROM=0000.0 PREG=0 RAMOP=- RAMREG=090 ROMOP=- ROMREG=09

045A 0A0B ?BUSY
A=0000000000000000 B=0000000000030000 C=0000000000000000 D=0000000000001000 E=0000000000000000
FA=0040 [0000000001000000] KR=0180 [0000000110000000] EXT=00 COND=1 IDLE=1 IO=0000000000000000
FB=0840 [0000100001000000] SR=0100 R5=0 ROM=0000.0 PREG=0 RAMOP=- RAMREG=090 ROMOP=- ROMREG=09

045B 13CC BRNC 0641 +1E6
A=0000000000000000 B=0000000000030000 C=0000000000000000 D=0000000000001000 E=0000000000000000
FA=0040 [0000000001000000] KR=0180 [0000000110000000] EXT=00 COND=0 IDLE=1 IO=0000000000000000
FB=0840 [0000100001000000] SR=0100 R5=0 ROM=0000.0 PREG=0 RAMOP=- RAMREG=090 ROMOP=- ROMREG=09

0641 0098 ?TFB 9
A=0000000000000000 B=0000000000030000 C=0000000000000000 D=0000000000001000 E=0000000000000000
FA=0040 [0000000001000000] KR=0180 [0000000110000000] EXT=00 COND=1 IDLE=1 IO=0000000000000000
FB=0840 [0000100001000000] SR=0100 R5=0 ROM=0000.0 PREG=0 RAMOP=- RAMREG=090 ROMOP=- ROMREG=09

0642 1828 BRC 0656 +014
A=0000000000000000 B=0000000000030000 C=0000000000000000 D=0000000000001000 E=0000000000000000
FA=0040 [0000000001000000] KR=0180 [0000000110000000] EXT=00 COND=1 IDLE=1 IO=0000000000000000
FB=0840 [0000100001000000] SR=0100 R5=0 ROM=0000.0 PREG=0 RAMOP=- RAMREG=090 ROMOP=- ROMREG=09

0656 0AE0 WAIT D14
A=0000000000000000 B=0000000000030000 C=0000000000000000 D=0000000000001000 E=0000000000000000
FA=0040 [0000000001000000] KR=0180 [0000000110000000] EXT=00 COND=1 IDLE=1 IO=0000000000000000
FB=0840 [0000100001000000] SR=0100 R5=0 ROM=0000.0 PREG=0 RAMOP=- RAMREG=090 ROMOP=- ROMREG=09

0657 0820 ?KEY 20
A=0000000000000000 B=0000000000030000 C=0000000000000000 D=0000000000001000 E=0000000000000000
FA=0040 [0000000001000000] KR=0180 [0000000110000000] EXT=00 COND=1 IDLE=1 IO=0000000000000000
FB=0840 [0000100001000000] SR=0100 R5=0 ROM=0000.0 PREG=0 RAMOP=- RAMREG=090 ROMOP=- ROMREG=09

0658 1839 BRC 063C -01C
A=0000000000000000 B=0000000000030000 C=0000000000000000 D=0000000000001000 E=0000000000000000
FA=0040 [0000000001000000] KR=0180 [0000000110000000] EXT=00 COND=1 IDLE=1 IO=0000000000000000
FB=0840 [0000100001000000] SR=0100 R5=0 ROM=0000.0 PREG=0 RAMOP=- RAMREG=090 ROMOP=- ROMREG=09

063C 00C8 ?TFB 12
A=0000000000000000 B=0000000000030000 C=0000000000000000 D=0000000000001000 E=0000000000000000
FA=0040 [0000000001000000] KR=0180 [0000000110000000] EXT=00 COND=1 IDLE=1 IO=0000000000000000
FB=0840 [0000100001000000] SR=0100 R5=0 ROM=0000.0 PREG=0 RAMOP=- RAMREG=090 ROMOP=- ROMREG=09

063D 00A8 ?TFB 10
A=0000000000000000 B=0000000000030000 C=0000000000000000 D=0000000000001000 E=0000000000000000
FA=0040 [0000000001000000] KR=0180 [0000000110000000] EXT=00 COND=1 IDLE=1 IO=0000000000000000
FB=0840 [0000100001000000] SR=0100 R5=0 ROM=0000.0 PREG=0 RAMOP=- RAMREG=090 ROMOP=- ROMREG=09

063E 0AB0 WAIT D11
A=0000000000000000 B=0000000000030000 C=0000000000000000 D=0000000000001000 E=0000000000000000
FA=0040 [0000000001000000] KR=0180 [0000000110000000] EXT=00 COND=1 IDLE=1 IO=0000000000000000
FB=0840 [0000100001000000] SR=0100 R5=0 ROM=0000.0 PREG=0 RAMOP=- RAMREG=090 ROMOP=- ROMREG=09

063F 0A0B ?BUSY
A=0000000000000000 B=0000000000030000 C=0000000000000000 D=0000000000001000 E=0000000000000000
FA=0040 [0000000001000000] KR=0180 [0000000110000000] EXT=00 COND=1 IDLE=1 IO=0000000000000000
FB=0840 [0000100001000000] SR=0100 R5=0 ROM=0000.0 PREG=0 RAMOP=- RAMREG=090 ROMOP=- ROMREG=09

0640 1BCF BRC 0459 -1E7
A=0000000000000000 B=0000000000030000 C=0000000000000000 D=0000000000001000 E=0000000000000000
FA=0040 [0000000001000000] KR=0180 [0000000110000000] EXT=00 COND=1 IDLE=1 IO=0000000000000000
FB=0840 [0000100001000000] SR=0100 R5=0 ROM=0000.0 PREG=0 RAMOP=- RAMREG=090 ROMOP=- ROMREG=09

0459 0A80 WAIT D8
A=0000000000000000 B=0000000000030000 C=0000000000000000 D=0000000000001000 E=0000000000000000
FA=0040 [0000000001000000] KR=0180 [0000000110000000] EXT=00 COND=1 IDLE=1 IO=0000000000000000
FB=0840 [0000100001000000] SR=0100 R5=0 ROM=0000.0 PREG=0 RAMOP=- RAMREG=090 ROMOP=- ROMREG=09

045A 0A0B ?BUSY
A=0000000000000000 B=0000000000030000 C=0000000000000000 D=0000000000001000 E=0000000000000000
FA=0040 [0000000001000000] KR=0180 [0000000110000000] EXT=00 COND=1 IDLE=1 IO=0000000000000000
FB=0840 [0000100001000000] SR=0100 R5=0 ROM=0000.0 PREG=0 RAMOP=- RAMREG=090 ROMOP=- ROMREG=09

045B 13CC BRNC 0641 +1E6
A=0000000000000000 B=0000000000030000 C=0000000000000000 D=0000000000001000 E=0000000000000000
FA=0040 [0000000001000000] KR=0180 [0000000110000000] EXT=00 COND=0 IDLE=1 IO=0000000000000000
FB=0840 [0000100001000000] SR=0100 R5=0 ROM=0000.0 PREG=0 RAMOP=- RAMREG=090 ROMOP=- ROMREG=09

0641 0098 ?TFB 9
A=0000000000000000 B=0000000000030000 C=0000000000000000 D=0000000000001000 E=0000000000000000
FA=0040 [0000000001000000] KR=0180 [0000000110000000] EXT=00 COND=1 IDLE=1 IO=0000000000000000
FB=0840 [0000100001000000] SR=0100 R5=0 ROM=0000.0 PREG=0 RAMOP=- RAMREG=090 ROMOP=- ROMREG=09

0642 1828 BRC 0656 +014
A=0000000000000000 B=0000000000030000 C=0000000000000000 D=0000000000001000 E=0000000000000000
FA=0040 [0000000001000000] KR=0180 [0000000110000000] EXT=00 COND=1 IDLE=1 IO=0000000000000000
FB=0840 [0000100001000000] SR=0100 R5=0 ROM=0000.0 PREG=0 RAMOP=- RAMREG=090 ROMOP=- ROMREG=09

0656 0AE0 WAIT D14
A=0000000000000000 B=0000000000030000 C=0000000000000000 D=0000000000001000 E=0000000000000000
FA=0040 [0000000001000000] KR=0180 [0000000110000000] EXT=00 COND=1 IDLE=1 IO=0000000000000000
FB=0840 [0000100001000000] SR=0100 R5=0 ROM=0000.0 PREG=0 RAMOP=- RAMREG=090 ROMOP=- ROMREG=09

0657 0820 ?KEY 20
A=0000000000000000 B=0000000000030000 C=0000000000000000 D=0000000000001000 E=0000000000000000
FA=0040 [0000000001000000] KR=0180 [0000000110000000] EXT=00 COND=1 IDLE=1 IO=0000000000000000
FB=0840 [0000100001000000] SR=0100 R5=0 ROM=0000.0 PREG=0 RAMOP=- RAMREG=090 ROMOP=- ROMREG=09

0658 1839 BRC 063C -01C
A=0000000000000000 B=0000000000030000 C=0000000000000000 D=0000000000001000 E=0000000000000000
FA=0040 [0000000001000000] KR=0180 [0000000110000000] EXT=00 COND=1 IDLE=1 IO=0000000000000000
FB=0840 [0000100001000000] SR=0100 R5=0 ROM=0000.0 PREG=0 RAMOP=- RAMREG=090 ROMOP=- ROMREG=09

063C 00C8 ?TFB 12
A=0000000000000000 B=0000000000030000 C=0000000000000000 D=0000000000001000 E=0000000000000000
FA=0040 [0000000001000000] KR=0180 [0000000110000000] EXT=00 COND=1 IDLE=1 IO=0000000000000000
FB=0840 [0000100001000000] SR=0100 R5=0 ROM=0000.0 PREG=0 RAMOP=- RAMREG=090 ROMOP=- ROMREG=09

063D 00A8 ?TFB 10
A=0000000000000000 B=0000000000030000 C=0000000000000000 D=0000000000001000 E=0000000000000000
FA=0040 [0000000001000000] KR=0180 [0000000110000000] EXT=00 COND=1 IDLE=1 IO=0000000000000000
FB=0840 [0000100001000000] SR=0100 R5=0 ROM=0000.0 PREG=0 RAMOP=- RAMREG=090 ROMOP=- ROMREG=09

063E 0AB0 WAIT D11
A=0000000000000000 B=0000000000030000 C=0000000000000000 D=0000000000001000 E=0000000000000000
FA=0040 [0000000001000000] KR=0180 [0000000110000000] EXT=00 COND=1 IDLE=1 IO=0000000000000000
FB=0840 [0000100001000000] SR=0100 R5=0 ROM=0000.0 PREG=0 RAMOP=- RAMREG=090 ROMOP=- ROMREG=09

063F 0A0B ?BUSY
A=0000000000000000 B=0000000000030000 C=0000000000000000 D=0000000000001000 E=0000000000000000
FA=0040 [0000000001000000] KR=0180 [0000000110000000] EXT=00 COND=1 IDLE=1 IO=0000000000000000
FB=0840 [0000100001000000] SR=0100 R5=0 ROM=0000.0 PREG=0 RAMOP=- RAMREG=090 ROMOP=- ROMREG=09

0640 1BCF BRC 0459 -1E7
A=0000000000000000 B=0000000000030000 C=0000000000000000 D=0000000000001000 E=0000000000000000
FA=0040 [0000000001000000] KR=0180 [0000000110000000] EXT=00 COND=1 IDLE=1 IO=0000000000000000
FB=0840 [0000100001000000] SR=0100 R5=0 ROM=0000.0 PREG=0 RAMOP=- RAMREG=090 ROMOP=- ROMREG=09

0459 0A80 WAIT D8
A=0000000000000000 B=0000000000030000 C=0000000000000000 D=0000000000001000 E=0000000000000000
FA=0040 [0000000001000000] KR=0180 [0000000110000000] EXT=00 COND=1 IDLE=1 IO=0000000000000000
FB=0840 [0000100001000000] SR=0100 R5=0 ROM=0000.0 PREG=0 RAMOP=- RAMREG=090 ROMOP=- ROMREG=09

045A 0A0B ?BUSY
A=0000000000000000 B=0000000000030000 C=0000000000000000 D=0000000000001000 E=0000000000000000
FA=0040 [0000000001000000] KR=0180 [0000000110000000] EXT=00 COND=1 IDLE=1 IO=0000000000000000
FB=0840 [0000100001000000] SR=0100 R5=0 ROM=0000.0 PREG=0 RAMOP=- RAMREG=090 ROMOP=- ROMREG=09

045B 13CC BRNC 0641 +1E6
A=0000000000000000 B=0000000000030000 C=0000000000000000 D=0000000000001000 E=0000000000000000
FA=0040 [0000000001000000] KR=0180 [0000000110000000] EXT=00 COND=0 IDLE=1 IO=0000000000000000
FB=0840 [0000100001000000] SR=0100 R5=0 ROM=0000.0 PREG=0 RAMOP=- RAMREG=090 ROMOP=- ROMREG=09

0641 0098 ?TFB 9
A=0000000000000000 B=0000000000030000 C=0000000000000000 D=0000000000001000 E=0000000000000000
FA=0040 [0000000001000000] KR=0180 [0000000110000000] EXT=00 COND=1 IDLE=1 IO=0000000000000000
FB=0840 [0000100001000000] SR=0100 R5=0 ROM=0000.0 PREG=0 RAMOP=- RAMREG=090 ROMOP=- ROMREG=09

0642 1828 BRC 0656 +014
A=0000000000000000 B=0000000000030000 C=0000000000000000 D=0000000000001000 E=0000000000000000
FA=0040 [0000000001000000] KR=0180 [0000000110000000] EXT=00 COND=1 IDLE=1 IO=0000000000000000
FB=0840 [0000100001000000] SR=0100 R5=0 ROM=0000.0 PREG=0 RAMOP=- RAMREG=090 ROMOP=- ROMREG=09

0656 0AE0 WAIT D14
A=0000000000000000 B=0000000000030000 C=0000000000000000 D=0000000000001000 E=0000000000000000
FA=0040 [0000000001000000] KR=0180 [0000000110000000] EXT=00 COND=1 IDLE=1 IO=0000000000000000
FB=0840 [0000100001000000] SR=0100 R5=0 ROM=0000.0 PREG=0 RAMOP=- RAMREG=090 ROMOP=- ROMREG=09

0657 0820 ?KEY 20
A=0000000000000000 B=0000000000030000 C=0000000000000000 D=0000000000001000 E=0000000000000000
FA=0040 [0000000001000000] KR=0180 [0000000110000000] EXT=00 COND=1 IDLE=1 IO=0000000000000000
FB=0840 [0000100001000000] SR=0100 R5=0 ROM=0000.0 PREG=0 RAMOP=- RAMREG=090 ROMOP=- ROMREG=09

0658 1839 BRC 063C -01C
A=0000000000000000 B=0000000000030000 C=0000000000000000 D=0000000000001000 E=0000000000000000
FA=0040 [0000000001000000] KR=0180 [0000000110000000] EXT=00 COND=1 IDLE=1 IO=0000000000000000
FB=0840 [0000100001000000] SR=0100 R5=0 ROM=0000.0 PREG=0 RAMOP=- RAMREG=090 ROMOP=- ROMREG=09

063C 00C8 ?TFB 12
A=0000000000000000 B=0000000000030000 C=0000000000000000 D=0000000000001000 E=0000000000000000
FA=0040 [0000000001000000] KR=0180 [0000000110000000] EXT=00 COND=1 IDLE=1 IO=0000000000000000
FB=0840 [0000100001000000] SR=0100 R5=0 ROM=0000.0 PREG=0 RAMOP=- RAMREG=090 ROMOP=- ROMREG=09

063D 00A8 ?TFB 10
A=0000000000000000 B=0000000000030000 C=0000000000000000 D=0000000000001000 E=0000000000000000
FA=0040 [0000000001000000] KR=0180 [0000000110000000] EXT=00 COND=1 IDLE=1 IO=0000000000000000
FB=0840 [0000100001000000] SR=0100 R5=0 ROM=0000.0 PREG=0 RAMOP=- RAMREG=090 ROMOP=- ROMREG=09

063E 0AB0 WAIT D11
A=0000000000000000 B=0000000000030000 C=0000000000000000 D=0000000000001000 E=0000000000000000
FA=0040 [0000000001000000] KR=0180 [0000000110000000] EXT=00 COND=1 IDLE=1 IO=0000000000000000
FB=0840 [0000100001000000] SR=0100 R5=0 ROM=0000.0 PREG=0 RAMOP=- RAMREG=090 ROMOP=- ROMREG=09

063F 0A0B ?BUSY
A=0000000000000000 B=0000000000030000 C=0000000000000000 D=0000000000001000 E=0000000000000000
FA=0040 [0000000001000000] KR=0180 [0000000110000000] EXT=00 COND=1 IDLE=1 IO=0000000000000000
FB=0840 [0000100001000000] SR=0100 R5=0 ROM=0000.0 PREG=0 RAMOP=- RAMREG=090 ROMOP=- ROMREG=09

0640 1BCF BRC 0459 -1E7
A=0000000000000000 B=0000000000030000 C=0000000000000000 D=0000000000001000 E=0000000000000000
FA=0040 [0000000001000000] KR=0180 [0000000110000000] EXT=00 COND=1 IDLE=1 IO=0000000000000000
FB=0840 [0000100001000000] SR=0100 R5=0 ROM=0000.0 PREG=0 RAMOP=- RAMREG=090 ROMOP=- ROMREG=09

0459 0A80 WAIT D8
A=0000000000000000 B=0000000000030000 C=0000000000000000 D=0000000000001000 E=0000000000000000
FA=0040 [0000000001000000] KR=0180 [0000000110000000] EXT=00 COND=1 IDLE=1 IO=0000000000000000
FB=0840 [0000100001000000] SR=0100 R5=0 ROM=0000.0 PREG=0 RAMOP=- RAMREG=090 ROMOP=- ROMREG=09

045A 0A0B ?BUSY
A=0000000000000000 B=0000000000030000 C=0000000000000000 D=0000000000001000 E=0000000000000000
FA=0040 [0000000001000000] KR=0180 [0000000110000000] EXT=00 COND=1 IDLE=1 IO=0000000000000000
FB=0840 [0000100001000000] SR=0100 R5=0 ROM=0000.0 PREG=0 RAMOP=- RAMREG=090 ROMOP=- ROMREG=09

045B 13CC BRNC 0641 +1E6
A=0000000000000000 B=0000000000030000 C=0000000000000000 D=0000000000001000 E=0000000000000000
FA=0040 [0000000001000000] KR=0180 [0000000110000000] EXT=00 COND=0 IDLE=1 IO=0000000000000000
FB=0840 [0000100001000000] SR=0100 R5=0 ROM=0000.0 PREG=0 RAMOP=- RAMREG=090 ROMOP=- ROMREG=09

0641 0098 ?TFB 9
A=0000000000000000 B=0000000000030000 C=0000000000000000 D=0000000000001000 E=0000000000000000
FA=0040 [0000000001000000] KR=0180 [0000000110000000] EXT=00 COND=1 IDLE=1 IO=0000000000000000
FB=0840 [0000100001000000] SR=0100 R5=0 ROM=0000.0 PREG=0 RAMOP=- RAMREG=090 ROMOP=- ROMREG=09

0642 1828 BRC 0656 +014
A=0000000000000000 B=0000000000030000 C=0000000000000000 D=0000000000001000 E=0000000000000000
FA=0040 [0000000001000000] KR=0180 [0000000110000000] EXT=00 COND=1 IDLE=1 IO=0000000000000000
FB=0840 [0000100001000000] SR=0100 R5=0 ROM=0000.0 PREG=0 RAMOP=- RAMREG=090 ROMOP=- ROMREG=09

0656 0AE0 WAIT D14
A=0000000000000000 B=0000000000030000 C=0000000000000000 D=0000000000001000 E=0000000000000000
FA=0040 [0000000001000000] KR=0180 [0000000110000000] EXT=00 COND=1 IDLE=1 IO=0000000000000000
FB=0840 [0000100001000000] SR=0100 R5=0 ROM=0000.0 PREG=0 RAMOP=- RAMREG=090 ROMOP=- ROMREG=09

0657 0820 ?KEY 20
A=0000000000000000 B=0000000000030000 C=0000000000000000 D=0000000000001000 E=0000000000000000
FA=0040 [0000000001000000] KR=0180 [0000000110000000] EXT=00 COND=1 IDLE=1 IO=0000000000000000
FB=0840 [0000100001000000] SR=0100 R5=0 ROM=0000.0 PREG=0 RAMOP=- RAMREG=090 ROMOP=- ROMREG=09

0658 1839 BRC 063C -01C
A=0000000000000000 B=0000000000030000 C=0000000000000000 D=0000000000001000 E=0000000000000000
FA=0040 [0000000001000000] KR=0180 [0000000110000000] EXT=00 COND=1 IDLE=1 IO=0000000000000000
FB=0840 [0000100001000000] SR=0100 R5=0 ROM=0000.0 PREG=0 RAMOP=- RAMREG=090 ROMOP=- ROMREG=09

063C 00C8 ?TFB 12
A=0000000000000000 B=0000000000030000 C=0000000000000000 D=0000000000001000 E=0000000000000000
FA=0040 [0000000001000000] KR=0180 [0000000110000000] EXT=00 COND=1 IDLE=1 IO=0000000000000000
FB=0840 [0000100001000000] SR=0100 R5=0 ROM=0000.0 PREG=0 RAMOP=- RAMREG=090 ROMOP=- ROMREG=09

063D 00A8 ?TFB 10
A=0000000000000000 B=0000000000030000 C=0000000000000000 D=0000000000001000 E=0000000000000000
FA=0040 [0000000001000000] KR=0180 [0000000110000000] EXT=00 COND=1 IDLE=1 IO=0000000000000000
FB=0840 [0000100001000000] SR=0100 R5=0 ROM=0000.0 PREG=0 RAMOP=- RAMREG=090 ROMOP=- ROMREG=09

063E 0AB0 WAIT D11
A=0000000000000000 B=0000000000030000 C=0000000000000000 D=0000000000001000 E=0000000000000000
FA=0040 [0000000001000000] KR=0180 [0000000110000000] EXT=00 COND=1 IDLE=1 IO=0000000000000000
FB=0840 [0000100001000000] SR=0100 R5=0 ROM=0000.0 PREG=0 RAMOP=- RAMREG=090 ROMOP=- ROMREG=09

063F 0A0B ?BUSY
A=0000000000000000 B=0000000000030000 C=0000000000000000 D=0000000000001000 E=0000000000000000
FA=0040 [0000000001000000] KR=0180 [0000000110000000] EXT=00 COND=1 IDLE=1 IO=0000000000000000
FB=0840 [0000100001000000] SR=0100 R5=0 ROM=0000.0 PREG=0 RAMOP=- RAMREG=090 ROMOP=- ROMREG=09

0640 1BCF BRC 0459 -1E7
A=0000000000000000 B=0000000000030000 C=0000000000000000 D=0000000000001000 E=0000000000000000
FA=0040 [0000000001000000] KR=0180 [0000000110000000] EXT=00 COND=1 IDLE=1 IO=0000000000000000
FB=0840 [0000100001000000] SR=0100 R5=0 ROM=0000.0 PREG=0 RAMOP=- RAMREG=090 ROMOP=- ROMREG=09

0459 0A80 WAIT D8
A=0000000000000000 B=0000000000030000 C=0000000000000000 D=0000000000001000 E=0000000000000000
FA=0040 [0000000001000000] KR=0180 [0000000110000000] EXT=00 COND=1 IDLE=1 IO=0000000000000000
FB=0840 [0000100001000000] SR=0100 R5=0 ROM=0000.0 PREG=0 RAMOP=- RAMREG=090 ROMOP=- ROMREG=09

045A 0A0B ?BUSY
A=0000000000000000 B=0000000000030000 C=0000000000000000 D=0000000000001000 E=0000000000000000
FA=0040 [0000000001000000] KR=0180 [0000000110000000] EXT=00 COND=1 IDLE=1 IO=0000000000000000
FB=0840 [0000100001000000] SR=0100 R5=0 ROM=0000.0 PREG=0 RAMOP=- RAMREG=090 ROMOP=- ROMREG=09

045B 13CC BRNC 0641 +1E6
A=0000000000000000 B=0000000000030000 C=0000000000000000 D=0000000000001000 E=0000000000000000
FA=0040 [0000000001000000] KR=0180 [0000000110000000] EXT=00 COND=0 IDLE=1 IO=0000000000000000
FB=0840 [0000100001000000] SR=0100 R5=0 ROM=0000.0 PREG=0 RAMOP=- RAMREG=090 ROMOP=- ROMREG=09

0641 0098 ?TFB 9
A=0000000000000000 B=0000000000030000 C=0000000000000000 D=0000000000001000 E=0000000000000000
FA=0040 [0000000001000000] KR=0180 [0000000110000000] EXT=00 COND=1 IDLE=1 IO=0000000000000000
FB=0840 [0000100001000000] SR=0100 R5=0 ROM=0000.0 PREG=0 RAMOP=- RAMREG=090 ROMOP=- ROMREG=09

0642 1828 BRC 0656 +014
A=0000000000000000 B=0000000000030000 C=0000000000000000 D=0000000000001000 E=0000000000000000
FA=0040 [0000000001000000] KR=0180 [0000000110000000] EXT=00 COND=1 IDLE=1 IO=0000000000000000
FB=0840 [0000100001000000] SR=0100 R5=0 ROM=0000.0 PREG=0 RAMOP=- RAMREG=090 ROMOP=- ROMREG=09

0656 0AE0 WAIT D14
A=0000000000000000 B=0000000000030000 C=0000000000000000 D=0000000000001000 E=0000000000000000
FA=0040 [0000000001000000] KR=0180 [0000000110000000] EXT=00 COND=1 IDLE=1 IO=0000000000000000
FB=0840 [0000100001000000] SR=0100 R5=0 ROM=0000.0 PREG=0 RAMOP=- RAMREG=090 ROMOP=- ROMREG=09

0657 0820 ?KEY 20
A=0000000000000000 B=0000000000030000 C=0000000000000000 D=0000000000001000 E=0000000000000000
FA=0040 [0000000001000000] KR=0180 [0000000110000000] EXT=00 COND=1 IDLE=1 IO=0000000000000000
FB=0840 [0000100001000000] SR=0100 R5=0 ROM=0000.0 PREG=0 RAMOP=- RAMREG=090 ROMOP=- ROMREG=09

0658 1839 BRC 063C -01C
A=0000000000000000 B=0000000000030000 C=0000000000000000 D=0000000000001000 E=0000000000000000
FA=0040 [0000000001000000] KR=0180 [0000000110000000] EXT=00 COND=1 IDLE=1 IO=0000000000000000
FB=0840 [0000100001000000] SR=0100 R5=0 ROM=0000.0 PREG=0 RAMOP=- RAMREG=090 ROMOP=- ROMREG=09

063C 00C8 ?TFB 12
A=0000000000000000 B=0000000000030000 C=0000000000000000 D=0000000000001000 E=0000000000000000
FA=0040 [0000000001000000] KR=0180 [0000000110000000] EXT=00 COND=1 IDLE=1 IO=0000000000000000
FB=0840 [0000100001000000] SR=0100 R5=0 ROM=0000.0 PREG=0 RAMOP=- RAMREG=090 ROMOP=- ROMREG=09

063D 00A8 ?TFB 10
A=0000000000000000 B=0000000000030000 C=0000000000000000 D=0000000000001000 E=0000000000000000
FA=0040 [0000000001000000] KR=0180 [0000000110000000] EXT=00 COND=1 IDLE=1 IO=0000000000000000
FB=0840 [0000100001000000] SR=0100 R5=0 ROM=0000.0 PREG=0 RAMOP=- RAMREG=090 ROMOP=- ROMREG=09

063E 0AB0 WAIT D11
A=0000000000000000 B=0000000000030000 C=0000000000000000 D=0000000000001000 E=0000000000000000
FA=0040 [0000000001000000] KR=0180 [0000000110000000] EXT=00 COND=1 IDLE=1 IO=0000000000000000
FB=0840 [0000100001000000] SR=0100 R5=0 ROM=0000.0 PREG=0 RAMOP=- RAMREG=090 ROMOP=- ROMREG=09

063F 0A0B ?BUSY
A=0000000000000000 B=0000000000030000 C=0000000000000000 D=0000000000001000 E=0000000000000000
FA=0040 [0000000001000000] KR=0180 [0000000110000000] EXT=00 COND=1 IDLE=1 IO=0000000000000000
FB=0840 [0000100001000000] SR=0100 R5=0 ROM=0000.0 PREG=0 RAMOP=- RAMREG=090 ROMOP=- ROMREG=09

0640 1BCF BRC 0459 -1E7
A=0000000000000000 B=0000000000030000 C=0000000000000000 D=0000000000001000 E=0000000000000000
FA=0040 [0000000001000000] KR=0180 [0000000110000000] EXT=00 COND=1 IDLE=1 IO=0000000000000000
FB=0840 [0000100001000000] SR=0100 R5=0 ROM=0000.0 PREG=0 RAMOP=- RAMREG=090 ROMOP=- ROMREG=09

0459 0A80 WAIT D8
A=0000000000000000 B=0000000000030000 C=0000000000000000 D=0000000000001000 E=0000000000000000
FA=0040 [0000000001000000] KR=0180 [0000000110000000] EXT=00 COND=1 IDLE=1 IO=0000000000000000
FB=0840 [0000100001000000] SR=0100 R5=0 ROM=0000.0 PREG=0 RAMOP=- RAMREG=090 ROMOP=- ROMREG=09

045A 0A0B ?BUSY
A=0000000000000000 B=0000000000030000 C=0000000000000000 D=0000000000001000 E=0000000000000000
FA=0040 [0000000001000000] KR=0180 [0000000110000000] EXT=00 COND=1 IDLE=1 IO=0000000000000000
FB=0840 [0000100001000000] SR=0100 R5=0 ROM=0000.0 PREG=0 RAMOP=- RAMREG=090 ROMOP=- ROMREG=09

045B 13CC BRNC 0641 +1E6
A=0000000000000000 B=0000000000030000 C=0000000000000000 D=0000000000001000 E=0000000000000000
FA=0040 [0000000001000000] KR=0180 [0000000110000000] EXT=00 COND=0 IDLE=1 IO=0000000000000000
FB=0840 [0000100001000000] SR=0100 R5=0 ROM=0000.0 PREG=0 RAMOP=- RAMREG=090 ROMOP=- ROMREG=09

0641 0098 ?TFB 9
A=0000000000000000 B=0000000000030000 C=0000000000000000 D=0000000000001000 E=0000000000000000
FA=0040 [0000000001000000] KR=0180 [0000000110000000] EXT=00 COND=1 IDLE=1 IO=0000000000000000
FB=0840 [0000100001000000] SR=0100 R5=0 ROM=0000.0 PREG=0 RAMOP=- RAMREG=090 ROMOP=- ROMREG=09

0642 1828 BRC 0656 +014
A=0000000000000000 B=0000000000030000 C=0000000000000000 D=0000000000001000 E=0000000000000000
FA=0040 [0000000001000000] KR=0180 [0000000110000000] EXT=00 COND=1 IDLE=1 IO=0000000000000000
FB=0840 [0000100001000000] SR=0100 R5=0 ROM=0000.0 PREG=0 RAMOP=- RAMREG=090 ROMOP=- ROMREG=09

0656 0AE0 WAIT D14
A=0000000000000000 B=0000000000030000 C=0000000000000000 D=0000000000001000 E=0000000000000000
FA=0040 [0000000001000000] KR=0180 [0000000110000000] EXT=00 COND=1 IDLE=1 IO=0000000000000000
FB=0840 [0000100001000000] SR=0100 R5=0 ROM=0000.0 PREG=0 RAMOP=- RAMREG=090 ROMOP=- ROMREG=09

0657 0820 ?KEY 20
A=0000000000000000 B=0000000000030000 C=0000000000000000 D=0000000000001000 E=0000000000000000
FA=0040 [0000000001000000] KR=0180 [0000000110000000] EXT=00 COND=1 IDLE=1 IO=0000000000000000
FB=0840 [0000100001000000] SR=0100 R5=0 ROM=0000.0 PREG=0 RAMOP=- RAMREG=090 ROMOP=- ROMREG=09

0658 1839 BRC 063C -01C
A=0000000000000000 B=0000000000030000 C=0000000000000000 D=0000000000001000 E=0000000000000000
FA=0040 [0000000001000000] KR=0180 [0000000110000000] EXT=00 COND=1 IDLE=1 IO=0000000000000000
FB=0840 [0000100001000000] SR=0100 R5=0 ROM=0000.0 PREG=0 RAMOP=- RAMREG=090 ROMOP=- ROMREG=09

063C 00C8 ?TFB 12
A=0000000000000000 B=0000000000030000 C=0000000000000000 D=0000000000001000 E=0000000000000000
FA=0040 [0000000001000000] KR=0180 [0000000110000000] EXT=00 COND=1 IDLE=1 IO=0000000000000000
FB=0840 [0000100001000000] SR=0100 R5=0 ROM=0000.0 PREG=0 RAMOP=- RAMREG=090 ROMOP=- ROMREG=09

063D 00A8 ?TFB 10
A=0000000000000000 B=0000000000030000 C=0000000000000000 D=0000000000001000 E=0000000000000000
FA=0040 [0000000001000000] KR=0180 [0000000110000000] EXT=00 COND=1 IDLE=1 IO=0000000000000000
FB=0840 [0000100001000000] SR=0100 R5=0 ROM=0000.0 PREG=0 RAMOP=- RAMREG=090 ROMOP=- ROMREG=09

063E 0AB0 WAIT D11
A=0000000000000000 B=0000000000030000 C=0000000000000000 D=0000000000001000 E=0000000000000000
FA=0040 [0000000001000000] KR=0180 [0000000110000000] EXT=00 COND=1 IDLE=1 IO=0000000000000000
FB=0840 [0000100001000000] SR=0100 R5=0 ROM=0000.0 PREG=0 RAMOP=- RAMREG=090 ROMOP=- ROMREG=09

063F 0A0B ?BUSY
A=0000000000000000 B=0000000000030000 C=0000000000000000 D=0000000000001000 E=0000000000000000
FA=0040 [0000000001000000] KR=0180 [0000000110000000] EXT=00 COND=1 IDLE=1 IO=0000000000000000
FB=0840 [0000100001000000] SR=0100 R5=0 ROM=0000.0 PREG=0 RAMOP=- RAMREG=090 ROMOP=- ROMREG=09

0640 1BCF BRC 0459 -1E7
A=0000000000000000 B=0000000000030000 C=0000000000000000 D=0000000000001000 E=0000000000000000
FA=0040 [0000000001000000] KR=0180 [0000000110000000] EXT=00 COND=1 IDLE=1 IO=0000000000000000
FB=0840 [0000100001000000] SR=0100 R5=0 ROM=0000.0 PREG=0 RAMOP=- RAMREG=090 ROMOP=- ROMREG=09

0459 0A80 WAIT D8
A=0000000000000000 B=0000000000030000 C=0000000000000000 D=0000000000001000 E=0000000000000000
FA=0040 [0000000001000000] KR=0180 [0000000110000000] EXT=00 COND=1 IDLE=1 IO=0000000000000000
FB=0840 [0000100001000000] SR=0100 R5=0 ROM=0000.0 PREG=0 RAMOP=- RAMREG=090 ROMOP=- ROMREG=09

045A 0A0B ?BUSY
A=0000000000000000 B=0000000000030000 C=0000000000000000 D=0000000000001000 E=0000000000000000
FA=0040 [0000000001000000] KR=0180 [0000000110000000] EXT=00 COND=1 IDLE=1 IO=0000000000000000
FB=0840 [0000100001000000] SR=0100 R5=0 ROM=0000.0 PREG=0 RAMOP=- RAMREG=090 ROMOP=- ROMREG=09

045B 13CC BRNC 0641 +1E6
A=0000000000000000 B=0000000000030000 C=0000000000000000 D=0000000000001000 E=0000000000000000
FA=0040 [0000000001000000] KR=0180 [0000000110000000] EXT=00 COND=0 IDLE=1 IO=0000000000000000
FB=0840 [0000100001000000] SR=0100 R5=0 ROM=0000.0 PREG=0 RAMOP=- RAMREG=090 ROMOP=- ROMREG=09

0641 0098 ?TFB 9
A=0000000000000000 B=0000000000030000 C=0000000000000000 D=0000000000001000 E=0000000000000000
FA=0040 [0000000001000000] KR=0180 [0000000110000000] EXT=00 COND=1 IDLE=1 IO=0000000000000000
FB=0840 [0000100001000000] SR=0100 R5=0 ROM=0000.0 PREG=0 RAMOP=- RAMREG=090 ROMOP=- ROMREG=09

0642 1828 BRC 0656 +014
A=0000000000000000 B=0000000000030000 C=0000000000000000 D=0000000000001000 E=0000000000000000
FA=0040 [0000000001000000] KR=0180 [0000000110000000] EXT=00 COND=1 IDLE=1 IO=0000000000000000
FB=0840 [0000100001000000] SR=0100 R5=0 ROM=0000.0 PREG=0 RAMOP=- RAMREG=090 ROMOP=- ROMREG=09

0656 0AE0 WAIT D14
A=0000000000000000 B=0000000000030000 C=0000000000000000 D=0000000000001000 E=0000000000000000
FA=0040 [0000000001000000] KR=0180 [0000000110000000] EXT=00 COND=1 IDLE=1 IO=0000000000000000
FB=0840 [0000100001000000] SR=0100 R5=0 ROM=0000.0 PREG=0 RAMOP=- RAMREG=090 ROMOP=- ROMREG=09

0657 0820 ?KEY 20
A=0000000000000000 B=0000000000030000 C=0000000000000000 D=0000000000001000 E=0000000000000000
FA=0040 [0000000001000000] KR=0180 [0000000110000000] EXT=00 COND=1 IDLE=1 IO=0000000000000000
FB=0840 [0000100001000000] SR=0100 R5=0 ROM=0000.0 PREG=0 RAMOP=- RAMREG=090 ROMOP=- ROMREG=09

0658 1839 BRC 063C -01C
A=0000000000000000 B=0000000000030000 C=0000000000000000 D=0000000000001000 E=0000000000000000
FA=0040 [0000000001000000] KR=0180 [0000000110000000] EXT=00 COND=1 IDLE=1 IO=0000000000000000
FB=0840 [0000100001000000] SR=0100 R5=0 ROM=0000.0 PREG=0 RAMOP=- RAMREG=090 ROMOP=- ROMREG=09

063C 00C8 ?TFB 12
A=0000000000000000 B=0000000000030000 C=0000000000000000 D=0000000000001000 E=0000000000000000
FA=0040 [0000000001000000] KR=0180 [0000000110000000] EXT=00 COND=1 IDLE=1 IO=0000000000000000
FB=0840 [0000100001000000] SR=0100 R5=0 ROM=0000.0 PREG=0 RAMOP=- RAMREG=090 ROMOP=- ROMREG=09

063D 00A8 ?TFB 10
A=0000000000000000 B=0000000000030000 C=0000000000000000 D=0000000000001000 E=0000000000000000
FA=0040 [0000000001000000] KR=0180 [0000000110000000] EXT=00 COND=1 IDLE=1 IO=0000000000000000
FB=0840 [0000100001000000] SR=0100 R5=0 ROM=0000.0 PREG=0 RAMOP=- RAMREG=090 ROMOP=- ROMREG=09

063E 0AB0 WAIT D11
A=0000000000000000 B=0000000000030000 C=0000000000000000 D=0000000000001000 E=0000000000000000
FA=0040 [0000000001000000] KR=0180 [0000000110000000] EXT=00 COND=1 IDLE=1 IO=0000000000000000
FB=0840 [0000100001000000] SR=0100 R5=0 ROM=0000.0 PREG=0 RAMOP=- RAMREG=090 ROMOP=- ROMREG=09

063F 0A0B ?BUSY
A=0000000000000000 B=0000000000030000 C=0000000000000000 D=0000000000001000 E=0000000000000000
FA=0040 [0000000001000000] KR=0180 [0000000110000000] EXT=00 COND=1 IDLE=1 IO=0000000000000000
FB=0840 [0000100001000000] SR=0100 R5=0 ROM=0000.0 PREG=0 RAMOP=- RAMREG=090 ROMOP=- ROMREG=09

0640 1BCF BRC 0459 -1E7
A=0000000000000000 B=0000000000030000 C=0000000000000000 D=0000000000001000 E=0000000000000000
FA=0040 [0000000001000000] KR=0180 [0000000110000000] EXT=00 COND=1 IDLE=1 IO=0000000000000000
FB=0840 [0000100001000000] SR=0100 R5=0 ROM=0000.0 PREG=0 RAMOP=- RAMREG=090 ROMOP=- ROMREG=09

0459 0A80 WAIT D8
A=0000000000000000 B=0000000000030000 C=0000000000000000 D=0000000000001000 E=0000000000000000
FA=0040 [0000000001000000] KR=0180 [0000000110000000] EXT=00 COND=1 IDLE=1 IO=0000000000000000
FB=0840 [0000100001000000] SR=0100 R5=0 ROM=0000.0 PREG=0 RAMOP=- RAMREG=090 ROMOP=- ROMREG=09

045A 0A0B ?BUSY
A=0000000000000000 B=0000000000030000 C=0000000000000000 D=0000000000001000 E=0000000000000000
FA=0040 [0000000001000000] KR=0180 [0000000110000000] EXT=00 COND=1 IDLE=1 IO=0000000000000000
FB=0840 [0000100001000000] SR=0100 R5=0 ROM=0000.0 PREG=0 RAMOP=- RAMREG=090 ROMOP=- ROMREG=09

045B 13CC BRNC 0641 +1E6
A=0000000000000000 B=0000000000030000 C=0000000000000000 D=0000000000001000 E=0000000000000000
FA=0040 [0000000001000000] KR=0180 [0000000110000000] EXT=00 COND=0 IDLE=1 IO=0000000000000000
FB=0840 [0000100001000000] SR=0100 R5=0 ROM=0000.0 PREG=0 RAMOP=- RAMREG=090 ROMOP=- ROMREG=09

0641 0098 ?TFB 9
A=0000000000000000 B=0000000000030000 C=0000000000000000 D=0000000000001000 E=0000000000000000
FA=0040 [0000000001000000] KR=0180 [0000000110000000] EXT=00 COND=1 IDLE=1 IO=0000000000000000
FB=0840 [0000100001000000] SR=0100 R5=0 ROM=0000.0 PREG=0 RAMOP=- RAMREG=090 ROMOP=- ROMREG=09

0642 1828 BRC 0656 +014
A=0000000000000000 B=0000000000030000 C=0000000000000000 D=0000000000001000 E=0000000000000000
FA=0040 [0000000001000000] KR=0180 [0000000110000000] EXT=00 COND=1 IDLE=1 IO=0000000000000000
FB=0840 [0000100001000000] SR=0100 R5=0 ROM=0000.0 PREG=0 RAMOP=- RAMREG=090 ROMOP=- ROMREG=09

0656 0AE0 WAIT D14
A=0000000000000000 B=0000000000030000 C=0000000000000000 D=0000000000001000 E=0000000000000000
FA=0040 [0000000001000000] KR=0180 [0000000110000000] EXT=00 COND=1 IDLE=1 IO=0000000000000000
FB=0840 [0000100001000000] SR=0100 R5=0 ROM=0000.0 PREG=0 RAMOP=- RAMREG=090 ROMOP=- ROMREG=09

0657 0820 ?KEY 20
A=0000000000000000 B=0000000000030000 C=0000000000000000 D=0000000000001000 E=0000000000000000
FA=0040 [0000000001000000] KR=0180 [0000000110000000] EXT=00 COND=1 IDLE=1 IO=0000000000000000
FB=0840 [0000100001000000] SR=0100 R5=0 ROM=0000.0 PREG=0 RAMOP=- RAMREG=090 ROMOP=- ROMREG=09

0658 1839 BRC 063C -01C
A=0000000000000000 B=0000000000030000 C=0000000000000000 D=0000000000001000 E=0000000000000000
FA=0040 [0000000001000000] KR=0180 [0000000110000000] EXT=00 COND=1 IDLE=1 IO=0000000000000000
FB=0840 [0000100001000000] SR=0100 R5=0 ROM=0000.0 PREG=0 RAMOP=- RAMREG=090 ROMOP=- ROMREG=09

063C 00C8 ?TFB 12
A=0000000000000000 B=0000000000030000 C=0000000000000000 D=0000000000001000 E=0000000000000000
FA=0040 [0000000001000000] KR=0180 [0000000110000000] EXT=00 COND=1 IDLE=1 IO=0000000000000000
FB=0840 [0000100001000000] SR=0100 R5=0 ROM=0000.0 PREG=0 RAMOP=- RAMREG=090 ROMOP=- ROMREG=09

063D 00A8 ?TFB 10
A=0000000000000000 B=0000000000030000 C=0000000000000000 D=0000000000001000 E=0000000000000000
FA=0040 [0000000001000000] KR=0180 [0000000110000000] EXT=00 COND=1 IDLE=1 IO=0000000000000000
FB=0840 [0000100001000000] SR=0100 R5=0 ROM=0000.0 PREG=0 RAMOP=- RAMREG=090 ROMOP=- ROMREG=09

063E 0AB0 WAIT D11
A=0000000000000000 B=0000000000030000 C=0000000000000000 D=0000000000001000 E=0000000000000000
FA=0040 [0000000001000000] KR=0180 [0000000110000000] EXT=00 COND=1 IDLE=1 IO=0000000000000000
FB=0840 [0000100001000000] SR=0100 R5=0 ROM=0000.0 PREG=0 RAMOP=- RAMREG=090 ROMOP=- ROMREG=09

063F 0A0B ?BUSY
A=0000000000000000 B=0000000000030000 C=0000000000000000 D=0000000000001000 E=0000000000000000
FA=0040 [0000000001000000] KR=0180 [0000000110000000] EXT=00 COND=1 IDLE=1 IO=0000000000000000
FB=0840 [0000100001000000] SR=0100 R5=0 ROM=0000.0 PREG=0 RAMOP=- RAMREG=090 ROMOP=- ROMREG=09

0640 1BCF BRC 0459 -1E7
A=0000000000000000 B=0000000000030000 C=0000000000000000 D=0000000000001000 E=0000000000000000
FA=0040 [0000000001000000] KR=0180 [0000000110000000] EXT=00 COND=1 IDLE=1 IO=0000000000000000
FB=0840 [0000100001000000] SR=0100 R5=0 ROM=0000.0 PREG=0 RAMOP=- RAMREG=090 ROMOP=- ROMREG=09

0459 0A80 WAIT D8
A=0000000000000000 B=0000000000030000 C=0000000000000000 D=0000000000001000 E=0000000000000000
FA=0040 [0000000001000000] KR=0180 [0000000110000000] EXT=00 COND=1 IDLE=1 IO=0000000000000000
FB=0840 [0000100001000000] SR=0100 R5=0 ROM=0000.0 PREG=0 RAMOP=- RAMREG=090 ROMOP=- ROMREG=09

045A 0A0B ?BUSY
A=0000000000000000 B=0000000000030000 C=0000000000000000 D=0000000000001000 E=0000000000000000
FA=0040 [0000000001000000] KR=0180 [0000000110000000] EXT=00 COND=1 IDLE=1 IO=0000000000000000
FB=0840 [0000100001000000] SR=0100 R5=0 ROM=0000.0 PREG=0 RAMOP=- RAMREG=090 ROMOP=- ROMREG=09

045B 13CC BRNC 0641 +1E6
A=0000000000000000 B=0000000000030000 C=0000000000000000 D=0000000000001000 E=0000000000000000
FA=0040 [0000000001000000] KR=0180 [0000000110000000] EXT=00 COND=0 IDLE=1 IO=0000000000000000
FB=0840 [0000100001000000] SR=0100 R5=0 ROM=0000.0 PREG=0 RAMOP=- RAMREG=090 ROMOP=- ROMREG=09

0641 0098 ?TFB 9
A=0000000000000000 B=0000000000030000 C=0000000000000000 D=0000000000001000 E=0000000000000000
FA=0040 [0000000001000000] KR=0180 [0000000110000000] EXT=00 COND=1 IDLE=1 IO=0000000000000000
FB=0840 [0000100001000000] SR=0100 R5=0 ROM=0000.0 PREG=0 RAMOP=- RAMREG=090 ROMOP=- ROMREG=09

0642 1828 BRC 0656 +014
A=0000000000000000 B=0000000000030000 C=0000000000000000 D=0000000000001000 E=0000000000000000
FA=0040 [0000000001000000] KR=0180 [0000000110000000] EXT=00 COND=1 IDLE=1 IO=0000000000000000
FB=0840 [0000100001000000] SR=0100 R5=0 ROM=0000.0 PREG=0 RAMOP=- RAMREG=090 ROMOP=- ROMREG=09

0656 0AE0 WAIT D14
A=0000000000000000 B=0000000000030000 C=0000000000000000 D=0000000000001000 E=0000000000000000
FA=0040 [0000000001000000] KR=0180 [0000000110000000] EXT=00 COND=1 IDLE=1 IO=0000000000000000
FB=0840 [0000100001000000] SR=0100 R5=0 ROM=0000.0 PREG=0 RAMOP=- RAMREG=090 ROMOP=- ROMREG=09

0657 0820 ?KEY 20
A=0000000000000000 B=0000000000030000 C=0000000000000000 D=0000000000001000 E=0000000000000000
FA=0040 [0000000001000000] KR=0180 [0000000110000000] EXT=00 COND=1 IDLE=1 IO=0000000000000000
FB=0840 [0000100001000000] SR=0100 R5=0 ROM=0000.0 PREG=0 RAMOP=- RAMREG=090 ROMOP=- ROMREG=09

0658 1839 BRC 063C -01C
A=0000000000000000 B=0000000000030000 C=0000000000000000 D=0000000000001000 E=0000000000000000
FA=0040 [0000000001000000] KR=0180 [0000000110000000] EXT=00 COND=1 IDLE=1 IO=0000000000000000
FB=0840 [0000100001000000] SR=0100 R5=0 ROM=0000.0 PREG=0 RAMOP=- RAMREG=090 ROMOP=- ROMREG=09

063C 00C8 ?TFB 12
A=0000000000000000 B=0000000000030000 C=0000000000000000 D=0000000000001000 E=0000000000000000
FA=0040 [0000000001000000] KR=0180 [0000000110000000] EXT=00 COND=1 IDLE=1 IO=0000000000000000
FB=0840 [0000100001000000] SR=0100 R5=0 ROM=0000.0 PREG=0 RAMOP=- RAMREG=090 ROMOP=- ROMREG=09

063D 00A8 ?TFB 10
A=0000000000000000 B=0000000000030000 C=0000000000000000 D=0000000000001000 E=0000000000000000
FA=0040 [0000000001000000] KR=0180 [0000000110000000] EXT=00 COND=1 IDLE=1 IO=0000000000000000
FB=0840 [0000100001000000] SR=0100 R5=0 ROM=0000.0 PREG=0 RAMOP=- RAMREG=090 ROMOP=- ROMREG=09

063E 0AB0 WAIT D11
A=0000000000000000 B=0000000000030000 C=0000000000000000 D=0000000000001000 E=0000000000000000
FA=0040 [0000000001000000] KR=0180 [0000000110000000] EXT=00 COND=1 IDLE=1 IO=0000000000000000
FB=0840 [0000100001000000] SR=0100 R5=0 ROM=0000.0 PREG=0 RAMOP=- RAMREG=090 ROMOP=- ROMREG=09

063F 0A0B ?BUSY
A=0000000000000000 B=0000000000030000 C=0000000000000000 D=0000000000001000 E=0000000000000000
FA=0040 [0000000001000000] KR=0180 [0000000110000000] EXT=00 COND=1 IDLE=1 IO=0000000000000000
FB=0840 [0000100001000000] SR=0100 R5=0 ROM=0000.0 PREG=0 RAMOP=- RAMREG=090 ROMOP=- ROMREG=09

0640 1BCF BRC 0459 -1E7
A=0000000000000000 B=0000000000030000 C=0000000000000000 D=0000000000001000 E=0000000000000000
FA=0040 [0000000001000000] KR=0180 [0000000110000000] EXT=00 COND=1 IDLE=1 IO=0000000000000000
FB=0840 [0000100001000000] SR=0100 R5=0 ROM=0000.0 PREG=0 RAMOP=- RAMREG=090 ROMOP=- ROMREG=09

0459 0A80 WAIT D8
A=0000000000000000 B=0000000000030000 C=0000000000000000 D=0000000000001000 E=0000000000000000
FA=0040 [0000000001000000] KR=0180 [0000000110000000] EXT=00 COND=1 IDLE=1 IO=0000000000000000
FB=0840 [0000100001000000] SR=0100 R5=0 ROM=0000.0 PREG=0 RAMOP=- RAMREG=090 ROMOP=- ROMREG=09

045A 0A0B ?BUSY
A=0000000000000000 B=0000000000030000 C=0000000000000000 D=0000000000001000 E=0000000000000000
FA=0040 [0000000001000000] KR=0180 [0000000110000000] EXT=00 COND=1 IDLE=1 IO=0000000000000000
FB=0840 [0000100001000000] SR=0100 R5=0 ROM=0000.0 PREG=0 RAMOP=- RAMREG=090 ROMOP=- ROMREG=09

045B 13CC BRNC 0641 +1E6
A=0000000000000000 B=0000000000030000 C=0000000000000000 D=0000000000001000 E=0000000000000000
FA=0040 [0000000001000000] KR=0180 [0000000110000000] EXT=00 COND=0 IDLE=1 IO=0000000000000000
FB=0840 [0000100001000000] SR=0100 R5=0 ROM=0000.0 PREG=0 RAMOP=- RAMREG=090 ROMOP=- ROMREG=09

0641 0098 ?TFB 9
A=0000000000000000 B=0000000000030000 C=0000000000000000 D=0000000000001000 E=0000000000000000
FA=0040 [0000000001000000] KR=0180 [0000000110000000] EXT=00 COND=1 IDLE=1 IO=0000000000000000
FB=0840 [0000100001000000] SR=0100 R5=0 ROM=0000.0 PREG=0 RAMOP=- RAMREG=090 ROMOP=- ROMREG=09

0642 1828 BRC 0656 +014
A=0000000000000000 B=0000000000030000 C=0000000000000000 D=0000000000001000 E=0000000000000000
FA=0040 [0000000001000000] KR=0180 [0000000110000000] EXT=00 COND=1 IDLE=1 IO=0000000000000000
FB=0840 [0000100001000000] SR=0100 R5=0 ROM=0000.0 PREG=0 RAMOP=- RAMREG=090 ROMOP=- ROMREG=09

0656 0AE0 WAIT D14
A=0000000000000000 B=0000000000030000 C=0000000000000000 D=0000000000001000 E=0000000000000000
FA=0040 [0000000001000000] KR=0180 [0000000110000000] EXT=00 COND=1 IDLE=1 IO=0000000000000000
FB=0840 [0000100001000000] SR=0100 R5=0 ROM=0000.0 PREG=0 RAMOP=- RAMREG=090 ROMOP=- ROMREG=09

0657 0820 ?KEY 20
A=0000000000000000 B=0000000000030000 C=0000000000000000 D=0000000000001000 E=0000000000000000
FA=0040 [0000000001000000] KR=0180 [0000000110000000] EXT=00 COND=1 IDLE=1 IO=0000000000000000
FB=0840 [0000100001000000] SR=0100 R5=0 ROM=0000.0 PREG=0 RAMOP=- RAMREG=090 ROMOP=- ROMREG=09

0658 1839 BRC 063C -01C
A=0000000000000000 B=0000000000030000 C=0000000000000000 D=0000000000001000 E=0000000000000000
FA=0040 [0000000001000000] KR=0180 [0000000110000000] EXT=00 COND=1 IDLE=1 IO=0000000000000000
FB=0840 [0000100001000000] SR=0100 R5=0 ROM=0000.0 PREG=0 RAMOP=- RAMREG=090 ROMOP=- ROMREG=09

063C 00C8 ?TFB 12
A=0000000000000000 B=0000000000030000 C=0000000000000000 D=0000000000001000 E=0000000000000000
FA=0040 [0000000001000000] KR=0180 [0000000110000000] EXT=00 COND=1 IDLE=1 IO=0000000000000000
FB=0840 [0000100001000000] SR=0100 R5=0 ROM=0000.0 PREG=0 RAMOP=- RAMREG=090 ROMOP=- ROMREG=09

063D 00A8 ?TFB 10
A=0000000000000000 B=0000000000030000 C=0000000000000000 D=0000000000001000 E=0000000000000000
FA=0040 [0000000001000000] KR=0180 [0000000110000000] EXT=00 COND=1 IDLE=1 IO=0000000000000000
FB=0840 [0000100001000000] SR=0100 R5=0 ROM=0000.0 PREG=0 RAMOP=- RAMREG=090 ROMOP=- ROMREG=09

063E 0AB0 WAIT D11
A=0000000000000000 B=0000000000030000 C=0000000000000000 D=0000000000001000 E=0000000000000000
FA=0040 [0000000001000000] KR=0180 [0000000110000000] EXT=00 COND=1 IDLE=1 IO=0000000000000000
FB=0840 [0000100001000000] SR=0100 R5=0 ROM=0000.0 PREG=0 RAMOP=- RAMREG=090 ROMOP=- ROMREG=09

063F 0A0B ?BUSY
A=0000000000000000 B=0000000000030000 C=0000000000000000 D=0000000000001000 E=0000000000000000
FA=0040 [0000000001000000] KR=0180 [0000000110000000] EXT=00 COND=1 IDLE=1 IO=0000000000000000
FB=0840 [0000100001000000] SR=0100 R5=0 ROM=0000.0 PREG=0 RAMOP=- RAMREG=090 ROMOP=- ROMREG=09

0640 1BCF BRC 0459 -1E7
A=0000000000000000 B=0000000000030000 C=0000000000000000 D=0000000000001000 E=0000000000000000
FA=0040 [0000000001000000] KR=0180 [0000000110000000] EXT=00 COND=1 IDLE=1 IO=0000000000000000
FB=0840 [0000100001000000] SR=0100 R5=0 ROM=0000.0 PREG=0 RAMOP=- RAMREG=090 ROMOP=- ROMREG=09

0459 0A80 WAIT D8
A=0000000000000000 B=0000000000030000 C=0000000000000000 D=0000000000001000 E=0000000000000000
FA=0040 [0000000001000000] KR=0180 [0000000110000000] EXT=00 COND=1 IDLE=1 IO=0000000000000000
FB=0840 [0000100001000000] SR=0100 R5=0 ROM=0000.0 PREG=0 RAMOP=- RAMREG=090 ROMOP=- ROMREG=09

045A 0A0B ?BUSY
A=0000000000000000 B=0000000000030000 C=0000000000000000 D=0000000000001000 E=0000000000000000
FA=0040 [0000000001000000] KR=0180 [0000000110000000] EXT=00 COND=1 IDLE=1 IO=0000000000000000
FB=0840 [0000100001000000] SR=0100 R5=0 ROM=0000.0 PREG=0 RAMOP=- RAMREG=090 ROMOP=- ROMREG=09

045B 13CC BRNC 0641 +1E6
A=0000000000000000 B=0000000000030000 C=0000000000000000 D=0000000000001000 E=0000000000000000
FA=0040 [0000000001000000] KR=0180 [0000000110000000] EXT=00 COND=0 IDLE=1 IO=0000000000000000
FB=0840 [0000100001000000] SR=0100 R5=0 ROM=0000.0 PREG=0 RAMOP=- RAMREG=090 ROMOP=- ROMREG=09

0641 0098 ?TFB 9
A=0000000000000000 B=0000000000030000 C=0000000000000000 D=0000000000001000 E=0000000000000000
FA=0040 [0000000001000000] KR=0180 [0000000110000000] EXT=00 COND=1 IDLE=1 IO=0000000000000000
FB=0840 [0000100001000000] SR=0100 R5=0 ROM=0000.0 PREG=0 RAMOP=- RAMREG=090 ROMOP=- ROMREG=09

0642 1828 BRC 0656 +014
A=0000000000000000 B=0000000000030000 C=0000000000000000 D=0000000000001000 E=0000000000000000
FA=0040 [0000000001000000] KR=0180 [0000000110000000] EXT=00 COND=1 IDLE=1 IO=0000000000000000
FB=0840 [0000100001000000] SR=0100 R5=0 ROM=0000.0 PREG=0 RAMOP=- RAMREG=090 ROMOP=- ROMREG=09

0656 0AE0 WAIT D14
A=0000000000000000 B=0000000000030000 C=0000000000000000 D=0000000000001000 E=0000000000000000
FA=0040 [0000000001000000] KR=0180 [0000000110000000] EXT=00 COND=1 IDLE=1 IO=0000000000000000
FB=0840 [0000100001000000] SR=0100 R5=0 ROM=0000.0 PREG=0 RAMOP=- RAMREG=090 ROMOP=- ROMREG=09

0657 0820 ?KEY 20
A=0000000000000000 B=0000000000030000 C=0000000000000000 D=0000000000001000 E=0000000000000000
FA=0040 [0000000001000000] KR=0180 [0000000110000000] EXT=00 COND=1 IDLE=1 IO=0000000000000000
FB=0840 [0000100001000000] SR=0100 R5=0 ROM=0000.0 PREG=0 RAMOP=- RAMREG=090 ROMOP=- ROMREG=09

0658 1839 BRC 063C -01C
A=0000000000000000 B=0000000000030000 C=0000000000000000 D=0000000000001000 E=0000000000000000
FA=0040 [0000000001000000] KR=0180 [0000000110000000] EXT=00 COND=1 IDLE=1 IO=0000000000000000
FB=0840 [0000100001000000] SR=0100 R5=0 ROM=0000.0 PREG=0 RAMOP=- RAMREG=090 ROMOP=- ROMREG=09

063C 00C8 ?TFB 12
A=0000000000000000 B=0000000000030000 C=0000000000000000 D=0000000000001000 E=0000000000000000
FA=0040 [0000000001000000] KR=0180 [0000000110000000] EXT=00 COND=1 IDLE=1 IO=0000000000000000
FB=0840 [0000100001000000] SR=0100 R5=0 ROM=0000.0 PREG=0 RAMOP=- RAMREG=090 ROMOP=- ROMREG=09

063D 00A8 ?TFB 10
A=0000000000000000 B=0000000000030000 C=0000000000000000 D=0000000000001000 E=0000000000000000
FA=0040 [0000000001000000] KR=0180 [0000000110000000] EXT=00 COND=1 IDLE=1 IO=0000000000000000
FB=0840 [0000100001000000] SR=0100 R5=0 ROM=0000.0 PREG=0 RAMOP=- RAMREG=090 ROMOP=- ROMREG=09

063E 0AB0 WAIT D11
A=0000000000000000 B=0000000000030000 C=0000000000000000 D=0000000000001000 E=0000000000000000
FA=0040 [0000000001000000] KR=0180 [0000000110000000] EXT=00 COND=1 IDLE=1 IO=0000000000000000
FB=0840 [0000100001000000] SR=0100 R5=0 ROM=0000.0 PREG=0 RAMOP=- RAMREG=090 ROMOP=- ROMREG=09

063F 0A0B ?BUSY
A=0000000000000000 B=0000000000030000 C=0000000000000000 D=0000000000001000 E=0000000000000000
FA=0040 [0000000001000000] KR=0180 [0000000110000000] EXT=00 COND=1 IDLE=1 IO=0000000000000000
FB=0840 [0000100001000000] SR=0100 R5=0 ROM=0000.0 PREG=0 RAMOP=- RAMREG=090 ROMOP=- ROMREG=09

0640 1BCF BRC 0459 -1E7
A=0000000000000000 B=0000000000030000 C=0000000000000000 D=0000000000001000 E=0000000000000000
FA=0040 [0000000001000000] KR=0180 [0000000110000000] EXT=00 COND=1 IDLE=1 IO=0000000000000000
FB=0840 [0000100001000000] SR=0100 R5=0 ROM=0000.0 PREG=0 RAMOP=- RAMREG=090 ROMOP=- ROMREG=09

0459 0A80 WAIT D8
A=0000000000000000 B=0000000000030000 C=0000000000000000 D=0000000000001000 E=0000000000000000
FA=0040 [0000000001000000] KR=0180 [0000000110000000] EXT=00 COND=1 IDLE=1 IO=0000000000000000
FB=0840 [0000100001000000] SR=0100 R5=0 ROM=0000.0 PREG=0 RAMOP=- RAMREG=090 ROMOP=- ROMREG=09

045A 0A0B ?BUSY
A=0000000000000000 B=0000000000030000 C=0000000000000000 D=0000000000001000 E=0000000000000000
FA=0040 [0000000001000000] KR=0180 [0000000110000000] EXT=00 COND=1 IDLE=1 IO=0000000000000000
FB=0840 [0000100001000000] SR=0100 R5=0 ROM=0000.0 PREG=0 RAMOP=- RAMREG=090 ROMOP=- ROMREG=09

045B 13CC BRNC 0641 +1E6
A=0000000000000000 B=0000000000030000 C=0000000000000000 D=0000000000001000 E=0000000000000000
FA=0040 [0000000001000000] KR=0180 [0000000110000000] EXT=00 COND=0 IDLE=1 IO=0000000000000000
FB=0840 [0000100001000000] SR=0100 R5=0 ROM=0000.0 PREG=0 RAMOP=- RAMREG=090 ROMOP=- ROMREG=09

0641 0098 ?TFB 9
A=0000000000000000 B=0000000000030000 C=0000000000000000 D=0000000000001000 E=0000000000000000
FA=0040 [0000000001000000] KR=0180 [0000000110000000] EXT=00 COND=1 IDLE=1 IO=0000000000000000
FB=0840 [0000100001000000] SR=0100 R5=0 ROM=0000.0 PREG=0 RAMOP=- RAMREG=090 ROMOP=- ROMREG=09

0642 1828 BRC 0656 +014
A=0000000000000000 B=0000000000030000 C=0000000000000000 D=0000000000001000 E=0000000000000000
FA=0040 [0000000001000000] KR=0180 [0000000110000000] EXT=00 COND=1 IDLE=1 IO=0000000000000000
FB=0840 [0000100001000000] SR=0100 R5=0 ROM=0000.0 PREG=0 RAMOP=- RAMREG=090 ROMOP=- ROMREG=09

0656 0AE0 WAIT D14
A=0000000000000000 B=0000000000030000 C=0000000000000000 D=0000000000001000 E=0000000000000000
FA=0040 [0000000001000000] KR=0180 [0000000110000000] EXT=00 COND=1 IDLE=1 IO=0000000000000000
FB=0840 [0000100001000000] SR=0100 R5=0 ROM=0000.0 PREG=0 RAMOP=- RAMREG=090 ROMOP=- ROMREG=09

0657 0820 ?KEY 20
A=0000000000000000 B=0000000000030000 C=0000000000000000 D=0000000000001000 E=0000000000000000
FA=0040 [0000000001000000] KR=0180 [0000000110000000] EXT=00 COND=1 IDLE=1 IO=0000000000000000
FB=0840 [0000100001000000] SR=0100 R5=0 ROM=0000.0 PREG=0 RAMOP=- RAMREG=090 ROMOP=- ROMREG=09

0658 1839 BRC 063C -01C
A=0000000000000000 B=0000000000030000 C=0000000000000000 D=0000000000001000 E=0000000000000000
FA=0040 [0000000001000000] KR=0180 [0000000110000000] EXT=00 COND=1 IDLE=1 IO=0000000000000000
FB=0840 [0000100001000000] SR=0100 R5=0 ROM=0000.0 PREG=0 RAMOP=- RAMREG=090 ROMOP=- ROMREG=09

063C 00C8 ?TFB 12
A=0000000000000000 B=0000000000030000 C=0000000000000000 D=0000000000001000 E=0000000000000000
FA=0040 [0000000001000000] KR=0180 [0000000110000000] EXT=00 COND=1 IDLE=1 IO=0000000000000000
FB=0840 [0000100001000000] SR=0100 R5=0 ROM=0000.0 PREG=0 RAMOP=- RAMREG=090 ROMOP=- ROMREG=09

063D 00A8 ?TFB 10
A=0000000000000000 B=0000000000030000 C=0000000000000000 D=0000000000001000 E=0000000000000000
FA=0040 [0000000001000000] KR=0180 [0000000110000000] EXT=00 COND=1 IDLE=1 IO=0000000000000000
FB=0840 [0000100001000000] SR=0100 R5=0 ROM=0000.0 PREG=0 RAMOP=- RAMREG=090 ROMOP=- ROMREG=09

063E 0AB0 WAIT D11
A=0000000000000000 B=0000000000030000 C=0000000000000000 D=0000000000001000 E=0000000000000000
FA=0040 [0000000001000000] KR=0180 [0000000110000000] EXT=00 COND=1 IDLE=1 IO=0000000000000000
FB=0840 [0000100001000000] SR=0100 R5=0 ROM=0000.0 PREG=0 RAMOP=- RAMREG=090 ROMOP=- ROMREG=09

063F 0A0B ?BUSY
A=0000000000000000 B=0000000000030000 C=0000000000000000 D=0000000000001000 E=0000000000000000
FA=0040 [0000000001000000] KR=0180 [0000000110000000] EXT=00 COND=1 IDLE=1 IO=0000000000000000
FB=0840 [0000100001000000] SR=0100 R5=0 ROM=0000.0 PREG=0 RAMOP=- RAMREG=090 ROMOP=- ROMREG=09

0640 1BCF BRC 0459 -1E7
A=0000000000000000 B=0000000000030000 C=0000000000000000 D=0000000000001000 E=0000000000000000
FA=0040 [0000000001000000] KR=0180 [0000000110000000] EXT=00 COND=1 IDLE=1 IO=0000000000000000
FB=0840 [0000100001000000] SR=0100 R5=0 ROM=0000.0 PREG=0 RAMOP=- RAMREG=090 ROMOP=- ROMREG=09

0459 0A80 WAIT D8
A=0000000000000000 B=0000000000030000 C=0000000000000000 D=0000000000001000 E=0000000000000000
FA=0040 [0000000001000000] KR=0180 [0000000110000000] EXT=00 COND=1 IDLE=1 IO=0000000000000000
FB=0840 [0000100001000000] SR=0100 R5=0 ROM=0000.0 PREG=0 RAMOP=- RAMREG=090 ROMOP=- ROMREG=09

045A 0A0B ?BUSY
A=0000000000000000 B=0000000000030000 C=0000000000000000 D=0000000000001000 E=0000000000000000
FA=0040 [0000000001000000] KR=0180 [0000000110000000] EXT=00 COND=1 IDLE=1 IO=0000000000000000
FB=0840 [0000100001000000] SR=0100 R5=0 ROM=0000.0 PREG=0 RAMOP=- RAMREG=090 ROMOP=- ROMREG=09

045B 13CC BRNC 0641 +1E6
A=0000000000000000 B=0000000000030000 C=0000000000000000 D=0000000000001000 E=0000000000000000
FA=0040 [0000000001000000] KR=0180 [0000000110000000] EXT=00 COND=0 IDLE=1 IO=0000000000000000
FB=0840 [0000100001000000] SR=0100 R5=0 ROM=0000.0 PREG=0 RAMOP=- RAMREG=090 ROMOP=- ROMREG=09

0641 0098 ?TFB 9
A=0000000000000000 B=0000000000030000 C=0000000000000000 D=0000000000001000 E=0000000000000000
FA=0040 [0000000001000000] KR=0180 [0000000110000000] EXT=00 COND=1 IDLE=1 IO=0000000000000000
FB=0840 [0000100001000000] SR=0100 R5=0 ROM=0000.0 PREG=0 RAMOP=- RAMREG=090 ROMOP=- ROMREG=09

0642 1828 BRC 0656 +014
A=0000000000000000 B=0000000000030000 C=0000000000000000 D=0000000000001000 E=0000000000000000
FA=0040 [0000000001000000] KR=0180 [0000000110000000] EXT=00 COND=1 IDLE=1 IO=0000000000000000
FB=0840 [0000100001000000] SR=0100 R5=0 ROM=0000.0 PREG=0 RAMOP=- RAMREG=090 ROMOP=- ROMREG=09

0656 0AE0 WAIT D14
A=0000000000000000 B=0000000000030000 C=0000000000000000 D=0000000000001000 E=0000000000000000
FA=0040 [0000000001000000] KR=0180 [0000000110000000] EXT=00 COND=1 IDLE=1 IO=0000000000000000
FB=0840 [0000100001000000] SR=0100 R5=0 ROM=0000.0 PREG=0 RAMOP=- RAMREG=090 ROMOP=- ROMREG=09

0657 0820 ?KEY 20
A=0000000000000000 B=0000000000030000 C=0000000000000000 D=0000000000001000 E=0000000000000000
FA=0040 [0000000001000000] KR=0180 [0000000110000000] EXT=00 COND=1 IDLE=1 IO=0000000000000000
FB=0840 [0000100001000000] SR=0100 R5=0 ROM=0000.0 PREG=0 RAMOP=- RAMREG=090 ROMOP=- ROMREG=09

0658 1839 BRC 063C -01C
A=0000000000000000 B=0000000000030000 C=0000000000000000 D=0000000000001000 E=0000000000000000
FA=0040 [0000000001000000] KR=0180 [0000000110000000] EXT=00 COND=1 IDLE=1 IO=0000000000000000
FB=0840 [0000100001000000] SR=0100 R5=0 ROM=0000.0 PREG=0 RAMOP=- RAMREG=090 ROMOP=- ROMREG=09

063C 00C8 ?TFB 12
A=0000000000000000 B=0000000000030000 C=0000000000000000 D=0000000000001000 E=0000000000000000
FA=0040 [0000000001000000] KR=0180 [0000000110000000] EXT=00 COND=1 IDLE=1 IO=0000000000000000
FB=0840 [0000100001000000] SR=0100 R5=0 ROM=0000.0 PREG=0 RAMOP=- RAMREG=090 ROMOP=- ROMREG=09

063D 00A8 ?TFB 10
A=0000000000000000 B=0000000000030000 C=0000000000000000 D=0000000000001000 E=0000000000000000
FA=0040 [0000000001000000] KR=0180 [0000000110000000] EXT=00 COND=1 IDLE=1 IO=0000000000000000
FB=0840 [0000100001000000] SR=0100 R5=0 ROM=0000.0 PREG=0 RAMOP=- RAMREG=090 ROMOP=- ROMREG=09

063E 0AB0 WAIT D11
A=0000000000000000 B=0000000000030000 C=0000000000000000 D=0000000000001000 E=0000000000000000
FA=0040 [0000000001000000] KR=0180 [0000000110000000] EXT=00 COND=1 IDLE=1 IO=0000000000000000
FB=0840 [0000100001000000] SR=0100 R5=0 ROM=0000.0 PREG=0 RAMOP=- RAMREG=090 ROMOP=- ROMREG=09

063F 0A0B ?BUSY
A=0000000000000000 B=0000000000030000 C=0000000000000000 D=0000000000001000 E=0000000000000000
FA=0040 [0000000001000000] KR=0180 [0000000110000000] EXT=00 COND=1 IDLE=1 IO=0000000000000000
FB=0840 [0000100001000000] SR=0100 R5=0 ROM=0000.0 PREG=0 RAMOP=- RAMREG=090 ROMOP=- ROMREG=09

0640 1BCF BRC 0459 -1E7
A=0000000000000000 B=0000000000030000 C=0000000000000000 D=0000000000001000 E=0000000000000000
FA=0040 [0000000001000000] KR=0180 [0000000110000000] EXT=00 COND=1 IDLE=1 IO=0000000000000000
FB=0840 [0000100001000000] SR=0100 R5=0 ROM=0000.0 PREG=0 RAMOP=- RAMREG=090 ROMOP=- ROMREG=09

0459 0A80 WAIT D8
A=0000000000000000 B=0000000000030000 C=0000000000000000 D=0000000000001000 E=0000000000000000
FA=0040 [0000000001000000] KR=0180 [0000000110000000] EXT=00 COND=1 IDLE=1 IO=0000000000000000
FB=0840 [0000100001000000] SR=0100 R5=0 ROM=0000.0 PREG=0 RAMOP=- RAMREG=090 ROMOP=- ROMREG=09

045A 0A0B ?BUSY
A=0000000000000000 B=0000000000030000 C=0000000000000000 D=0000000000001000 E=0000000000000000
FA=0040 [0000000001000000] KR=0180 [0000000110000000] EXT=00 COND=1 IDLE=1 IO=0000000000000000
FB=0840 [0000100001000000] SR=0100 R5=0 ROM=0000.0 PREG=0 RAMOP=- RAMREG=090 ROMOP=- ROMREG=09

045B 13CC BRNC 0641 +1E6
A=0000000000000000 B=0000000000030000 C=0000000000000000 D=0000000000001000 E=0000000000000000
FA=0040 [0000000001000000] KR=0180 [0000000110000000] EXT=00 COND=0 IDLE=1 IO=0000000000000000
FB=0840 [0000100001000000] SR=0100 R5=0 ROM=0000.0 PREG=0 RAMOP=- RAMREG=090 ROMOP=- ROMREG=09

0641 0098 ?TFB 9
A=0000000000000000 B=0000000000030000 C=0000000000000000 D=0000000000001000 E=0000000000000000
FA=0040 [0000000001000000] KR=0180 [0000000110000000] EXT=00 COND=1 IDLE=1 IO=0000000000000000
FB=0840 [0000100001000000] SR=0100 R5=0 ROM=0000.0 PREG=0 RAMOP=- RAMREG=090 ROMOP=- ROMREG=09

0642 1828 BRC 0656 +014
A=0000000000000000 B=0000000000030000 C=0000000000000000 D=0000000000001000 E=0000000000000000
FA=0040 [0000000001000000] KR=0180 [0000000110000000] EXT=00 COND=1 IDLE=1 IO=0000000000000000
FB=0840 [0000100001000000] SR=0100 R5=0 ROM=0000.0 PREG=0 RAMOP=- RAMREG=090 ROMOP=- ROMREG=09

0656 0AE0 WAIT D14
A=0000000000000000 B=0000000000030000 C=0000000000000000 D=0000000000001000 E=0000000000000000
FA=0040 [0000000001000000] KR=0180 [0000000110000000] EXT=00 COND=1 IDLE=1 IO=0000000000000000
FB=0840 [0000100001000000] SR=0100 R5=0 ROM=0000.0 PREG=0 RAMOP=- RAMREG=090 ROMOP=- ROMREG=09

0657 0820 ?KEY 20
A=0000000000000000 B=0000000000030000 C=0000000000000000 D=0000000000001000 E=0000000000000000
FA=0040 [0000000001000000] KR=0180 [0000000110000000] EXT=00 COND=1 IDLE=1 IO=0000000000000000
FB=0840 [0000100001000000] SR=0100 R5=0 ROM=0000.0 PREG=0 RAMOP=- RAMREG=090 ROMOP=- ROMREG=09

0658 1839 BRC 063C -01C
A=0000000000000000 B=0000000000030000 C=0000000000000000 D=0000000000001000 E=0000000000000000
FA=0040 [0000000001000000] KR=0180 [0000000110000000] EXT=00 COND=1 IDLE=1 IO=0000000000000000
FB=0840 [0000100001000000] SR=0100 R5=0 ROM=0000.0 PREG=0 RAMOP=- RAMREG=090 ROMOP=- ROMREG=09

063C 00C8 ?TFB 12
A=0000000000000000 B=0000000000030000 C=0000000000000000 D=0000000000001000 E=0000000000000000
FA=0040 [0000000001000000] KR=0180 [0000000110000000] EXT=00 COND=1 IDLE=1 IO=0000000000000000
FB=0840 [0000100001000000] SR=0100 R5=0 ROM=0000.0 PREG=0 RAMOP=- RAMREG=090 ROMOP=- ROMREG=09

063D 00A8 ?TFB 10
A=0000000000000000 B=0000000000030000 C=0000000000000000 D=0000000000001000 E=0000000000000000
FA=0040 [0000000001000000] KR=0180 [0000000110000000] EXT=00 COND=1 IDLE=1 IO=0000000000000000
FB=0840 [0000100001000000] SR=0100 R5=0 ROM=0000.0 PREG=0 RAMOP=- RAMREG=090 ROMOP=- ROMREG=09

063E 0AB0 WAIT D11
A=0000000000000000 B=0000000000030000 C=0000000000000000 D=0000000000001000 E=0000000000000000
FA=0040 [0000000001000000] KR=0180 [0000000110000000] EXT=00 COND=1 IDLE=1 IO=0000000000000000
FB=0840 [0000100001000000] SR=0100 R5=0 ROM=0000.0 PREG=0 RAMOP=- RAMREG=090 ROMOP=- ROMREG=09

063F 0A0B ?BUSY
A=0000000000000000 B=0000000000030000 C=0000000000000000 D=0000000000001000 E=0000000000000000
FA=0040 [0000000001000000] KR=0180 [0000000110000000] EXT=00 COND=1 IDLE=1 IO=0000000000000000
FB=0840 [0000100001000000] SR=0100 R5=0 ROM=0000.0 PREG=0 RAMOP=- RAMREG=090 ROMOP=- ROMREG=09

0640 1BCF BRC 0459 -1E7
A=0000000000000000 B=0000000000030000 C=0000000000000000 D=0000000000001000 E=0000000000000000
FA=0040 [0000000001000000] KR=0180 [0000000110000000] EXT=00 COND=1 IDLE=1 IO=0000000000000000
FB=0840 [0000100001000000] SR=0100 R5=0 ROM=0000.0 PREG=0 RAMOP=- RAMREG=090 ROMOP=- ROMREG=09

0459 0A80 WAIT D8
A=0000000000000000 B=0000000000030000 C=0000000000000000 D=0000000000001000 E=0000000000000000
FA=0040 [0000000001000000] KR=0180 [0000000110000000] EXT=00 COND=1 IDLE=1 IO=0000000000000000
FB=0840 [0000100001000000] SR=0100 R5=0 ROM=0000.0 PREG=0 RAMOP=- RAMREG=090 ROMOP=- ROMREG=09

045A 0A0B ?BUSY
A=0000000000000000 B=0000000000030000 C=0000000000000000 D=0000000000001000 E=0000000000000000
FA=0040 [0000000001000000] KR=0180 [0000000110000000] EXT=00 COND=1 IDLE=1 IO=0000000000000000
FB=0840 [0000100001000000] SR=0100 R5=0 ROM=0000.0 PREG=0 RAMOP=- RAMREG=090 ROMOP=- ROMREG=09

045B 13CC BRNC 0641 +1E6
A=0000000000000000 B=0000000000030000 C=0000000000000000 D=0000000000001000 E=0000000000000000
FA=0040 [0000000001000000] KR=0180 [0000000110000000] EXT=00 COND=0 IDLE=1 IO=0000000000000000
FB=0840 [0000100001000000] SR=0100 R5=0 ROM=0000.0 PREG=0 RAMOP=- RAMREG=090 ROMOP=- ROMREG=09

0641 0098 ?TFB 9
A=0000000000000000 B=0000000000030000 C=0000000000000000 D=0000000000001000 E=0000000000000000
FA=0040 [0000000001000000] KR=0180 [0000000110000000] EXT=00 COND=1 IDLE=1 IO=0000000000000000
FB=0840 [0000100001000000] SR=0100 R5=0 ROM=0000.0 PREG=0 RAMOP=- RAMREG=090 ROMOP=- ROMREG=09

0642 1828 BRC 0656 +014
A=0000000000000000 B=0000000000030000 C=0000000000000000 D=0000000000001000 E=0000000000000000
FA=0040 [0000000001000000] KR=0180 [0000000110000000] EXT=00 COND=1 IDLE=1 IO=0000000000000000
FB=0840 [0000100001000000] SR=0100 R5=0 ROM=0000.0 PREG=0 RAMOP=- RAMREG=090 ROMOP=- ROMREG=09

0656 0AE0 WAIT D14
A=0000000000000000 B=0000000000030000 C=0000000000000000 D=0000000000001000 E=0000000000000000
FA=0040 [0000000001000000] KR=0180 [0000000110000000] EXT=00 COND=1 IDLE=1 IO=0000000000000000
FB=0840 [0000100001000000] SR=0100 R5=0 ROM=0000.0 PREG=0 RAMOP=- RAMREG=090 ROMOP=- ROMREG=09

0657 0820 ?KEY 20
A=0000000000000000 B=0000000000030000 C=0000000000000000 D=0000000000001000 E=0000000000000000
FA=0040 [0000000001000000] KR=0180 [0000000110000000] EXT=00 COND=1 IDLE=1 IO=0000000000000000
FB=0840 [0000100001000000] SR=0100 R5=0 ROM=0000.0 PREG=0 RAMOP=- RAMREG=090 ROMOP=- ROMREG=09

0658 1839 BRC 063C -01C
A=0000000000000000 B=0000000000030000 C=0000000000000000 D=0000000000001000 E=0000000000000000
FA=0040 [0000000001000000] KR=0180 [0000000110000000] EXT=00 COND=1 IDLE=1 IO=0000000000000000
FB=0840 [0000100001000000] SR=0100 R5=0 ROM=0000.0 PREG=0 RAMOP=- RAMREG=090 ROMOP=- ROMREG=09

063C 00C8 ?TFB 12
A=0000000000000000 B=0000000000030000 C=0000000000000000 D=0000000000001000 E=0000000000000000
FA=0040 [0000000001000000] KR=0180 [0000000110000000] EXT=00 COND=1 IDLE=1 IO=0000000000000000
FB=0840 [0000100001000000] SR=0100 R5=0 ROM=0000.0 PREG=0 RAMOP=- RAMREG=090 ROMOP=- ROMREG=09

063D 00A8 ?TFB 10
A=0000000000000000 B=0000000000030000 C=0000000000000000 D=0000000000001000 E=0000000000000000
FA=0040 [0000000001000000] KR=0180 [0000000110000000] EXT=00 COND=1 IDLE=1 IO=0000000000000000
FB=0840 [0000100001000000] SR=0100 R5=0 ROM=0000.0 PREG=0 RAMOP=- RAMREG=090 ROMOP=- ROMREG=09

063E 0AB0 WAIT D11
A=0000000000000000 B=0000000000030000 C=0000000000000000 D=0000000000001000 E=0000000000000000
FA=0040 [0000000001000000] KR=0180 [0000000110000000] EXT=00 COND=1 IDLE=1 IO=0000000000000000
FB=0840 [0000100001000000] SR=0100 R5=0 ROM=0000.0 PREG=0 RAMOP=- RAMREG=090 ROMOP=- ROMREG=09

063F 0A0B ?BUSY
A=0000000000000000 B=0000000000030000 C=0000000000000000 D=0000000000001000 E=0000000000000000
FA=0040 [0000000001000000] KR=0180 [0000000110000000] EXT=00 COND=1 IDLE=1 IO=0000000000000000
FB=0840 [0000100001000000] SR=0100 R5=0 ROM=0000.0 PREG=0 RAMOP=- RAMREG=090 ROMOP=- ROMREG=09

0640 1BCF BRC 0459 -1E7
A=0000000000000000 B=0000000000030000 C=0000000000000000 D=0000000000001000 E=0000000000000000
FA=0040 [0000000001000000] KR=0180 [0000000110000000] EXT=00 COND=1 IDLE=1 IO=0000000000000000
FB=0840 [0000100001000000] SR=0100 R5=0 ROM=0000.0 PREG=0 RAMOP=- RAMREG=090 ROMOP=- ROMREG=09

0459 0A80 WAIT D8
A=0000000000000000 B=0000000000030000 C=0000000000000000 D=0000000000001000 E=0000000000000000
FA=0040 [0000000001000000] KR=0180 [0000000110000000] EXT=00 COND=1 IDLE=1 IO=0000000000000000
FB=0840 [0000100001000000] SR=0100 R5=0 ROM=0000.0 PREG=0 RAMOP=- RAMREG=090 ROMOP=- ROMREG=09

045A 0A0B ?BUSY
A=0000000000000000 B=0000000000030000 C=0000000000000000 D=0000000000001000 E=0000000000000000
FA=0040 [0000000001000000] KR=0180 [0000000110000000] EXT=00 COND=1 IDLE=1 IO=0000000000000000
FB=0840 [0000100001000000] SR=0100 R5=0 ROM=0000.0 PREG=0 RAMOP=- RAMREG=090 ROMOP=- ROMREG=09

045B 13CC BRNC 0641 +1E6
A=0000000000000000 B=0000000000030000 C=0000000000000000 D=0000000000001000 E=0000000000000000
FA=0040 [0000000001000000] KR=0180 [0000000110000000] EXT=00 COND=0 IDLE=1 IO=0000000000000000
FB=0840 [0000100001000000] SR=0100 R5=0 ROM=0000.0 PREG=0 RAMOP=- RAMREG=090 ROMOP=- ROMREG=09

0641 0098 ?TFB 9
A=0000000000000000 B=0000000000030000 C=0000000000000000 D=0000000000001000 E=0000000000000000
FA=0040 [0000000001000000] KR=0180 [0000000110000000] EXT=00 COND=1 IDLE=1 IO=0000000000000000
FB=0840 [0000100001000000] SR=0100 R5=0 ROM=0000.0 PREG=0 RAMOP=- RAMREG=090 ROMOP=- ROMREG=09

0642 1828 BRC 0656 +014
A=0000000000000000 B=0000000000030000 C=0000000000000000 D=0000000000001000 E=0000000000000000
FA=0040 [0000000001000000] KR=0180 [0000000110000000] EXT=00 COND=1 IDLE=1 IO=0000000000000000
FB=0840 [0000100001000000] SR=0100 R5=0 ROM=0000.0 PREG=0 RAMOP=- RAMREG=090 ROMOP=- ROMREG=09

0656 0AE0 WAIT D14
A=0000000000000000 B=0000000000030000 C=0000000000000000 D=0000000000001000 E=0000000000000000
FA=0040 [0000000001000000] KR=0180 [0000000110000000] EXT=00 COND=1 IDLE=1 IO=0000000000000000
FB=0840 [0000100001000000] SR=0100 R5=0 ROM=0000.0 PREG=0 RAMOP=- RAMREG=090 ROMOP=- ROMREG=09

0657 0820 ?KEY 20
A=0000000000000000 B=0000000000030000 C=0000000000000000 D=0000000000001000 E=0000000000000000
FA=0040 [0000000001000000] KR=0180 [0000000110000000] EXT=00 COND=1 IDLE=1 IO=0000000000000000
FB=0840 [0000100001000000] SR=0100 R5=0 ROM=0000.0 PREG=0 RAMOP=- RAMREG=090 ROMOP=- ROMREG=09

0658 1839 BRC 063C -01C
A=0000000000000000 B=0000000000030000 C=0000000000000000 D=0000000000001000 E=0000000000000000
FA=0040 [0000000001000000] KR=0180 [0000000110000000] EXT=00 COND=1 IDLE=1 IO=0000000000000000
FB=0840 [0000100001000000] SR=0100 R5=0 ROM=0000.0 PREG=0 RAMOP=- RAMREG=090 ROMOP=- ROMREG=09

063C 00C8 ?TFB 12
A=0000000000000000 B=0000000000030000 C=0000000000000000 D=0000000000001000 E=0000000000000000
FA=0040 [0000000001000000] KR=0180 [0000000110000000] EXT=00 COND=1 IDLE=1 IO=0000000000000000
FB=0840 [0000100001000000] SR=0100 R5=0 ROM=0000.0 PREG=0 RAMOP=- RAMREG=090 ROMOP=- ROMREG=09

063D 00A8 ?TFB 10
A=0000000000000000 B=0000000000030000 C=0000000000000000 D=0000000000001000 E=0000000000000000
FA=0040 [0000000001000000] KR=0180 [0000000110000000] EXT=00 COND=1 IDLE=1 IO=0000000000000000
FB=0840 [0000100001000000] SR=0100 R5=0 ROM=0000.0 PREG=0 RAMOP=- RAMREG=090 ROMOP=- ROMREG=09

063E 0AB0 WAIT D11
A=0000000000000000 B=0000000000030000 C=0000000000000000 D=0000000000001000 E=0000000000000000
FA=0040 [0000000001000000] KR=0180 [0000000110000000] EXT=00 COND=1 IDLE=1 IO=0000000000000000
FB=0840 [0000100001000000] SR=0100 R5=0 ROM=0000.0 PREG=0 RAMOP=- RAMREG=090 ROMOP=- ROMREG=09

063F 0A0B ?BUSY
A=0000000000000000 B=0000000000030000 C=0000000000000000 D=0000000000001000 E=0000000000000000
FA=0040 [0000000001000000] KR=0180 [0000000110000000] EXT=00 COND=1 IDLE=1 IO=0000000000000000
FB=0840 [0000100001000000] SR=0100 R5=0 ROM=0000.0 PREG=0 RAMOP=- RAMREG=090 ROMOP=- ROMREG=09

0640 1BCF BRC 0459 -1E7
A=0000000000000000 B=0000000000030000 C=0000000000000000 D=0000000000001000 E=0000000000000000
FA=0040 [0000000001000000] KR=0180 [0000000110000000] EXT=00 COND=1 IDLE=1 IO=0000000000000000
FB=0840 [0000100001000000] SR=0100 R5=0 ROM=0000.0 PREG=0 RAMOP=- RAMREG=090 ROMOP=- ROMREG=09

0459 0A80 WAIT D8
A=0000000000000000 B=0000000000030000 C=0000000000000000 D=0000000000001000 E=0000000000000000
FA=0040 [0000000001000000] KR=0180 [0000000110000000] EXT=00 COND=1 IDLE=1 IO=0000000000000000
FB=0840 [0000100001000000] SR=0100 R5=0 ROM=0000.0 PREG=0 RAMOP=- RAMREG=090 ROMOP=- ROMREG=09

045A 0A0B ?BUSY
A=0000000000000000 B=0000000000030000 C=0000000000000000 D=0000000000001000 E=0000000000000000
FA=0040 [0000000001000000] KR=0180 [0000000110000000] EXT=00 COND=1 IDLE=1 IO=0000000000000000
FB=0840 [0000100001000000] SR=0100 R5=0 ROM=0000.0 PREG=0 RAMOP=- RAMREG=090 ROMOP=- ROMREG=09

045B 13CC BRNC 0641 +1E6
A=0000000000000000 B=0000000000030000 C=0000000000000000 D=0000000000001000 E=0000000000000000
FA=0040 [0000000001000000] KR=0180 [0000000110000000] EXT=00 COND=0 IDLE=1 IO=0000000000000000
FB=0840 [0000100001000000] SR=0100 R5=0 ROM=0000.0 PREG=0 RAMOP=- RAMREG=090 ROMOP=- ROMREG=09

0641 0098 ?TFB 9
A=0000000000000000 B=0000000000030000 C=0000000000000000 D=0000000000001000 E=0000000000000000
FA=0040 [0000000001000000] KR=0180 [0000000110000000] EXT=00 COND=1 IDLE=1 IO=0000000000000000
FB=0840 [0000100001000000] SR=0100 R5=0 ROM=0000.0 PREG=0 RAMOP=- RAMREG=090 ROMOP=- ROMREG=09

0642 1828 BRC 0656 +014
A=0000000000000000 B=0000000000030000 C=0000000000000000 D=0000000000001000 E=0000000000000000
FA=0040 [0000000001000000] KR=0180 [0000000110000000] EXT=00 COND=1 IDLE=1 IO=0000000000000000
FB=0840 [0000100001000000] SR=0100 R5=0 ROM=0000.0 PREG=0 RAMOP=- RAMREG=090 ROMOP=- ROMREG=09

0656 0AE0 WAIT D14
A=0000000000000000 B=0000000000030000 C=0000000000000000 D=0000000000001000 E=0000000000000000
FA=0040 [0000000001000000] KR=0180 [0000000110000000] EXT=00 COND=1 IDLE=1 IO=0000000000000000
FB=0840 [0000100001000000] SR=0100 R5=0 ROM=0000.0 PREG=0 RAMOP=- RAMREG=090 ROMOP=- ROMREG=09

0657 0820 ?KEY 20
A=0000000000000000 B=0000000000030000 C=0000000000000000 D=0000000000001000 E=0000000000000000
FA=0040 [0000000001000000] KR=0180 [0000000110000000] EXT=00 COND=1 IDLE=1 IO=0000000000000000
FB=0840 [0000100001000000] SR=0100 R5=0 ROM=0000.0 PREG=0 RAMOP=- RAMREG=090 ROMOP=- ROMREG=09

0658 1839 BRC 063C -01C
A=0000000000000000 B=0000000000030000 C=0000000000000000 D=0000000000001000 E=0000000000000000
FA=0040 [0000000001000000] KR=0180 [0000000110000000] EXT=00 COND=1 IDLE=1 IO=0000000000000000
FB=0840 [0000100001000000] SR=0100 R5=0 ROM=0000.0 PREG=0 RAMOP=- RAMREG=090 ROMOP=- ROMREG=09

063C 00C8 ?TFB 12
A=0000000000000000 B=0000000000030000 C=0000000000000000 D=0000000000001000 E=0000000000000000
FA=0040 [0000000001000000] KR=0180 [0000000110000000] EXT=00 COND=1 IDLE=1 IO=0000000000000000
FB=0840 [0000100001000000] SR=0100 R5=0 ROM=0000.0 PREG=0 RAMOP=- RAMREG=090 ROMOP=- ROMREG=09

063D 00A8 ?TFB 10
A=0000000000000000 B=0000000000030000 C=0000000000000000 D=0000000000001000 E=0000000000000000
FA=0040 [0000000001000000] KR=0180 [0000000110000000] EXT=00 COND=1 IDLE=1 IO=0000000000000000
FB=0840 [0000100001000000] SR=0100 R5=0 ROM=0000.0 PREG=0 RAMOP=- RAMREG=090 ROMOP=- ROMREG=09

063E 0AB0 WAIT D11
A=0000000000000000 B=0000000000030000 C=0000000000000000 D=0000000000001000 E=0000000000000000
FA=0040 [0000000001000000] KR=0180 [0000000110000000] EXT=00 COND=1 IDLE=1 IO=0000000000000000
FB=0840 [0000100001000000] SR=0100 R5=0 ROM=0000.0 PREG=0 RAMOP=- RAMREG=090 ROMOP=- ROMREG=09

063F 0A0B ?BUSY
A=0000000000000000 B=0000000000030000 C=0000000000000000 D=0000000000001000 E=0000000000000000
FA=0040 [0000000001000000] KR=0180 [0000000110000000] EXT=00 COND=1 IDLE=1 IO=0000000000000000
FB=0840 [0000100001000000] SR=0100 R5=0 ROM=0000.0 PREG=0 RAMOP=- RAMREG=090 ROMOP=- ROMREG=09

0640 1BCF BRC 0459 -1E7
A=0000000000000000 B=0000000000030000 C=0000000000000000 D=0000000000001000 E=0000000000000000
FA=0040 [0000000001000000] KR=0180 [0000000110000000] EXT=00 COND=1 IDLE=1 IO=0000000000000000
FB=0840 [0000100001000000] SR=0100 R5=0 ROM=0000.0 PREG=0 RAMOP=- RAMREG=090 ROMOP=- ROMREG=09

0459 0A80 WAIT D8
A=0000000000000000 B=0000000000030000 C=0000000000000000 D=0000000000001000 E=0000000000000000
FA=0040 [0000000001000000] KR=0180 [0000000110000000] EXT=00 COND=1 IDLE=1 IO=0000000000000000
FB=0840 [0000100001000000] SR=0100 R5=0 ROM=0000.0 PREG=0 RAMOP=- RAMREG=090 ROMOP=- ROMREG=09

045A 0A0B ?BUSY
A=0000000000000000 B=0000000000030000 C=0000000000000000 D=0000000000001000 E=0000000000000000
FA=0040 [0000000001000000] KR=0180 [0000000110000000] EXT=00 COND=1 IDLE=1 IO=0000000000000000
FB=0840 [0000100001000000] SR=0100 R5=0 ROM=0000.0 PREG=0 RAMOP=- RAMREG=090 ROMOP=- ROMREG=09

045B 13CC BRNC 0641 +1E6
A=0000000000000000 B=0000000000030000 C=0000000000000000 D=0000000000001000 E=0000000000000000
FA=0040 [0000000001000000] KR=0180 [0000000110000000] EXT=00 COND=0 IDLE=1 IO=0000000000000000
FB=0840 [0000100001000000] SR=0100 R5=0 ROM=0000.0 PREG=0 RAMOP=- RAMREG=090 ROMOP=- ROMREG=09

0641 0098 ?TFB 9
A=0000000000000000 B=0000000000030000 C=0000000000000000 D=0000000000001000 E=0000000000000000
FA=0040 [0000000001000000] KR=0180 [0000000110000000] EXT=00 COND=1 IDLE=1 IO=0000000000000000
FB=0840 [0000100001000000] SR=0100 R5=0 ROM=0000.0 PREG=0 RAMOP=- RAMREG=090 ROMOP=- ROMREG=09

0642 1828 BRC 0656 +014
A=0000000000000000 B=0000000000030000 C=0000000000000000 D=0000000000001000 E=0000000000000000
FA=0040 [0000000001000000] KR=0180 [0000000110000000] EXT=00 COND=1 IDLE=1 IO=0000000000000000
FB=0840 [0000100001000000] SR=0100 R5=0 ROM=0000.0 PREG=0 RAMOP=- RAMREG=090 ROMOP=- ROMREG=09

0656 0AE0 WAIT D14
A=0000000000000000 B=0000000000030000 C=0000000000000000 D=0000000000001000 E=0000000000000000
FA=0040 [0000000001000000] KR=0180 [0000000110000000] EXT=00 COND=1 IDLE=1 IO=0000000000000000
FB=0840 [0000100001000000] SR=0100 R5=0 ROM=0000.0 PREG=0 RAMOP=- RAMREG=090 ROMOP=- ROMREG=09

0657 0820 ?KEY 20
A=0000000000000000 B=0000000000030000 C=0000000000000000 D=0000000000001000 E=0000000000000000
FA=0040 [0000000001000000] KR=0180 [0000000110000000] EXT=00 COND=1 IDLE=1 IO=0000000000000000
FB=0840 [0000100001000000] SR=0100 R5=0 ROM=0000.0 PREG=0 RAMOP=- RAMREG=090 ROMOP=- ROMREG=09

0658 1839 BRC 063C -01C
A=0000000000000000 B=0000000000030000 C=0000000000000000 D=0000000000001000 E=0000000000000000
FA=0040 [0000000001000000] KR=0180 [0000000110000000] EXT=00 COND=1 IDLE=1 IO=0000000000000000
FB=0840 [0000100001000000] SR=0100 R5=0 ROM=0000.0 PREG=0 RAMOP=- RAMREG=090 ROMOP=- ROMREG=09

063C 00C8 ?TFB 12
A=0000000000000000 B=0000000000030000 C=0000000000000000 D=0000000000001000 E=0000000000000000
FA=0040 [0000000001000000] KR=0180 [0000000110000000] EXT=00 COND=1 IDLE=1 IO=0000000000000000
FB=0840 [0000100001000000] SR=0100 R5=0 ROM=0000.0 PREG=0 RAMOP=- RAMREG=090 ROMOP=- ROMREG=09

063D 00A8 ?TFB 10
A=0000000000000000 B=0000000000030000 C=0000000000000000 D=0000000000001000 E=0000000000000000
FA=0040 [0000000001000000] KR=0180 [0000000110000000] EXT=00 COND=1 IDLE=1 IO=0000000000000000
FB=0840 [0000100001000000] SR=0100 R5=0 ROM=0000.0 PREG=0 RAMOP=- RAMREG=090 ROMOP=- ROMREG=09

063E 0AB0 WAIT D11
A=0000000000000000 B=0000000000030000 C=0000000000000000 D=0000000000001000 E=0000000000000000
FA=0040 [0000000001000000] KR=0180 [0000000110000000] EXT=00 COND=1 IDLE=1 IO=0000000000000000
FB=0840 [0000100001000000] SR=0100 R5=0 ROM=0000.0 PREG=0 RAMOP=- RAMREG=090 ROMOP=- ROMREG=09

063F 0A0B ?BUSY
A=0000000000000000 B=0000000000030000 C=0000000000000000 D=0000000000001000 E=0000000000000000
FA=0040 [0000000001000000] KR=0180 [0000000110000000] EXT=00 COND=1 IDLE=1 IO=0000000000000000
FB=0840 [0000100001000000] SR=0100 R5=0 ROM=0000.0 PREG=0 RAMOP=- RAMREG=090 ROMOP=- ROMREG=09

0640 1BCF BRC 0459 -1E7
A=0000000000000000 B=0000000000030000 C=0000000000000000 D=0000000000001000 E=0000000000000000
FA=0040 [0000000001000000] KR=0180 [0000000110000000] EXT=00 COND=1 IDLE=1 IO=0000000000000000
FB=0840 [0000100001000000] SR=0100 R5=0 ROM=0000.0 PREG=0 RAMOP=- RAMREG=090 ROMOP=- ROMREG=09

0459 0A80 WAIT D8
A=0000000000000000 B=0000000000030000 C=0000000000000000 D=0000000000001000 E=0000000000000000
FA=0040 [0000000001000000] KR=0180 [0000000110000000] EXT=00 COND=1 IDLE=1 IO=0000000000000000
FB=0840 [0000100001000000] SR=0100 R5=0 ROM=0000.0 PREG=0 RAMOP=- RAMREG=090 ROMOP=- ROMREG=09

045A 0A0B ?BUSY
A=0000000000000000 B=0000000000030000 C=0000000000000000 D=0000000000001000 E=0000000000000000
FA=0040 [0000000001000000] KR=0180 [0000000110000000] EXT=00 COND=1 IDLE=1 IO=0000000000000000
FB=0840 [0000100001000000] SR=0100 R5=0 ROM=0000.0 PREG=0 RAMOP=- RAMREG=090 ROMOP=- ROMREG=09

045B 13CC BRNC 0641 +1E6
A=0000000000000000 B=0000000000030000 C=0000000000000000 D=0000000000001000 E=0000000000000000
FA=0040 [0000000001000000] KR=0180 [0000000110000000] EXT=00 COND=0 IDLE=1 IO=0000000000000000
FB=0840 [0000100001000000] SR=0100 R5=0 ROM=0000.0 PREG=0 RAMOP=- RAMREG=090 ROMOP=- ROMREG=09

0641 0098 ?TFB 9
A=0000000000000000 B=0000000000030000 C=0000000000000000 D=0000000000001000 E=0000000000000000
FA=0040 [0000000001000000] KR=0180 [0000000110000000] EXT=00 COND=1 IDLE=1 IO=0000000000000000
FB=0840 [0000100001000000] SR=0100 R5=0 ROM=0000.0 PREG=0 RAMOP=- RAMREG=090 ROMOP=- ROMREG=09

0642 1828 BRC 0656 +014
A=0000000000000000 B=0000000000030000 C=0000000000000000 D=0000000000001000 E=0000000000000000
FA=0040 [0000000001000000] KR=0180 [0000000110000000] EXT=00 COND=1 IDLE=1 IO=0000000000000000
FB=0840 [0000100001000000] SR=0100 R5=0 ROM=0000.0 PREG=0 RAMOP=- RAMREG=090 ROMOP=- ROMREG=09

0656 0AE0 WAIT D14
A=0000000000000000 B=0000000000030000 C=0000000000000000 D=0000000000001000 E=0000000000000000
FA=0040 [0000000001000000] KR=0180 [0000000110000000] EXT=00 COND=1 IDLE=1 IO=0000000000000000
FB=0840 [0000100001000000] SR=0100 R5=0 ROM=0000.0 PREG=0 RAMOP=- RAMREG=090 ROMOP=- ROMREG=09

0657 0820 ?KEY 20
A=0000000000000000 B=0000000000030000 C=0000000000000000 D=0000000000001000 E=0000000000000000
FA=0040 [0000000001000000] KR=0180 [0000000110000000] EXT=00 COND=1 IDLE=1 IO=0000000000000000
FB=0840 [0000100001000000] SR=0100 R5=0 ROM=0000.0 PREG=0 RAMOP=- RAMREG=090 ROMOP=- ROMREG=09

0658 1839 BRC 063C -01C
A=0000000000000000 B=0000000000030000 C=0000000000000000 D=0000000000001000 E=0000000000000000
FA=0040 [0000000001000000] KR=0180 [0000000110000000] EXT=00 COND=1 IDLE=1 IO=0000000000000000
FB=0840 [0000100001000000] SR=0100 R5=0 ROM=0000.0 PREG=0 RAMOP=- RAMREG=090 ROMOP=- ROMREG=09

063C 00C8 ?TFB 12
A=0000000000000000 B=0000000000030000 C=0000000000000000 D=0000000000001000 E=0000000000000000
FA=0040 [0000000001000000] KR=0180 [0000000110000000] EXT=00 COND=1 IDLE=1 IO=0000000000000000
FB=0840 [0000100001000000] SR=0100 R5=0 ROM=0000.0 PREG=0 RAMOP=- RAMREG=090 ROMOP=- ROMREG=09

063D 00A8 ?TFB 10
A=0000000000000000 B=0000000000030000 C=0000000000000000 D=0000000000001000 E=0000000000000000
FA=0040 [0000000001000000] KR=0180 [0000000110000000] EXT=00 COND=1 IDLE=1 IO=0000000000000000
FB=0840 [0000100001000000] SR=0100 R5=0 ROM=0000.0 PREG=0 RAMOP=- RAMREG=090 ROMOP=- ROMREG=09

063E 0AB0 WAIT D11
A=0000000000000000 B=0000000000030000 C=0000000000000000 D=0000000000001000 E=0000000000000000
FA=0040 [0000000001000000] KR=0180 [0000000110000000] EXT=00 COND=1 IDLE=1 IO=0000000000000000
FB=0840 [0000100001000000] SR=0100 R5=0 ROM=0000.0 PREG=0 RAMOP=- RAMREG=090 ROMOP=- ROMREG=09

063F 0A0B ?BUSY
A=0000000000000000 B=0000000000030000 C=0000000000000000 D=0000000000001000 E=0000000000000000
FA=0040 [0000000001000000] KR=0180 [0000000110000000] EXT=00 COND=1 IDLE=1 IO=0000000000000000
FB=0840 [0000100001000000] SR=0100 R5=0 ROM=0000.0 PREG=0 RAMOP=- RAMREG=090 ROMOP=- ROMREG=09

0640 1BCF BRC 0459 -1E7
A=0000000000000000 B=0000000000030000 C=0000000000000000 D=0000000000001000 E=0000000000000000
FA=0040 [0000000001000000] KR=0180 [0000000110000000] EXT=00 COND=1 IDLE=1 IO=0000000000000000
FB=0840 [0000100001000000] SR=0100 R5=0 ROM=0000.0 PREG=0 RAMOP=- RAMREG=090 ROMOP=- ROMREG=09

0459 0A80 WAIT D8
A=0000000000000000 B=0000000000030000 C=0000000000000000 D=0000000000001000 E=0000000000000000
FA=0040 [0000000001000000] KR=0180 [0000000110000000] EXT=00 COND=1 IDLE=1 IO=0000000000000000
FB=0840 [0000100001000000] SR=0100 R5=0 ROM=0000.0 PREG=0 RAMOP=- RAMREG=090 ROMOP=- ROMREG=09

045A 0A0B ?BUSY
A=0000000000000000 B=0000000000030000 C=0000000000000000 D=0000000000001000 E=0000000000000000
FA=0040 [0000000001000000] KR=0180 [0000000110000000] EXT=00 COND=1 IDLE=1 IO=0000000000000000
FB=0840 [0000100001000000] SR=0100 R5=0 ROM=0000.0 PREG=0 RAMOP=- RAMREG=090 ROMOP=- ROMREG=09

045B 13CC BRNC 0641 +1E6
A=0000000000000000 B=0000000000030000 C=0000000000000000 D=0000000000001000 E=0000000000000000
FA=0040 [0000000001000000] KR=0180 [0000000110000000] EXT=00 COND=0 IDLE=1 IO=0000000000000000
FB=0840 [0000100001000000] SR=0100 R5=0 ROM=0000.0 PREG=0 RAMOP=- RAMREG=090 ROMOP=- ROMREG=09

0641 0098 ?TFB 9
A=0000000000000000 B=0000000000030000 C=0000000000000000 D=0000000000001000 E=0000000000000000
FA=0040 [0000000001000000] KR=0180 [0000000110000000] EXT=00 COND=1 IDLE=1 IO=0000000000000000
FB=0840 [0000100001000000] SR=0100 R5=0 ROM=0000.0 PREG=0 RAMOP=- RAMREG=090 ROMOP=- ROMREG=09

0642 1828 BRC 0656 +014
A=0000000000000000 B=0000000000030000 C=0000000000000000 D=0000000000001000 E=0000000000000000
FA=0040 [0000000001000000] KR=0180 [0000000110000000] EXT=00 COND=1 IDLE=1 IO=0000000000000000
FB=0840 [0000100001000000] SR=0100 R5=0 ROM=0000.0 PREG=0 RAMOP=- RAMREG=090 ROMOP=- ROMREG=09

0656 0AE0 WAIT D14
A=0000000000000000 B=0000000000030000 C=0000000000000000 D=0000000000001000 E=0000000000000000
FA=0040 [0000000001000000] KR=0180 [0000000110000000] EXT=00 COND=1 IDLE=1 IO=0000000000000000
FB=0840 [0000100001000000] SR=0100 R5=0 ROM=0000.0 PREG=0 RAMOP=- RAMREG=090 ROMOP=- ROMREG=09

0657 0820 ?KEY 20
A=0000000000000000 B=0000000000030000 C=0000000000000000 D=0000000000001000 E=0000000000000000
FA=0040 [0000000001000000] KR=0180 [0000000110000000] EXT=00 COND=1 IDLE=1 IO=0000000000000000
FB=0840 [0000100001000000] SR=0100 R5=0 ROM=0000.0 PREG=0 RAMOP=- RAMREG=090 ROMOP=- ROMREG=09

0658 1839 BRC 063C -01C
A=0000000000000000 B=0000000000030000 C=0000000000000000 D=0000000000001000 E=0000000000000000
FA=0040 [0000000001000000] KR=0180 [0000000110000000] EXT=00 COND=1 IDLE=1 IO=0000000000000000
FB=0840 [0000100001000000] SR=0100 R5=0 ROM=0000.0 PREG=0 RAMOP=- RAMREG=090 ROMOP=- ROMREG=09

063C 00C8 ?TFB 12
A=0000000000000000 B=0000000000030000 C=0000000000000000 D=0000000000001000 E=0000000000000000
FA=0040 [0000000001000000] KR=0180 [0000000110000000] EXT=00 COND=1 IDLE=1 IO=0000000000000000
FB=0840 [0000100001000000] SR=0100 R5=0 ROM=0000.0 PREG=0 RAMOP=- RAMREG=090 ROMOP=- ROMREG=09

063D 00A8 ?TFB 10
A=0000000000000000 B=0000000000030000 C=0000000000000000 D=0000000000001000 E=0000000000000000
FA=0040 [0000000001000000] KR=0180 [0000000110000000] EXT=00 COND=1 IDLE=1 IO=0000000000000000
FB=0840 [0000100001000000] SR=0100 R5=0 ROM=0000.0 PREG=0 RAMOP=- RAMREG=090 ROMOP=- ROMREG=09

063E 0AB0 WAIT D11
A=0000000000000000 B=0000000000030000 C=0000000000000000 D=0000000000001000 E=0000000000000000
FA=0040 [0000000001000000] KR=0180 [0000000110000000] EXT=00 COND=1 IDLE=1 IO=0000000000000000
FB=0840 [0000100001000000] SR=0100 R5=0 ROM=0000.0 PREG=0 RAMOP=- RAMREG=090 ROMOP=- ROMREG=09

063F 0A0B ?BUSY
A=0000000000000000 B=0000000000030000 C=0000000000000000 D=0000000000001000 E=0000000000000000
FA=0040 [0000000001000000] KR=0180 [0000000110000000] EXT=00 COND=1 IDLE=1 IO=0000000000000000
FB=0840 [0000100001000000] SR=0100 R5=0 ROM=0000.0 PREG=0 RAMOP=- RAMREG=090 ROMOP=- ROMREG=09

0640 1BCF BRC 0459 -1E7
A=0000000000000000 B=0000000000030000 C=0000000000000000 D=0000000000001000 E=0000000000000000
FA=0040 [0000000001000000] KR=0180 [0000000110000000] EXT=00 COND=1 IDLE=1 IO=0000000000000000
FB=0840 [0000100001000000] SR=0100 R5=0 ROM=0000.0 PREG=0 RAMOP=- RAMREG=090 ROMOP=- ROMREG=09

0459 0A80 WAIT D8
A=0000000000000000 B=0000000000030000 C=0000000000000000 D=0000000000001000 E=0000000000000000
FA=0040 [0000000001000000] KR=0180 [0000000110000000] EXT=00 COND=1 IDLE=1 IO=0000000000000000
FB=0840 [0000100001000000] SR=0100 R5=0 ROM=0000.0 PREG=0 RAMOP=- RAMREG=090 ROMOP=- ROMREG=09

045A 0A0B ?BUSY
A=0000000000000000 B=0000000000030000 C=0000000000000000 D=0000000000001000 E=0000000000000000
FA=0040 [0000000001000000] KR=0180 [0000000110000000] EXT=00 COND=1 IDLE=1 IO=0000000000000000
FB=0840 [0000100001000000] SR=0100 R5=0 ROM=0000.0 PREG=0 RAMOP=- RAMREG=090 ROMOP=- ROMREG=09

045B 13CC BRNC 0641 +1E6
A=0000000000000000 B=0000000000030000 C=0000000000000000 D=0000000000001000 E=0000000000000000
FA=0040 [0000000001000000] KR=0180 [0000000110000000] EXT=00 COND=0 IDLE=1 IO=0000000000000000
FB=0840 [0000100001000000] SR=0100 R5=0 ROM=0000.0 PREG=0 RAMOP=- RAMREG=090 ROMOP=- ROMREG=09

0641 0098 ?TFB 9
A=0000000000000000 B=0000000000030000 C=0000000000000000 D=0000000000001000 E=0000000000000000
FA=0040 [0000000001000000] KR=0180 [0000000110000000] EXT=00 COND=1 IDLE=1 IO=0000000000000000
FB=0840 [0000100001000000] SR=0100 R5=0 ROM=0000.0 PREG=0 RAMOP=- RAMREG=090 ROMOP=- ROMREG=09

0642 1828 BRC 0656 +014
A=0000000000000000 B=0000000000030000 C=0000000000000000 D=0000000000001000 E=0000000000000000
FA=0040 [0000000001000000] KR=0180 [0000000110000000] EXT=00 COND=1 IDLE=1 IO=0000000000000000
FB=0840 [0000100001000000] SR=0100 R5=0 ROM=0000.0 PREG=0 RAMOP=- RAMREG=090 ROMOP=- ROMREG=09

0656 0AE0 WAIT D14
A=0000000000000000 B=0000000000030000 C=0000000000000000 D=0000000000001000 E=0000000000000000
FA=0040 [0000000001000000] KR=0180 [0000000110000000] EXT=00 COND=1 IDLE=1 IO=0000000000000000
FB=0840 [0000100001000000] SR=0100 R5=0 ROM=0000.0 PREG=0 RAMOP=- RAMREG=090 ROMOP=- ROMREG=09

0657 0820 ?KEY 20
A=0000000000000000 B=0000000000030000 C=0000000000000000 D=0000000000001000 E=0000000000000000
FA=0040 [0000000001000000] KR=0180 [0000000110000000] EXT=00 COND=1 IDLE=1 IO=0000000000000000
FB=0840 [0000100001000000] SR=0100 R5=0 ROM=0000.0 PREG=0 RAMOP=- RAMREG=090 ROMOP=- ROMREG=09

0658 1839 BRC 063C -01C
A=0000000000000000 B=0000000000030000 C=0000000000000000 D=0000000000001000 E=0000000000000000
FA=0040 [0000000001000000] KR=0180 [0000000110000000] EXT=00 COND=1 IDLE=1 IO=0000000000000000
FB=0840 [0000100001000000] SR=0100 R5=0 ROM=0000.0 PREG=0 RAMOP=- RAMREG=090 ROMOP=- ROMREG=09

063C 00C8 ?TFB 12
A=0000000000000000 B=0000000000030000 C=0000000000000000 D=0000000000001000 E=0000000000000000
FA=0040 [0000000001000000] KR=0180 [0000000110000000] EXT=00 COND=1 IDLE=1 IO=0000000000000000
FB=0840 [0000100001000000] SR=0100 R5=0 ROM=0000.0 PREG=0 RAMOP=- RAMREG=090 ROMOP=- ROMREG=09

063D 00A8 ?TFB 10
A=0000000000000000 B=0000000000030000 C=0000000000000000 D=0000000000001000 E=0000000000000000
FA=0040 [0000000001000000] KR=0180 [0000000110000000] EXT=00 COND=1 IDLE=1 IO=0000000000000000
FB=0840 [0000100001000000] SR=0100 R5=0 ROM=0000.0 PREG=0 RAMOP=- RAMREG=090 ROMOP=- ROMREG=09

063E 0AB0 WAIT D11
A=0000000000000000 B=0000000000030000 C=0000000000000000 D=0000000000001000 E=0000000000000000
FA=0040 [0000000001000000] KR=0180 [0000000110000000] EXT=00 COND=1 IDLE=1 IO=0000000000000000
FB=0840 [0000100001000000] SR=0100 R5=0 ROM=0000.0 PREG=0 RAMOP=- RAMREG=090 ROMOP=- ROMREG=09

063F 0A0B ?BUSY
A=0000000000000000 B=0000000000030000 C=0000000000000000 D=0000000000001000 E=0000000000000000
FA=0040 [0000000001000000] KR=0180 [0000000110000000] EXT=00 COND=1 IDLE=1 IO=0000000000000000
FB=0840 [0000100001000000] SR=0100 R5=0 ROM=0000.0 PREG=0 RAMOP=- RAMREG=090 ROMOP=- ROMREG=09

0640 1BCF BRC 0459 -1E7
A=0000000000000000 B=0000000000030000 C=0000000000000000 D=0000000000001000 E=0000000000000000
FA=0040 [0000000001000000] KR=0180 [0000000110000000] EXT=00 COND=1 IDLE=1 IO=0000000000000000
FB=0840 [0000100001000000] SR=0100 R5=0 ROM=0000.0 PREG=0 RAMOP=- RAMREG=090 ROMOP=- ROMREG=09

0459 0A80 WAIT D8
A=0000000000000000 B=0000000000030000 C=0000000000000000 D=0000000000001000 E=0000000000000000
FA=0040 [0000000001000000] KR=0180 [0000000110000000] EXT=00 COND=1 IDLE=1 IO=0000000000000000
FB=0840 [0000100001000000] SR=0100 R5=0 ROM=0000.0 PREG=0 RAMOP=- RAMREG=090 ROMOP=- ROMREG=09

045A 0A0B ?BUSY
A=0000000000000000 B=0000000000030000 C=0000000000000000 D=0000000000001000 E=0000000000000000
FA=0040 [0000000001000000] KR=0180 [0000000110000000] EXT=00 COND=1 IDLE=1 IO=0000000000000000
FB=0840 [0000100001000000] SR=0100 R5=0 ROM=0000.0 PREG=0 RAMOP=- RAMREG=090 ROMOP=- ROMREG=09

045B 13CC BRNC 0641 +1E6
A=0000000000000000 B=0000000000030000 C=0000000000000000 D=0000000000001000 E=0000000000000000
FA=0040 [0000000001000000] KR=0180 [0000000110000000] EXT=00 COND=0 IDLE=1 IO=0000000000000000
FB=0840 [0000100001000000] SR=0100 R5=0 ROM=0000.0 PREG=0 RAMOP=- RAMREG=090 ROMOP=- ROMREG=09

0641 0098 ?TFB 9
A=0000000000000000 B=0000000000030000 C=0000000000000000 D=0000000000001000 E=0000000000000000
FA=0040 [0000000001000000] KR=0180 [0000000110000000] EXT=00 COND=1 IDLE=1 IO=0000000000000000
FB=0840 [0000100001000000] SR=0100 R5=0 ROM=0000.0 PREG=0 RAMOP=- RAMREG=090 ROMOP=- ROMREG=09

0642 1828 BRC 0656 +014
A=0000000000000000 B=0000000000030000 C=0000000000000000 D=0000000000001000 E=0000000000000000
FA=0040 [0000000001000000] KR=0180 [0000000110000000] EXT=00 COND=1 IDLE=1 IO=0000000000000000
FB=0840 [0000100001000000] SR=0100 R5=0 ROM=0000.0 PREG=0 RAMOP=- RAMREG=090 ROMOP=- ROMREG=09

0656 0AE0 WAIT D14
A=0000000000000000 B=0000000000030000 C=0000000000000000 D=0000000000001000 E=0000000000000000
FA=0040 [0000000001000000] KR=0180 [0000000110000000] EXT=00 COND=1 IDLE=1 IO=0000000000000000
FB=0840 [0000100001000000] SR=0100 R5=0 ROM=0000.0 PREG=0 RAMOP=- RAMREG=090 ROMOP=- ROMREG=09

0657 0820 ?KEY 20
A=0000000000000000 B=0000000000030000 C=0000000000000000 D=0000000000001000 E=0000000000000000
FA=0040 [0000000001000000] KR=0180 [0000000110000000] EXT=00 COND=1 IDLE=1 IO=0000000000000000
FB=0840 [0000100001000000] SR=0100 R5=0 ROM=0000.0 PREG=0 RAMOP=- RAMREG=090 ROMOP=- ROMREG=09

0658 1839 BRC 063C -01C
A=0000000000000000 B=0000000000030000 C=0000000000000000 D=0000000000001000 E=0000000000000000
FA=0040 [0000000001000000] KR=0180 [0000000110000000] EXT=00 COND=1 IDLE=1 IO=0000000000000000
FB=0840 [0000100001000000] SR=0100 R5=0 ROM=0000.0 PREG=0 RAMOP=- RAMREG=090 ROMOP=- ROMREG=09

063C 00C8 ?TFB 12
A=0000000000000000 B=0000000000030000 C=0000000000000000 D=0000000000001000 E=0000000000000000
FA=0040 [0000000001000000] KR=0180 [0000000110000000] EXT=00 COND=1 IDLE=1 IO=0000000000000000
FB=0840 [0000100001000000] SR=0100 R5=0 ROM=0000.0 PREG=0 RAMOP=- RAMREG=090 ROMOP=- ROMREG=09

063D 00A8 ?TFB 10
A=0000000000000000 B=0000000000030000 C=0000000000000000 D=0000000000001000 E=0000000000000000
FA=0040 [0000000001000000] KR=0180 [0000000110000000] EXT=00 COND=1 IDLE=1 IO=0000000000000000
FB=0840 [0000100001000000] SR=0100 R5=0 ROM=0000.0 PREG=0 RAMOP=- RAMREG=090 ROMOP=- ROMREG=09

063E 0AB0 WAIT D11
A=0000000000000000 B=0000000000030000 C=0000000000000000 D=0000000000001000 E=0000000000000000
FA=0040 [0000000001000000] KR=0180 [0000000110000000] EXT=00 COND=1 IDLE=1 IO=0000000000000000
FB=0840 [0000100001000000] SR=0100 R5=0 ROM=0000.0 PREG=0 RAMOP=- RAMREG=090 ROMOP=- ROMREG=09

063F 0A0B ?BUSY
A=0000000000000000 B=0000000000030000 C=0000000000000000 D=0000000000001000 E=0000000000000000
FA=0040 [0000000001000000] KR=0180 [0000000110000000] EXT=00 COND=1 IDLE=1 IO=0000000000000000
FB=0840 [0000100001000000] SR=0100 R5=0 ROM=0000.0 PREG=0 RAMOP=- RAMREG=090 ROMOP=- ROMREG=09

0640 1BCF BRC 0459 -1E7
A=0000000000000000 B=0000000000030000 C=0000000000000000 D=0000000000001000 E=0000000000000000
FA=0040 [0000000001000000] KR=0180 [0000000110000000] EXT=00 COND=1 IDLE=1 IO=0000000000000000
FB=0840 [0000100001000000] SR=0100 R5=0 ROM=0000.0 PREG=0 RAMOP=- RAMREG=090 ROMOP=- ROMREG=09

0459 0A80 WAIT D8
A=0000000000000000 B=0000000000030000 C=0000000000000000 D=0000000000001000 E=0000000000000000
FA=0040 [0000000001000000] KR=0180 [0000000110000000] EXT=00 COND=1 IDLE=1 IO=0000000000000000
FB=0840 [0000100001000000] SR=0100 R5=0 ROM=0000.0 PREG=0 RAMOP=- RAMREG=090 ROMOP=- ROMREG=09

045A 0A0B ?BUSY
A=0000000000000000 B=0000000000030000 C=0000000000000000 D=0000000000001000 E=0000000000000000
FA=0040 [0000000001000000] KR=0180 [0000000110000000] EXT=00 COND=1 IDLE=1 IO=0000000000000000
FB=0840 [0000100001000000] SR=0100 R5=0 ROM=0000.0 PREG=0 RAMOP=- RAMREG=090 ROMOP=- ROMREG=09

045B 13CC BRNC 0641 +1E6
A=0000000000000000 B=0000000000030000 C=0000000000000000 D=0000000000001000 E=0000000000000000
FA=0040 [0000000001000000] KR=0180 [0000000110000000] EXT=00 COND=0 IDLE=1 IO=0000000000000000
FB=0840 [0000100001000000] SR=0100 R5=0 ROM=0000.0 PREG=0 RAMOP=- RAMREG=090 ROMOP=- ROMREG=09

0641 0098 ?TFB 9
A=0000000000000000 B=0000000000030000 C=0000000000000000 D=0000000000001000 E=0000000000000000
FA=0040 [0000000001000000] KR=0180 [0000000110000000] EXT=00 COND=1 IDLE=1 IO=0000000000000000
FB=0840 [0000100001000000] SR=0100 R5=0 ROM=0000.0 PREG=0 RAMOP=- RAMREG=090 ROMOP=- ROMREG=09

0642 1828 BRC 0656 +014
A=0000000000000000 B=0000000000030000 C=0000000000000000 D=0000000000001000 E=0000000000000000
FA=0040 [0000000001000000] KR=0180 [0000000110000000] EXT=00 COND=1 IDLE=1 IO=0000000000000000
FB=0840 [0000100001000000] SR=0100 R5=0 ROM=0000.0 PREG=0 RAMOP=- RAMREG=090 ROMOP=- ROMREG=09

0656 0AE0 WAIT D14
A=0000000000000000 B=0000000000030000 C=0000000000000000 D=0000000000001000 E=0000000000000000
FA=0040 [0000000001000000] KR=0180 [0000000110000000] EXT=00 COND=1 IDLE=1 IO=0000000000000000
FB=0840 [0000100001000000] SR=0100 R5=0 ROM=0000.0 PREG=0 RAMOP=- RAMREG=090 ROMOP=- ROMREG=09

0657 0820 ?KEY 20
A=0000000000000000 B=0000000000030000 C=0000000000000000 D=0000000000001000 E=0000000000000000
FA=0040 [0000000001000000] KR=0180 [0000000110000000] EXT=00 COND=1 IDLE=1 IO=0000000000000000
FB=0840 [0000100001000000] SR=0100 R5=0 ROM=0000.0 PREG=0 RAMOP=- RAMREG=090 ROMOP=- ROMREG=09

0658 1839 BRC 063C -01C
A=0000000000000000 B=0000000000030000 C=0000000000000000 D=0000000000001000 E=0000000000000000
FA=0040 [0000000001000000] KR=0180 [0000000110000000] EXT=00 COND=1 IDLE=1 IO=0000000000000000
FB=0840 [0000100001000000] SR=0100 R5=0 ROM=0000.0 PREG=0 RAMOP=- RAMREG=090 ROMOP=- ROMREG=09

063C 00C8 ?TFB 12
A=0000000000000000 B=0000000000030000 C=0000000000000000 D=0000000000001000 E=0000000000000000
FA=0040 [0000000001000000] KR=0180 [0000000110000000] EXT=00 COND=1 IDLE=1 IO=0000000000000000
FB=0840 [0000100001000000] SR=0100 R5=0 ROM=0000.0 PREG=0 RAMOP=- RAMREG=090 ROMOP=- ROMREG=09

063D 00A8 ?TFB 10
A=0000000000000000 B=0000000000030000 C=0000000000000000 D=0000000000001000 E=0000000000000000
FA=0040 [0000000001000000] KR=0180 [0000000110000000] EXT=00 COND=1 IDLE=1 IO=0000000000000000
FB=0840 [0000100001000000] SR=0100 R5=0 ROM=0000.0 PREG=0 RAMOP=- RAMREG=090 ROMOP=- ROMREG=09

063E 0AB0 WAIT D11
A=0000000000000000 B=0000000000030000 C=0000000000000000 D=0000000000001000 E=0000000000000000
FA=0040 [0000000001000000] KR=0180 [0000000110000000] EXT=00 COND=1 IDLE=1 IO=0000000000000000
FB=0840 [0000100001000000] SR=0100 R5=0 ROM=0000.0 PREG=0 RAMOP=- RAMREG=090 ROMOP=- ROMREG=09

063F 0A0B ?BUSY
A=0000000000000000 B=0000000000030000 C=0000000000000000 D=0000000000001000 E=0000000000000000
FA=0040 [0000000001000000] KR=0180 [0000000110000000] EXT=00 COND=1 IDLE=1 IO=0000000000000000
FB=0840 [0000100001000000] SR=0100 R5=0 ROM=0000.0 PREG=0 RAMOP=- RAMREG=090 ROMOP=- ROMREG=09

0640 1BCF BRC 0459 -1E7
A=0000000000000000 B=0000000000030000 C=0000000000000000 D=0000000000001000 E=0000000000000000
FA=0040 [0000000001000000] KR=0180 [0000000110000000] EXT=00 COND=1 IDLE=1 IO=0000000000000000
FB=0840 [0000100001000000] SR=0100 R5=0 ROM=0000.0 PREG=0 RAMOP=- RAMREG=090 ROMOP=- ROMREG=09

0459 0A80 WAIT D8
A=0000000000000000 B=0000000000030000 C=0000000000000000 D=0000000000001000 E=0000000000000000
FA=0040 [0000000001000000] KR=0180 [0000000110000000] EXT=00 COND=1 IDLE=1 IO=0000000000000000
FB=0840 [0000100001000000] SR=0100 R5=0 ROM=0000.0 PREG=0 RAMOP=- RAMREG=090 ROMOP=- ROMREG=09

045A 0A0B ?BUSY
A=0000000000000000 B=0000000000030000 C=0000000000000000 D=0000000000001000 E=0000000000000000
FA=0040 [0000000001000000] KR=0180 [0000000110000000] EXT=00 COND=1 IDLE=1 IO=0000000000000000
FB=0840 [0000100001000000] SR=0100 R5=0 ROM=0000.0 PREG=0 RAMOP=- RAMREG=090 ROMOP=- ROMREG=09

045B 13CC BRNC 0641 +1E6
A=0000000000000000 B=0000000000030000 C=0000000000000000 D=0000000000001000 E=0000000000000000
FA=0040 [0000000001000000] KR=0180 [0000000110000000] EXT=00 COND=0 IDLE=1 IO=0000000000000000
FB=0840 [0000100001000000] SR=0100 R5=0 ROM=0000.0 PREG=0 RAMOP=- RAMREG=090 ROMOP=- ROMREG=09

0641 0098 ?TFB 9
A=0000000000000000 B=0000000000030000 C=0000000000000000 D=0000000000001000 E=0000000000000000
FA=0040 [0000000001000000] KR=0180 [0000000110000000] EXT=00 COND=1 IDLE=1 IO=0000000000000000
FB=0840 [0000100001000000] SR=0100 R5=0 ROM=0000.0 PREG=0 RAMOP=- RAMREG=090 ROMOP=- ROMREG=09

0642 1828 BRC 0656 +014
A=0000000000000000 B=0000000000030000 C=0000000000000000 D=0000000000001000 E=0000000000000000
FA=0040 [0000000001000000] KR=0180 [0000000110000000] EXT=00 COND=1 IDLE=1 IO=0000000000000000
FB=0840 [0000100001000000] SR=0100 R5=0 ROM=0000.0 PREG=0 RAMOP=- RAMREG=090 ROMOP=- ROMREG=09

0656 0AE0 WAIT D14
A=0000000000000000 B=0000000000030000 C=0000000000000000 D=0000000000001000 E=0000000000000000
FA=0040 [0000000001000000] KR=0180 [0000000110000000] EXT=00 COND=1 IDLE=1 IO=0000000000000000
FB=0840 [0000100001000000] SR=0100 R5=0 ROM=0000.0 PREG=0 RAMOP=- RAMREG=090 ROMOP=- ROMREG=09

0657 0820 ?KEY 20
A=0000000000000000 B=0000000000030000 C=0000000000000000 D=0000000000001000 E=0000000000000000
FA=0040 [0000000001000000] KR=0180 [0000000110000000] EXT=00 COND=1 IDLE=1 IO=0000000000000000
FB=0840 [0000100001000000] SR=0100 R5=0 ROM=0000.0 PREG=0 RAMOP=- RAMREG=090 ROMOP=- ROMREG=09

0658 1839 BRC 063C -01C
A=0000000000000000 B=0000000000030000 C=0000000000000000 D=0000000000001000 E=0000000000000000
FA=0040 [0000000001000000] KR=0180 [0000000110000000] EXT=00 COND=1 IDLE=1 IO=0000000000000000
FB=0840 [0000100001000000] SR=0100 R5=0 ROM=0000.0 PREG=0 RAMOP=- RAMREG=090 ROMOP=- ROMREG=09

063C 00C8 ?TFB 12
A=0000000000000000 B=0000000000030000 C=0000000000000000 D=0000000000001000 E=0000000000000000
FA=0040 [0000000001000000] KR=0180 [0000000110000000] EXT=00 COND=1 IDLE=1 IO=0000000000000000
FB=0840 [0000100001000000] SR=0100 R5=0 ROM=0000.0 PREG=0 RAMOP=- RAMREG=090 ROMOP=- ROMREG=09

063D 00A8 ?TFB 10
A=0000000000000000 B=0000000000030000 C=0000000000000000 D=0000000000001000 E=0000000000000000
FA=0040 [0000000001000000] KR=0180 [0000000110000000] EXT=00 COND=1 IDLE=1 IO=0000000000000000
FB=0840 [0000100001000000] SR=0100 R5=0 ROM=0000.0 PREG=0 RAMOP=- RAMREG=090 ROMOP=- ROMREG=09

063E 0AB0 WAIT D11
A=0000000000000000 B=0000000000030000 C=0000000000000000 D=0000000000001000 E=0000000000000000
FA=0040 [0000000001000000] KR=0180 [0000000110000000] EXT=00 COND=1 IDLE=1 IO=0000000000000000
FB=0840 [0000100001000000] SR=0100 R5=0 ROM=0000.0 PREG=0 RAMOP=- RAMREG=090 ROMOP=- ROMREG=09

063F 0A0B ?BUSY
A=0000000000000000 B=0000000000030000 C=0000000000000000 D=0000000000001000 E=0000000000000000
FA=0040 [0000000001000000] KR=0180 [0000000110000000] EXT=00 COND=1 IDLE=1 IO=0000000000000000
FB=0840 [0000100001000000] SR=0100 R5=0 ROM=0000.0 PREG=0 RAMOP=- RAMREG=090 ROMOP=- ROMREG=09

0640 1BCF BRC 0459 -1E7
A=0000000000000000 B=0000000000030000 C=0000000000000000 D=0000000000001000 E=0000000000000000
FA=0040 [0000000001000000] KR=0180 [0000000110000000] EXT=00 COND=1 IDLE=1 IO=0000000000000000
FB=0840 [0000100001000000] SR=0100 R5=0 ROM=0000.0 PREG=0 RAMOP=- RAMREG=090 ROMOP=- ROMREG=09

0459 0A80 WAIT D8
A=0000000000000000 B=0000000000030000 C=0000000000000000 D=0000000000001000 E=0000000000000000
FA=0040 [0000000001000000] KR=0180 [0000000110000000] EXT=00 COND=1 IDLE=1 IO=0000000000000000
FB=0840 [0000100001000000] SR=0100 R5=0 ROM=0000.0 PREG=0 RAMOP=- RAMREG=090 ROMOP=- ROMREG=09

045A 0A0B ?BUSY
A=0000000000000000 B=0000000000030000 C=0000000000000000 D=0000000000001000 E=0000000000000000
FA=0040 [0000000001000000] KR=0180 [0000000110000000] EXT=00 COND=1 IDLE=1 IO=0000000000000000
FB=0840 [0000100001000000] SR=0100 R5=0 ROM=0000.0 PREG=0 RAMOP=- RAMREG=090 ROMOP=- ROMREG=09

045B 13CC BRNC 0641 +1E6
A=0000000000000000 B=0000000000030000 C=0000000000000000 D=0000000000001000 E=0000000000000000
FA=0040 [0000000001000000] KR=0180 [0000000110000000] EXT=00 COND=0 IDLE=1 IO=0000000000000000
FB=0840 [0000100001000000] SR=0100 R5=0 ROM=0000.0 PREG=0 RAMOP=- RAMREG=090 ROMOP=- ROMREG=09

0641 0098 ?TFB 9
A=0000000000000000 B=0000000000030000 C=0000000000000000 D=0000000000001000 E=0000000000000000
FA=0040 [0000000001000000] KR=0180 [0000000110000000] EXT=00 COND=1 IDLE=1 IO=0000000000000000
FB=0840 [0000100001000000] SR=0100 R5=0 ROM=0000.0 PREG=0 RAMOP=- RAMREG=090 ROMOP=- ROMREG=09

0642 1828 BRC 0656 +014
A=0000000000000000 B=0000000000030000 C=0000000000000000 D=0000000000001000 E=0000000000000000
FA=0040 [0000000001000000] KR=0180 [0000000110000000] EXT=00 COND=1 IDLE=1 IO=0000000000000000
FB=0840 [0000100001000000] SR=0100 R5=0 ROM=0000.0 PREG=0 RAMOP=- RAMREG=090 ROMOP=- ROMREG=09

0656 0AE0 WAIT D14
A=0000000000000000 B=0000000000030000 C=0000000000000000 D=0000000000001000 E=0000000000000000
FA=0040 [0000000001000000] KR=0180 [0000000110000000] EXT=00 COND=1 IDLE=1 IO=0000000000000000
FB=0840 [0000100001000000] SR=0100 R5=0 ROM=0000.0 PREG=0 RAMOP=- RAMREG=090 ROMOP=- ROMREG=09

0657 0820 ?KEY 20
A=0000000000000000 B=0000000000030000 C=0000000000000000 D=0000000000001000 E=0000000000000000
FA=0040 [0000000001000000] KR=0180 [0000000110000000] EXT=00 COND=1 IDLE=1 IO=0000000000000000
FB=0840 [0000100001000000] SR=0100 R5=0 ROM=0000.0 PREG=0 RAMOP=- RAMREG=090 ROMOP=- ROMREG=09

0658 1839 BRC 063C -01C
A=0000000000000000 B=0000000000030000 C=0000000000000000 D=0000000000001000 E=0000000000000000
FA=0040 [0000000001000000] KR=0180 [0000000110000000] EXT=00 COND=1 IDLE=1 IO=0000000000000000
FB=0840 [0000100001000000] SR=0100 R5=0 ROM=0000.0 PREG=0 RAMOP=- RAMREG=090 ROMOP=- ROMREG=09

063C 00C8 ?TFB 12
A=0000000000000000 B=0000000000030000 C=0000000000000000 D=0000000000001000 E=0000000000000000
FA=0040 [0000000001000000] KR=0180 [0000000110000000] EXT=00 COND=1 IDLE=1 IO=0000000000000000
FB=0840 [0000100001000000] SR=0100 R5=0 ROM=0000.0 PREG=0 RAMOP=- RAMREG=090 ROMOP=- ROMREG=09

063D 00A8 ?TFB 10
A=0000000000000000 B=0000000000030000 C=0000000000000000 D=0000000000001000 E=0000000000000000
FA=0040 [0000000001000000] KR=0180 [0000000110000000] EXT=00 COND=1 IDLE=1 IO=0000000000000000
FB=0840 [0000100001000000] SR=0100 R5=0 ROM=0000.0 PREG=0 RAMOP=- RAMREG=090 ROMOP=- ROMREG=09

063E 0AB0 WAIT D11
A=0000000000000000 B=0000000000030000 C=0000000000000000 D=0000000000001000 E=0000000000000000
FA=0040 [0000000001000000] KR=0180 [0000000110000000] EXT=00 COND=1 IDLE=1 IO=0000000000000000
FB=0840 [0000100001000000] SR=0100 R5=0 ROM=0000.0 PREG=0 RAMOP=- RAMREG=090 ROMOP=- ROMREG=09

063F 0A0B ?BUSY
A=0000000000000000 B=0000000000030000 C=0000000000000000 D=0000000000001000 E=0000000000000000
FA=0040 [0000000001000000] KR=0180 [0000000110000000] EXT=00 COND=1 IDLE=1 IO=0000000000000000
FB=0840 [0000100001000000] SR=0100 R5=0 ROM=0000.0 PREG=0 RAMOP=- RAMREG=090 ROMOP=- ROMREG=09

0640 1BCF BRC 0459 -1E7
A=0000000000000000 B=0000000000030000 C=0000000000000000 D=0000000000001000 E=0000000000000000
FA=0040 [0000000001000000] KR=0180 [0000000110000000] EXT=00 COND=1 IDLE=1 IO=0000000000000000
FB=0840 [0000100001000000] SR=0100 R5=0 ROM=0000.0 PREG=0 RAMOP=- RAMREG=090 ROMOP=- ROMREG=09

0459 0A80 WAIT D8
A=0000000000000000 B=0000000000030000 C=0000000000000000 D=0000000000001000 E=0000000000000000
FA=0040 [0000000001000000] KR=0180 [0000000110000000] EXT=00 COND=1 IDLE=1 IO=0000000000000000
FB=0840 [0000100001000000] SR=0100 R5=0 ROM=0000.0 PREG=0 RAMOP=- RAMREG=090 ROMOP=- ROMREG=09

045A 0A0B ?BUSY
A=0000000000000000 B=0000000000030000 C=0000000000000000 D=0000000000001000 E=0000000000000000
FA=0040 [0000000001000000] KR=0180 [0000000110000000] EXT=00 COND=1 IDLE=1 IO=0000000000000000
FB=0840 [0000100001000000] SR=0100 R5=0 ROM=0000.0 PREG=0 RAMOP=- RAMREG=090 ROMOP=- ROMREG=09

045B 13CC BRNC 0641 +1E6
A=0000000000000000 B=0000000000030000 C=0000000000000000 D=0000000000001000 E=0000000000000000
FA=0040 [0000000001000000] KR=0180 [0000000110000000] EXT=00 COND=0 IDLE=1 IO=0000000000000000
FB=0840 [0000100001000000] SR=0100 R5=0 ROM=0000.0 PREG=0 RAMOP=- RAMREG=090 ROMOP=- ROMREG=09

0641 0098 ?TFB 9
A=0000000000000000 B=0000000000030000 C=0000000000000000 D=0000000000001000 E=0000000000000000
FA=0040 [0000000001000000] KR=0180 [0000000110000000] EXT=00 COND=1 IDLE=1 IO=0000000000000000
FB=0840 [0000100001000000] SR=0100 R5=0 ROM=0000.0 PREG=0 RAMOP=- RAMREG=090 ROMOP=- ROMREG=09

0642 1828 BRC 0656 +014
A=0000000000000000 B=0000000000030000 C=0000000000000000 D=0000000000001000 E=0000000000000000
FA=0040 [0000000001000000] KR=0180 [0000000110000000] EXT=00 COND=1 IDLE=1 IO=0000000000000000
FB=0840 [0000100001000000] SR=0100 R5=0 ROM=0000.0 PREG=0 RAMOP=- RAMREG=090 ROMOP=- ROMREG=09

0656 0AE0 WAIT D14
A=0000000000000000 B=0000000000030000 C=0000000000000000 D=0000000000001000 E=0000000000000000
FA=0040 [0000000001000000] KR=0180 [0000000110000000] EXT=00 COND=1 IDLE=1 IO=0000000000000000
FB=0840 [0000100001000000] SR=0100 R5=0 ROM=0000.0 PREG=0 RAMOP=- RAMREG=090 ROMOP=- ROMREG=09

0657 0820 ?KEY 20
A=0000000000000000 B=0000000000030000 C=0000000000000000 D=0000000000001000 E=0000000000000000
FA=0040 [0000000001000000] KR=0180 [0000000110000000] EXT=00 COND=1 IDLE=1 IO=0000000000000000
FB=0840 [0000100001000000] SR=0100 R5=0 ROM=0000.0 PREG=0 RAMOP=- RAMREG=090 ROMOP=- ROMREG=09

0658 1839 BRC 063C -01C
A=0000000000000000 B=0000000000030000 C=0000000000000000 D=0000000000001000 E=0000000000000000
FA=0040 [0000000001000000] KR=0180 [0000000110000000] EXT=00 COND=1 IDLE=1 IO=0000000000000000
FB=0840 [0000100001000000] SR=0100 R5=0 ROM=0000.0 PREG=0 RAMOP=- RAMREG=090 ROMOP=- ROMREG=09

063C 00C8 ?TFB 12
A=0000000000000000 B=0000000000030000 C=0000000000000000 D=0000000000001000 E=0000000000000000
FA=0040 [0000000001000000] KR=0180 [0000000110000000] EXT=00 COND=1 IDLE=1 IO=0000000000000000
FB=0840 [0000100001000000] SR=0100 R5=0 ROM=0000.0 PREG=0 RAMOP=- RAMREG=090 ROMOP=- ROMREG=09

063D 00A8 ?TFB 10
A=0000000000000000 B=0000000000030000 C=0000000000000000 D=0000000000001000 E=0000000000000000
FA=0040 [0000000001000000] KR=0180 [0000000110000000] EXT=00 COND=1 IDLE=1 IO=0000000000000000
FB=0840 [0000100001000000] SR=0100 R5=0 ROM=0000.0 PREG=0 RAMOP=- RAMREG=090 ROMOP=- ROMREG=09

063E 0AB0 WAIT D11
A=0000000000000000 B=0000000000030000 C=0000000000000000 D=0000000000001000 E=0000000000000000
FA=0040 [0000000001000000] KR=0180 [0000000110000000] EXT=00 COND=1 IDLE=1 IO=0000000000000000
FB=0840 [0000100001000000] SR=0100 R5=0 ROM=0000.0 PREG=0 RAMOP=- RAMREG=090 ROMOP=- ROMREG=09

063F 0A0B ?BUSY
A=0000000000000000 B=0000000000030000 C=0000000000000000 D=0000000000001000 E=0000000000000000
FA=0040 [0000000001000000] KR=0180 [0000000110000000] EXT=00 COND=1 IDLE=1 IO=0000000000000000
FB=0840 [0000100001000000] SR=0100 R5=0 ROM=0000.0 PREG=0 RAMOP=- RAMREG=090 ROMOP=- ROMREG=09

0640 1BCF BRC 0459 -1E7
A=0000000000000000 B=0000000000030000 C=0000000000000000 D=0000000000001000 E=0000000000000000
FA=0040 [0000000001000000] KR=0180 [0000000110000000] EXT=00 COND=1 IDLE=1 IO=0000000000000000
FB=0840 [0000100001000000] SR=0100 R5=0 ROM=0000.0 PREG=0 RAMOP=- RAMREG=090 ROMOP=- ROMREG=09

0459 0A80 WAIT D8
A=0000000000000000 B=0000000000030000 C=0000000000000000 D=0000000000001000 E=0000000000000000
FA=0040 [0000000001000000] KR=0180 [0000000110000000] EXT=00 COND=1 IDLE=1 IO=0000000000000000
FB=0840 [0000100001000000] SR=0100 R5=0 ROM=0000.0 PREG=0 RAMOP=- RAMREG=090 ROMOP=- ROMREG=09

045A 0A0B ?BUSY
A=0000000000000000 B=0000000000030000 C=0000000000000000 D=0000000000001000 E=0000000000000000
FA=0040 [0000000001000000] KR=0180 [0000000110000000] EXT=00 COND=1 IDLE=1 IO=0000000000000000
FB=0840 [0000100001000000] SR=0100 R5=0 ROM=0000.0 PREG=0 RAMOP=- RAMREG=090 ROMOP=- ROMREG=09

045B 13CC BRNC 0641 +1E6
A=0000000000000000 B=0000000000030000 C=0000000000000000 D=0000000000001000 E=0000000000000000
FA=0040 [0000000001000000] KR=0180 [0000000110000000] EXT=00 COND=0 IDLE=1 IO=0000000000000000
FB=0840 [0000100001000000] SR=0100 R5=0 ROM=0000.0 PREG=0 RAMOP=- RAMREG=090 ROMOP=- ROMREG=09

0641 0098 ?TFB 9
A=0000000000000000 B=0000000000030000 C=0000000000000000 D=0000000000001000 E=0000000000000000
FA=0040 [0000000001000000] KR=0180 [0000000110000000] EXT=00 COND=1 IDLE=1 IO=0000000000000000
FB=0840 [0000100001000000] SR=0100 R5=0 ROM=0000.0 PREG=0 RAMOP=- RAMREG=090 ROMOP=- ROMREG=09

0642 1828 BRC 0656 +014
A=0000000000000000 B=0000000000030000 C=0000000000000000 D=0000000000001000 E=0000000000000000
FA=0040 [0000000001000000] KR=0180 [0000000110000000] EXT=00 COND=1 IDLE=1 IO=0000000000000000
FB=0840 [0000100001000000] SR=0100 R5=0 ROM=0000.0 PREG=0 RAMOP=- RAMREG=090 ROMOP=- ROMREG=09

0656 0AE0 WAIT D14
A=0000000000000000 B=0000000000030000 C=0000000000000000 D=0000000000001000 E=0000000000000000
FA=0040 [0000000001000000] KR=0180 [0000000110000000] EXT=00 COND=1 IDLE=1 IO=0000000000000000
FB=0840 [0000100001000000] SR=0100 R5=0 ROM=0000.0 PREG=0 RAMOP=- RAMREG=090 ROMOP=- ROMREG=09

0657 0820 ?KEY 20
A=0000000000000000 B=0000000000030000 C=0000000000000000 D=0000000000001000 E=0000000000000000
FA=0040 [0000000001000000] KR=0180 [0000000110000000] EXT=00 COND=1 IDLE=1 IO=0000000000000000
FB=0840 [0000100001000000] SR=0100 R5=0 ROM=0000.0 PREG=0 RAMOP=- RAMREG=090 ROMOP=- ROMREG=09

0658 1839 BRC 063C -01C
A=0000000000000000 B=0000000000030000 C=0000000000000000 D=0000000000001000 E=0000000000000000
FA=0040 [0000000001000000] KR=0180 [0000000110000000] EXT=00 COND=1 IDLE=1 IO=0000000000000000
FB=0840 [0000100001000000] SR=0100 R5=0 ROM=0000.0 PREG=0 RAMOP=- RAMREG=090 ROMOP=- ROMREG=09

063C 00C8 ?TFB 12
A=0000000000000000 B=0000000000030000 C=0000000000000000 D=0000000000001000 E=0000000000000000
FA=0040 [0000000001000000] KR=0180 [0000000110000000] EXT=00 COND=1 IDLE=1 IO=0000000000000000
FB=0840 [0000100001000000] SR=0100 R5=0 ROM=0000.0 PREG=0 RAMOP=- RAMREG=090 ROMOP=- ROMREG=09

063D 00A8 ?TFB 10
A=0000000000000000 B=0000000000030000 C=0000000000000000 D=0000000000001000 E=0000000000000000
FA=0040 [0000000001000000] KR=0180 [0000000110000000] EXT=00 COND=1 IDLE=1 IO=0000000000000000
FB=0840 [0000100001000000] SR=0100 R5=0 ROM=0000.0 PREG=0 RAMOP=- RAMREG=090 ROMOP=- ROMREG=09

063E 0AB0 WAIT D11
A=0000000000000000 B=0000000000030000 C=0000000000000000 D=0000000000001000 E=0000000000000000
FA=0040 [0000000001000000] KR=0180 [0000000110000000] EXT=00 COND=1 IDLE=1 IO=0000000000000000
FB=0840 [0000100001000000] SR=0100 R5=0 ROM=0000.0 PREG=0 RAMOP=- RAMREG=090 ROMOP=- ROMREG=09

063F 0A0B ?BUSY
A=0000000000000000 B=0000000000030000 C=0000000000000000 D=0000000000001000 E=0000000000000000
FA=0040 [0000000001000000] KR=0180 [0000000110000000] EXT=00 COND=1 IDLE=1 IO=0000000000000000
FB=0840 [0000100001000000] SR=0100 R5=0 ROM=0000.0 PREG=0 RAMOP=- RAMREG=090 ROMOP=- ROMREG=09

0640 1BCF BRC 0459 -1E7
A=0000000000000000 B=0000000000030000 C=0000000000000000 D=0000000000001000 E=0000000000000000
FA=0040 [0000000001000000] KR=0180 [0000000110000000] EXT=00 COND=1 IDLE=1 IO=0000000000000000
FB=0840 [0000100001000000] SR=0100 R5=0 ROM=0000.0 PREG=0 RAMOP=- RAMREG=090 ROMOP=- ROMREG=09

0459 0A80 WAIT D8
A=0000000000000000 B=0000000000030000 C=0000000000000000 D=0000000000001000 E=0000000000000000
FA=0040 [0000000001000000] KR=0180 [0000000110000000] EXT=00 COND=1 IDLE=1 IO=0000000000000000
FB=0840 [0000100001000000] SR=0100 R5=0 ROM=0000.0 PREG=0 RAMOP=- RAMREG=090 ROMOP=- ROMREG=09

045A 0A0B ?BUSY
A=0000000000000000 B=0000000000030000 C=0000000000000000 D=0000000000001000 E=0000000000000000
FA=0040 [0000000001000000] KR=0180 [0000000110000000] EXT=00 COND=1 IDLE=1 IO=0000000000000000
FB=0840 [0000100001000000] SR=0100 R5=0 ROM=0000.0 PREG=0 RAMOP=- RAMREG=090 ROMOP=- ROMREG=09

045B 13CC BRNC 0641 +1E6
A=0000000000000000 B=0000000000030000 C=0000000000000000 D=0000000000001000 E=0000000000000000
FA=0040 [0000000001000000] KR=0180 [0000000110000000] EXT=00 COND=0 IDLE=1 IO=0000000000000000
FB=0840 [0000100001000000] SR=0100 R5=0 ROM=0000.0 PREG=0 RAMOP=- RAMREG=090 ROMOP=- ROMREG=09

0641 0098 ?TFB 9
A=0000000000000000 B=0000000000030000 C=0000000000000000 D=0000000000001000 E=0000000000000000
FA=0040 [0000000001000000] KR=0180 [0000000110000000] EXT=00 COND=1 IDLE=1 IO=0000000000000000
FB=0840 [0000100001000000] SR=0100 R5=0 ROM=0000.0 PREG=0 RAMOP=- RAMREG=090 ROMOP=- ROMREG=09

0642 1828 BRC 0656 +014
A=0000000000000000 B=0000000000030000 C=0000000000000000 D=0000000000001000 E=0000000000000000
FA=0040 [0000000001000000] KR=0180 [0000000110000000] EXT=00 COND=1 IDLE=1 IO=0000000000000000
FB=0840 [0000100001000000] SR=0100 R5=0 ROM=0000.0 PREG=0 RAMOP=- RAMREG=090 ROMOP=- ROMREG=09

0656 0AE0 WAIT D14
A=0000000000000000 B=0000000000030000 C=0000000000000000 D=0000000000001000 E=0000000000000000
FA=0040 [0000000001000000] KR=0180 [0000000110000000] EXT=00 COND=1 IDLE=1 IO=0000000000000000
FB=0840 [0000100001000000] SR=0100 R5=0 ROM=0000.0 PREG=0 RAMOP=- RAMREG=090 ROMOP=- ROMREG=09

0657 0820 ?KEY 20
A=0000000000000000 B=0000000000030000 C=0000000000000000 D=0000000000001000 E=0000000000000000
FA=0040 [0000000001000000] KR=0180 [0000000110000000] EXT=00 COND=1 IDLE=1 IO=0000000000000000
FB=0840 [0000100001000000] SR=0100 R5=0 ROM=0000.0 PREG=0 RAMOP=- RAMREG=090 ROMOP=- ROMREG=09

0658 1839 BRC 063C -01C
A=0000000000000000 B=0000000000030000 C=0000000000000000 D=0000000000001000 E=0000000000000000
FA=0040 [0000000001000000] KR=0180 [0000000110000000] EXT=00 COND=1 IDLE=1 IO=0000000000000000
FB=0840 [0000100001000000] SR=0100 R5=0 ROM=0000.0 PREG=0 RAMOP=- RAMREG=090 ROMOP=- ROMREG=09

063C 00C8 ?TFB 12
A=0000000000000000 B=0000000000030000 C=0000000000000000 D=0000000000001000 E=0000000000000000
FA=0040 [0000000001000000] KR=0180 [0000000110000000] EXT=00 COND=1 IDLE=1 IO=0000000000000000
FB=0840 [0000100001000000] SR=0100 R5=0 ROM=0000.0 PREG=0 RAMOP=- RAMREG=090 ROMOP=- ROMREG=09

063D 00A8 ?TFB 10
A=0000000000000000 B=0000000000030000 C=0000000000000000 D=0000000000001000 E=0000000000000000
FA=0040 [0000000001000000] KR=0180 [0000000110000000] EXT=00 COND=1 IDLE=1 IO=0000000000000000
FB=0840 [0000100001000000] SR=0100 R5=0 ROM=0000.0 PREG=0 RAMOP=- RAMREG=090 ROMOP=- ROMREG=09

063E 0AB0 WAIT D11
A=0000000000000000 B=0000000000030000 C=0000000000000000 D=0000000000001000 E=0000000000000000
FA=0040 [0000000001000000] KR=0180 [0000000110000000] EXT=00 COND=1 IDLE=1 IO=0000000000000000
FB=0840 [0000100001000000] SR=0100 R5=0 ROM=0000.0 PREG=0 RAMOP=- RAMREG=090 ROMOP=- ROMREG=09

063F 0A0B ?BUSY
A=0000000000000000 B=0000000000030000 C=0000000000000000 D=0000000000001000 E=0000000000000000
FA=0040 [0000000001000000] KR=0180 [0000000110000000] EXT=00 COND=1 IDLE=1 IO=0000000000000000
FB=0840 [0000100001000000] SR=0100 R5=0 ROM=0000.0 PREG=0 RAMOP=- RAMREG=090 ROMOP=- ROMREG=09

0640 1BCF BRC 0459 -1E7
A=0000000000000000 B=0000000000030000 C=0000000000000000 D=0000000000001000 E=0000000000000000
FA=0040 [0000000001000000] KR=0180 [0000000110000000] EXT=00 COND=1 IDLE=1 IO=0000000000000000
FB=0840 [0000100001000000] SR=0100 R5=0 ROM=0000.0 PREG=0 RAMOP=- RAMREG=090 ROMOP=- ROMREG=09

0459 0A80 WAIT D8
A=0000000000000000 B=0000000000030000 C=0000000000000000 D=0000000000001000 E=0000000000000000
FA=0040 [0000000001000000] KR=0180 [0000000110000000] EXT=00 COND=1 IDLE=1 IO=0000000000000000
FB=0840 [0000100001000000] SR=0100 R5=0 ROM=0000.0 PREG=0 RAMOP=- RAMREG=090 ROMOP=- ROMREG=09

045A 0A0B ?BUSY
A=0000000000000000 B=0000000000030000 C=0000000000000000 D=0000000000001000 E=0000000000000000
FA=0040 [0000000001000000] KR=0180 [0000000110000000] EXT=00 COND=1 IDLE=1 IO=0000000000000000
FB=0840 [0000100001000000] SR=0100 R5=0 ROM=0000.0 PREG=0 RAMOP=- RAMREG=090 ROMOP=- ROMREG=09

045B 13CC BRNC 0641 +1E6
A=0000000000000000 B=0000000000030000 C=0000000000000000 D=0000000000001000 E=0000000000000000
FA=0040 [0000000001000000] KR=0180 [0000000110000000] EXT=00 COND=0 IDLE=1 IO=0000000000000000
FB=0840 [0000100001000000] SR=0100 R5=0 ROM=0000.0 PREG=0 RAMOP=- RAMREG=090 ROMOP=- ROMREG=09

0641 0098 ?TFB 9
A=0000000000000000 B=0000000000030000 C=0000000000000000 D=0000000000001000 E=0000000000000000
FA=0040 [0000000001000000] KR=0180 [0000000110000000] EXT=00 COND=1 IDLE=1 IO=0000000000000000
FB=0840 [0000100001000000] SR=0100 R5=0 ROM=0000.0 PREG=0 RAMOP=- RAMREG=090 ROMOP=- ROMREG=09

0642 1828 BRC 0656 +014
A=0000000000000000 B=0000000000030000 C=0000000000000000 D=0000000000001000 E=0000000000000000
FA=0040 [0000000001000000] KR=0180 [0000000110000000] EXT=00 COND=1 IDLE=1 IO=0000000000000000
FB=0840 [0000100001000000] SR=0100 R5=0 ROM=0000.0 PREG=0 RAMOP=- RAMREG=090 ROMOP=- ROMREG=09

0656 0AE0 WAIT D14
A=0000000000000000 B=0000000000030000 C=0000000000000000 D=0000000000001000 E=0000000000000000
FA=0040 [0000000001000000] KR=0180 [0000000110000000] EXT=00 COND=1 IDLE=1 IO=0000000000000000
FB=0840 [0000100001000000] SR=0100 R5=0 ROM=0000.0 PREG=0 RAMOP=- RAMREG=090 ROMOP=- ROMREG=09

0657 0820 ?KEY 20
A=0000000000000000 B=0000000000030000 C=0000000000000000 D=0000000000001000 E=0000000000000000
FA=0040 [0000000001000000] KR=0180 [0000000110000000] EXT=00 COND=1 IDLE=1 IO=0000000000000000
FB=0840 [0000100001000000] SR=0100 R5=0 ROM=0000.0 PREG=0 RAMOP=- RAMREG=090 ROMOP=- ROMREG=09

0658 1839 BRC 063C -01C
A=0000000000000000 B=0000000000030000 C=0000000000000000 D=0000000000001000 E=0000000000000000
FA=0040 [0000000001000000] KR=0180 [0000000110000000] EXT=00 COND=1 IDLE=1 IO=0000000000000000
FB=0840 [0000100001000000] SR=0100 R5=0 ROM=0000.0 PREG=0 RAMOP=- RAMREG=090 ROMOP=- ROMREG=09

063C 00C8 ?TFB 12
A=0000000000000000 B=0000000000030000 C=0000000000000000 D=0000000000001000 E=0000000000000000
FA=0040 [0000000001000000] KR=0180 [0000000110000000] EXT=00 COND=1 IDLE=1 IO=0000000000000000
FB=0840 [0000100001000000] SR=0100 R5=0 ROM=0000.0 PREG=0 RAMOP=- RAMREG=090 ROMOP=- ROMREG=09

063D 00A8 ?TFB 10
A=0000000000000000 B=0000000000030000 C=0000000000000000 D=0000000000001000 E=0000000000000000
FA=0040 [0000000001000000] KR=0180 [0000000110000000] EXT=00 COND=1 IDLE=1 IO=0000000000000000
FB=0840 [0000100001000000] SR=0100 R5=0 ROM=0000.0 PREG=0 RAMOP=- RAMREG=090 ROMOP=- ROMREG=09

063E 0AB0 WAIT D11
A=0000000000000000 B=0000000000030000 C=0000000000000000 D=0000000000001000 E=0000000000000000
FA=0040 [0000000001000000] KR=0180 [0000000110000000] EXT=00 COND=1 IDLE=1 IO=0000000000000000
FB=0840 [0000100001000000] SR=0100 R5=0 ROM=0000.0 PREG=0 RAMOP=- RAMREG=090 ROMOP=- ROMREG=09

063F 0A0B ?BUSY
A=0000000000000000 B=0000000000030000 C=0000000000000000 D=0000000000001000 E=0000000000000000
FA=0040 [0000000001000000] KR=0180 [0000000110000000] EXT=00 COND=1 IDLE=1 IO=0000000000000000
FB=0840 [0000100001000000] SR=0100 R5=0 ROM=0000.0 PREG=0 RAMOP=- RAMREG=090 ROMOP=- ROMREG=09

0640 1BCF BRC 0459 -1E7
A=0000000000000000 B=0000000000030000 C=0000000000000000 D=0000000000001000 E=0000000000000000
FA=0040 [0000000001000000] KR=0180 [0000000110000000] EXT=00 COND=1 IDLE=1 IO=0000000000000000
FB=0840 [0000100001000000] SR=0100 R5=0 ROM=0000.0 PREG=0 RAMOP=- RAMREG=090 ROMOP=- ROMREG=09

0459 0A80 WAIT D8
A=0000000000000000 B=0000000000030000 C=0000000000000000 D=0000000000001000 E=0000000000000000
FA=0040 [0000000001000000] KR=0180 [0000000110000000] EXT=00 COND=1 IDLE=1 IO=0000000000000000
FB=0840 [0000100001000000] SR=0100 R5=0 ROM=0000.0 PREG=0 RAMOP=- RAMREG=090 ROMOP=- ROMREG=09

045A 0A0B ?BUSY
A=0000000000000000 B=0000000000030000 C=0000000000000000 D=0000000000001000 E=0000000000000000
FA=0040 [0000000001000000] KR=0180 [0000000110000000] EXT=00 COND=1 IDLE=1 IO=0000000000000000
FB=0840 [0000100001000000] SR=0100 R5=0 ROM=0000.0 PREG=0 RAMOP=- RAMREG=090 ROMOP=- ROMREG=09

045B 13CC BRNC 0641 +1E6
A=0000000000000000 B=0000000000030000 C=0000000000000000 D=0000000000001000 E=0000000000000000
FA=0040 [0000000001000000] KR=0180 [0000000110000000] EXT=00 COND=0 IDLE=1 IO=0000000000000000
FB=0840 [0000100001000000] SR=0100 R5=0 ROM=0000.0 PREG=0 RAMOP=- RAMREG=090 ROMOP=- ROMREG=09

0641 0098 ?TFB 9
A=0000000000000000 B=0000000000030000 C=0000000000000000 D=0000000000001000 E=0000000000000000
FA=0040 [0000000001000000] KR=0180 [0000000110000000] EXT=00 COND=1 IDLE=1 IO=0000000000000000
FB=0840 [0000100001000000] SR=0100 R5=0 ROM=0000.0 PREG=0 RAMOP=- RAMREG=090 ROMOP=- ROMREG=09

0642 1828 BRC 0656 +014
A=0000000000000000 B=0000000000030000 C=0000000000000000 D=0000000000001000 E=0000000000000000
FA=0040 [0000000001000000] KR=0180 [0000000110000000] EXT=00 COND=1 IDLE=1 IO=0000000000000000
FB=0840 [0000100001000000] SR=0100 R5=0 ROM=0000.0 PREG=0 RAMOP=- RAMREG=090 ROMOP=- ROMREG=09

0656 0AE0 WAIT D14
A=0000000000000000 B=0000000000030000 C=0000000000000000 D=0000000000001000 E=0000000000000000
FA=0040 [0000000001000000] KR=0180 [0000000110000000] EXT=00 COND=1 IDLE=1 IO=0000000000000000
FB=0840 [0000100001000000] SR=0100 R5=0 ROM=0000.0 PREG=0 RAMOP=- RAMREG=090 ROMOP=- ROMREG=09

0657 0820 ?KEY 20
A=0000000000000000 B=0000000000030000 C=0000000000000000 D=0000000000001000 E=0000000000000000
FA=0040 [0000000001000000] KR=0180 [0000000110000000] EXT=00 COND=1 IDLE=1 IO=0000000000000000
FB=0840 [0000100001000000] SR=0100 R5=0 ROM=0000.0 PREG=0 RAMOP=- RAMREG=090 ROMOP=- ROMREG=09

0658 1839 BRC 063C -01C
A=0000000000000000 B=0000000000030000 C=0000000000000000 D=0000000000001000 E=0000000000000000
FA=0040 [0000000001000000] KR=0180 [0000000110000000] EXT=00 COND=1 IDLE=1 IO=0000000000000000
FB=0840 [0000100001000000] SR=0100 R5=0 ROM=0000.0 PREG=0 RAMOP=- RAMREG=090 ROMOP=- ROMREG=09

063C 00C8 ?TFB 12
A=0000000000000000 B=0000000000030000 C=0000000000000000 D=0000000000001000 E=0000000000000000
FA=0040 [0000000001000000] KR=0180 [0000000110000000] EXT=00 COND=1 IDLE=1 IO=0000000000000000
FB=0840 [0000100001000000] SR=0100 R5=0 ROM=0000.0 PREG=0 RAMOP=- RAMREG=090 ROMOP=- ROMREG=09

063D 00A8 ?TFB 10
A=0000000000000000 B=0000000000030000 C=0000000000000000 D=0000000000001000 E=0000000000000000
FA=0040 [0000000001000000] KR=0180 [0000000110000000] EXT=00 COND=1 IDLE=1 IO=0000000000000000
FB=0840 [0000100001000000] SR=0100 R5=0 ROM=0000.0 PREG=0 RAMOP=- RAMREG=090 ROMOP=- ROMREG=09

063E 0AB0 WAIT D11
A=0000000000000000 B=0000000000030000 C=0000000000000000 D=0000000000001000 E=0000000000000000
FA=0040 [0000000001000000] KR=0180 [0000000110000000] EXT=00 COND=1 IDLE=1 IO=0000000000000000
FB=0840 [0000100001000000] SR=0100 R5=0 ROM=0000.0 PREG=0 RAMOP=- RAMREG=090 ROMOP=- ROMREG=09

063F 0A0B ?BUSY
A=0000000000000000 B=0000000000030000 C=0000000000000000 D=0000000000001000 E=0000000000000000
FA=0040 [0000000001000000] KR=0180 [0000000110000000] EXT=00 COND=1 IDLE=1 IO=0000000000000000
FB=0840 [0000100001000000] SR=0100 R5=0 ROM=0000.0 PREG=0 RAMOP=- RAMREG=090 ROMOP=- ROMREG=09

0640 1BCF BRC 0459 -1E7
A=0000000000000000 B=0000000000030000 C=0000000000000000 D=0000000000001000 E=0000000000000000
FA=0040 [0000000001000000] KR=0180 [0000000110000000] EXT=00 COND=1 IDLE=1 IO=0000000000000000
FB=0840 [0000100001000000] SR=0100 R5=0 ROM=0000.0 PREG=0 RAMOP=- RAMREG=090 ROMOP=- ROMREG=09

0459 0A80 WAIT D8
A=0000000000000000 B=0000000000030000 C=0000000000000000 D=0000000000001000 E=0000000000000000
FA=0040 [0000000001000000] KR=0180 [0000000110000000] EXT=00 COND=1 IDLE=1 IO=0000000000000000
FB=0840 [0000100001000000] SR=0100 R5=0 ROM=0000.0 PREG=0 RAMOP=- RAMREG=090 ROMOP=- ROMREG=09

045A 0A0B ?BUSY
A=0000000000000000 B=0000000000030000 C=0000000000000000 D=0000000000001000 E=0000000000000000
FA=0040 [0000000001000000] KR=0180 [0000000110000000] EXT=00 COND=1 IDLE=1 IO=0000000000000000
FB=0840 [0000100001000000] SR=0100 R5=0 ROM=0000.0 PREG=0 RAMOP=- RAMREG=090 ROMOP=- ROMREG=09

045B 13CC BRNC 0641 +1E6
A=0000000000000000 B=0000000000030000 C=0000000000000000 D=0000000000001000 E=0000000000000000
FA=0040 [0000000001000000] KR=0180 [0000000110000000] EXT=00 COND=0 IDLE=1 IO=0000000000000000
FB=0840 [0000100001000000] SR=0100 R5=0 ROM=0000.0 PREG=0 RAMOP=- RAMREG=090 ROMOP=- ROMREG=09

0641 0098 ?TFB 9
A=0000000000000000 B=0000000000030000 C=0000000000000000 D=0000000000001000 E=0000000000000000
FA=0040 [0000000001000000] KR=0180 [0000000110000000] EXT=00 COND=1 IDLE=1 IO=0000000000000000
FB=0840 [0000100001000000] SR=0100 R5=0 ROM=0000.0 PREG=0 RAMOP=- RAMREG=090 ROMOP=- ROMREG=09

0642 1828 BRC 0656 +014
A=0000000000000000 B=0000000000030000 C=0000000000000000 D=0000000000001000 E=0000000000000000
FA=0040 [0000000001000000] KR=0180 [0000000110000000] EXT=00 COND=1 IDLE=1 IO=0000000000000000
FB=0840 [0000100001000000] SR=0100 R5=0 ROM=0000.0 PREG=0 RAMOP=- RAMREG=090 ROMOP=- ROMREG=09

0656 0AE0 WAIT D14
A=0000000000000000 B=0000000000030000 C=0000000000000000 D=0000000000001000 E=0000000000000000
FA=0040 [0000000001000000] KR=0180 [0000000110000000] EXT=00 COND=1 IDLE=1 IO=0000000000000000
FB=0840 [0000100001000000] SR=0100 R5=0 ROM=0000.0 PREG=0 RAMOP=- RAMREG=090 ROMOP=- ROMREG=09

0657 0820 ?KEY 20
A=0000000000000000 B=0000000000030000 C=0000000000000000 D=0000000000001000 E=0000000000000000
FA=0040 [0000000001000000] KR=0180 [0000000110000000] EXT=00 COND=1 IDLE=1 IO=0000000000000000
FB=0840 [0000100001000000] SR=0100 R5=0 ROM=0000.0 PREG=0 RAMOP=- RAMREG=090 ROMOP=- ROMREG=09

0658 1839 BRC 063C -01C
A=0000000000000000 B=0000000000030000 C=0000000000000000 D=0000000000001000 E=0000000000000000
FA=0040 [0000000001000000] KR=0180 [0000000110000000] EXT=00 COND=1 IDLE=1 IO=0000000000000000
FB=0840 [0000100001000000] SR=0100 R5=0 ROM=0000.0 PREG=0 RAMOP=- RAMREG=090 ROMOP=- ROMREG=09

063C 00C8 ?TFB 12
A=0000000000000000 B=0000000000030000 C=0000000000000000 D=0000000000001000 E=0000000000000000
FA=0040 [0000000001000000] KR=0180 [0000000110000000] EXT=00 COND=1 IDLE=1 IO=0000000000000000
FB=0840 [0000100001000000] SR=0100 R5=0 ROM=0000.0 PREG=0 RAMOP=- RAMREG=090 ROMOP=- ROMREG=09

063D 00A8 ?TFB 10
A=0000000000000000 B=0000000000030000 C=0000000000000000 D=0000000000001000 E=0000000000000000
FA=0040 [0000000001000000] KR=0180 [0000000110000000] EXT=00 COND=1 IDLE=1 IO=0000000000000000
FB=0840 [0000100001000000] SR=0100 R5=0 ROM=0000.0 PREG=0 RAMOP=- RAMREG=090 ROMOP=- ROMREG=09

063E 0AB0 WAIT D11
A=0000000000000000 B=0000000000030000 C=0000000000000000 D=0000000000001000 E=0000000000000000
FA=0040 [0000000001000000] KR=0180 [0000000110000000] EXT=00 COND=1 IDLE=1 IO=0000000000000000
FB=0840 [0000100001000000] SR=0100 R5=0 ROM=0000.0 PREG=0 RAMOP=- RAMREG=090 ROMOP=- ROMREG=09

063F 0A0B ?BUSY
A=0000000000000000 B=0000000000030000 C=0000000000000000 D=0000000000001000 E=0000000000000000
FA=0040 [0000000001000000] KR=0180 [0000000110000000] EXT=00 COND=1 IDLE=1 IO=0000000000000000
FB=0840 [0000100001000000] SR=0100 R5=0 ROM=0000.0 PREG=0 RAMOP=- RAMREG=090 ROMOP=- ROMREG=09

0640 1BCF BRC 0459 -1E7
A=0000000000000000 B=0000000000030000 C=0000000000000000 D=0000000000001000 E=0000000000000000
FA=0040 [0000000001000000] KR=0180 [0000000110000000] EXT=00 COND=1 IDLE=1 IO=0000000000000000
FB=0840 [0000100001000000] SR=0100 R5=0 ROM=0000.0 PREG=0 RAMOP=- RAMREG=090 ROMOP=- ROMREG=09

0459 0A80 WAIT D8
A=0000000000000000 B=0000000000030000 C=0000000000000000 D=0000000000001000 E=0000000000000000
FA=0040 [0000000001000000] KR=0180 [0000000110000000] EXT=00 COND=1 IDLE=1 IO=0000000000000000
FB=0840 [0000100001000000] SR=0100 R5=0 ROM=0000.0 PREG=0 RAMOP=- RAMREG=090 ROMOP=- ROMREG=09

045A 0A0B ?BUSY
A=0000000000000000 B=0000000000030000 C=0000000000000000 D=0000000000001000 E=0000000000000000
FA=0040 [0000000001000000] KR=0180 [0000000110000000] EXT=00 COND=1 IDLE=1 IO=0000000000000000
FB=0840 [0000100001000000] SR=0100 R5=0 ROM=0000.0 PREG=0 RAMOP=- RAMREG=090 ROMOP=- ROMREG=09

045B 13CC BRNC 0641 +1E6
A=0000000000000000 B=0000000000030000 C=0000000000000000 D=0000000000001000 E=0000000000000000
FA=0040 [0000000001000000] KR=0180 [0000000110000000] EXT=00 COND=0 IDLE=1 IO=0000000000000000
FB=0840 [0000100001000000] SR=0100 R5=0 ROM=0000.0 PREG=0 RAMOP=- RAMREG=090 ROMOP=- ROMREG=09

0641 0098 ?TFB 9
A=0000000000000000 B=0000000000030000 C=0000000000000000 D=0000000000001000 E=0000000000000000
FA=0040 [0000000001000000] KR=0180 [0000000110000000] EXT=00 COND=1 IDLE=1 IO=0000000000000000
FB=0840 [0000100001000000] SR=0100 R5=0 ROM=0000.0 PREG=0 RAMOP=- RAMREG=090 ROMOP=- ROMREG=09

0642 1828 BRC 0656 +014
A=0000000000000000 B=0000000000030000 C=0000000000000000 D=0000000000001000 E=0000000000000000
FA=0040 [0000000001000000] KR=0180 [0000000110000000] EXT=00 COND=1 IDLE=1 IO=0000000000000000
FB=0840 [0000100001000000] SR=0100 R5=0 ROM=0000.0 PREG=0 RAMOP=- RAMREG=090 ROMOP=- ROMREG=09

0656 0AE0 WAIT D14
A=0000000000000000 B=0000000000030000 C=0000000000000000 D=0000000000001000 E=0000000000000000
FA=0040 [0000000001000000] KR=0180 [0000000110000000] EXT=00 COND=1 IDLE=1 IO=0000000000000000
FB=0840 [0000100001000000] SR=0100 R5=0 ROM=0000.0 PREG=0 RAMOP=- RAMREG=090 ROMOP=- ROMREG=09

0657 0820 ?KEY 20
A=0000000000000000 B=0000000000030000 C=0000000000000000 D=0000000000001000 E=0000000000000000
FA=0040 [0000000001000000] KR=0180 [0000000110000000] EXT=00 COND=1 IDLE=1 IO=0000000000000000
FB=0840 [0000100001000000] SR=0100 R5=0 ROM=0000.0 PREG=0 RAMOP=- RAMREG=090 ROMOP=- ROMREG=09

0658 1839 BRC 063C -01C
A=0000000000000000 B=0000000000030000 C=0000000000000000 D=0000000000001000 E=0000000000000000
FA=0040 [0000000001000000] KR=0180 [0000000110000000] EXT=00 COND=1 IDLE=1 IO=0000000000000000
FB=0840 [0000100001000000] SR=0100 R5=0 ROM=0000.0 PREG=0 RAMOP=- RAMREG=090 ROMOP=- ROMREG=09

063C 00C8 ?TFB 12
A=0000000000000000 B=0000000000030000 C=0000000000000000 D=0000000000001000 E=0000000000000000
FA=0040 [0000000001000000] KR=0180 [0000000110000000] EXT=00 COND=1 IDLE=1 IO=0000000000000000
FB=0840 [0000100001000000] SR=0100 R5=0 ROM=0000.0 PREG=0 RAMOP=- RAMREG=090 ROMOP=- ROMREG=09

063D 00A8 ?TFB 10
A=0000000000000000 B=0000000000030000 C=0000000000000000 D=0000000000001000 E=0000000000000000
FA=0040 [0000000001000000] KR=0180 [0000000110000000] EXT=00 COND=1 IDLE=1 IO=0000000000000000
FB=0840 [0000100001000000] SR=0100 R5=0 ROM=0000.0 PREG=0 RAMOP=- RAMREG=090 ROMOP=- ROMREG=09

063E 0AB0 WAIT D11
A=0000000000000000 B=0000000000030000 C=0000000000000000 D=0000000000001000 E=0000000000000000
FA=0040 [0000000001000000] KR=0180 [0000000110000000] EXT=00 COND=1 IDLE=1 IO=0000000000000000
FB=0840 [0000100001000000] SR=0100 R5=0 ROM=0000.0 PREG=0 RAMOP=- RAMREG=090 ROMOP=- ROMREG=09

063F 0A0B ?BUSY
A=0000000000000000 B=0000000000030000 C=0000000000000000 D=0000000000001000 E=0000000000000000
FA=0040 [0000000001000000] KR=0180 [0000000110000000] EXT=00 COND=1 IDLE=1 IO=0000000000000000
FB=0840 [0000100001000000] SR=0100 R5=0 ROM=0000.0 PREG=0 RAMOP=- RAMREG=090 ROMOP=- ROMREG=09

0640 1BCF BRC 0459 -1E7
A=0000000000000000 B=0000000000030000 C=0000000000000000 D=0000000000001000 E=0000000000000000
FA=0040 [0000000001000000] KR=0180 [0000000110000000] EXT=00 COND=1 IDLE=1 IO=0000000000000000
FB=0840 [0000100001000000] SR=0100 R5=0 ROM=0000.0 PREG=0 RAMOP=- RAMREG=090 ROMOP=- ROMREG=09

0459 0A80 WAIT D8
A=0000000000000000 B=0000000000030000 C=0000000000000000 D=0000000000001000 E=0000000000000000
FA=0040 [0000000001000000] KR=0180 [0000000110000000] EXT=00 COND=1 IDLE=1 IO=0000000000000000
FB=0840 [0000100001000000] SR=0100 R5=0 ROM=0000.0 PREG=0 RAMOP=- RAMREG=090 ROMOP=- ROMREG=09

045A 0A0B ?BUSY
A=0000000000000000 B=0000000000030000 C=0000000000000000 D=0000000000001000 E=0000000000000000
FA=0040 [0000000001000000] KR=0180 [0000000110000000] EXT=00 COND=1 IDLE=1 IO=0000000000000000
FB=0840 [0000100001000000] SR=0100 R5=0 ROM=0000.0 PREG=0 RAMOP=- RAMREG=090 ROMOP=- ROMREG=09

045B 13CC BRNC 0641 +1E6
A=0000000000000000 B=0000000000030000 C=0000000000000000 D=0000000000001000 E=0000000000000000
FA=0040 [0000000001000000] KR=0180 [0000000110000000] EXT=00 COND=0 IDLE=1 IO=0000000000000000
FB=0840 [0000100001000000] SR=0100 R5=0 ROM=0000.0 PREG=0 RAMOP=- RAMREG=090 ROMOP=- ROMREG=09

0641 0098 ?TFB 9
A=0000000000000000 B=0000000000030000 C=0000000000000000 D=0000000000001000 E=0000000000000000
FA=0040 [0000000001000000] KR=0180 [0000000110000000] EXT=00 COND=1 IDLE=1 IO=0000000000000000
FB=0840 [0000100001000000] SR=0100 R5=0 ROM=0000.0 PREG=0 RAMOP=- RAMREG=090 ROMOP=- ROMREG=09

0642 1828 BRC 0656 +014
A=0000000000000000 B=0000000000030000 C=0000000000000000 D=0000000000001000 E=0000000000000000
FA=0040 [0000000001000000] KR=0180 [0000000110000000] EXT=00 COND=1 IDLE=1 IO=0000000000000000
FB=0840 [0000100001000000] SR=0100 R5=0 ROM=0000.0 PREG=0 RAMOP=- RAMREG=090 ROMOP=- ROMREG=09

0656 0AE0 WAIT D14
A=0000000000000000 B=0000000000030000 C=0000000000000000 D=0000000000001000 E=0000000000000000
FA=0040 [0000000001000000] KR=0180 [0000000110000000] EXT=00 COND=1 IDLE=1 IO=0000000000000000
FB=0840 [0000100001000000] SR=0100 R5=0 ROM=0000.0 PREG=0 RAMOP=- RAMREG=090 ROMOP=- ROMREG=09

0657 0820 ?KEY 20
A=0000000000000000 B=0000000000030000 C=0000000000000000 D=0000000000001000 E=0000000000000000
FA=0040 [0000000001000000] KR=0180 [0000000110000000] EXT=00 COND=1 IDLE=1 IO=0000000000000000
FB=0840 [0000100001000000] SR=0100 R5=0 ROM=0000.0 PREG=0 RAMOP=- RAMREG=090 ROMOP=- ROMREG=09

0658 1839 BRC 063C -01C
A=0000000000000000 B=0000000000030000 C=0000000000000000 D=0000000000001000 E=0000000000000000
FA=0040 [0000000001000000] KR=0180 [0000000110000000] EXT=00 COND=1 IDLE=1 IO=0000000000000000
FB=0840 [0000100001000000] SR=0100 R5=0 ROM=0000.0 PREG=0 RAMOP=- RAMREG=090 ROMOP=- ROMREG=09

063C 00C8 ?TFB 12
A=0000000000000000 B=0000000000030000 C=0000000000000000 D=0000000000001000 E=0000000000000000
FA=0040 [0000000001000000] KR=0180 [0000000110000000] EXT=00 COND=1 IDLE=1 IO=0000000000000000
FB=0840 [0000100001000000] SR=0100 R5=0 ROM=0000.0 PREG=0 RAMOP=- RAMREG=090 ROMOP=- ROMREG=09

063D 00A8 ?TFB 10
A=0000000000000000 B=0000000000030000 C=0000000000000000 D=0000000000001000 E=0000000000000000
FA=0040 [0000000001000000] KR=0180 [0000000110000000] EXT=00 COND=1 IDLE=1 IO=0000000000000000
FB=0840 [0000100001000000] SR=0100 R5=0 ROM=0000.0 PREG=0 RAMOP=- RAMREG=090 ROMOP=- ROMREG=09

063E 0AB0 WAIT D11
A=0000000000000000 B=0000000000030000 C=0000000000000000 D=0000000000001000 E=0000000000000000
FA=0040 [0000000001000000] KR=0180 [0000000110000000] EXT=00 COND=1 IDLE=1 IO=0000000000000000
FB=0840 [0000100001000000] SR=0100 R5=0 ROM=0000.0 PREG=0 RAMOP=- RAMREG=090 ROMOP=- ROMREG=09

063F 0A0B ?BUSY
A=0000000000000000 B=0000000000030000 C=0000000000000000 D=0000000000001000 E=0000000000000000
FA=0040 [0000000001000000] KR=0180 [0000000110000000] EXT=00 COND=1 IDLE=1 IO=0000000000000000
FB=0840 [0000100001000000] SR=0100 R5=0 ROM=0000.0 PREG=0 RAMOP=- RAMREG=090 ROMOP=- ROMREG=09

0640 1BCF BRC 0459 -1E7
A=0000000000000000 B=0000000000030000 C=0000000000000000 D=0000000000001000 E=0000000000000000
FA=0040 [0000000001000000] KR=0180 [0000000110000000] EXT=00 COND=1 IDLE=1 IO=0000000000000000
FB=0840 [0000100001000000] SR=0100 R5=0 ROM=0000.0 PREG=0 RAMOP=- RAMREG=090 ROMOP=- ROMREG=09

0459 0A80 WAIT D8
A=0000000000000000 B=0000000000030000 C=0000000000000000 D=0000000000001000 E=0000000000000000
FA=0040 [0000000001000000] KR=0180 [0000000110000000] EXT=00 COND=1 IDLE=1 IO=0000000000000000
FB=0840 [0000100001000000] SR=0100 R5=0 ROM=0000.0 PREG=0 RAMOP=- RAMREG=090 ROMOP=- ROMREG=09

045A 0A0B ?BUSY
A=0000000000000000 B=0000000000030000 C=0000000000000000 D=0000000000001000 E=0000000000000000
FA=0040 [0000000001000000] KR=0180 [0000000110000000] EXT=00 COND=1 IDLE=1 IO=0000000000000000
FB=0840 [0000100001000000] SR=0100 R5=0 ROM=0000.0 PREG=0 RAMOP=- RAMREG=090 ROMOP=- ROMREG=09

045B 13CC BRNC 0641 +1E6
A=0000000000000000 B=0000000000030000 C=0000000000000000 D=0000000000001000 E=0000000000000000
FA=0040 [0000000001000000] KR=0180 [0000000110000000] EXT=00 COND=0 IDLE=1 IO=0000000000000000
FB=0840 [0000100001000000] SR=0100 R5=0 ROM=0000.0 PREG=0 RAMOP=- RAMREG=090 ROMOP=- ROMREG=09

0641 0098 ?TFB 9
A=0000000000000000 B=0000000000030000 C=0000000000000000 D=0000000000001000 E=0000000000000000
FA=0040 [0000000001000000] KR=0180 [0000000110000000] EXT=00 COND=1 IDLE=1 IO=0000000000000000
FB=0840 [0000100001000000] SR=0100 R5=0 ROM=0000.0 PREG=0 RAMOP=- RAMREG=090 ROMOP=- ROMREG=09

0642 1828 BRC 0656 +014
A=0000000000000000 B=0000000000030000 C=0000000000000000 D=0000000000001000 E=0000000000000000
FA=0040 [0000000001000000] KR=0180 [0000000110000000] EXT=00 COND=1 IDLE=1 IO=0000000000000000
FB=0840 [0000100001000000] SR=0100 R5=0 ROM=0000.0 PREG=0 RAMOP=- RAMREG=090 ROMOP=- ROMREG=09

0656 0AE0 WAIT D14
A=0000000000000000 B=0000000000030000 C=0000000000000000 D=0000000000001000 E=0000000000000000
FA=0040 [0000000001000000] KR=0180 [0000000110000000] EXT=00 COND=1 IDLE=1 IO=0000000000000000
FB=0840 [0000100001000000] SR=0100 R5=0 ROM=0000.0 PREG=0 RAMOP=- RAMREG=090 ROMOP=- ROMREG=09

0657 0820 ?KEY 20
A=0000000000000000 B=0000000000030000 C=0000000000000000 D=0000000000001000 E=0000000000000000
FA=0040 [0000000001000000] KR=0180 [0000000110000000] EXT=00 COND=1 IDLE=1 IO=0000000000000000
FB=0840 [0000100001000000] SR=0100 R5=0 ROM=0000.0 PREG=0 RAMOP=- RAMREG=090 ROMOP=- ROMREG=09

0658 1839 BRC 063C -01C
A=0000000000000000 B=0000000000030000 C=0000000000000000 D=0000000000001000 E=0000000000000000
FA=0040 [0000000001000000] KR=0180 [0000000110000000] EXT=00 COND=1 IDLE=1 IO=0000000000000000
FB=0840 [0000100001000000] SR=0100 R5=0 ROM=0000.0 PREG=0 RAMOP=- RAMREG=090 ROMOP=- ROMREG=09

063C 00C8 ?TFB 12
A=0000000000000000 B=0000000000030000 C=0000000000000000 D=0000000000001000 E=0000000000000000
FA=0040 [0000000001000000] KR=0180 [0000000110000000] EXT=00 COND=1 IDLE=1 IO=0000000000000000
FB=0840 [0000100001000000] SR=0100 R5=0 ROM=0000.0 PREG=0 RAMOP=- RAMREG=090 ROMOP=- ROMREG=09

063D 00A8 ?TFB 10
A=0000000000000000 B=0000000000030000 C=0000000000000000 D=0000000000001000 E=0000000000000000
FA=0040 [0000000001000000] KR=0180 [0000000110000000] EXT=00 COND=1 IDLE=1 IO=0000000000000000
FB=0840 [0000100001000000] SR=0100 R5=0 ROM=0000.0 PREG=0 RAMOP=- RAMREG=090 ROMOP=- ROMREG=09

063E 0AB0 WAIT D11
A=0000000000000000 B=0000000000030000 C=0000000000000000 D=0000000000001000 E=0000000000000000
FA=0040 [0000000001000000] KR=0180 [0000000110000000] EXT=00 COND=1 IDLE=1 IO=0000000000000000
FB=0840 [0000100001000000] SR=0100 R5=0 ROM=0000.0 PREG=0 RAMOP=- RAMREG=090 ROMOP=- ROMREG=09

063F 0A0B ?BUSY
A=0000000000000000 B=0000000000030000 C=0000000000000000 D=0000000000001000 E=0000000000000000
FA=0040 [0000000001000000] KR=0180 [0000000110000000] EXT=00 COND=1 IDLE=1 IO=0000000000000000
FB=0840 [0000100001000000] SR=0100 R5=0 ROM=0000.0 PREG=0 RAMOP=- RAMREG=090 ROMOP=- ROMREG=09

0640 1BCF BRC 0459 -1E7
A=0000000000000000 B=0000000000030000 C=0000000000000000 D=0000000000001000 E=0000000000000000
FA=0040 [0000000001000000] KR=0180 [0000000110000000] EXT=00 COND=1 IDLE=1 IO=0000000000000000
FB=0840 [0000100001000000] SR=0100 R5=0 ROM=0000.0 PREG=0 RAMOP=- RAMREG=090 ROMOP=- ROMREG=09

0459 0A80 WAIT D8
A=0000000000000000 B=0000000000030000 C=0000000000000000 D=0000000000001000 E=0000000000000000
FA=0040 [0000000001000000] KR=0180 [0000000110000000] EXT=00 COND=1 IDLE=1 IO=0000000000000000
FB=0840 [0000100001000000] SR=0100 R5=0 ROM=0000.0 PREG=0 RAMOP=- RAMREG=090 ROMOP=- ROMREG=09

045A 0A0B ?BUSY
A=0000000000000000 B=0000000000030000 C=0000000000000000 D=0000000000001000 E=0000000000000000
FA=0040 [0000000001000000] KR=0180 [0000000110000000] EXT=00 COND=1 IDLE=1 IO=0000000000000000
FB=0840 [0000100001000000] SR=0100 R5=0 ROM=0000.0 PREG=0 RAMOP=- RAMREG=090 ROMOP=- ROMREG=09

045B 13CC BRNC 0641 +1E6
A=0000000000000000 B=0000000000030000 C=0000000000000000 D=0000000000001000 E=0000000000000000
FA=0040 [0000000001000000] KR=0180 [0000000110000000] EXT=00 COND=0 IDLE=1 IO=0000000000000000
FB=0840 [0000100001000000] SR=0100 R5=0 ROM=0000.0 PREG=0 RAMOP=- RAMREG=090 ROMOP=- ROMREG=09

0641 0098 ?TFB 9
A=0000000000000000 B=0000000000030000 C=0000000000000000 D=0000000000001000 E=0000000000000000
FA=0040 [0000000001000000] KR=0180 [0000000110000000] EXT=00 COND=1 IDLE=1 IO=0000000000000000
FB=0840 [0000100001000000] SR=0100 R5=0 ROM=0000.0 PREG=0 RAMOP=- RAMREG=090 ROMOP=- ROMREG=09

0642 1828 BRC 0656 +014
A=0000000000000000 B=0000000000030000 C=0000000000000000 D=0000000000001000 E=0000000000000000
FA=0040 [0000000001000000] KR=0180 [0000000110000000] EXT=00 COND=1 IDLE=1 IO=0000000000000000
FB=0840 [0000100001000000] SR=0100 R5=0 ROM=0000.0 PREG=0 RAMOP=- RAMREG=090 ROMOP=- ROMREG=09

0656 0AE0 WAIT D14
A=0000000000000000 B=0000000000030000 C=0000000000000000 D=0000000000001000 E=0000000000000000
FA=0040 [0000000001000000] KR=0180 [0000000110000000] EXT=00 COND=1 IDLE=1 IO=0000000000000000
FB=0840 [0000100001000000] SR=0100 R5=0 ROM=0000.0 PREG=0 RAMOP=- RAMREG=090 ROMOP=- ROMREG=09

0657 0820 ?KEY 20
A=0000000000000000 B=0000000000030000 C=0000000000000000 D=0000000000001000 E=0000000000000000
FA=0040 [0000000001000000] KR=0180 [0000000110000000] EXT=00 COND=1 IDLE=1 IO=0000000000000000
FB=0840 [0000100001000000] SR=0100 R5=0 ROM=0000.0 PREG=0 RAMOP=- RAMREG=090 ROMOP=- ROMREG=09

0658 1839 BRC 063C -01C
A=0000000000000000 B=0000000000030000 C=0000000000000000 D=0000000000001000 E=0000000000000000
FA=0040 [0000000001000000] KR=0180 [0000000110000000] EXT=00 COND=1 IDLE=1 IO=0000000000000000
FB=0840 [0000100001000000] SR=0100 R5=0 ROM=0000.0 PREG=0 RAMOP=- RAMREG=090 ROMOP=- ROMREG=09

063C 00C8 ?TFB 12
A=0000000000000000 B=0000000000030000 C=0000000000000000 D=0000000000001000 E=0000000000000000
FA=0040 [0000000001000000] KR=0180 [0000000110000000] EXT=00 COND=1 IDLE=1 IO=0000000000000000
FB=0840 [0000100001000000] SR=0100 R5=0 ROM=0000.0 PREG=0 RAMOP=- RAMREG=090 ROMOP=- ROMREG=09

063D 00A8 ?TFB 10
A=0000000000000000 B=0000000000030000 C=0000000000000000 D=0000000000001000 E=0000000000000000
FA=0040 [0000000001000000] KR=0180 [0000000110000000] EXT=00 COND=1 IDLE=1 IO=0000000000000000
FB=0840 [0000100001000000] SR=0100 R5=0 ROM=0000.0 PREG=0 RAMOP=- RAMREG=090 ROMOP=- ROMREG=09

063E 0AB0 WAIT D11
A=0000000000000000 B=0000000000030000 C=0000000000000000 D=0000000000001000 E=0000000000000000
FA=0040 [0000000001000000] KR=0180 [0000000110000000] EXT=00 COND=1 IDLE=1 IO=0000000000000000
FB=0840 [0000100001000000] SR=0100 R5=0 ROM=0000.0 PREG=0 RAMOP=- RAMREG=090 ROMOP=- ROMREG=09

063F 0A0B ?BUSY
A=0000000000000000 B=0000000000030000 C=0000000000000000 D=0000000000001000 E=0000000000000000
FA=0040 [0000000001000000] KR=0180 [0000000110000000] EXT=00 COND=1 IDLE=1 IO=0000000000000000
FB=0840 [0000100001000000] SR=0100 R5=0 ROM=0000.0 PREG=0 RAMOP=- RAMREG=090 ROMOP=- ROMREG=09

0640 1BCF BRC 0459 -1E7
A=0000000000000000 B=0000000000030000 C=0000000000000000 D=0000000000001000 E=0000000000000000
FA=0040 [0000000001000000] KR=0180 [0000000110000000] EXT=00 COND=1 IDLE=1 IO=0000000000000000
FB=0840 [0000100001000000] SR=0100 R5=0 ROM=0000.0 PREG=0 RAMOP=- RAMREG=090 ROMOP=- ROMREG=09

0459 0A80 WAIT D8
A=0000000000000000 B=0000000000030000 C=0000000000000000 D=0000000000001000 E=0000000000000000
FA=0040 [0000000001000000] KR=0180 [0000000110000000] EXT=00 COND=1 IDLE=1 IO=0000000000000000
FB=0840 [0000100001000000] SR=0100 R5=0 ROM=0000.0 PREG=0 RAMOP=- RAMREG=090 ROMOP=- ROMREG=09

045A 0A0B ?BUSY
A=0000000000000000 B=0000000000030000 C=0000000000000000 D=0000000000001000 E=0000000000000000
FA=0040 [0000000001000000] KR=0180 [0000000110000000] EXT=00 COND=1 IDLE=1 IO=0000000000000000
FB=0840 [0000100001000000] SR=0100 R5=0 ROM=0000.0 PREG=0 RAMOP=- RAMREG=090 ROMOP=- ROMREG=09

045B 13CC BRNC 0641 +1E6
A=0000000000000000 B=0000000000030000 C=0000000000000000 D=0000000000001000 E=0000000000000000
FA=0040 [0000000001000000] KR=0180 [0000000110000000] EXT=00 COND=0 IDLE=1 IO=0000000000000000
FB=0840 [0000100001000000] SR=0100 R5=0 ROM=0000.0 PREG=0 RAMOP=- RAMREG=090 ROMOP=- ROMREG=09

0641 0098 ?TFB 9
A=0000000000000000 B=0000000000030000 C=0000000000000000 D=0000000000001000 E=0000000000000000
FA=0040 [0000000001000000] KR=0180 [0000000110000000] EXT=00 COND=1 IDLE=1 IO=0000000000000000
FB=0840 [0000100001000000] SR=0100 R5=0 ROM=0000.0 PREG=0 RAMOP=- RAMREG=090 ROMOP=- ROMREG=09

0642 1828 BRC 0656 +014
A=0000000000000000 B=0000000000030000 C=0000000000000000 D=0000000000001000 E=0000000000000000
FA=0040 [0000000001000000] KR=0180 [0000000110000000] EXT=00 COND=1 IDLE=1 IO=0000000000000000
FB=0840 [0000100001000000] SR=0100 R5=0 ROM=0000.0 PREG=0 RAMOP=- RAMREG=090 ROMOP=- ROMREG=09

0656 0AE0 WAIT D14
A=0000000000000000 B=0000000000030000 C=0000000000000000 D=0000000000001000 E=0000000000000000
FA=0040 [0000000001000000] KR=0180 [0000000110000000] EXT=00 COND=1 IDLE=1 IO=0000000000000000
FB=0840 [0000100001000000] SR=0100 R5=0 ROM=0000.0 PREG=0 RAMOP=- RAMREG=090 ROMOP=- ROMREG=09

0657 0820 ?KEY 20
A=0000000000000000 B=0000000000030000 C=0000000000000000 D=0000000000001000 E=0000000000000000
FA=0040 [0000000001000000] KR=0180 [0000000110000000] EXT=00 COND=1 IDLE=1 IO=0000000000000000
FB=0840 [0000100001000000] SR=0100 R5=0 ROM=0000.0 PREG=0 RAMOP=- RAMREG=090 ROMOP=- ROMREG=09

0658 1839 BRC 063C -01C
A=0000000000000000 B=0000000000030000 C=0000000000000000 D=0000000000001000 E=0000000000000000
FA=0040 [0000000001000000] KR=0180 [0000000110000000] EXT=00 COND=1 IDLE=1 IO=0000000000000000
FB=0840 [0000100001000000] SR=0100 R5=0 ROM=0000.0 PREG=0 RAMOP=- RAMREG=090 ROMOP=- ROMREG=09

063C 00C8 ?TFB 12
A=0000000000000000 B=0000000000030000 C=0000000000000000 D=0000000000001000 E=0000000000000000
FA=0040 [0000000001000000] KR=0180 [0000000110000000] EXT=00 COND=1 IDLE=1 IO=0000000000000000
FB=0840 [0000100001000000] SR=0100 R5=0 ROM=0000.0 PREG=0 RAMOP=- RAMREG=090 ROMOP=- ROMREG=09

063D 00A8 ?TFB 10
A=0000000000000000 B=0000000000030000 C=0000000000000000 D=0000000000001000 E=0000000000000000
FA=0040 [0000000001000000] KR=0180 [0000000110000000] EXT=00 COND=1 IDLE=1 IO=0000000000000000
FB=0840 [0000100001000000] SR=0100 R5=0 ROM=0000.0 PREG=0 RAMOP=- RAMREG=090 ROMOP=- ROMREG=09

063E 0AB0 WAIT D11
A=0000000000000000 B=0000000000030000 C=0000000000000000 D=0000000000001000 E=0000000000000000
FA=0040 [0000000001000000] KR=0180 [0000000110000000] EXT=00 COND=1 IDLE=1 IO=0000000000000000
FB=0840 [0000100001000000] SR=0100 R5=0 ROM=0000.0 PREG=0 RAMOP=- RAMREG=090 ROMOP=- ROMREG=09

063F 0A0B ?BUSY
A=0000000000000000 B=0000000000030000 C=0000000000000000 D=0000000000001000 E=0000000000000000
FA=0040 [0000000001000000] KR=0180 [0000000110000000] EXT=00 COND=1 IDLE=1 IO=0000000000000000
FB=0840 [0000100001000000] SR=0100 R5=0 ROM=0000.0 PREG=0 RAMOP=- RAMREG=090 ROMOP=- ROMREG=09

0640 1BCF BRC 0459 -1E7
A=0000000000000000 B=0000000000030000 C=0000000000000000 D=0000000000001000 E=0000000000000000
FA=0040 [0000000001000000] KR=0180 [0000000110000000] EXT=00 COND=1 IDLE=1 IO=0000000000000000
FB=0840 [0000100001000000] SR=0100 R5=0 ROM=0000.0 PREG=0 RAMOP=- RAMREG=090 ROMOP=- ROMREG=09

0459 0A80 WAIT D8
A=0000000000000000 B=0000000000030000 C=0000000000000000 D=0000000000001000 E=0000000000000000
FA=0040 [0000000001000000] KR=0180 [0000000110000000] EXT=00 COND=1 IDLE=1 IO=0000000000000000
FB=0840 [0000100001000000] SR=0100 R5=0 ROM=0000.0 PREG=0 RAMOP=- RAMREG=090 ROMOP=- ROMREG=09

045A 0A0B ?BUSY
A=0000000000000000 B=0000000000030000 C=0000000000000000 D=0000000000001000 E=0000000000000000
FA=0040 [0000000001000000] KR=0180 [0000000110000000] EXT=00 COND=1 IDLE=1 IO=0000000000000000
FB=0840 [0000100001000000] SR=0100 R5=0 ROM=0000.0 PREG=0 RAMOP=- RAMREG=090 ROMOP=- ROMREG=09

045B 13CC BRNC 0641 +1E6
A=0000000000000000 B=0000000000030000 C=0000000000000000 D=0000000000001000 E=0000000000000000
FA=0040 [0000000001000000] KR=0180 [0000000110000000] EXT=00 COND=0 IDLE=1 IO=0000000000000000
FB=0840 [0000100001000000] SR=0100 R5=0 ROM=0000.0 PREG=0 RAMOP=- RAMREG=090 ROMOP=- ROMREG=09

0641 0098 ?TFB 9
A=0000000000000000 B=0000000000030000 C=0000000000000000 D=0000000000001000 E=0000000000000000
FA=0040 [0000000001000000] KR=0180 [0000000110000000] EXT=00 COND=1 IDLE=1 IO=0000000000000000
FB=0840 [0000100001000000] SR=0100 R5=0 ROM=0000.0 PREG=0 RAMOP=- RAMREG=090 ROMOP=- ROMREG=09

0642 1828 BRC 0656 +014
A=0000000000000000 B=0000000000030000 C=0000000000000000 D=0000000000001000 E=0000000000000000
FA=0040 [0000000001000000] KR=0180 [0000000110000000] EXT=00 COND=1 IDLE=1 IO=0000000000000000
FB=0840 [0000100001000000] SR=0100 R5=0 ROM=0000.0 PREG=0 RAMOP=- RAMREG=090 ROMOP=- ROMREG=09

0656 0AE0 WAIT D14
A=0000000000000000 B=0000000000030000 C=0000000000000000 D=0000000000001000 E=0000000000000000
FA=0040 [0000000001000000] KR=0180 [0000000110000000] EXT=00 COND=1 IDLE=1 IO=0000000000000000
FB=0840 [0000100001000000] SR=0100 R5=0 ROM=0000.0 PREG=0 RAMOP=- RAMREG=090 ROMOP=- ROMREG=09

0657 0820 ?KEY 20
A=0000000000000000 B=0000000000030000 C=0000000000000000 D=0000000000001000 E=0000000000000000
FA=0040 [0000000001000000] KR=0180 [0000000110000000] EXT=00 COND=1 IDLE=1 IO=0000000000000000
FB=0840 [0000100001000000] SR=0100 R5=0 ROM=0000.0 PREG=0 RAMOP=- RAMREG=090 ROMOP=- ROMREG=09

0658 1839 BRC 063C -01C
A=0000000000000000 B=0000000000030000 C=0000000000000000 D=0000000000001000 E=0000000000000000
FA=0040 [0000000001000000] KR=0180 [0000000110000000] EXT=00 COND=1 IDLE=1 IO=0000000000000000
FB=0840 [0000100001000000] SR=0100 R5=0 ROM=0000.0 PREG=0 RAMOP=- RAMREG=090 ROMOP=- ROMREG=09

063C 00C8 ?TFB 12
A=0000000000000000 B=0000000000030000 C=0000000000000000 D=0000000000001000 E=0000000000000000
FA=0040 [0000000001000000] KR=0180 [0000000110000000] EXT=00 COND=1 IDLE=1 IO=0000000000000000
FB=0840 [0000100001000000] SR=0100 R5=0 ROM=0000.0 PREG=0 RAMOP=- RAMREG=090 ROMOP=- ROMREG=09

063D 00A8 ?TFB 10
A=0000000000000000 B=0000000000030000 C=0000000000000000 D=0000000000001000 E=0000000000000000
FA=0040 [0000000001000000] KR=0180 [0000000110000000] EXT=00 COND=1 IDLE=1 IO=0000000000000000
FB=0840 [0000100001000000] SR=0100 R5=0 ROM=0000.0 PREG=0 RAMOP=- RAMREG=090 ROMOP=- ROMREG=09

063E 0AB0 WAIT D11
A=0000000000000000 B=0000000000030000 C=0000000000000000 D=0000000000001000 E=0000000000000000
FA=0040 [0000000001000000] KR=0180 [0000000110000000] EXT=00 COND=1 IDLE=1 IO=0000000000000000
FB=0840 [0000100001000000] SR=0100 R5=0 ROM=0000.0 PREG=0 RAMOP=- RAMREG=090 ROMOP=- ROMREG=09

063F 0A0B ?BUSY
A=0000000000000000 B=0000000000030000 C=0000000000000000 D=0000000000001000 E=0000000000000000
FA=0040 [0000000001000000] KR=0180 [0000000110000000] EXT=00 COND=1 IDLE=1 IO=0000000000000000
FB=0840 [0000100001000000] SR=0100 R5=0 ROM=0000.0 PREG=0 RAMOP=- RAMREG=090 ROMOP=- ROMREG=09

0640 1BCF BRC 0459 -1E7
A=0000000000000000 B=0000000000030000 C=0000000000000000 D=0000000000001000 E=0000000000000000
FA=0040 [0000000001000000] KR=0180 [0000000110000000] EXT=00 COND=1 IDLE=1 IO=0000000000000000
FB=0840 [0000100001000000] SR=0100 R5=0 ROM=0000.0 PREG=0 RAMOP=- RAMREG=090 ROMOP=- ROMREG=09

0459 0A80 WAIT D8
A=0000000000000000 B=0000000000030000 C=0000000000000000 D=0000000000001000 E=0000000000000000
FA=0040 [0000000001000000] KR=0180 [0000000110000000] EXT=00 COND=1 IDLE=1 IO=0000000000000000
FB=0840 [0000100001000000] SR=0100 R5=0 ROM=0000.0 PREG=0 RAMOP=- RAMREG=090 ROMOP=- ROMREG=09

045A 0A0B ?BUSY
A=0000000000000000 B=0000000000030000 C=0000000000000000 D=0000000000001000 E=0000000000000000
FA=0040 [0000000001000000] KR=0180 [0000000110000000] EXT=00 COND=1 IDLE=1 IO=0000000000000000
FB=0840 [0000100001000000] SR=0100 R5=0 ROM=0000.0 PREG=0 RAMOP=- RAMREG=090 ROMOP=- ROMREG=09

045B 13CC BRNC 0641 +1E6
A=0000000000000000 B=0000000000030000 C=0000000000000000 D=0000000000001000 E=0000000000000000
FA=0040 [0000000001000000] KR=0180 [0000000110000000] EXT=00 COND=0 IDLE=1 IO=0000000000000000
FB=0840 [0000100001000000] SR=0100 R5=0 ROM=0000.0 PREG=0 RAMOP=- RAMREG=090 ROMOP=- ROMREG=09

0641 0098 ?TFB 9
A=0000000000000000 B=0000000000030000 C=0000000000000000 D=0000000000001000 E=0000000000000000
FA=0040 [0000000001000000] KR=0180 [0000000110000000] EXT=00 COND=1 IDLE=1 IO=0000000000000000
FB=0840 [0000100001000000] SR=0100 R5=0 ROM=0000.0 PREG=0 RAMOP=- RAMREG=090 ROMOP=- ROMREG=09

0642 1828 BRC 0656 +014
A=0000000000000000 B=0000000000030000 C=0000000000000000 D=0000000000001000 E=0000000000000000
FA=0040 [0000000001000000] KR=0180 [0000000110000000] EXT=00 COND=1 IDLE=1 IO=0000000000000000
FB=0840 [0000100001000000] SR=0100 R5=0 ROM=0000.0 PREG=0 RAMOP=- RAMREG=090 ROMOP=- ROMREG=09

0656 0AE0 WAIT D14
A=0000000000000000 B=0000000000030000 C=0000000000000000 D=0000000000001000 E=0000000000000000
FA=0040 [0000000001000000] KR=0180 [0000000110000000] EXT=00 COND=1 IDLE=1 IO=0000000000000000
FB=0840 [0000100001000000] SR=0100 R5=0 ROM=0000.0 PREG=0 RAMOP=- RAMREG=090 ROMOP=- ROMREG=09

0657 0820 ?KEY 20
A=0000000000000000 B=0000000000030000 C=0000000000000000 D=0000000000001000 E=0000000000000000
FA=0040 [0000000001000000] KR=0180 [0000000110000000] EXT=00 COND=1 IDLE=1 IO=0000000000000000
FB=0840 [0000100001000000] SR=0100 R5=0 ROM=0000.0 PREG=0 RAMOP=- RAMREG=090 ROMOP=- ROMREG=09

0658 1839 BRC 063C -01C
A=0000000000000000 B=0000000000030000 C=0000000000000000 D=0000000000001000 E=0000000000000000
FA=0040 [0000000001000000] KR=0180 [0000000110000000] EXT=00 COND=1 IDLE=1 IO=0000000000000000
FB=0840 [0000100001000000] SR=0100 R5=0 ROM=0000.0 PREG=0 RAMOP=- RAMREG=090 ROMOP=- ROMREG=09

063C 00C8 ?TFB 12
A=0000000000000000 B=0000000000030000 C=0000000000000000 D=0000000000001000 E=0000000000000000
FA=0040 [0000000001000000] KR=0180 [0000000110000000] EXT=00 COND=1 IDLE=1 IO=0000000000000000
FB=0840 [0000100001000000] SR=0100 R5=0 ROM=0000.0 PREG=0 RAMOP=- RAMREG=090 ROMOP=- ROMREG=09

063D 00A8 ?TFB 10
A=0000000000000000 B=0000000000030000 C=0000000000000000 D=0000000000001000 E=0000000000000000
FA=0040 [0000000001000000] KR=0180 [0000000110000000] EXT=00 COND=1 IDLE=1 IO=0000000000000000
FB=0840 [0000100001000000] SR=0100 R5=0 ROM=0000.0 PREG=0 RAMOP=- RAMREG=090 ROMOP=- ROMREG=09

063E 0AB0 WAIT D11
A=0000000000000000 B=0000000000030000 C=0000000000000000 D=0000000000001000 E=0000000000000000
FA=0040 [0000000001000000] KR=0180 [0000000110000000] EXT=00 COND=1 IDLE=1 IO=0000000000000000
FB=0840 [0000100001000000] SR=0100 R5=0 ROM=0000.0 PREG=0 RAMOP=- RAMREG=090 ROMOP=- ROMREG=09

063F 0A0B ?BUSY
A=0000000000000000 B=0000000000030000 C=0000000000000000 D=0000000000001000 E=0000000000000000
FA=0040 [0000000001000000] KR=0180 [0000000110000000] EXT=00 COND=1 IDLE=1 IO=0000000000000000
FB=0840 [0000100001000000] SR=0100 R5=0 ROM=0000.0 PREG=0 RAMOP=- RAMREG=090 ROMOP=- ROMREG=09

0640 1BCF BRC 0459 -1E7
A=0000000000000000 B=0000000000030000 C=0000000000000000 D=0000000000001000 E=0000000000000000
FA=0040 [0000000001000000] KR=0180 [0000000110000000] EXT=00 COND=1 IDLE=1 IO=0000000000000000
FB=0840 [0000100001000000] SR=0100 R5=0 ROM=0000.0 PREG=0 RAMOP=- RAMREG=090 ROMOP=- ROMREG=09

0459 0A80 WAIT D8
A=0000000000000000 B=0000000000030000 C=0000000000000000 D=0000000000001000 E=0000000000000000
FA=0040 [0000000001000000] KR=0180 [0000000110000000] EXT=00 COND=1 IDLE=1 IO=0000000000000000
FB=0840 [0000100001000000] SR=0100 R5=0 ROM=0000.0 PREG=0 RAMOP=- RAMREG=090 ROMOP=- ROMREG=09

045A 0A0B ?BUSY
A=0000000000000000 B=0000000000030000 C=0000000000000000 D=0000000000001000 E=0000000000000000
FA=0040 [0000000001000000] KR=0180 [0000000110000000] EXT=00 COND=1 IDLE=1 IO=0000000000000000
FB=0840 [0000100001000000] SR=0100 R5=0 ROM=0000.0 PREG=0 RAMOP=- RAMREG=090 ROMOP=- ROMREG=09

045B 13CC BRNC 0641 +1E6
A=0000000000000000 B=0000000000030000 C=0000000000000000 D=0000000000001000 E=0000000000000000
FA=0040 [0000000001000000] KR=0180 [0000000110000000] EXT=00 COND=0 IDLE=1 IO=0000000000000000
FB=0840 [0000100001000000] SR=0100 R5=0 ROM=0000.0 PREG=0 RAMOP=- RAMREG=090 ROMOP=- ROMREG=09

0641 0098 ?TFB 9
A=0000000000000000 B=0000000000030000 C=0000000000000000 D=0000000000001000 E=0000000000000000
FA=0040 [0000000001000000] KR=0180 [0000000110000000] EXT=00 COND=1 IDLE=1 IO=0000000000000000
FB=0840 [0000100001000000] SR=0100 R5=0 ROM=0000.0 PREG=0 RAMOP=- RAMREG=090 ROMOP=- ROMREG=09

0642 1828 BRC 0656 +014
A=0000000000000000 B=0000000000030000 C=0000000000000000 D=0000000000001000 E=0000000000000000
FA=0040 [0000000001000000] KR=0180 [0000000110000000] EXT=00 COND=1 IDLE=1 IO=0000000000000000
FB=0840 [0000100001000000] SR=0100 R5=0 ROM=0000.0 PREG=0 RAMOP=- RAMREG=090 ROMOP=- ROMREG=09

0656 0AE0 WAIT D14
A=0000000000000000 B=0000000000030000 C=0000000000000000 D=0000000000001000 E=0000000000000000
FA=0040 [0000000001000000] KR=0180 [0000000110000000] EXT=00 COND=1 IDLE=1 IO=0000000000000000
FB=0840 [0000100001000000] SR=0100 R5=0 ROM=0000.0 PREG=0 RAMOP=- RAMREG=090 ROMOP=- ROMREG=09

0657 0820 ?KEY 20
A=0000000000000000 B=0000000000030000 C=0000000000000000 D=0000000000001000 E=0000000000000000
FA=0040 [0000000001000000] KR=0180 [0000000110000000] EXT=00 COND=1 IDLE=1 IO=0000000000000000
FB=0840 [0000100001000000] SR=0100 R5=0 ROM=0000.0 PREG=0 RAMOP=- RAMREG=090 ROMOP=- ROMREG=09

0658 1839 BRC 063C -01C
A=0000000000000000 B=0000000000030000 C=0000000000000000 D=0000000000001000 E=0000000000000000
FA=0040 [0000000001000000] KR=0180 [0000000110000000] EXT=00 COND=1 IDLE=1 IO=0000000000000000
FB=0840 [0000100001000000] SR=0100 R5=0 ROM=0000.0 PREG=0 RAMOP=- RAMREG=090 ROMOP=- ROMREG=09

063C 00C8 ?TFB 12
A=0000000000000000 B=0000000000030000 C=0000000000000000 D=0000000000001000 E=0000000000000000
FA=0040 [0000000001000000] KR=0180 [0000000110000000] EXT=00 COND=1 IDLE=1 IO=0000000000000000
FB=0840 [0000100001000000] SR=0100 R5=0 ROM=0000.0 PREG=0 RAMOP=- RAMREG=090 ROMOP=- ROMREG=09

063D 00A8 ?TFB 10
A=0000000000000000 B=0000000000030000 C=0000000000000000 D=0000000000001000 E=0000000000000000
FA=0040 [0000000001000000] KR=0180 [0000000110000000] EXT=00 COND=1 IDLE=1 IO=0000000000000000
FB=0840 [0000100001000000] SR=0100 R5=0 ROM=0000.0 PREG=0 RAMOP=- RAMREG=090 ROMOP=- ROMREG=09

063E 0AB0 WAIT D11
A=0000000000000000 B=0000000000030000 C=0000000000000000 D=0000000000001000 E=0000000000000000
FA=0040 [0000000001000000] KR=0180 [0000000110000000] EXT=00 COND=1 IDLE=1 IO=0000000000000000
FB=0840 [0000100001000000] SR=0100 R5=0 ROM=0000.0 PREG=0 RAMOP=- RAMREG=090 ROMOP=- ROMREG=09

063F 0A0B ?BUSY
A=0000000000000000 B=0000000000030000 C=0000000000000000 D=0000000000001000 E=0000000000000000
FA=0040 [0000000001000000] KR=0180 [0000000110000000] EXT=00 COND=1 IDLE=1 IO=0000000000000000
FB=0840 [0000100001000000] SR=0100 R5=0 ROM=0000.0 PREG=0 RAMOP=- RAMREG=090 ROMOP=- ROMREG=09

0640 1BCF BRC 0459 -1E7
A=0000000000000000 B=0000000000030000 C=0000000000000000 D=0000000000001000 E=0000000000000000
FA=0040 [0000000001000000] KR=0180 [0000000110000000] EXT=00 COND=1 IDLE=1 IO=0000000000000000
FB=0840 [0000100001000000] SR=0100 R5=0 ROM=0000.0 PREG=0 RAMOP=- RAMREG=090 ROMOP=- ROMREG=09

0459 0A80 WAIT D8
A=0000000000000000 B=0000000000030000 C=0000000000000000 D=0000000000001000 E=0000000000000000
FA=0040 [0000000001000000] KR=0180 [0000000110000000] EXT=00 COND=1 IDLE=1 IO=0000000000000000
FB=0840 [0000100001000000] SR=0100 R5=0 ROM=0000.0 PREG=0 RAMOP=- RAMREG=090 ROMOP=- ROMREG=09

045A 0A0B ?BUSY
A=0000000000000000 B=0000000000030000 C=0000000000000000 D=0000000000001000 E=0000000000000000
FA=0040 [0000000001000000] KR=0180 [0000000110000000] EXT=00 COND=1 IDLE=1 IO=0000000000000000
FB=0840 [0000100001000000] SR=0100 R5=0 ROM=0000.0 PREG=0 RAMOP=- RAMREG=090 ROMOP=- ROMREG=09

045B 13CC BRNC 0641 +1E6
A=0000000000000000 B=0000000000030000 C=0000000000000000 D=0000000000001000 E=0000000000000000
FA=0040 [0000000001000000] KR=0180 [0000000110000000] EXT=00 COND=0 IDLE=1 IO=0000000000000000
FB=0840 [0000100001000000] SR=0100 R5=0 ROM=0000.0 PREG=0 RAMOP=- RAMREG=090 ROMOP=- ROMREG=09

0641 0098 ?TFB 9
A=0000000000000000 B=0000000000030000 C=0000000000000000 D=0000000000001000 E=0000000000000000
FA=0040 [0000000001000000] KR=0180 [0000000110000000] EXT=00 COND=1 IDLE=1 IO=0000000000000000
FB=0840 [0000100001000000] SR=0100 R5=0 ROM=0000.0 PREG=0 RAMOP=- RAMREG=090 ROMOP=- ROMREG=09

0642 1828 BRC 0656 +014
A=0000000000000000 B=0000000000030000 C=0000000000000000 D=0000000000001000 E=0000000000000000
FA=0040 [0000000001000000] KR=0180 [0000000110000000] EXT=00 COND=1 IDLE=1 IO=0000000000000000
FB=0840 [0000100001000000] SR=0100 R5=0 ROM=0000.0 PREG=0 RAMOP=- RAMREG=090 ROMOP=- ROMREG=09

0656 0AE0 WAIT D14
A=0000000000000000 B=0000000000030000 C=0000000000000000 D=0000000000001000 E=0000000000000000
FA=0040 [0000000001000000] KR=0180 [0000000110000000] EXT=00 COND=1 IDLE=1 IO=0000000000000000
FB=0840 [0000100001000000] SR=0100 R5=0 ROM=0000.0 PREG=0 RAMOP=- RAMREG=090 ROMOP=- ROMREG=09

0657 0820 ?KEY 20
A=0000000000000000 B=0000000000030000 C=0000000000000000 D=0000000000001000 E=0000000000000000
FA=0040 [0000000001000000] KR=0180 [0000000110000000] EXT=00 COND=1 IDLE=1 IO=0000000000000000
FB=0840 [0000100001000000] SR=0100 R5=0 ROM=0000.0 PREG=0 RAMOP=- RAMREG=090 ROMOP=- ROMREG=09

0658 1839 BRC 063C -01C
A=0000000000000000 B=0000000000030000 C=0000000000000000 D=0000000000001000 E=0000000000000000
FA=0040 [0000000001000000] KR=0180 [0000000110000000] EXT=00 COND=1 IDLE=1 IO=0000000000000000
FB=0840 [0000100001000000] SR=0100 R5=0 ROM=0000.0 PREG=0 RAMOP=- RAMREG=090 ROMOP=- ROMREG=09

063C 00C8 ?TFB 12
A=0000000000000000 B=0000000000030000 C=0000000000000000 D=0000000000001000 E=0000000000000000
FA=0040 [0000000001000000] KR=0180 [0000000110000000] EXT=00 COND=1 IDLE=1 IO=0000000000000000
FB=0840 [0000100001000000] SR=0100 R5=0 ROM=0000.0 PREG=0 RAMOP=- RAMREG=090 ROMOP=- ROMREG=09

063D 00A8 ?TFB 10
A=0000000000000000 B=0000000000030000 C=0000000000000000 D=0000000000001000 E=0000000000000000
FA=0040 [0000000001000000] KR=0180 [0000000110000000] EXT=00 COND=1 IDLE=1 IO=0000000000000000
FB=0840 [0000100001000000] SR=0100 R5=0 ROM=0000.0 PREG=0 RAMOP=- RAMREG=090 ROMOP=- ROMREG=09

063E 0AB0 WAIT D11
A=0000000000000000 B=0000000000030000 C=0000000000000000 D=0000000000001000 E=0000000000000000
FA=0040 [0000000001000000] KR=0180 [0000000110000000] EXT=00 COND=1 IDLE=1 IO=0000000000000000
FB=0840 [0000100001000000] SR=0100 R5=0 ROM=0000.0 PREG=0 RAMOP=- RAMREG=090 ROMOP=- ROMREG=09

063F 0A0B ?BUSY
A=0000000000000000 B=0000000000030000 C=0000000000000000 D=0000000000001000 E=0000000000000000
FA=0040 [0000000001000000] KR=0180 [0000000110000000] EXT=00 COND=1 IDLE=1 IO=0000000000000000
FB=0840 [0000100001000000] SR=0100 R5=0 ROM=0000.0 PREG=0 RAMOP=- RAMREG=090 ROMOP=- ROMREG=09

0640 1BCF BRC 0459 -1E7
A=0000000000000000 B=0000000000030000 C=0000000000000000 D=0000000000001000 E=0000000000000000
FA=0040 [0000000001000000] KR=0180 [0000000110000000] EXT=00 COND=1 IDLE=1 IO=0000000000000000
FB=0840 [0000100001000000] SR=0100 R5=0 ROM=0000.0 PREG=0 RAMOP=- RAMREG=090 ROMOP=- ROMREG=09

0459 0A80 WAIT D8
A=0000000000000000 B=0000000000030000 C=0000000000000000 D=0000000000001000 E=0000000000000000
FA=0040 [0000000001000000] KR=0180 [0000000110000000] EXT=00 COND=1 IDLE=1 IO=0000000000000000
FB=0840 [0000100001000000] SR=0100 R5=0 ROM=0000.0 PREG=0 RAMOP=- RAMREG=090 ROMOP=- ROMREG=09

045A 0A0B ?BUSY
A=0000000000000000 B=0000000000030000 C=0000000000000000 D=0000000000001000 E=0000000000000000
FA=0040 [0000000001000000] KR=0180 [0000000110000000] EXT=00 COND=1 IDLE=1 IO=0000000000000000
FB=0840 [0000100001000000] SR=0100 R5=0 ROM=0000.0 PREG=0 RAMOP=- RAMREG=090 ROMOP=- ROMREG=09

045B 13CC BRNC 0641 +1E6
A=0000000000000000 B=0000000000030000 C=0000000000000000 D=0000000000001000 E=0000000000000000
FA=0040 [0000000001000000] KR=0180 [0000000110000000] EXT=00 COND=0 IDLE=1 IO=0000000000000000
FB=0840 [0000100001000000] SR=0100 R5=0 ROM=0000.0 PREG=0 RAMOP=- RAMREG=090 ROMOP=- ROMREG=09

0641 0098 ?TFB 9
A=0000000000000000 B=0000000000030000 C=0000000000000000 D=0000000000001000 E=0000000000000000
FA=0040 [0000000001000000] KR=0180 [0000000110000000] EXT=00 COND=1 IDLE=1 IO=0000000000000000
FB=0840 [0000100001000000] SR=0100 R5=0 ROM=0000.0 PREG=0 RAMOP=- RAMREG=090 ROMOP=- ROMREG=09

0642 1828 BRC 0656 +014
A=0000000000000000 B=0000000000030000 C=0000000000000000 D=0000000000001000 E=0000000000000000
FA=0040 [0000000001000000] KR=0180 [0000000110000000] EXT=00 COND=1 IDLE=1 IO=0000000000000000
FB=0840 [0000100001000000] SR=0100 R5=0 ROM=0000.0 PREG=0 RAMOP=- RAMREG=090 ROMOP=- ROMREG=09

0656 0AE0 WAIT D14
A=0000000000000000 B=0000000000030000 C=0000000000000000 D=0000000000001000 E=0000000000000000
FA=0040 [0000000001000000] KR=0180 [0000000110000000] EXT=00 COND=1 IDLE=1 IO=0000000000000000
FB=0840 [0000100001000000] SR=0100 R5=0 ROM=0000.0 PREG=0 RAMOP=- RAMREG=090 ROMOP=- ROMREG=09

0657 0820 ?KEY 20
A=0000000000000000 B=0000000000030000 C=0000000000000000 D=0000000000001000 E=0000000000000000
FA=0040 [0000000001000000] KR=0180 [0000000110000000] EXT=00 COND=1 IDLE=1 IO=0000000000000000
FB=0840 [0000100001000000] SR=0100 R5=0 ROM=0000.0 PREG=0 RAMOP=- RAMREG=090 ROMOP=- ROMREG=09

0658 1839 BRC 063C -01C
A=0000000000000000 B=0000000000030000 C=0000000000000000 D=0000000000001000 E=0000000000000000
FA=0040 [0000000001000000] KR=0180 [0000000110000000] EXT=00 COND=1 IDLE=1 IO=0000000000000000
FB=0840 [0000100001000000] SR=0100 R5=0 ROM=0000.0 PREG=0 RAMOP=- RAMREG=090 ROMOP=- ROMREG=09

063C 00C8 ?TFB 12
A=0000000000000000 B=0000000000030000 C=0000000000000000 D=0000000000001000 E=0000000000000000
FA=0040 [0000000001000000] KR=0180 [0000000110000000] EXT=00 COND=1 IDLE=1 IO=0000000000000000
FB=0840 [0000100001000000] SR=0100 R5=0 ROM=0000.0 PREG=0 RAMOP=- RAMREG=090 ROMOP=- ROMREG=09

063D 00A8 ?TFB 10
A=0000000000000000 B=0000000000030000 C=0000000000000000 D=0000000000001000 E=0000000000000000
FA=0040 [0000000001000000] KR=0180 [0000000110000000] EXT=00 COND=1 IDLE=1 IO=0000000000000000
FB=0840 [0000100001000000] SR=0100 R5=0 ROM=0000.0 PREG=0 RAMOP=- RAMREG=090 ROMOP=- ROMREG=09

063E 0AB0 WAIT D11
A=0000000000000000 B=0000000000030000 C=0000000000000000 D=0000000000001000 E=0000000000000000
FA=0040 [0000000001000000] KR=0180 [0000000110000000] EXT=00 COND=1 IDLE=1 IO=0000000000000000
FB=0840 [0000100001000000] SR=0100 R5=0 ROM=0000.0 PREG=0 RAMOP=- RAMREG=090 ROMOP=- ROMREG=09

063F 0A0B ?BUSY
A=0000000000000000 B=0000000000030000 C=0000000000000000 D=0000000000001000 E=0000000000000000
FA=0040 [0000000001000000] KR=0180 [0000000110000000] EXT=00 COND=1 IDLE=1 IO=0000000000000000
FB=0840 [0000100001000000] SR=0100 R5=0 ROM=0000.0 PREG=0 RAMOP=- RAMREG=090 ROMOP=- ROMREG=09

0640 1BCF BRC 0459 -1E7
A=0000000000000000 B=0000000000030000 C=0000000000000000 D=0000000000001000 E=0000000000000000
FA=0040 [0000000001000000] KR=0180 [0000000110000000] EXT=00 COND=1 IDLE=1 IO=0000000000000000
FB=0840 [0000100001000000] SR=0100 R5=0 ROM=0000.0 PREG=0 RAMOP=- RAMREG=090 ROMOP=- ROMREG=09

0459 0A80 WAIT D8
A=0000000000000000 B=0000000000030000 C=0000000000000000 D=0000000000001000 E=0000000000000000
FA=0040 [0000000001000000] KR=0180 [0000000110000000] EXT=00 COND=1 IDLE=1 IO=0000000000000000
FB=0840 [0000100001000000] SR=0100 R5=0 ROM=0000.0 PREG=0 RAMOP=- RAMREG=090 ROMOP=- ROMREG=09

045A 0A0B ?BUSY
A=0000000000000000 B=0000000000030000 C=0000000000000000 D=0000000000001000 E=0000000000000000
FA=0040 [0000000001000000] KR=0180 [0000000110000000] EXT=00 COND=1 IDLE=1 IO=0000000000000000
FB=0840 [0000100001000000] SR=0100 R5=0 ROM=0000.0 PREG=0 RAMOP=- RAMREG=090 ROMOP=- ROMREG=09

045B 13CC BRNC 0641 +1E6
A=0000000000000000 B=0000000000030000 C=0000000000000000 D=0000000000001000 E=0000000000000000
FA=0040 [0000000001000000] KR=0180 [0000000110000000] EXT=00 COND=0 IDLE=1 IO=0000000000000000
FB=0840 [0000100001000000] SR=0100 R5=0 ROM=0000.0 PREG=0 RAMOP=- RAMREG=090 ROMOP=- ROMREG=09

0641 0098 ?TFB 9
A=0000000000000000 B=0000000000030000 C=0000000000000000 D=0000000000001000 E=0000000000000000
FA=0040 [0000000001000000] KR=0180 [0000000110000000] EXT=00 COND=1 IDLE=1 IO=0000000000000000
FB=0840 [0000100001000000] SR=0100 R5=0 ROM=0000.0 PREG=0 RAMOP=- RAMREG=090 ROMOP=- ROMREG=09

0642 1828 BRC 0656 +014
A=0000000000000000 B=0000000000030000 C=0000000000000000 D=0000000000001000 E=0000000000000000
FA=0040 [0000000001000000] KR=0180 [0000000110000000] EXT=00 COND=1 IDLE=1 IO=0000000000000000
FB=0840 [0000100001000000] SR=0100 R5=0 ROM=0000.0 PREG=0 RAMOP=- RAMREG=090 ROMOP=- ROMREG=09

0656 0AE0 WAIT D14
A=0000000000000000 B=0000000000030000 C=0000000000000000 D=0000000000001000 E=0000000000000000
FA=0040 [0000000001000000] KR=0180 [0000000110000000] EXT=00 COND=1 IDLE=1 IO=0000000000000000
FB=0840 [0000100001000000] SR=0100 R5=0 ROM=0000.0 PREG=0 RAMOP=- RAMREG=090 ROMOP=- ROMREG=09

0657 0820 ?KEY 20
A=0000000000000000 B=0000000000030000 C=0000000000000000 D=0000000000001000 E=0000000000000000
FA=0040 [0000000001000000] KR=0180 [0000000110000000] EXT=00 COND=1 IDLE=1 IO=0000000000000000
FB=0840 [0000100001000000] SR=0100 R5=0 ROM=0000.0 PREG=0 RAMOP=- RAMREG=090 ROMOP=- ROMREG=09

0658 1839 BRC 063C -01C
A=0000000000000000 B=0000000000030000 C=0000000000000000 D=0000000000001000 E=0000000000000000
FA=0040 [0000000001000000] KR=0180 [0000000110000000] EXT=00 COND=1 IDLE=1 IO=0000000000000000
FB=0840 [0000100001000000] SR=0100 R5=0 ROM=0000.0 PREG=0 RAMOP=- RAMREG=090 ROMOP=- ROMREG=09

063C 00C8 ?TFB 12
A=0000000000000000 B=0000000000030000 C=0000000000000000 D=0000000000001000 E=0000000000000000
FA=0040 [0000000001000000] KR=0180 [0000000110000000] EXT=00 COND=1 IDLE=1 IO=0000000000000000
FB=0840 [0000100001000000] SR=0100 R5=0 ROM=0000.0 PREG=0 RAMOP=- RAMREG=090 ROMOP=- ROMREG=09

063D 00A8 ?TFB 10
A=0000000000000000 B=0000000000030000 C=0000000000000000 D=0000000000001000 E=0000000000000000
FA=0040 [0000000001000000] KR=0180 [0000000110000000] EXT=00 COND=1 IDLE=1 IO=0000000000000000
FB=0840 [0000100001000000] SR=0100 R5=0 ROM=0000.0 PREG=0 RAMOP=- RAMREG=090 ROMOP=- ROMREG=09

063E 0AB0 WAIT D11
A=0000000000000000 B=0000000000030000 C=0000000000000000 D=0000000000001000 E=0000000000000000
FA=0040 [0000000001000000] KR=0180 [0000000110000000] EXT=00 COND=1 IDLE=1 IO=0000000000000000
FB=0840 [0000100001000000] SR=0100 R5=0 ROM=0000.0 PREG=0 RAMOP=- RAMREG=090 ROMOP=- ROMREG=09

063F 0A0B ?BUSY
A=0000000000000000 B=0000000000030000 C=0000000000000000 D=0000000000001000 E=0000000000000000
FA=0040 [0000000001000000] KR=0180 [0000000110000000] EXT=00 COND=1 IDLE=1 IO=0000000000000000
FB=0840 [0000100001000000] SR=0100 R5=0 ROM=0000.0 PREG=0 RAMOP=- RAMREG=090 ROMOP=- ROMREG=09

0640 1BCF BRC 0459 -1E7
A=0000000000000000 B=0000000000030000 C=0000000000000000 D=0000000000001000 E=0000000000000000
FA=0040 [0000000001000000] KR=0180 [0000000110000000] EXT=00 COND=1 IDLE=1 IO=0000000000000000
FB=0840 [0000100001000000] SR=0100 R5=0 ROM=0000.0 PREG=0 RAMOP=- RAMREG=090 ROMOP=- ROMREG=09

0459 0A80 WAIT D8
A=0000000000000000 B=0000000000030000 C=0000000000000000 D=0000000000001000 E=0000000000000000
FA=0040 [0000000001000000] KR=0180 [0000000110000000] EXT=00 COND=1 IDLE=1 IO=0000000000000000
FB=0840 [0000100001000000] SR=0100 R5=0 ROM=0000.0 PREG=0 RAMOP=- RAMREG=090 ROMOP=- ROMREG=09

045A 0A0B ?BUSY
A=0000000000000000 B=0000000000030000 C=0000000000000000 D=0000000000001000 E=0000000000000000
FA=0040 [0000000001000000] KR=0180 [0000000110000000] EXT=00 COND=1 IDLE=1 IO=0000000000000000
FB=0840 [0000100001000000] SR=0100 R5=0 ROM=0000.0 PREG=0 RAMOP=- RAMREG=090 ROMOP=- ROMREG=09

045B 13CC BRNC 0641 +1E6
A=0000000000000000 B=0000000000030000 C=0000000000000000 D=0000000000001000 E=0000000000000000
FA=0040 [0000000001000000] KR=0180 [0000000110000000] EXT=00 COND=0 IDLE=1 IO=0000000000000000
FB=0840 [0000100001000000] SR=0100 R5=0 ROM=0000.0 PREG=0 RAMOP=- RAMREG=090 ROMOP=- ROMREG=09

0641 0098 ?TFB 9
A=0000000000000000 B=0000000000030000 C=0000000000000000 D=0000000000001000 E=0000000000000000
FA=0040 [0000000001000000] KR=0180 [0000000110000000] EXT=00 COND=1 IDLE=1 IO=0000000000000000
FB=0840 [0000100001000000] SR=0100 R5=0 ROM=0000.0 PREG=0 RAMOP=- RAMREG=090 ROMOP=- ROMREG=09

0642 1828 BRC 0656 +014
A=0000000000000000 B=0000000000030000 C=0000000000000000 D=0000000000001000 E=0000000000000000
FA=0040 [0000000001000000] KR=0180 [0000000110000000] EXT=00 COND=1 IDLE=1 IO=0000000000000000
FB=0840 [0000100001000000] SR=0100 R5=0 ROM=0000.0 PREG=0 RAMOP=- RAMREG=090 ROMOP=- ROMREG=09

0656 0AE0 WAIT D14
A=0000000000000000 B=0000000000030000 C=0000000000000000 D=0000000000001000 E=0000000000000000
FA=0040 [0000000001000000] KR=0180 [0000000110000000] EXT=00 COND=1 IDLE=1 IO=0000000000000000
FB=0840 [0000100001000000] SR=0100 R5=0 ROM=0000.0 PREG=0 RAMOP=- RAMREG=090 ROMOP=- ROMREG=09

0657 0820 ?KEY 20
A=0000000000000000 B=0000000000030000 C=0000000000000000 D=0000000000001000 E=0000000000000000
FA=0040 [0000000001000000] KR=0180 [0000000110000000] EXT=00 COND=1 IDLE=1 IO=0000000000000000
FB=0840 [0000100001000000] SR=0100 R5=0 ROM=0000.0 PREG=0 RAMOP=- RAMREG=090 ROMOP=- ROMREG=09

0658 1839 BRC 063C -01C
A=0000000000000000 B=0000000000030000 C=0000000000000000 D=0000000000001000 E=0000000000000000
FA=0040 [0000000001000000] KR=0180 [0000000110000000] EXT=00 COND=1 IDLE=1 IO=0000000000000000
FB=0840 [0000100001000000] SR=0100 R5=0 ROM=0000.0 PREG=0 RAMOP=- RAMREG=090 ROMOP=- ROMREG=09

063C 00C8 ?TFB 12
A=0000000000000000 B=0000000000030000 C=0000000000000000 D=0000000000001000 E=0000000000000000
FA=0040 [0000000001000000] KR=0180 [0000000110000000] EXT=00 COND=1 IDLE=1 IO=0000000000000000
FB=0840 [0000100001000000] SR=0100 R5=0 ROM=0000.0 PREG=0 RAMOP=- RAMREG=090 ROMOP=- ROMREG=09

063D 00A8 ?TFB 10
A=0000000000000000 B=0000000000030000 C=0000000000000000 D=0000000000001000 E=0000000000000000
FA=0040 [0000000001000000] KR=0180 [0000000110000000] EXT=00 COND=1 IDLE=1 IO=0000000000000000
FB=0840 [0000100001000000] SR=0100 R5=0 ROM=0000.0 PREG=0 RAMOP=- RAMREG=090 ROMOP=- ROMREG=09

063E 0AB0 WAIT D11
A=0000000000000000 B=0000000000030000 C=0000000000000000 D=0000000000001000 E=0000000000000000
FA=0040 [0000000001000000] KR=0180 [0000000110000000] EXT=00 COND=1 IDLE=1 IO=0000000000000000
FB=0840 [0000100001000000] SR=0100 R5=0 ROM=0000.0 PREG=0 RAMOP=- RAMREG=090 ROMOP=- ROMREG=09

063F 0A0B ?BUSY
A=0000000000000000 B=0000000000030000 C=0000000000000000 D=0000000000001000 E=0000000000000000
FA=0040 [0000000001000000] KR=0180 [0000000110000000] EXT=00 COND=1 IDLE=1 IO=0000000000000000
FB=0840 [0000100001000000] SR=0100 R5=0 ROM=0000.0 PREG=0 RAMOP=- RAMREG=090 ROMOP=- ROMREG=09

0640 1BCF BRC 0459 -1E7
A=0000000000000000 B=0000000000030000 C=0000000000000000 D=0000000000001000 E=0000000000000000
FA=0040 [0000000001000000] KR=0180 [0000000110000000] EXT=00 COND=1 IDLE=1 IO=0000000000000000
FB=0840 [0000100001000000] SR=0100 R5=0 ROM=0000.0 PREG=0 RAMOP=- RAMREG=090 ROMOP=- ROMREG=09

0459 0A80 WAIT D8
A=0000000000000000 B=0000000000030000 C=0000000000000000 D=0000000000001000 E=0000000000000000
FA=0040 [0000000001000000] KR=0180 [0000000110000000] EXT=00 COND=1 IDLE=1 IO=0000000000000000
FB=0840 [0000100001000000] SR=0100 R5=0 ROM=0000.0 PREG=0 RAMOP=- RAMREG=090 ROMOP=- ROMREG=09

045A 0A0B ?BUSY
A=0000000000000000 B=0000000000030000 C=0000000000000000 D=0000000000001000 E=0000000000000000
FA=0040 [0000000001000000] KR=0180 [0000000110000000] EXT=00 COND=1 IDLE=1 IO=0000000000000000
FB=0840 [0000100001000000] SR=0100 R5=0 ROM=0000.0 PREG=0 RAMOP=- RAMREG=090 ROMOP=- ROMREG=09

045B 13CC BRNC 0641 +1E6
A=0000000000000000 B=0000000000030000 C=0000000000000000 D=0000000000001000 E=0000000000000000
FA=0040 [0000000001000000] KR=0180 [0000000110000000] EXT=00 COND=0 IDLE=1 IO=0000000000000000
FB=0840 [0000100001000000] SR=0100 R5=0 ROM=0000.0 PREG=0 RAMOP=- RAMREG=090 ROMOP=- ROMREG=09

0641 0098 ?TFB 9
A=0000000000000000 B=0000000000030000 C=0000000000000000 D=0000000000001000 E=0000000000000000
FA=0040 [0000000001000000] KR=0180 [0000000110000000] EXT=00 COND=1 IDLE=1 IO=0000000000000000
FB=0840 [0000100001000000] SR=0100 R5=0 ROM=0000.0 PREG=0 RAMOP=- RAMREG=090 ROMOP=- ROMREG=09

0642 1828 BRC 0656 +014
A=0000000000000000 B=0000000000030000 C=0000000000000000 D=0000000000001000 E=0000000000000000
FA=0040 [0000000001000000] KR=0180 [0000000110000000] EXT=00 COND=1 IDLE=1 IO=0000000000000000
FB=0840 [0000100001000000] SR=0100 R5=0 ROM=0000.0 PREG=0 RAMOP=- RAMREG=090 ROMOP=- ROMREG=09

0656 0AE0 WAIT D14
A=0000000000000000 B=0000000000030000 C=0000000000000000 D=0000000000001000 E=0000000000000000
FA=0040 [0000000001000000] KR=0180 [0000000110000000] EXT=00 COND=1 IDLE=1 IO=0000000000000000
FB=0840 [0000100001000000] SR=0100 R5=0 ROM=0000.0 PREG=0 RAMOP=- RAMREG=090 ROMOP=- ROMREG=09

0657 0820 ?KEY 20
A=0000000000000000 B=0000000000030000 C=0000000000000000 D=0000000000001000 E=0000000000000000
FA=0040 [0000000001000000] KR=0180 [0000000110000000] EXT=00 COND=1 IDLE=1 IO=0000000000000000
FB=0840 [0000100001000000] SR=0100 R5=0 ROM=0000.0 PREG=0 RAMOP=- RAMREG=090 ROMOP=- ROMREG=09

0658 1839 BRC 063C -01C
A=0000000000000000 B=0000000000030000 C=0000000000000000 D=0000000000001000 E=0000000000000000
FA=0040 [0000000001000000] KR=0180 [0000000110000000] EXT=00 COND=1 IDLE=1 IO=0000000000000000
FB=0840 [0000100001000000] SR=0100 R5=0 ROM=0000.0 PREG=0 RAMOP=- RAMREG=090 ROMOP=- ROMREG=09

063C 00C8 ?TFB 12
A=0000000000000000 B=0000000000030000 C=0000000000000000 D=0000000000001000 E=0000000000000000
FA=0040 [0000000001000000] KR=0180 [0000000110000000] EXT=00 COND=1 IDLE=1 IO=0000000000000000
FB=0840 [0000100001000000] SR=0100 R5=0 ROM=0000.0 PREG=0 RAMOP=- RAMREG=090 ROMOP=- ROMREG=09

063D 00A8 ?TFB 10
A=0000000000000000 B=0000000000030000 C=0000000000000000 D=0000000000001000 E=0000000000000000
FA=0040 [0000000001000000] KR=0180 [0000000110000000] EXT=00 COND=1 IDLE=1 IO=0000000000000000
FB=0840 [0000100001000000] SR=0100 R5=0 ROM=0000.0 PREG=0 RAMOP=- RAMREG=090 ROMOP=- ROMREG=09

063E 0AB0 WAIT D11
A=0000000000000000 B=0000000000030000 C=0000000000000000 D=0000000000001000 E=0000000000000000
FA=0040 [0000000001000000] KR=0180 [0000000110000000] EXT=00 COND=1 IDLE=1 IO=0000000000000000
FB=0840 [0000100001000000] SR=0100 R5=0 ROM=0000.0 PREG=0 RAMOP=- RAMREG=090 ROMOP=- ROMREG=09

063F 0A0B ?BUSY
A=0000000000000000 B=0000000000030000 C=0000000000000000 D=0000000000001000 E=0000000000000000
FA=0040 [0000000001000000] KR=0180 [0000000110000000] EXT=00 COND=1 IDLE=1 IO=0000000000000000
FB=0840 [0000100001000000] SR=0100 R5=0 ROM=0000.0 PREG=0 RAMOP=- RAMREG=090 ROMOP=- ROMREG=09

0640 1BCF BRC 0459 -1E7
A=0000000000000000 B=0000000000030000 C=0000000000000000 D=0000000000001000 E=0000000000000000
FA=0040 [0000000001000000] KR=0180 [0000000110000000] EXT=00 COND=1 IDLE=1 IO=0000000000000000
FB=0840 [0000100001000000] SR=0100 R5=0 ROM=0000.0 PREG=0 RAMOP=- RAMREG=090 ROMOP=- ROMREG=09

0459 0A80 WAIT D8
A=0000000000000000 B=0000000000030000 C=0000000000000000 D=0000000000001000 E=0000000000000000
FA=0040 [0000000001000000] KR=0180 [0000000110000000] EXT=00 COND=1 IDLE=1 IO=0000000000000000
FB=0840 [0000100001000000] SR=0100 R5=0 ROM=0000.0 PREG=0 RAMOP=- RAMREG=090 ROMOP=- ROMREG=09

045A 0A0B ?BUSY
A=0000000000000000 B=0000000000030000 C=0000000000000000 D=0000000000001000 E=0000000000000000
FA=0040 [0000000001000000] KR=0180 [0000000110000000] EXT=00 COND=1 IDLE=1 IO=0000000000000000
FB=0840 [0000100001000000] SR=0100 R5=0 ROM=0000.0 PREG=0 RAMOP=- RAMREG=090 ROMOP=- ROMREG=09

045B 13CC BRNC 0641 +1E6
A=0000000000000000 B=0000000000030000 C=0000000000000000 D=0000000000001000 E=0000000000000000
FA=0040 [0000000001000000] KR=0180 [0000000110000000] EXT=00 COND=0 IDLE=1 IO=0000000000000000
FB=0840 [0000100001000000] SR=0100 R5=0 ROM=0000.0 PREG=0 RAMOP=- RAMREG=090 ROMOP=- ROMREG=09

0641 0098 ?TFB 9
A=0000000000000000 B=0000000000030000 C=0000000000000000 D=0000000000001000 E=0000000000000000
FA=0040 [0000000001000000] KR=0180 [0000000110000000] EXT=00 COND=1 IDLE=1 IO=0000000000000000
FB=0840 [0000100001000000] SR=0100 R5=0 ROM=0000.0 PREG=0 RAMOP=- RAMREG=090 ROMOP=- ROMREG=09

0642 1828 BRC 0656 +014
A=0000000000000000 B=0000000000030000 C=0000000000000000 D=0000000000001000 E=0000000000000000
FA=0040 [0000000001000000] KR=0180 [0000000110000000] EXT=00 COND=1 IDLE=1 IO=0000000000000000
FB=0840 [0000100001000000] SR=0100 R5=0 ROM=0000.0 PREG=0 RAMOP=- RAMREG=090 ROMOP=- ROMREG=09

0656 0AE0 WAIT D14
A=0000000000000000 B=0000000000030000 C=0000000000000000 D=0000000000001000 E=0000000000000000
FA=0040 [0000000001000000] KR=0180 [0000000110000000] EXT=00 COND=1 IDLE=1 IO=0000000000000000
FB=0840 [0000100001000000] SR=0100 R5=0 ROM=0000.0 PREG=0 RAMOP=- RAMREG=090 ROMOP=- ROMREG=09

0657 0820 ?KEY 20
A=0000000000000000 B=0000000000030000 C=0000000000000000 D=0000000000001000 E=0000000000000000
FA=0040 [0000000001000000] KR=0180 [0000000110000000] EXT=00 COND=1 IDLE=1 IO=0000000000000000
FB=0840 [0000100001000000] SR=0100 R5=0 ROM=0000.0 PREG=0 RAMOP=- RAMREG=090 ROMOP=- ROMREG=09

0658 1839 BRC 063C -01C
A=0000000000000000 B=0000000000030000 C=0000000000000000 D=0000000000001000 E=0000000000000000
FA=0040 [0000000001000000] KR=0180 [0000000110000000] EXT=00 COND=1 IDLE=1 IO=0000000000000000
FB=0840 [0000100001000000] SR=0100 R5=0 ROM=0000.0 PREG=0 RAMOP=- RAMREG=090 ROMOP=- ROMREG=09

063C 00C8 ?TFB 12
A=0000000000000000 B=0000000000030000 C=0000000000000000 D=0000000000001000 E=0000000000000000
FA=0040 [0000000001000000] KR=0180 [0000000110000000] EXT=00 COND=1 IDLE=1 IO=0000000000000000
FB=0840 [0000100001000000] SR=0100 R5=0 ROM=0000.0 PREG=0 RAMOP=- RAMREG=090 ROMOP=- ROMREG=09

063D 00A8 ?TFB 10
A=0000000000000000 B=0000000000030000 C=0000000000000000 D=0000000000001000 E=0000000000000000
FA=0040 [0000000001000000] KR=0180 [0000000110000000] EXT=00 COND=1 IDLE=1 IO=0000000000000000
FB=0840 [0000100001000000] SR=0100 R5=0 ROM=0000.0 PREG=0 RAMOP=- RAMREG=090 ROMOP=- ROMREG=09

063E 0AB0 WAIT D11
A=0000000000000000 B=0000000000030000 C=0000000000000000 D=0000000000001000 E=0000000000000000
FA=0040 [0000000001000000] KR=0180 [0000000110000000] EXT=00 COND=1 IDLE=1 IO=0000000000000000
FB=0840 [0000100001000000] SR=0100 R5=0 ROM=0000.0 PREG=0 RAMOP=- RAMREG=090 ROMOP=- ROMREG=09

063F 0A0B ?BUSY
A=0000000000000000 B=0000000000030000 C=0000000000000000 D=0000000000001000 E=0000000000000000
FA=0040 [0000000001000000] KR=0180 [0000000110000000] EXT=00 COND=1 IDLE=1 IO=0000000000000000
FB=0840 [0000100001000000] SR=0100 R5=0 ROM=0000.0 PREG=0 RAMOP=- RAMREG=090 ROMOP=- ROMREG=09

0640 1BCF BRC 0459 -1E7
A=0000000000000000 B=0000000000030000 C=0000000000000000 D=0000000000001000 E=0000000000000000
FA=0040 [0000000001000000] KR=0180 [0000000110000000] EXT=00 COND=1 IDLE=1 IO=0000000000000000
FB=0840 [0000100001000000] SR=0100 R5=0 ROM=0000.0 PREG=0 RAMOP=- RAMREG=090 ROMOP=- ROMREG=09

0459 0A80 WAIT D8
A=0000000000000000 B=0000000000030000 C=0000000000000000 D=0000000000001000 E=0000000000000000
FA=0040 [0000000001000000] KR=0180 [0000000110000000] EXT=00 COND=1 IDLE=1 IO=0000000000000000
FB=0840 [0000100001000000] SR=0100 R5=0 ROM=0000.0 PREG=0 RAMOP=- RAMREG=090 ROMOP=- ROMREG=09

045A 0A0B ?BUSY
A=0000000000000000 B=0000000000030000 C=0000000000000000 D=0000000000001000 E=0000000000000000
FA=0040 [0000000001000000] KR=0180 [0000000110000000] EXT=00 COND=1 IDLE=1 IO=0000000000000000
FB=0840 [0000100001000000] SR=0100 R5=0 ROM=0000.0 PREG=0 RAMOP=- RAMREG=090 ROMOP=- ROMREG=09

045B 13CC BRNC 0641 +1E6
A=0000000000000000 B=0000000000030000 C=0000000000000000 D=0000000000001000 E=0000000000000000
FA=0040 [0000000001000000] KR=0180 [0000000110000000] EXT=00 COND=0 IDLE=1 IO=0000000000000000
FB=0840 [0000100001000000] SR=0100 R5=0 ROM=0000.0 PREG=0 RAMOP=- RAMREG=090 ROMOP=- ROMREG=09

0641 0098 ?TFB 9
A=0000000000000000 B=0000000000030000 C=0000000000000000 D=0000000000001000 E=0000000000000000
FA=0040 [0000000001000000] KR=0180 [0000000110000000] EXT=00 COND=1 IDLE=1 IO=0000000000000000
FB=0840 [0000100001000000] SR=0100 R5=0 ROM=0000.0 PREG=0 RAMOP=- RAMREG=090 ROMOP=- ROMREG=09

0642 1828 BRC 0656 +014
A=0000000000000000 B=0000000000030000 C=0000000000000000 D=0000000000001000 E=0000000000000000
FA=0040 [0000000001000000] KR=0180 [0000000110000000] EXT=00 COND=1 IDLE=1 IO=0000000000000000
FB=0840 [0000100001000000] SR=0100 R5=0 ROM=0000.0 PREG=0 RAMOP=- RAMREG=090 ROMOP=- ROMREG=09

0656 0AE0 WAIT D14
A=0000000000000000 B=0000000000030000 C=0000000000000000 D=0000000000001000 E=0000000000000000
FA=0040 [0000000001000000] KR=0180 [0000000110000000] EXT=00 COND=1 IDLE=1 IO=0000000000000000
FB=0840 [0000100001000000] SR=0100 R5=0 ROM=0000.0 PREG=0 RAMOP=- RAMREG=090 ROMOP=- ROMREG=09

0657 0820 ?KEY 20
A=0000000000000000 B=0000000000030000 C=0000000000000000 D=0000000000001000 E=0000000000000000
FA=0040 [0000000001000000] KR=0180 [0000000110000000] EXT=00 COND=1 IDLE=1 IO=0000000000000000
FB=0840 [0000100001000000] SR=0100 R5=0 ROM=0000.0 PREG=0 RAMOP=- RAMREG=090 ROMOP=- ROMREG=09

0658 1839 BRC 063C -01C
A=0000000000000000 B=0000000000030000 C=0000000000000000 D=0000000000001000 E=0000000000000000
FA=0040 [0000000001000000] KR=0180 [0000000110000000] EXT=00 COND=1 IDLE=1 IO=0000000000000000
FB=0840 [0000100001000000] SR=0100 R5=0 ROM=0000.0 PREG=0 RAMOP=- RAMREG=090 ROMOP=- ROMREG=09

063C 00C8 ?TFB 12
A=0000000000000000 B=0000000000030000 C=0000000000000000 D=0000000000001000 E=0000000000000000
FA=0040 [0000000001000000] KR=0180 [0000000110000000] EXT=00 COND=1 IDLE=1 IO=0000000000000000
FB=0840 [0000100001000000] SR=0100 R5=0 ROM=0000.0 PREG=0 RAMOP=- RAMREG=090 ROMOP=- ROMREG=09

063D 00A8 ?TFB 10
A=0000000000000000 B=0000000000030000 C=0000000000000000 D=0000000000001000 E=0000000000000000
FA=0040 [0000000001000000] KR=0180 [0000000110000000] EXT=00 COND=1 IDLE=1 IO=0000000000000000
FB=0840 [0000100001000000] SR=0100 R5=0 ROM=0000.0 PREG=0 RAMOP=- RAMREG=090 ROMOP=- ROMREG=09

063E 0AB0 WAIT D11
A=0000000000000000 B=0000000000030000 C=0000000000000000 D=0000000000001000 E=0000000000000000
FA=0040 [0000000001000000] KR=0180 [0000000110000000] EXT=00 COND=1 IDLE=1 IO=0000000000000000
FB=0840 [0000100001000000] SR=0100 R5=0 ROM=0000.0 PREG=0 RAMOP=- RAMREG=090 ROMOP=- ROMREG=09

063F 0A0B ?BUSY
A=0000000000000000 B=0000000000030000 C=0000000000000000 D=0000000000001000 E=0000000000000000
FA=0040 [0000000001000000] KR=0180 [0000000110000000] EXT=00 COND=1 IDLE=1 IO=0000000000000000
FB=0840 [0000100001000000] SR=0100 R5=0 ROM=0000.0 PREG=0 RAMOP=- RAMREG=090 ROMOP=- ROMREG=09

0640 1BCF BRC 0459 -1E7
A=0000000000000000 B=0000000000030000 C=0000000000000000 D=0000000000001000 E=0000000000000000
FA=0040 [0000000001000000] KR=0180 [0000000110000000] EXT=00 COND=1 IDLE=1 IO=0000000000000000
FB=0840 [0000100001000000] SR=0100 R5=0 ROM=0000.0 PREG=0 RAMOP=- RAMREG=090 ROMOP=- ROMREG=09

0459 0A80 WAIT D8
A=0000000000000000 B=0000000000030000 C=0000000000000000 D=0000000000001000 E=0000000000000000
FA=0040 [0000000001000000] KR=0180 [0000000110000000] EXT=00 COND=1 IDLE=1 IO=0000000000000000
FB=0840 [0000100001000000] SR=0100 R5=0 ROM=0000.0 PREG=0 RAMOP=- RAMREG=090 ROMOP=- ROMREG=09

045A 0A0B ?BUSY
A=0000000000000000 B=0000000000030000 C=0000000000000000 D=0000000000001000 E=0000000000000000
FA=0040 [0000000001000000] KR=0180 [0000000110000000] EXT=00 COND=1 IDLE=1 IO=0000000000000000
FB=0840 [0000100001000000] SR=0100 R5=0 ROM=0000.0 PREG=0 RAMOP=- RAMREG=090 ROMOP=- ROMREG=09

045B 13CC BRNC 0641 +1E6
A=0000000000000000 B=0000000000030000 C=0000000000000000 D=0000000000001000 E=0000000000000000
FA=0040 [0000000001000000] KR=0180 [0000000110000000] EXT=00 COND=0 IDLE=1 IO=0000000000000000
FB=0840 [0000100001000000] SR=0100 R5=0 ROM=0000.0 PREG=0 RAMOP=- RAMREG=090 ROMOP=- ROMREG=09

0641 0098 ?TFB 9
A=0000000000000000 B=0000000000030000 C=0000000000000000 D=0000000000001000 E=0000000000000000
FA=0040 [0000000001000000] KR=0180 [0000000110000000] EXT=00 COND=1 IDLE=1 IO=0000000000000000
FB=0840 [0000100001000000] SR=0100 R5=0 ROM=0000.0 PREG=0 RAMOP=- RAMREG=090 ROMOP=- ROMREG=09

0642 1828 BRC 0656 +014
A=0000000000000000 B=0000000000030000 C=0000000000000000 D=0000000000001000 E=0000000000000000
FA=0040 [0000000001000000] KR=0180 [0000000110000000] EXT=00 COND=1 IDLE=1 IO=0000000000000000
FB=0840 [0000100001000000] SR=0100 R5=0 ROM=0000.0 PREG=0 RAMOP=- RAMREG=090 ROMOP=- ROMREG=09

0656 0AE0 WAIT D14
A=0000000000000000 B=0000000000030000 C=0000000000000000 D=0000000000001000 E=0000000000000000
FA=0040 [0000000001000000] KR=0180 [0000000110000000] EXT=00 COND=1 IDLE=1 IO=0000000000000000
FB=0840 [0000100001000000] SR=0100 R5=0 ROM=0000.0 PREG=0 RAMOP=- RAMREG=090 ROMOP=- ROMREG=09

0657 0820 ?KEY 20
A=0000000000000000 B=0000000000030000 C=0000000000000000 D=0000000000001000 E=0000000000000000
FA=0040 [0000000001000000] KR=0180 [0000000110000000] EXT=00 COND=1 IDLE=1 IO=0000000000000000
FB=0840 [0000100001000000] SR=0100 R5=0 ROM=0000.0 PREG=0 RAMOP=- RAMREG=090 ROMOP=- ROMREG=09

0658 1839 BRC 063C -01C
A=0000000000000000 B=0000000000030000 C=0000000000000000 D=0000000000001000 E=0000000000000000
FA=0040 [0000000001000000] KR=0180 [0000000110000000] EXT=00 COND=1 IDLE=1 IO=0000000000000000
FB=0840 [0000100001000000] SR=0100 R5=0 ROM=0000.0 PREG=0 RAMOP=- RAMREG=090 ROMOP=- ROMREG=09

063C 00C8 ?TFB 12
A=0000000000000000 B=0000000000030000 C=0000000000000000 D=0000000000001000 E=0000000000000000
FA=0040 [0000000001000000] KR=0180 [0000000110000000] EXT=00 COND=1 IDLE=1 IO=0000000000000000
FB=0840 [0000100001000000] SR=0100 R5=0 ROM=0000.0 PREG=0 RAMOP=- RAMREG=090 ROMOP=- ROMREG=09

063D 00A8 ?TFB 10
A=0000000000000000 B=0000000000030000 C=0000000000000000 D=0000000000001000 E=0000000000000000
FA=0040 [0000000001000000] KR=0180 [0000000110000000] EXT=00 COND=1 IDLE=1 IO=0000000000000000
FB=0840 [0000100001000000] SR=0100 R5=0 ROM=0000.0 PREG=0 RAMOP=- RAMREG=090 ROMOP=- ROMREG=09

063E 0AB0 WAIT D11
A=0000000000000000 B=0000000000030000 C=0000000000000000 D=0000000000001000 E=0000000000000000
FA=0040 [0000000001000000] KR=0180 [0000000110000000] EXT=00 COND=1 IDLE=1 IO=0000000000000000
FB=0840 [0000100001000000] SR=0100 R5=0 ROM=0000.0 PREG=0 RAMOP=- RAMREG=090 ROMOP=- ROMREG=09

063F 0A0B ?BUSY
A=0000000000000000 B=0000000000030000 C=0000000000000000 D=0000000000001000 E=0000000000000000
FA=0040 [0000000001000000] KR=0180 [0000000110000000] EXT=00 COND=1 IDLE=1 IO=0000000000000000
FB=0840 [0000100001000000] SR=0100 R5=0 ROM=0000.0 PREG=0 RAMOP=- RAMREG=090 ROMOP=- ROMREG=09

0640 1BCF BRC 0459 -1E7
A=0000000000000000 B=0000000000030000 C=0000000000000000 D=0000000000001000 E=0000000000000000
FA=0040 [0000000001000000] KR=0180 [0000000110000000] EXT=00 COND=1 IDLE=1 IO=0000000000000000
FB=0840 [0000100001000000] SR=0100 R5=0 ROM=0000.0 PREG=0 RAMOP=- RAMREG=090 ROMOP=- ROMREG=09

0459 0A80 WAIT D8
A=0000000000000000 B=0000000000030000 C=0000000000000000 D=0000000000001000 E=0000000000000000
FA=0040 [0000000001000000] KR=0180 [0000000110000000] EXT=00 COND=1 IDLE=1 IO=0000000000000000
FB=0840 [0000100001000000] SR=0100 R5=0 ROM=0000.0 PREG=0 RAMOP=- RAMREG=090 ROMOP=- ROMREG=09

045A 0A0B ?BUSY
A=0000000000000000 B=0000000000030000 C=0000000000000000 D=0000000000001000 E=0000000000000000
FA=0040 [0000000001000000] KR=0180 [0000000110000000] EXT=00 COND=1 IDLE=1 IO=0000000000000000
FB=0840 [0000100001000000] SR=0100 R5=0 ROM=0000.0 PREG=0 RAMOP=- RAMREG=090 ROMOP=- ROMREG=09

045B 13CC BRNC 0641 +1E6
A=0000000000000000 B=0000000000030000 C=0000000000000000 D=0000000000001000 E=0000000000000000
FA=0040 [0000000001000000] KR=0180 [0000000110000000] EXT=00 COND=0 IDLE=1 IO=0000000000000000
FB=0840 [0000100001000000] SR=0100 R5=0 ROM=0000.0 PREG=0 RAMOP=- RAMREG=090 ROMOP=- ROMREG=09

0641 0098 ?TFB 9
A=0000000000000000 B=0000000000030000 C=0000000000000000 D=0000000000001000 E=0000000000000000
FA=0040 [0000000001000000] KR=0180 [0000000110000000] EXT=00 COND=1 IDLE=1 IO=0000000000000000
FB=0840 [0000100001000000] SR=0100 R5=0 ROM=0000.0 PREG=0 RAMOP=- RAMREG=090 ROMOP=- ROMREG=09

0642 1828 BRC 0656 +014
A=0000000000000000 B=0000000000030000 C=0000000000000000 D=0000000000001000 E=0000000000000000
FA=0040 [0000000001000000] KR=0180 [0000000110000000] EXT=00 COND=1 IDLE=1 IO=0000000000000000
FB=0840 [0000100001000000] SR=0100 R5=0 ROM=0000.0 PREG=0 RAMOP=- RAMREG=090 ROMOP=- ROMREG=09

0656 0AE0 WAIT D14
A=0000000000000000 B=0000000000030000 C=0000000000000000 D=0000000000001000 E=0000000000000000
FA=0040 [0000000001000000] KR=0180 [0000000110000000] EXT=00 COND=1 IDLE=1 IO=0000000000000000
FB=0840 [0000100001000000] SR=0100 R5=0 ROM=0000.0 PREG=0 RAMOP=- RAMREG=090 ROMOP=- ROMREG=09

0657 0820 ?KEY 20
A=0000000000000000 B=0000000000030000 C=0000000000000000 D=0000000000001000 E=0000000000000000
FA=0040 [0000000001000000] KR=0180 [0000000110000000] EXT=00 COND=1 IDLE=1 IO=0000000000000000
FB=0840 [0000100001000000] SR=0100 R5=0 ROM=0000.0 PREG=0 RAMOP=- RAMREG=090 ROMOP=- ROMREG=09

0658 1839 BRC 063C -01C
A=0000000000000000 B=0000000000030000 C=0000000000000000 D=0000000000001000 E=0000000000000000
FA=0040 [0000000001000000] KR=0180 [0000000110000000] EXT=00 COND=1 IDLE=1 IO=0000000000000000
FB=0840 [0000100001000000] SR=0100 R5=0 ROM=0000.0 PREG=0 RAMOP=- RAMREG=090 ROMOP=- ROMREG=09

063C 00C8 ?TFB 12
A=0000000000000000 B=0000000000030000 C=0000000000000000 D=0000000000001000 E=0000000000000000
FA=0040 [0000000001000000] KR=0180 [0000000110000000] EXT=00 COND=1 IDLE=1 IO=0000000000000000
FB=0840 [0000100001000000] SR=0100 R5=0 ROM=0000.0 PREG=0 RAMOP=- RAMREG=090 ROMOP=- ROMREG=09

063D 00A8 ?TFB 10
A=0000000000000000 B=0000000000030000 C=0000000000000000 D=0000000000001000 E=0000000000000000
FA=0040 [0000000001000000] KR=0180 [0000000110000000] EXT=00 COND=1 IDLE=1 IO=0000000000000000
FB=0840 [0000100001000000] SR=0100 R5=0 ROM=0000.0 PREG=0 RAMOP=- RAMREG=090 ROMOP=- ROMREG=09

063E 0AB0 WAIT D11
A=0000000000000000 B=0000000000030000 C=0000000000000000 D=0000000000001000 E=0000000000000000
FA=0040 [0000000001000000] KR=0180 [0000000110000000] EXT=00 COND=1 IDLE=1 IO=0000000000000000
FB=0840 [0000100001000000] SR=0100 R5=0 ROM=0000.0 PREG=0 RAMOP=- RAMREG=090 ROMOP=- ROMREG=09

063F 0A0B ?BUSY
A=0000000000000000 B=0000000000030000 C=0000000000000000 D=0000000000001000 E=0000000000000000
FA=0040 [0000000001000000] KR=0180 [0000000110000000] EXT=00 COND=1 IDLE=1 IO=0000000000000000
FB=0840 [0000100001000000] SR=0100 R5=0 ROM=0000.0 PREG=0 RAMOP=- RAMREG=090 ROMOP=- ROMREG=09

0640 1BCF BRC 0459 -1E7
A=0000000000000000 B=0000000000030000 C=0000000000000000 D=0000000000001000 E=0000000000000000
FA=0040 [0000000001000000] KR=0180 [0000000110000000] EXT=00 COND=1 IDLE=1 IO=0000000000000000
FB=0840 [0000100001000000] SR=0100 R5=0 ROM=0000.0 PREG=0 RAMOP=- RAMREG=090 ROMOP=- ROMREG=09

0459 0A80 WAIT D8
A=0000000000000000 B=0000000000030000 C=0000000000000000 D=0000000000001000 E=0000000000000000
FA=0040 [0000000001000000] KR=0180 [0000000110000000] EXT=00 COND=1 IDLE=1 IO=0000000000000000
FB=0840 [0000100001000000] SR=0100 R5=0 ROM=0000.0 PREG=0 RAMOP=- RAMREG=090 ROMOP=- ROMREG=09

045A 0A0B ?BUSY
A=0000000000000000 B=0000000000030000 C=0000000000000000 D=0000000000001000 E=0000000000000000
FA=0040 [0000000001000000] KR=0180 [0000000110000000] EXT=00 COND=1 IDLE=1 IO=0000000000000000
FB=0840 [0000100001000000] SR=0100 R5=0 ROM=0000.0 PREG=0 RAMOP=- RAMREG=090 ROMOP=- ROMREG=09

045B 13CC BRNC 0641 +1E6
A=0000000000000000 B=0000000000030000 C=0000000000000000 D=0000000000001000 E=0000000000000000
FA=0040 [0000000001000000] KR=0180 [0000000110000000] EXT=00 COND=0 IDLE=1 IO=0000000000000000
FB=0840 [0000100001000000] SR=0100 R5=0 ROM=0000.0 PREG=0 RAMOP=- RAMREG=090 ROMOP=- ROMREG=09

0641 0098 ?TFB 9
A=0000000000000000 B=0000000000030000 C=0000000000000000 D=0000000000001000 E=0000000000000000
FA=0040 [0000000001000000] KR=0180 [0000000110000000] EXT=00 COND=1 IDLE=1 IO=0000000000000000
FB=0840 [0000100001000000] SR=0100 R5=0 ROM=0000.0 PREG=0 RAMOP=- RAMREG=090 ROMOP=- ROMREG=09

0642 1828 BRC 0656 +014
A=0000000000000000 B=0000000000030000 C=0000000000000000 D=0000000000001000 E=0000000000000000
FA=0040 [0000000001000000] KR=0180 [0000000110000000] EXT=00 COND=1 IDLE=1 IO=0000000000000000
FB=0840 [0000100001000000] SR=0100 R5=0 ROM=0000.0 PREG=0 RAMOP=- RAMREG=090 ROMOP=- ROMREG=09

0656 0AE0 WAIT D14
A=0000000000000000 B=0000000000030000 C=0000000000000000 D=0000000000001000 E=0000000000000000
FA=0040 [0000000001000000] KR=0180 [0000000110000000] EXT=00 COND=1 IDLE=1 IO=0000000000000000
FB=0840 [0000100001000000] SR=0100 R5=0 ROM=0000.0 PREG=0 RAMOP=- RAMREG=090 ROMOP=- ROMREG=09

0657 0820 ?KEY 20
A=0000000000000000 B=0000000000030000 C=0000000000000000 D=0000000000001000 E=0000000000000000
FA=0040 [0000000001000000] KR=0180 [0000000110000000] EXT=00 COND=1 IDLE=1 IO=0000000000000000
FB=0840 [0000100001000000] SR=0100 R5=0 ROM=0000.0 PREG=0 RAMOP=- RAMREG=090 ROMOP=- ROMREG=09

0658 1839 BRC 063C -01C
A=0000000000000000 B=0000000000030000 C=0000000000000000 D=0000000000001000 E=0000000000000000
FA=0040 [0000000001000000] KR=0180 [0000000110000000] EXT=00 COND=1 IDLE=1 IO=0000000000000000
FB=0840 [0000100001000000] SR=0100 R5=0 ROM=0000.0 PREG=0 RAMOP=- RAMREG=090 ROMOP=- ROMREG=09

063C 00C8 ?TFB 12
A=0000000000000000 B=0000000000030000 C=0000000000000000 D=0000000000001000 E=0000000000000000
FA=0040 [0000000001000000] KR=0180 [0000000110000000] EXT=00 COND=1 IDLE=1 IO=0000000000000000
FB=0840 [0000100001000000] SR=0100 R5=0 ROM=0000.0 PREG=0 RAMOP=- RAMREG=090 ROMOP=- ROMREG=09

063D 00A8 ?TFB 10
A=0000000000000000 B=0000000000030000 C=0000000000000000 D=0000000000001000 E=0000000000000000
FA=0040 [0000000001000000] KR=0180 [0000000110000000] EXT=00 COND=1 IDLE=1 IO=0000000000000000
FB=0840 [0000100001000000] SR=0100 R5=0 ROM=0000.0 PREG=0 RAMOP=- RAMREG=090 ROMOP=- ROMREG=09

063E 0AB0 WAIT D11
A=0000000000000000 B=0000000000030000 C=0000000000000000 D=0000000000001000 E=0000000000000000
FA=0040 [0000000001000000] KR=0180 [0000000110000000] EXT=00 COND=1 IDLE=1 IO=0000000000000000
FB=0840 [0000100001000000] SR=0100 R5=0 ROM=0000.0 PREG=0 RAMOP=- RAMREG=090 ROMOP=- ROMREG=09

063F 0A0B ?BUSY
A=0000000000000000 B=0000000000030000 C=0000000000000000 D=0000000000001000 E=0000000000000000
FA=0040 [0000000001000000] KR=0180 [0000000110000000] EXT=00 COND=1 IDLE=1 IO=0000000000000000
FB=0840 [0000100001000000] SR=0100 R5=0 ROM=0000.0 PREG=0 RAMOP=- RAMREG=090 ROMOP=- ROMREG=09

0640 1BCF BRC 0459 -1E7
A=0000000000000000 B=0000000000030000 C=0000000000000000 D=0000000000001000 E=0000000000000000
FA=0040 [0000000001000000] KR=0180 [0000000110000000] EXT=00 COND=1 IDLE=1 IO=0000000000000000
FB=0840 [0000100001000000] SR=0100 R5=0 ROM=0000.0 PREG=0 RAMOP=- RAMREG=090 ROMOP=- ROMREG=09

0459 0A80 WAIT D8
A=0000000000000000 B=0000000000030000 C=0000000000000000 D=0000000000001000 E=0000000000000000
FA=0040 [0000000001000000] KR=0180 [0000000110000000] EXT=00 COND=1 IDLE=1 IO=0000000000000000
FB=0840 [0000100001000000] SR=0100 R5=0 ROM=0000.0 PREG=0 RAMOP=- RAMREG=090 ROMOP=- ROMREG=09

045A 0A0B ?BUSY
A=0000000000000000 B=0000000000030000 C=0000000000000000 D=0000000000001000 E=0000000000000000
FA=0040 [0000000001000000] KR=0180 [0000000110000000] EXT=00 COND=1 IDLE=1 IO=0000000000000000
FB=0840 [0000100001000000] SR=0100 R5=0 ROM=0000.0 PREG=0 RAMOP=- RAMREG=090 ROMOP=- ROMREG=09

045B 13CC BRNC 0641 +1E6
A=0000000000000000 B=0000000000030000 C=0000000000000000 D=0000000000001000 E=0000000000000000
FA=0040 [0000000001000000] KR=0180 [0000000110000000] EXT=00 COND=0 IDLE=1 IO=0000000000000000
FB=0840 [0000100001000000] SR=0100 R5=0 ROM=0000.0 PREG=0 RAMOP=- RAMREG=090 ROMOP=- ROMREG=09

0641 0098 ?TFB 9
A=0000000000000000 B=0000000000030000 C=0000000000000000 D=0000000000001000 E=0000000000000000
FA=0040 [0000000001000000] KR=0180 [0000000110000000] EXT=00 COND=1 IDLE=1 IO=0000000000000000
FB=0840 [0000100001000000] SR=0100 R5=0 ROM=0000.0 PREG=0 RAMOP=- RAMREG=090 ROMOP=- ROMREG=09

0642 1828 BRC 0656 +014
A=0000000000000000 B=0000000000030000 C=0000000000000000 D=0000000000001000 E=0000000000000000
FA=0040 [0000000001000000] KR=0180 [0000000110000000] EXT=00 COND=1 IDLE=1 IO=0000000000000000
FB=0840 [0000100001000000] SR=0100 R5=0 ROM=0000.0 PREG=0 RAMOP=- RAMREG=090 ROMOP=- ROMREG=09

0656 0AE0 WAIT D14
A=0000000000000000 B=0000000000030000 C=0000000000000000 D=0000000000001000 E=0000000000000000
FA=0040 [0000000001000000] KR=0180 [0000000110000000] EXT=00 COND=1 IDLE=1 IO=0000000000000000
FB=0840 [0000100001000000] SR=0100 R5=0 ROM=0000.0 PREG=0 RAMOP=- RAMREG=090 ROMOP=- ROMREG=09

0657 0820 ?KEY 20
A=0000000000000000 B=0000000000030000 C=0000000000000000 D=0000000000001000 E=0000000000000000
FA=0040 [0000000001000000] KR=0180 [0000000110000000] EXT=00 COND=1 IDLE=1 IO=0000000000000000
FB=0840 [0000100001000000] SR=0100 R5=0 ROM=0000.0 PREG=0 RAMOP=- RAMREG=090 ROMOP=- ROMREG=09

0658 1839 BRC 063C -01C
A=0000000000000000 B=0000000000030000 C=0000000000000000 D=0000000000001000 E=0000000000000000
FA=0040 [0000000001000000] KR=0180 [0000000110000000] EXT=00 COND=1 IDLE=1 IO=0000000000000000
FB=0840 [0000100001000000] SR=0100 R5=0 ROM=0000.0 PREG=0 RAMOP=- RAMREG=090 ROMOP=- ROMREG=09

063C 00C8 ?TFB 12
A=0000000000000000 B=0000000000030000 C=0000000000000000 D=0000000000001000 E=0000000000000000
FA=0040 [0000000001000000] KR=0180 [0000000110000000] EXT=00 COND=1 IDLE=1 IO=0000000000000000
FB=0840 [0000100001000000] SR=0100 R5=0 ROM=0000.0 PREG=0 RAMOP=- RAMREG=090 ROMOP=- ROMREG=09

063D 00A8 ?TFB 10
A=0000000000000000 B=0000000000030000 C=0000000000000000 D=0000000000001000 E=0000000000000000
FA=0040 [0000000001000000] KR=0180 [0000000110000000] EXT=00 COND=1 IDLE=1 IO=0000000000000000
FB=0840 [0000100001000000] SR=0100 R5=0 ROM=0000.0 PREG=0 RAMOP=- RAMREG=090 ROMOP=- ROMREG=09

063E 0AB0 WAIT D11
A=0000000000000000 B=0000000000030000 C=0000000000000000 D=0000000000001000 E=0000000000000000
FA=0040 [0000000001000000] KR=0180 [0000000110000000] EXT=00 COND=1 IDLE=1 IO=0000000000000000
FB=0840 [0000100001000000] SR=0100 R5=0 ROM=0000.0 PREG=0 RAMOP=- RAMREG=090 ROMOP=- ROMREG=09

063F 0A0B ?BUSY
A=0000000000000000 B=0000000000030000 C=0000000000000000 D=0000000000001000 E=0000000000000000
FA=0040 [0000000001000000] KR=0180 [0000000110000000] EXT=00 COND=1 IDLE=1 IO=0000000000000000
FB=0840 [0000100001000000] SR=0100 R5=0 ROM=0000.0 PREG=0 RAMOP=- RAMREG=090 ROMOP=- ROMREG=09

0640 1BCF BRC 0459 -1E7
A=0000000000000000 B=0000000000030000 C=0000000000000000 D=0000000000001000 E=0000000000000000
FA=0040 [0000000001000000] KR=0180 [0000000110000000] EXT=00 COND=1 IDLE=1 IO=0000000000000000
FB=0840 [0000100001000000] SR=0100 R5=0 ROM=0000.0 PREG=0 RAMOP=- RAMREG=090 ROMOP=- ROMREG=09

0459 0A80 WAIT D8
A=0000000000000000 B=0000000000030000 C=0000000000000000 D=0000000000001000 E=0000000000000000
FA=0040 [0000000001000000] KR=0180 [0000000110000000] EXT=00 COND=1 IDLE=1 IO=0000000000000000
FB=0840 [0000100001000000] SR=0100 R5=0 ROM=0000.0 PREG=0 RAMOP=- RAMREG=090 ROMOP=- ROMREG=09

045A 0A0B ?BUSY
A=0000000000000000 B=0000000000030000 C=0000000000000000 D=0000000000001000 E=0000000000000000
FA=0040 [0000000001000000] KR=0180 [0000000110000000] EXT=00 COND=1 IDLE=1 IO=0000000000000000
FB=0840 [0000100001000000] SR=0100 R5=0 ROM=0000.0 PREG=0 RAMOP=- RAMREG=090 ROMOP=- ROMREG=09

045B 13CC BRNC 0641 +1E6
A=0000000000000000 B=0000000000030000 C=0000000000000000 D=0000000000001000 E=0000000000000000
FA=0040 [0000000001000000] KR=0180 [0000000110000000] EXT=00 COND=0 IDLE=1 IO=0000000000000000
FB=0840 [0000100001000000] SR=0100 R5=0 ROM=0000.0 PREG=0 RAMOP=- RAMREG=090 ROMOP=- ROMREG=09

0641 0098 ?TFB 9
A=0000000000000000 B=0000000000030000 C=0000000000000000 D=0000000000001000 E=0000000000000000
FA=0040 [0000000001000000] KR=0180 [0000000110000000] EXT=00 COND=1 IDLE=1 IO=0000000000000000
FB=0840 [0000100001000000] SR=0100 R5=0 ROM=0000.0 PREG=0 RAMOP=- RAMREG=090 ROMOP=- ROMREG=09

0642 1828 BRC 0656 +014
A=0000000000000000 B=0000000000030000 C=0000000000000000 D=0000000000001000 E=0000000000000000
FA=0040 [0000000001000000] KR=0180 [0000000110000000] EXT=00 COND=1 IDLE=1 IO=0000000000000000
FB=0840 [0000100001000000] SR=0100 R5=0 ROM=0000.0 PREG=0 RAMOP=- RAMREG=090 ROMOP=- ROMREG=09

0656 0AE0 WAIT D14
A=0000000000000000 B=0000000000030000 C=0000000000000000 D=0000000000001000 E=0000000000000000
FA=0040 [0000000001000000] KR=0180 [0000000110000000] EXT=00 COND=1 IDLE=1 IO=0000000000000000
FB=0840 [0000100001000000] SR=0100 R5=0 ROM=0000.0 PREG=0 RAMOP=- RAMREG=090 ROMOP=- ROMREG=09

0657 0820 ?KEY 20
A=0000000000000000 B=0000000000030000 C=0000000000000000 D=0000000000001000 E=0000000000000000
FA=0040 [0000000001000000] KR=0180 [0000000110000000] EXT=00 COND=1 IDLE=1 IO=0000000000000000
FB=0840 [0000100001000000] SR=0100 R5=0 ROM=0000.0 PREG=0 RAMOP=- RAMREG=090 ROMOP=- ROMREG=09

0658 1839 BRC 063C -01C
A=0000000000000000 B=0000000000030000 C=0000000000000000 D=0000000000001000 E=0000000000000000
FA=0040 [0000000001000000] KR=0180 [0000000110000000] EXT=00 COND=1 IDLE=1 IO=0000000000000000
FB=0840 [0000100001000000] SR=0100 R5=0 ROM=0000.0 PREG=0 RAMOP=- RAMREG=090 ROMOP=- ROMREG=09

063C 00C8 ?TFB 12
A=0000000000000000 B=0000000000030000 C=0000000000000000 D=0000000000001000 E=0000000000000000
FA=0040 [0000000001000000] KR=0180 [0000000110000000] EXT=00 COND=1 IDLE=1 IO=0000000000000000
FB=0840 [0000100001000000] SR=0100 R5=0 ROM=0000.0 PREG=0 RAMOP=- RAMREG=090 ROMOP=- ROMREG=09

063D 00A8 ?TFB 10
A=0000000000000000 B=0000000000030000 C=0000000000000000 D=0000000000001000 E=0000000000000000
FA=0040 [0000000001000000] KR=0180 [0000000110000000] EXT=00 COND=1 IDLE=1 IO=0000000000000000
FB=0840 [0000100001000000] SR=0100 R5=0 ROM=0000.0 PREG=0 RAMOP=- RAMREG=090 ROMOP=- ROMREG=09

063E 0AB0 WAIT D11
A=0000000000000000 B=0000000000030000 C=0000000000000000 D=0000000000001000 E=0000000000000000
FA=0040 [0000000001000000] KR=0180 [0000000110000000] EXT=00 COND=1 IDLE=1 IO=0000000000000000
FB=0840 [0000100001000000] SR=0100 R5=0 ROM=0000.0 PREG=0 RAMOP=- RAMREG=090 ROMOP=- ROMREG=09

063F 0A0B ?BUSY
A=0000000000000000 B=0000000000030000 C=0000000000000000 D=0000000000001000 E=0000000000000000
FA=0040 [0000000001000000] KR=0180 [0000000110000000] EXT=00 COND=1 IDLE=1 IO=0000000000000000
FB=0840 [0000100001000000] SR=0100 R5=0 ROM=0000.0 PREG=0 RAMOP=- RAMREG=090 ROMOP=- ROMREG=09

0640 1BCF BRC 0459 -1E7
A=0000000000000000 B=0000000000030000 C=0000000000000000 D=0000000000001000 E=0000000000000000
FA=0040 [0000000001000000] KR=0180 [0000000110000000] EXT=00 COND=1 IDLE=1 IO=0000000000000000
FB=0840 [0000100001000000] SR=0100 R5=0 ROM=0000.0 PREG=0 RAMOP=- RAMREG=090 ROMOP=- ROMREG=09

0459 0A80 WAIT D8
A=0000000000000000 B=0000000000030000 C=0000000000000000 D=0000000000001000 E=0000000000000000
FA=0040 [0000000001000000] KR=0180 [0000000110000000] EXT=00 COND=1 IDLE=1 IO=0000000000000000
FB=0840 [0000100001000000] SR=0100 R5=0 ROM=0000.0 PREG=0 RAMOP=- RAMREG=090 ROMOP=- ROMREG=09

045A 0A0B ?BUSY
A=0000000000000000 B=0000000000030000 C=0000000000000000 D=0000000000001000 E=0000000000000000
FA=0040 [0000000001000000] KR=0180 [0000000110000000] EXT=00 COND=1 IDLE=1 IO=0000000000000000
FB=0840 [0000100001000000] SR=0100 R5=0 ROM=0000.0 PREG=0 RAMOP=- RAMREG=090 ROMOP=- ROMREG=09

045B 13CC BRNC 0641 +1E6
A=0000000000000000 B=0000000000030000 C=0000000000000000 D=0000000000001000 E=0000000000000000
FA=0040 [0000000001000000] KR=0180 [0000000110000000] EXT=00 COND=0 IDLE=1 IO=0000000000000000
FB=0840 [0000100001000000] SR=0100 R5=0 ROM=0000.0 PREG=0 RAMOP=- RAMREG=090 ROMOP=- ROMREG=09

0641 0098 ?TFB 9
A=0000000000000000 B=0000000000030000 C=0000000000000000 D=0000000000001000 E=0000000000000000
FA=0040 [0000000001000000] KR=0180 [0000000110000000] EXT=00 COND=1 IDLE=1 IO=0000000000000000
FB=0840 [0000100001000000] SR=0100 R5=0 ROM=0000.0 PREG=0 RAMOP=- RAMREG=090 ROMOP=- ROMREG=09

0642 1828 BRC 0656 +014
A=0000000000000000 B=0000000000030000 C=0000000000000000 D=0000000000001000 E=0000000000000000
FA=0040 [0000000001000000] KR=0180 [0000000110000000] EXT=00 COND=1 IDLE=1 IO=0000000000000000
FB=0840 [0000100001000000] SR=0100 R5=0 ROM=0000.0 PREG=0 RAMOP=- RAMREG=090 ROMOP=- ROMREG=09

0656 0AE0 WAIT D14
A=0000000000000000 B=0000000000030000 C=0000000000000000 D=0000000000001000 E=0000000000000000
FA=0040 [0000000001000000] KR=0180 [0000000110000000] EXT=00 COND=1 IDLE=1 IO=0000000000000000
FB=0840 [0000100001000000] SR=0100 R5=0 ROM=0000.0 PREG=0 RAMOP=- RAMREG=090 ROMOP=- ROMREG=09

0657 0820 ?KEY 20
A=0000000000000000 B=0000000000030000 C=0000000000000000 D=0000000000001000 E=0000000000000000
FA=0040 [0000000001000000] KR=0180 [0000000110000000] EXT=00 COND=1 IDLE=1 IO=0000000000000000
FB=0840 [0000100001000000] SR=0100 R5=0 ROM=0000.0 PREG=0 RAMOP=- RAMREG=090 ROMOP=- ROMREG=09

0658 1839 BRC 063C -01C
A=0000000000000000 B=0000000000030000 C=0000000000000000 D=0000000000001000 E=0000000000000000
FA=0040 [0000000001000000] KR=0180 [0000000110000000] EXT=00 COND=1 IDLE=1 IO=0000000000000000
FB=0840 [0000100001000000] SR=0100 R5=0 ROM=0000.0 PREG=0 RAMOP=- RAMREG=090 ROMOP=- ROMREG=09

063C 00C8 ?TFB 12
A=0000000000000000 B=0000000000030000 C=0000000000000000 D=0000000000001000 E=0000000000000000
FA=0040 [0000000001000000] KR=0180 [0000000110000000] EXT=00 COND=1 IDLE=1 IO=0000000000000000
FB=0840 [0000100001000000] SR=0100 R5=0 ROM=0000.0 PREG=0 RAMOP=- RAMREG=090 ROMOP=- ROMREG=09

063D 00A8 ?TFB 10
A=0000000000000000 B=0000000000030000 C=0000000000000000 D=0000000000001000 E=0000000000000000
FA=0040 [0000000001000000] KR=0180 [0000000110000000] EXT=00 COND=1 IDLE=1 IO=0000000000000000
FB=0840 [0000100001000000] SR=0100 R5=0 ROM=0000.0 PREG=0 RAMOP=- RAMREG=090 ROMOP=- ROMREG=09

063E 0AB0 WAIT D11
A=0000000000000000 B=0000000000030000 C=0000000000000000 D=0000000000001000 E=0000000000000000
FA=0040 [0000000001000000] KR=0180 [0000000110000000] EXT=00 COND=1 IDLE=1 IO=0000000000000000
FB=0840 [0000100001000000] SR=0100 R5=0 ROM=0000.0 PREG=0 RAMOP=- RAMREG=090 ROMOP=- ROMREG=09

063F 0A0B ?BUSY
A=0000000000000000 B=0000000000030000 C=0000000000000000 D=0000000000001000 E=0000000000000000
FA=0040 [0000000001000000] KR=0180 [0000000110000000] EXT=00 COND=1 IDLE=1 IO=0000000000000000
FB=0840 [0000100001000000] SR=0100 R5=0 ROM=0000.0 PREG=0 RAMOP=- RAMREG=090 ROMOP=- ROMREG=09

0640 1BCF BRC 0459 -1E7
A=0000000000000000 B=0000000000030000 C=0000000000000000 D=0000000000001000 E=0000000000000000
FA=0040 [0000000001000000] KR=0180 [0000000110000000] EXT=00 COND=1 IDLE=1 IO=0000000000000000
FB=0840 [0000100001000000] SR=0100 R5=0 ROM=0000.0 PREG=0 RAMOP=- RAMREG=090 ROMOP=- ROMREG=09

0459 0A80 WAIT D8
A=0000000000000000 B=0000000000030000 C=0000000000000000 D=0000000000001000 E=0000000000000000
FA=0040 [0000000001000000] KR=0180 [0000000110000000] EXT=00 COND=1 IDLE=1 IO=0000000000000000
FB=0840 [0000100001000000] SR=0100 R5=0 ROM=0000.0 PREG=0 RAMOP=- RAMREG=090 ROMOP=- ROMREG=09

045A 0A0B ?BUSY
A=0000000000000000 B=0000000000030000 C=0000000000000000 D=0000000000001000 E=0000000000000000
FA=0040 [0000000001000000] KR=0180 [0000000110000000] EXT=00 COND=1 IDLE=1 IO=0000000000000000
FB=0840 [0000100001000000] SR=0100 R5=0 ROM=0000.0 PREG=0 RAMOP=- RAMREG=090 ROMOP=- ROMREG=09

045B 13CC BRNC 0641 +1E6
A=0000000000000000 B=0000000000030000 C=0000000000000000 D=0000000000001000 E=0000000000000000
FA=0040 [0000000001000000] KR=0180 [0000000110000000] EXT=00 COND=0 IDLE=1 IO=0000000000000000
FB=0840 [0000100001000000] SR=0100 R5=0 ROM=0000.0 PREG=0 RAMOP=- RAMREG=090 ROMOP=- ROMREG=09

0641 0098 ?TFB 9
A=0000000000000000 B=0000000000030000 C=0000000000000000 D=0000000000001000 E=0000000000000000
FA=0040 [0000000001000000] KR=0180 [0000000110000000] EXT=00 COND=1 IDLE=1 IO=0000000000000000
FB=0840 [0000100001000000] SR=0100 R5=0 ROM=0000.0 PREG=0 RAMOP=- RAMREG=090 ROMOP=- ROMREG=09

0642 1828 BRC 0656 +014
A=0000000000000000 B=0000000000030000 C=0000000000000000 D=0000000000001000 E=0000000000000000
FA=0040 [0000000001000000] KR=0180 [0000000110000000] EXT=00 COND=1 IDLE=1 IO=0000000000000000
FB=0840 [0000100001000000] SR=0100 R5=0 ROM=0000.0 PREG=0 RAMOP=- RAMREG=090 ROMOP=- ROMREG=09

0656 0AE0 WAIT D14
A=0000000000000000 B=0000000000030000 C=0000000000000000 D=0000000000001000 E=0000000000000000
FA=0040 [0000000001000000] KR=0180 [0000000110000000] EXT=00 COND=1 IDLE=1 IO=0000000000000000
FB=0840 [0000100001000000] SR=0100 R5=0 ROM=0000.0 PREG=0 RAMOP=- RAMREG=090 ROMOP=- ROMREG=09

0657 0820 ?KEY 20
A=0000000000000000 B=0000000000030000 C=0000000000000000 D=0000000000001000 E=0000000000000000
FA=0040 [0000000001000000] KR=0180 [0000000110000000] EXT=00 COND=1 IDLE=1 IO=0000000000000000
FB=0840 [0000100001000000] SR=0100 R5=0 ROM=0000.0 PREG=0 RAMOP=- RAMREG=090 ROMOP=- ROMREG=09

0658 1839 BRC 063C -01C
A=0000000000000000 B=0000000000030000 C=0000000000000000 D=0000000000001000 E=0000000000000000
FA=0040 [0000000001000000] KR=0180 [0000000110000000] EXT=00 COND=1 IDLE=1 IO=0000000000000000
FB=0840 [0000100001000000] SR=0100 R5=0 ROM=0000.0 PREG=0 RAMOP=- RAMREG=090 ROMOP=- ROMREG=09

063C 00C8 ?TFB 12
A=0000000000000000 B=0000000000030000 C=0000000000000000 D=0000000000001000 E=0000000000000000
FA=0040 [0000000001000000] KR=0180 [0000000110000000] EXT=00 COND=1 IDLE=1 IO=0000000000000000
FB=0840 [0000100001000000] SR=0100 R5=0 ROM=0000.0 PREG=0 RAMOP=- RAMREG=090 ROMOP=- ROMREG=09

063D 00A8 ?TFB 10
A=0000000000000000 B=0000000000030000 C=0000000000000000 D=0000000000001000 E=0000000000000000
FA=0040 [0000000001000000] KR=0180 [0000000110000000] EXT=00 COND=1 IDLE=1 IO=0000000000000000
FB=0840 [0000100001000000] SR=0100 R5=0 ROM=0000.0 PREG=0 RAMOP=- RAMREG=090 ROMOP=- ROMREG=09

063E 0AB0 WAIT D11
A=0000000000000000 B=0000000000030000 C=0000000000000000 D=0000000000001000 E=0000000000000000
FA=0040 [0000000001000000] KR=0180 [0000000110000000] EXT=00 COND=1 IDLE=1 IO=0000000000000000
FB=0840 [0000100001000000] SR=0100 R5=0 ROM=0000.0 PREG=0 RAMOP=- RAMREG=090 ROMOP=- ROMREG=09

063F 0A0B ?BUSY
A=0000000000000000 B=0000000000030000 C=0000000000000000 D=0000000000001000 E=0000000000000000
FA=0040 [0000000001000000] KR=0180 [0000000110000000] EXT=00 COND=1 IDLE=1 IO=0000000000000000
FB=0840 [0000100001000000] SR=0100 R5=0 ROM=0000.0 PREG=0 RAMOP=- RAMREG=090 ROMOP=- ROMREG=09

0640 1BCF BRC 0459 -1E7
A=0000000000000000 B=0000000000030000 C=0000000000000000 D=0000000000001000 E=0000000000000000
FA=0040 [0000000001000000] KR=0180 [0000000110000000] EXT=00 COND=1 IDLE=1 IO=0000000000000000
FB=0840 [0000100001000000] SR=0100 R5=0 ROM=0000.0 PREG=0 RAMOP=- RAMREG=090 ROMOP=- ROMREG=09

0459 0A80 WAIT D8
A=0000000000000000 B=0000000000030000 C=0000000000000000 D=0000000000001000 E=0000000000000000
FA=0040 [0000000001000000] KR=0180 [0000000110000000] EXT=00 COND=1 IDLE=1 IO=0000000000000000
FB=0840 [0000100001000000] SR=0100 R5=0 ROM=0000.0 PREG=0 RAMOP=- RAMREG=090 ROMOP=- ROMREG=09

045A 0A0B ?BUSY
A=0000000000000000 B=0000000000030000 C=0000000000000000 D=0000000000001000 E=0000000000000000
FA=0040 [0000000001000000] KR=0180 [0000000110000000] EXT=00 COND=1 IDLE=1 IO=0000000000000000
FB=0840 [0000100001000000] SR=0100 R5=0 ROM=0000.0 PREG=0 RAMOP=- RAMREG=090 ROMOP=- ROMREG=09

045B 13CC BRNC 0641 +1E6
A=0000000000000000 B=0000000000030000 C=0000000000000000 D=0000000000001000 E=0000000000000000
FA=0040 [0000000001000000] KR=0180 [0000000110000000] EXT=00 COND=0 IDLE=1 IO=0000000000000000
FB=0840 [0000100001000000] SR=0100 R5=0 ROM=0000.0 PREG=0 RAMOP=- RAMREG=090 ROMOP=- ROMREG=09

0641 0098 ?TFB 9
A=0000000000000000 B=0000000000030000 C=0000000000000000 D=0000000000001000 E=0000000000000000
FA=0040 [0000000001000000] KR=0180 [0000000110000000] EXT=00 COND=1 IDLE=1 IO=0000000000000000
FB=0840 [0000100001000000] SR=0100 R5=0 ROM=0000.0 PREG=0 RAMOP=- RAMREG=090 ROMOP=- ROMREG=09

0642 1828 BRC 0656 +014
A=0000000000000000 B=0000000000030000 C=0000000000000000 D=0000000000001000 E=0000000000000000
FA=0040 [0000000001000000] KR=0180 [0000000110000000] EXT=00 COND=1 IDLE=1 IO=0000000000000000
FB=0840 [0000100001000000] SR=0100 R5=0 ROM=0000.0 PREG=0 RAMOP=- RAMREG=090 ROMOP=- ROMREG=09

0656 0AE0 WAIT D14
A=0000000000000000 B=0000000000030000 C=0000000000000000 D=0000000000001000 E=0000000000000000
FA=0040 [0000000001000000] KR=0180 [0000000110000000] EXT=00 COND=1 IDLE=1 IO=0000000000000000
FB=0840 [0000100001000000] SR=0100 R5=0 ROM=0000.0 PREG=0 RAMOP=- RAMREG=090 ROMOP=- ROMREG=09

0657 0820 ?KEY 20
A=0000000000000000 B=0000000000030000 C=0000000000000000 D=0000000000001000 E=0000000000000000
FA=0040 [0000000001000000] KR=0180 [0000000110000000] EXT=00 COND=1 IDLE=1 IO=0000000000000000
FB=0840 [0000100001000000] SR=0100 R5=0 ROM=0000.0 PREG=0 RAMOP=- RAMREG=090 ROMOP=- ROMREG=09

0658 1839 BRC 063C -01C
A=0000000000000000 B=0000000000030000 C=0000000000000000 D=0000000000001000 E=0000000000000000
FA=0040 [0000000001000000] KR=0180 [0000000110000000] EXT=00 COND=1 IDLE=1 IO=0000000000000000
FB=0840 [0000100001000000] SR=0100 R5=0 ROM=0000.0 PREG=0 RAMOP=- RAMREG=090 ROMOP=- ROMREG=09

063C 00C8 ?TFB 12
A=0000000000000000 B=0000000000030000 C=0000000000000000 D=0000000000001000 E=0000000000000000
FA=0040 [0000000001000000] KR=0180 [0000000110000000] EXT=00 COND=1 IDLE=1 IO=0000000000000000
FB=0840 [0000100001000000] SR=0100 R5=0 ROM=0000.0 PREG=0 RAMOP=- RAMREG=090 ROMOP=- ROMREG=09

063D 00A8 ?TFB 10
A=0000000000000000 B=0000000000030000 C=0000000000000000 D=0000000000001000 E=0000000000000000
FA=0040 [0000000001000000] KR=0180 [0000000110000000] EXT=00 COND=1 IDLE=1 IO=0000000000000000
FB=0840 [0000100001000000] SR=0100 R5=0 ROM=0000.0 PREG=0 RAMOP=- RAMREG=090 ROMOP=- ROMREG=09

063E 0AB0 WAIT D11
A=0000000000000000 B=0000000000030000 C=0000000000000000 D=0000000000001000 E=0000000000000000
FA=0040 [0000000001000000] KR=0180 [0000000110000000] EXT=00 COND=1 IDLE=1 IO=0000000000000000
FB=0840 [0000100001000000] SR=0100 R5=0 ROM=0000.0 PREG=0 RAMOP=- RAMREG=090 ROMOP=- ROMREG=09

063F 0A0B ?BUSY
A=0000000000000000 B=0000000000030000 C=0000000000000000 D=0000000000001000 E=0000000000000000
FA=0040 [0000000001000000] KR=0180 [0000000110000000] EXT=00 COND=1 IDLE=1 IO=0000000000000000
FB=0840 [0000100001000000] SR=0100 R5=0 ROM=0000.0 PREG=0 RAMOP=- RAMREG=090 ROMOP=- ROMREG=09

0640 1BCF BRC 0459 -1E7
A=0000000000000000 B=0000000000030000 C=0000000000000000 D=0000000000001000 E=0000000000000000
FA=0040 [0000000001000000] KR=0180 [0000000110000000] EXT=00 COND=1 IDLE=1 IO=0000000000000000
FB=0840 [0000100001000000] SR=0100 R5=0 ROM=0000.0 PREG=0 RAMOP=- RAMREG=090 ROMOP=- ROMREG=09

0459 0A80 WAIT D8
A=0000000000000000 B=0000000000030000 C=0000000000000000 D=0000000000001000 E=0000000000000000
FA=0040 [0000000001000000] KR=0180 [0000000110000000] EXT=00 COND=1 IDLE=1 IO=0000000000000000
FB=0840 [0000100001000000] SR=0100 R5=0 ROM=0000.0 PREG=0 RAMOP=- RAMREG=090 ROMOP=- ROMREG=09

045A 0A0B ?BUSY
A=0000000000000000 B=0000000000030000 C=0000000000000000 D=0000000000001000 E=0000000000000000
FA=0040 [0000000001000000] KR=0180 [0000000110000000] EXT=00 COND=1 IDLE=1 IO=0000000000000000
FB=0840 [0000100001000000] SR=0100 R5=0 ROM=0000.0 PREG=0 RAMOP=- RAMREG=090 ROMOP=- ROMREG=09

045B 13CC BRNC 0641 +1E6
A=0000000000000000 B=0000000000030000 C=0000000000000000 D=0000000000001000 E=0000000000000000
FA=0040 [0000000001000000] KR=0180 [0000000110000000] EXT=00 COND=0 IDLE=1 IO=0000000000000000
FB=0840 [0000100001000000] SR=0100 R5=0 ROM=0000.0 PREG=0 RAMOP=- RAMREG=090 ROMOP=- ROMREG=09

0641 0098 ?TFB 9
A=0000000000000000 B=0000000000030000 C=0000000000000000 D=0000000000001000 E=0000000000000000
FA=0040 [0000000001000000] KR=0180 [0000000110000000] EXT=00 COND=1 IDLE=1 IO=0000000000000000
FB=0840 [0000100001000000] SR=0100 R5=0 ROM=0000.0 PREG=0 RAMOP=- RAMREG=090 ROMOP=- ROMREG=09

0642 1828 BRC 0656 +014
A=0000000000000000 B=0000000000030000 C=0000000000000000 D=0000000000001000 E=0000000000000000
FA=0040 [0000000001000000] KR=0180 [0000000110000000] EXT=00 COND=1 IDLE=1 IO=0000000000000000
FB=0840 [0000100001000000] SR=0100 R5=0 ROM=0000.0 PREG=0 RAMOP=- RAMREG=090 ROMOP=- ROMREG=09

0656 0AE0 WAIT D14
A=0000000000000000 B=0000000000030000 C=0000000000000000 D=0000000000001000 E=0000000000000000
FA=0040 [0000000001000000] KR=0180 [0000000110000000] EXT=00 COND=1 IDLE=1 IO=0000000000000000
FB=0840 [0000100001000000] SR=0100 R5=0 ROM=0000.0 PREG=0 RAMOP=- RAMREG=090 ROMOP=- ROMREG=09

0657 0820 ?KEY 20
A=0000000000000000 B=0000000000030000 C=0000000000000000 D=0000000000001000 E=0000000000000000
FA=0040 [0000000001000000] KR=0180 [0000000110000000] EXT=00 COND=1 IDLE=1 IO=0000000000000000
FB=0840 [0000100001000000] SR=0100 R5=0 ROM=0000.0 PREG=0 RAMOP=- RAMREG=090 ROMOP=- ROMREG=09

0658 1839 BRC 063C -01C
A=0000000000000000 B=0000000000030000 C=0000000000000000 D=0000000000001000 E=0000000000000000
FA=0040 [0000000001000000] KR=0180 [0000000110000000] EXT=00 COND=1 IDLE=1 IO=0000000000000000
FB=0840 [0000100001000000] SR=0100 R5=0 ROM=0000.0 PREG=0 RAMOP=- RAMREG=090 ROMOP=- ROMREG=09

063C 00C8 ?TFB 12
A=0000000000000000 B=0000000000030000 C=0000000000000000 D=0000000000001000 E=0000000000000000
FA=0040 [0000000001000000] KR=0180 [0000000110000000] EXT=00 COND=1 IDLE=1 IO=0000000000000000
FB=0840 [0000100001000000] SR=0100 R5=0 ROM=0000.0 PREG=0 RAMOP=- RAMREG=090 ROMOP=- ROMREG=09

063D 00A8 ?TFB 10
A=0000000000000000 B=0000000000030000 C=0000000000000000 D=0000000000001000 E=0000000000000000
FA=0040 [0000000001000000] KR=0180 [0000000110000000] EXT=00 COND=1 IDLE=1 IO=0000000000000000
FB=0840 [0000100001000000] SR=0100 R5=0 ROM=0000.0 PREG=0 RAMOP=- RAMREG=090 ROMOP=- ROMREG=09

063E 0AB0 WAIT D11
A=0000000000000000 B=0000000000030000 C=0000000000000000 D=0000000000001000 E=0000000000000000
FA=0040 [0000000001000000] KR=0180 [0000000110000000] EXT=00 COND=1 IDLE=1 IO=0000000000000000
FB=0840 [0000100001000000] SR=0100 R5=0 ROM=0000.0 PREG=0 RAMOP=- RAMREG=090 ROMOP=- ROMREG=09

063F 0A0B ?BUSY
A=0000000000000000 B=0000000000030000 C=0000000000000000 D=0000000000001000 E=0000000000000000
FA=0040 [0000000001000000] KR=0180 [0000000110000000] EXT=00 COND=1 IDLE=1 IO=0000000000000000
FB=0840 [0000100001000000] SR=0100 R5=0 ROM=0000.0 PREG=0 RAMOP=- RAMREG=090 ROMOP=- ROMREG=09

0640 1BCF BRC 0459 -1E7
A=0000000000000000 B=0000000000030000 C=0000000000000000 D=0000000000001000 E=0000000000000000
FA=0040 [0000000001000000] KR=0180 [0000000110000000] EXT=00 COND=1 IDLE=1 IO=0000000000000000
FB=0840 [0000100001000000] SR=0100 R5=0 ROM=0000.0 PREG=0 RAMOP=- RAMREG=090 ROMOP=- ROMREG=09

0459 0A80 WAIT D8
A=0000000000000000 B=0000000000030000 C=0000000000000000 D=0000000000001000 E=0000000000000000
FA=0040 [0000000001000000] KR=0180 [0000000110000000] EXT=00 COND=1 IDLE=1 IO=0000000000000000
FB=0840 [0000100001000000] SR=0100 R5=0 ROM=0000.0 PREG=0 RAMOP=- RAMREG=090 ROMOP=- ROMREG=09

